Id Estado;Estado;Material;Tipo material;Texto breve de material;Centro área pl.nec.;Almacén;Ubicación;Caract.planif.nec.;Punto de pedido;Cálculo de tamaño de lote;Stock alm.máx.;Libre utilización;Libre Utilización Área;Stock de seguridad;Stock en Curso;Cantidad Pendiente en SolPed;Grupo de compras;Denominación GrpComp;Valor total;Nombre Fabricante;Numero Pieza de Fabricante;Rubro;SubRubro;Embalar;Peso bruto;Peso neto;Unidad de peso;Volumen;Plazo entrega prev.;Valor libre utilización;Moneda valor libre utilización;Menor a PP;Stock nulo;Mayor a PP;Mayor a Stock Maximo;Menor a PP area;Stock nulo area;Mayor a PP area;Mayor a Stock Maximo area
2;02-MENOR A PUNTO DE PEDIDO;1000007;ZSTO;ELEMENTO FILTRO DE CABINA;MR01;0223;;V1;1;HB;3;1;0;0;0;0;F05;FILTRO AIRE CABINA;108530,13;JOHN DEERE // JOHN DEERE;AT315957 // AT528017;FILTROS;TOPADOR JD 850;8-VARIOS;0,133;0;KG;402,6;15;108530,13;;1;;;;;1;;
2;02-MENOR A PUNTO DE PEDIDO;1001673;ZSTO;ALAMBRE 1.42MM NEGRO RECOCIDO P ATAR XKG;MR01;0223;;V1;30;HB;68;25;0;0;0;0;C08;ACERO;86663,5;;MÚLT. 45/50 KG;ACEROS;ALAMBRES;1-ALAMBRE;1;0;KG;747,477;20;86663,52;;1;;;;;1;;
3;03-MAYOR A PUNTO DE PEDIDO;1001681;ZSTO;FICHA T.STECK MACHO 380V 32A T N XUN;MR01;0223;;V1;4;HB;8;6;0;0;0;0;C11;ELECTRICIDAD;42432,06;;;ELECTRICIDAD;FICHAS;8-VARIOS;0,22;0;KG;423,9;15;42432,04;;;;1;;;1;;
4;04-MAYOR A STOCK MAXIMO;1001690;ZSTO;ANTEOJO INCOLORO;MR01;0223;;V1;5;HB;11;17;0;0;0;0;C28;SEGURIDAD/ROPA/EPP;13693,5;LIBUS;MIGHC;SEGURIDAD;ACCESORIO SEGURIDAD;9-FRAGIL;0,028;0;KG;525;15;13693,58;;;;;1;;1;;
3;03-MAYOR A PUNTO DE PEDIDO;1001691;ZSTO;ANTEOJO GRIS;MR01;0223;;V1;10;HB;23;18;0;0;0;0;C28;SEGURIDAD/ROPA/EPP;56630,34;LIBUS;MIGHC;SEGURIDAD;ACCESORIO SEGURIDAD;9-FRAGIL;0,028;0;KG;506,25;21;56630,39;;;;1;;;1;;
4;04-MAYOR A STOCK MAXIMO;1001697;ZSTO;GUANTE VAQUETA MEDIO PASEO T.10;MR01;0223;;V1;8;HB;18;31;0;0;0;0;C28;SEGURIDAD/ROPA/EPP;73184,49;;MÚLT. 12U;SEGURIDAD;GUANTE;8-VARIOS;0,122;0;KG;650;21;73184,54;;;;;1;;1;;
4;04-MAYOR A STOCK MAXIMO;1001698;ZSTO;GUANTE ALGODON MOTEADO;MR01;0223;;V1;8;HB;18;22;0;0;0;0;C28;SEGURIDAD/ROPA/EPP;11768,68;;MÚLT. 12U;SEGURIDAD;GUANTE;8-VARIOS;0,062;0;KG;308;21;11768,75;;;;;1;;1;;
4;04-MAYOR A STOCK MAXIMO;1001701;ZSTO;GUANTE NITRILO AZUL PUÑO ELASTIZADO;MR01;0223;;V1;8;HB;18;26;0;0;0;0;C28;SEGURIDAD/ROPA/EPP;92562,08;;;SEGURIDAD;GUANTE;8-VARIOS;0,113;0;KG;156,25;21;92561,97;;;;;1;;1;;
4;04-MAYOR A STOCK MAXIMO;1001706;ZSTO;GUANTE LATEX USO MEDICINAL CAJA X 100 UN;MR01;0223;;V1;1;HB;2;4;0;0;0;0;C28;SEGURIDAD/ROPA/EPP;22193,68;;;SEGURIDAD;GUANTE;8-VARIOS;0,625;0;KG;1320;21;22193,69;;;;;1;;1;;
4;04-MAYOR A STOCK MAXIMO;1001708;ZSTO;GUANTE POLIAMIDA LAMINADO PALMAPU-TALLE9;MR01;0223;;V1;16;HB;36;64;0;0;0;0;C28;SEGURIDAD/ROPA/EPP;39418,24;;MÚLT. 12U;SEGURIDAD;GUANTE;8-VARIOS;0,028;0;KG;500;21;39417,95;;;;;1;;1;;
2;02-MENOR A PUNTO DE PEDIDO;1001744;ZSTO;BOTA GOMA P.ACERO N 40;MR01;0223;;V1;2;HB;3;1;0;0;0;0;C28;SEGURIDAD/ROPA/EPP;18206,01;;;SEGURIDAD;CALZADO;8-VARIOS;2,065;0;KG;20328;20;18206,01;;1;;;;;1;;
2;02-MENOR A PUNTO DE PEDIDO;1001745;ZSTO;BOTA GOMA P.ACERO N 41;MR01;0223;;V1;2;HB;3;2;0;0;0;0;C28;SEGURIDAD/ROPA/EPP;36732,18;;;SEGURIDAD;CALZADO;8-VARIOS;2,235;0;KG;20328;20;36732,19;;1;;;;;1;;
3;03-MAYOR A PUNTO DE PEDIDO;1001746;ZSTO;BOTA GOMA P.ACERO N 42;MR01;0223;;V1;2;HB;3;3;0;0;0;0;C28;SEGURIDAD/ROPA/EPP;57264,33;;;SEGURIDAD;CALZADO;8-VARIOS;2,259;0;KG;18792;20;57264,32;;;;1;;;1;;
3;03-MAYOR A PUNTO DE PEDIDO;1001747;ZSTO;BOTA GOMA P.ACERO N 43;MR01;0223;;V1;2;HB;3;3;0;0;0;0;C28;SEGURIDAD/ROPA/EPP;52737,42;;;SEGURIDAD;CALZADO;8-VARIOS;2,348;0;KG;19488;20;52737,42;;;;1;;;1;;
2;02-MENOR A PUNTO DE PEDIDO;1001748;ZSTO;BOTA GOMA P.ACERO N 44;MR01;0223;;V1;2;HB;3;2;0;0;0;0;C28;SEGURIDAD/ROPA/EPP;25018,36;;;SEGURIDAD;CALZADO;8-VARIOS;2,4;0;KG;19488;20;25018,37;;1;;;;;1;;
3;03-MAYOR A PUNTO DE PEDIDO;1001755;ZSTO;BOTIN MARRON/NEGRO FLOR P.ACERO N 39;MR01;0223;;V1;1;HB;2;2;0;0;0;0;C28;SEGURIDAD/ROPA/EPP;68976,68;CONWORK // VORAN // CALZADOS A // // // // BORIS;53BAF // CRONOS N T39 // ESCORPIO PRUS 1050 T39 // RINGO MOD BOLT TALLE 39 // RINGO-MOD PUNCH TALLE 39 // SKIWAY MOD. 3243 T39 // 3305 T39;SEGURIDAD;CALZADO;8-VARIOS;1,3;0;KG;12521,25;21;68976,68;;;;1;;;1;;
2;02-MENOR A PUNTO DE PEDIDO;1001756;ZSTO;BOTIN MARRON/NEGRO FLOR P.ACERO N 40;MR01;0223;;V1;2;HB;3;2;0;0;0;0;C28;SEGURIDAD/ROPA/EPP;72645,78;CONWORK // VORAN // CALZADOS A // // // // BORIS;53BAF // CRONOS N T40 // ESCORPIO PRUS 1050 T40 // RINGO MOD BOLT TALLE 40 // RINGO-MOD PUNCH TALLE 40 // SKIWAY MOD. 3243 T40 // 3305 T40;SEGURIDAD;CALZADO;8-VARIOS;1,25;0;KG;11934;21;72645,78;;1;;;;;1;;
4;04-MAYOR A STOCK MAXIMO;1001758;ZSTO;BOTIN MARRON/NEGRO FLOR P.ACERO N 42;MR01;0223;;V1;1;HB;2;3;0;0;0;0;C28;SEGURIDAD/ROPA/EPP;104151,75;CONWORK // VORAN // CALZADOS A // // // // BORIS;53BAF // CRONOS N T42 // ESCORPIO PRUS 1050 T42 // RINGO MOD BOLT TALLE 42 // RINGO-MOD PUNCH TALLE 42 // SKIWAY MOD. 3243 T42 // 3305 T42;SEGURIDAD;CALZADO;8-VARIOS;1,392;0;KG;12163,5;21;104151,76;;;;;1;;1;;
3;03-MAYOR A PUNTO DE PEDIDO;1001759;ZSTO;BOTIN MARRON/NEGRO FLOR P.ACERO N 43;MR01;0223;;V1;2;HB;3;3;0;0;0;0;C28;SEGURIDAD/ROPA/EPP;103258,35;CONWORK // VORAN // CALZADOS A // // // // BORIS;53BAF // CRONOS N T43 // ESCORPIO PRUS 1050 T43 // RINGO MOD BOLT TALLE 43 // RINGO-MOD PUNCH TALLE 43 // SKIWAY MOD. 3243 T43 // 3305 T43;SEGURIDAD;CALZADO;8-VARIOS;1,539;0;KG;13329,36;21;103258,35;;;;1;;;1;;
2;02-MENOR A PUNTO DE PEDIDO;1001760;ZSTO;BOTINMARRON/NEGRO FLOR P.ACERO N 44;MR01;0223;;V1;2;HB;3;2;0;0;0;0;C28;SEGURIDAD/ROPA/EPP;58619,84;CONWORK // VORAN // CALZADOS A // // // BORIS;53BAF // CRONOS N T44 // ESCORPIO PRUS 1050 T44 // RINGO MOD BOLT TALLE 44 // RINGO-MOD PUNCH TALLE 44 // 3305 T44;SEGURIDAD;CALZADO;8-VARIOS;1,365;0;KG;11934;21;58619,85;;1;;;;;1;;
3;03-MAYOR A PUNTO DE PEDIDO;1001761;ZSTO;BOTIN MARRON/NEGRO FLOR P.ACERO N 45;MR01;0223;;V1;2;HB;3;3;0;0;0;0;C28;SEGURIDAD/ROPA/EPP;84420,87;CONWORK // VORAN // CALZADOS A // // // // BORIS;53BAF // CRONOS N T45 // ESCORPIO PRUS 1050 T45 // RINGO MOD BOLT TALLE 45 // RINGO-MOD PUNCH TALLE 45 // SKIWAY MOD. 3243 T45 // 3305 T45;SEGURIDAD;CALZADO;8-VARIOS;1,455;0;KG;12163,5;21;84420,88;;;;1;;;1;;
2;02-MENOR A PUNTO DE PEDIDO;1001767;ZSTO;ZAPATILLA P.ACERO N 43;MR01;0223;;V1;1;HB;2;1;0;0;0;0;C28;SEGURIDAD/ROPA/EPP;83337,17;FUNCIONAL // VORAN // CONWORK;LANDERBROWN // ENERGY N43 // 655ZA N43;SEGURIDAD;CALZADO;8-VARIOS;1,53;0;KG;12163,5;21;83337,17;;1;;;;;1;;
3;03-MAYOR A PUNTO DE PEDIDO;1001783;ZSTO;ACEITE HIDRAULICO X 205L;MR01;0223;;V1;1;HB;2;2;0;0;0;0;L01;ACEITES;353692,12;YPF S.A. // YPF S.A.;ATF // 125492;LUBRICANTES;ACEITES;2-TACHO;193;0;KG;233705,49;15;353692,13;;;;1;;;1;;
3;03-MAYOR A PUNTO DE PEDIDO;1001784;ZSTO;ACEITE  HY GARD X 209L;MR01;0223;;V1;1;HB;2;1,211;0;0;0;0;L01;ACEITES;1173609,12;JOHN DEERE;HY GARD;LUBRICANTES;ACEITES;2-TACHO;193;0;KG;233705,49;15;1173609,12;;;;1;;;1;;
3;03-MAYOR A PUNTO DE PEDIDO;1001786;ZSTO;ACEITE ISO 46 HIDRAULICO  X 205L;MR01;0223;;V1;1;HB;2;1,129;0;0;0;0;L01;ACEITES;623912,86;YPF S.A. // YPF S.A.;BP46 // 135392;LUBRICANTES;ACEITES;2-TACHO;193;0;KG;233705,49;15;623912,86;;;;1;;;1;;
4;04-MAYOR A STOCK MAXIMO;1001790;ZSTO;ACEITE 15W40  X 205L;MR01;0223;;V1;1;HB;2;2,917;0;0;0;0;L01;ACEITES;2042012,71;YPF S.A. // EXXON MOBI // CATERPILLA // SHELL PLC. // VOLVO MAQU // YPF S.A.;EXTRAVIDA XV300 // DELVAC MX 15W40 APICI4 // DEO 15W40 // R4 15W40 APICI4 ACEAE5E7 // VDS3 // 189292;LUBRICANTES;ACEITES;2-TACHO;193;0;KG;232385,12;15;2042012,71;;;;;1;;1;;
2;02-MENOR A PUNTO DE PEDIDO;1001791;ZSTO;ACEITE SAE 30 X 205L;MR01;0223;;V1;1;HB;2;0,471;0;0;0;0;L01;ACEITES;372101,21;YPF S.A. // YPF S.A. // YPF S.A.;FT SUPER 30 TR // 151692;LUBRICANTES;ACEITES;2-TACHO;193;0;KG;233705,49;15;372101,22;;1;;;;;1;;
3;03-MAYOR A PUNTO DE PEDIDO;1001794;ZSTO;ACEITE HIPOIDAL X 205L;MR01;0223;;V1;1;HB;2;1,5;0;0;0;0;L01;ACEITES;656619,87;YPF S.A. // YPF S.A.;80W90 // 123092;LUBRICANTES;ACEITES;2-TACHO;193;0;KG;232385,12;15;656619,87;;;;1;;;1;;
3;03-MAYOR A PUNTO DE PEDIDO;1001795;ZSTO;ACEITE 85W140 X 205L;MR01;0223;;V1;1;HB;2;1,2;0;0;0;0;L01;ACEITES;487449,62;YPF S.A. // YPF S.A.;85W140 // 123192;LUBRICANTES;ACEITES;2-TACHO;193;0;KG;233705,49;15;487449,62;;;;1;;;1;;
2;02-MENOR A PUNTO DE PEDIDO;1001796;ZSTO;ACEITE MOTOR 2T X 1 LT;MR01;0223;;V1;1;HB;2;1;0;0;0;0;C27;FERRETERIA MR01;11895,84;;;LUBRICANTES;ACEITES;6-PESADO Y FRAGIL;0,91;0;KG;1398,87;15;11895,84;;1;;;;;1;;
3;03-MAYOR A PUNTO DE PEDIDO;1001801;ZSTO;ACEITE 80W X 205L;MR01;0223;;V1;1;HB;2;1,425;0;0;0;0;L01;ACEITES;239404,22;M-LUBE;GXA;LUBRICANTES;ACEITES;2-TACHO;195;0;KG;224462,9;15;239404,22;;;;1;;;1;;
3;03-MAYOR A PUNTO DE PEDIDO;1001804;ZSTO;GRASA LITIO LIMIT MO-2 (NEGRA) X 180 KG;MR01;0223;;V1;1;HB;2;1,1;0;0;0;0;L03;GRASAS;1702973,91;YPF S.A. // // YPF S.A.;LIMIT MO-2 // GADUS S2 V220 // 628793;LUBRICANTES;GRASA;2-TACHO;180;0;KG;299396;15;1702973,91;;;;1;;;1;;
2;02-MENOR A PUNTO DE PEDIDO;1001805;ZSTO;GRASA PARA RODAMIENTO X1KG;MR01;0223;;V1;1;HB;2;1;0;0;0;0;L03;GRASAS;15055,01;SKF // SHELL PLC. //;LGWA2MA // GADAUS S2 V220 2 // MOBILGREASE MP;LUBRICANTES;GRASA;6-PESADO Y FRAGIL;1,1;0;KG;1692,46;15;15055,01;;1;;;;;1;;
3;03-MAYOR A PUNTO DE PEDIDO;1001812;ZSTO;REFRIGERANTE ANTICONG. X20 LT;MR01;0223;;V1;1;HB;2;2;0;0;0;0;L02;FLUIDOS;183473,18;YPF S.A. // YPF S.A.;KRIOX 3 INORGANICO // 185280;LUBRICANTES;ADITIVOS;6-PESADO Y FRAGIL;23,75;0;KG;37246,7;15;183473,18;;;;1;;;1;;
3;03-MAYOR A PUNTO DE PEDIDO;1001815;ZSTO;AGUA DESMINERALIZADA X 20L;MR01;0223;;V1;2;HB;3;3;0;0;0;0;L02;FLUIDOS;33428,91;;;LUBRICANTES;ADITIVOS;6-PESADO Y FRAGIL;20,031;0;KG;24700;15;33428,9;;;;1;;;1;;
3;03-MAYOR A PUNTO DE PEDIDO;1001821;ZSTO;ACEITE 75W 90  X 20 LT;MR01;0223;;V1;1;HB;2;1,5;0;0;0;0;L01;ACEITES;545101,43;YPF S.A.;75W 90 ;LUBRICANTES;ACEITES;6-PESADO Y FRAGIL;20;0;KG;27727,77;15;545101,42;;;;1;;;1;;
2;02-MENOR A PUNTO DE PEDIDO;1001823;ZSTO;ACEITE F50 5W40 X 20 L;MR01;0223;;V1;1;HB;2;0,5;0;0;0;0;L01;ACEITES;118221,9;ELAION // ELAION // YPF S.A.;F50 5W40 // FS540 // 151792;LUBRICANTES;AMAROK-HILUX;6-PESADO Y FRAGIL;18;0;KG;27727,77;15;118221,89;;1;;;;;1;;
3;03-MAYOR A PUNTO DE PEDIDO;1001841;ZSTO;CAMARA 12.00 R20;MR01;0223;;V1;4;HB;9;6;0;0;0;0;C52;CAMARAS;268296,06;;MARCA DONGAH // MARCA PIRELLI;CUBIERTAS;CUBIERTAS;7-PESADO;3,053;0;KG;6200;15;268296,05;;;;1;;;1;;
3;03-MAYOR A PUNTO DE PEDIDO;1001842;ZSTO;PROTECTOR P CAMARA 12.00;MR01;0223;;V1;4;HB;9;5;0;0;0;0;C52;CAMARAS;77463,3;;;CUBIERTAS;CUBIERTAS;7-PESADO;1,94;0;KG;912;25;77463,31;;;;1;;;1;;
4;04-MAYOR A STOCK MAXIMO;1001871;ZSTO;RESMA DE HOJA A4 70GR. X UN;MR01;0223;;V1;15;HB;33;56;0;0;0;0;C17;INSUMOS A;228481,12;;;LIBRERIA;PAPEL;7-PESADO;2,27;0;KG;3150;15;228481,39;;;;;1;;1;;
4;04-MAYOR A STOCK MAXIMO;1001894;ZSTO;ALCOHOL EN GEL X LITRO;MR01;0223;;V1;4;HB;8;12;0;0;0;0;C17;INSUMOS A;9717,36;;;LIMPIEZA;ALCOHOL EN GEL;6-PESADO Y FRAGIL;4,65;0;KG;7056;15;9717,39;;;;;1;;1;;
4;04-MAYOR A STOCK MAXIMO;1001895;ZSTO;ALCOHOL LIQUIDO X LITRO;MR01;0223;;V1;4;HB;9;11;0;0;0;0;C17;INSUMOS A;22240,68;;;LIMPIEZA;ALCOHOL LIQUIDO;6-PESADO Y FRAGIL;0,86;0;KG;1459,315;15;22240,65;;;;;1;;1;;
4;04-MAYOR A STOCK MAXIMO;1001898;ZSTO;BOBINA DE PAPEL 25 X 400MTS X UN;MR01;0223;;V1;2;HB;3;7;0;0;0;0;C17;INSUMOS A;66672,9;ELEGANTE // ELITE;1003 (MÚLT. 2U) // 6264;LIMPIEZA;INSUMOS;8-VARIOS;3,25;0;KG;15844,44;15;66672,87;;;;;1;;1;;
4;04-MAYOR A STOCK MAXIMO;1001906;ZSTO;INSECTICIDA MATA MOSCAS Y MOSQ. X360CC;MR01;0223;;V1;8;HB;18;28;0;0;0;0;C17;INSUMOS A;137606,28;;;LIMPIEZA;INSUMOS;8-VARIOS;0,315;0;KG;649,98;21;137606,23;;;;;1;;1;;
4;04-MAYOR A STOCK MAXIMO;1001927;ZSTO;DISCO CORTE 178X1.6X22 SECUR EXTRA  x UN;MR01;0223;;V1;17;HB;38;47;0;0;0;0;C27;FERRETERIA MR01;141908,51;TYROLIT;178X16X222;FERRETERIA;ABRASIVOS/DISCOS;6-PESADO Y FRAGIL;0,095;0;KG;50,868;15;141908,3;;;;;1;;1;;
4;04-MAYOR A STOCK MAXIMO;1001933;ZSTO;DISCO 114x1,6x222 REFORZADO x UN;MR01;0223;;V1;7;HB;15;23;0;0;0;0;C27;FERRETERIA MR01;43990,03;TYROLIT;114X16X222;FERRETERIA;ABRASIVOS/DISCOS;6-PESADO Y FRAGIL;0,043;0;KG;20,763;15;43990,13;;;;;1;;1;;
2;02-MENOR A PUNTO DE PEDIDO;1001949;ZSTO;CANDADO 30MM XUN;MR01;0223;;V1;2;HB;5;2;0;0;0;0;C27;FERRETERIA MR01;9628,58;;;FERRETERIA;ACCESORIOS;8-VARIOS;0,103;0;KG;174;15;9628,57;;1;;;;;1;;
3;03-MAYOR A PUNTO DE PEDIDO;1001950;ZSTO;CANDADO 38-40MM XUN;MR01;0223;;V1;2;HB;5;5;0;0;0;0;C27;FERRETERIA MR01;29313,5;;;FERRETERIA;ACCESORIOS;8-VARIOS;0,148;0;KG;465;15;29313,48;;;;1;;;1;;
3;03-MAYOR A PUNTO DE PEDIDO;1001951;ZSTO;CANDADO 50MM XUN;MR01;0223;;V1;2;HB;5;5;0;0;0;0;C27;FERRETERIA MR01;45305,2;;;FERRETERIA;ACCESORIOS;8-VARIOS;0,259;0;KG;100;15;45305,2;;;;1;;;1;;
3;03-MAYOR A PUNTO DE PEDIDO;1001952;ZSTO;TRAPO LIMPIO (BOLSAX10KG) XUN;MR01;0223;;V1;2;HB;3;3;0;0;0;0;C27;FERRETERIA MR01;52575,06;;MÚLT. 10 KG;FERRETERIA;ACCESORIOS;7-PESADO;10;0;KG;71456;30;52575,07;;;;1;;;1;;
3;03-MAYOR A PUNTO DE PEDIDO;1001954;ZSTO;SELLADOR ALTA TEMPERATURA;MR01;0223;;V1;1;HB;2;2;0;0;0;0;C18;HORMIGÓN;9151,84;;;FERRETERIA;ADHESIVOS/SELLADORES/LUBRICANT;9-FRAGIL;0,33;0;KG;274,75;21;9151,84;;;;1;;;1;;
3;03-MAYOR A PUNTO DE PEDIDO;1001955;ZSTO;SELLADOR DE SILICONA TRANSP;MR01;0223;;V1;1;HB;2;2;0;0;0;0;C18;HORMIGÓN;6137,32;;280ML;FERRETERIA;ADHESIVOS;9-FRAGIL;0,31;0;KG;451,375;15;6137,32;;;;1;;;1;;
3;03-MAYOR A PUNTO DE PEDIDO;1002001;ZSTO;CAMISA JEAN T.40 C LOGO;MR01;0223;;V1;1;HB;2;2;0;0;0;0;C28;SEGURIDAD/ROPA/EPP;37492,58;;;ROPA;INDUMENTARIA;8-VARIOS;0,438;0;KG;565,5;30;37492,57;;;;1;;;1;;
3;03-MAYOR A PUNTO DE PEDIDO;1002002;ZSTO;CAMISA JEAN T.42 C LOGO;MR01;0223;;V1;2;HB;3;3;0;0;0;0;C28;SEGURIDAD/ROPA/EPP;55943,01;;;ROPA;INDUMENTARIA;8-VARIOS;0,492;0;KG;560;30;55943;;;;1;;;1;;
3;03-MAYOR A PUNTO DE PEDIDO;1002004;ZSTO;CAMISA JEAN T.46 C LOGO;MR01;0223;;V1;2;HB;3;3;0;0;0;0;C28;SEGURIDAD/ROPA/EPP;54806,34;;;ROPA;INDUMENTARIA;8-VARIOS;0,49;0;KG;640;30;54806,34;;;;1;;;1;;
3;03-MAYOR A PUNTO DE PEDIDO;1002005;ZSTO;CAMISA JEAN T.48 C LOGO;MR01;0223;;V1;1;HB;2;2;0;0;0;0;C28;SEGURIDAD/ROPA/EPP;37592,56;;;ROPA;INDUMENTARIA;8-VARIOS;0,495;0;KG;2378;30;37592,55;;;;1;;;1;;
2;02-MENOR A PUNTO DE PEDIDO;1002009;ZSTO;CAMISA JEAN T.56 C LOGO;MR01;0223;;V1;2;HB;3;1;0;0;0;0;C28;SEGURIDAD/ROPA/EPP;912,99;;;ROPA;INDUMENTARIA;8-VARIOS;0,607;0;KG;3627;30;912,99;;1;;;;;1;;
3;03-MAYOR A PUNTO DE PEDIDO;1002013;ZSTO;PANTALON JEAN T.42;MR01;0223;;V1;2;HB;3;3;0;0;0;0;C28;SEGURIDAD/ROPA/EPP;47063,58;;;ROPA;INDUMENTARIA;8-VARIOS;0,627;0;KG;3224;15;47063,58;;;;1;;;1;;
4;04-MAYOR A STOCK MAXIMO;1002015;ZSTO;PANTALON JEAN T.46;MR01;0223;;V1;2;HB;3;7;0;0;0;0;C28;SEGURIDAD/ROPA/EPP;111204,8;;;ROPA;INDUMENTARIA;8-VARIOS;0,689;0;KG;2808;15;111204,81;;;;;1;;1;;
4;04-MAYOR A STOCK MAXIMO;1002016;ZSTO;PANTALON JEAN T.48;MR01;0223;;V1;2;HB;3;4;0;0;0;0;C28;SEGURIDAD/ROPA/EPP;65252,64;;;ROPA;INDUMENTARIA;8-VARIOS;0,725;0;KG;2970;15;65252,66;;;;;1;;1;;
2;02-MENOR A PUNTO DE PEDIDO;1002017;ZSTO;PANTALON JEAN T.50;MR01;0223;;V1;2;HB;3;1;0;0;0;0;C28;SEGURIDAD/ROPA/EPP;16997,32;;;ROPA;INDUMENTARIA;8-VARIOS;0,751;0;KG;4107,5;21;16997,32;;1;;;;;1;;
2;02-MENOR A PUNTO DE PEDIDO;1002018;ZSTO;PANTALON JEAN T.52;MR01;0223;;V1;1;HB;2;1;0;0;0;0;C28;SEGURIDAD/ROPA/EPP;16046,06;;;ROPA;INDUMENTARIA;8-VARIOS;0,761;0;KG;3850;21;16046,06;;1;;;;;1;;
4;04-MAYOR A STOCK MAXIMO;1002021;ZSTO;PANTALON JEAN T.58;MR01;0223;;V1;2;HB;3;4;0;0;0;0;C28;SEGURIDAD/ROPA/EPP;32702,6;;;ROPA;INDUMENTARIA;8-VARIOS;0,814;0;KG;4292;21;32702,58;;;;;1;;1;;
2;02-MENOR A PUNTO DE PEDIDO;1002022;ZSTO;PANTALON JEAN T.60;MR01;0223;;V1;1;HB;2;1;0;0;0;0;C28;SEGURIDAD/ROPA/EPP;8754,14;;;ROPA;INDUMENTARIA;8-VARIOS;0,835;0;KG;3520;21;8754,14;;1;;;;;1;;
4;04-MAYOR A STOCK MAXIMO;1002043;ZSTO;CAMISETA PRIMERA PIEL T.S;MR01;0223;;V1;2;HB;3;4;0;0;0;0;C28;SEGURIDAD/ROPA/EPP;34050,8;;;SEGURIDAD;INDUMENTARIA;8-VARIOS;0,309;0;KG;1750;20;34050,8;;;;;1;;1;;
3;03-MAYOR A PUNTO DE PEDIDO;1002044;ZSTO;CAMISETA PRIMERA PIEL T.M;MR01;0223;;V1;1;HB;2;2;0;0;0;0;C28;SEGURIDAD/ROPA/EPP;19104,04;;;SEGURIDAD;INDUMENTARIA;8-VARIOS;0,173;0;KG;1000;20;19104,05;;;;1;;;1;;
3;03-MAYOR A PUNTO DE PEDIDO;1002045;ZSTO;CAMISETA PRIMERA PIEL T.L;MR01;0223;;V1;1;HB;2;2;0;0;0;0;C28;SEGURIDAD/ROPA/EPP;24488,94;;;SEGURIDAD;INDUMENTARIA;8-VARIOS;0,158;0;KG;1344;20;24488,93;;;;1;;;1;;
2;02-MENOR A PUNTO DE PEDIDO;1002046;ZSTO;CAMISETA PRIMERA PIEL T.XL;MR01;0223;;V1;1;HB;2;1;0;0;0;0;C28;SEGURIDAD/ROPA/EPP;12161,4;;;SEGURIDAD;INDUMENTARIA;8-VARIOS;0,181;0;KG;1056;20;12161,4;;1;;;;;1;;
3;03-MAYOR A PUNTO DE PEDIDO;1002047;ZSTO;CAMISETA PRIMERA PIEL T.XXL;MR01;0223;;V1;1;HB;2;2;0;0;0;0;C28;SEGURIDAD/ROPA/EPP;19645,42;;;SEGURIDAD;INDUMENTARIA;8-VARIOS;0,17;0;KG;536,5;20;19645,43;;;;1;;;1;;
3;03-MAYOR A PUNTO DE PEDIDO;1002048;ZSTO;CAMISETA PRIMERA PIEL T.XXXL;MR01;0223;;V1;2;HB;3;3;0;0;0;0;C28;SEGURIDAD/ROPA/EPP;27724,86;;;SEGURIDAD;INDUMENTARIA;8-VARIOS;0,24;0;KG;2200;20;27724,86;;;;1;;;1;;
4;04-MAYOR A STOCK MAXIMO;1002051;ZSTO;CAMPERA 2 PIEL T. L;MR01;0223;;V1;1;HB;2;12;0;0;0;0;C28;SEGURIDAD/ROPA/EPP;177363,84;;;SEGURIDAD;INDUMENTARIA;8-VARIOS;0,497;0;KG;7280;30;177363,8;;;;;1;;1;;
4;04-MAYOR A STOCK MAXIMO;1002053;ZSTO;CAMPERA 2 PIEL T. XXL;MR01;0223;;V1;2;HB;3;4;0;0;0;0;C28;SEGURIDAD/ROPA/EPP;61220,52;;;SEGURIDAD;INDUMENTARIA;8-VARIOS;0,606;0;KG;8640;30;61220,51;;;;;1;;1;;
3;03-MAYOR A PUNTO DE PEDIDO;1002085;ZSTO;TRAJE DE LLUVIA T.XXXL;MR01;0223;;V1;2;HB;5;5;0;0;0;0;C28;SEGURIDAD/ROPA/EPP;96321,2;;;ROPA;INDUMENTARIA;8-VARIOS;1,431;0;KG;2772;15;96321,21;;;;1;;;1;;
2;02-MENOR A PUNTO DE PEDIDO;1002086;ZSTO;TRAJE DE LLUVIA T.L;MR01;0223;;V1;2;HB;3;2;0;0;0;0;C28;SEGURIDAD/ROPA/EPP;5187,26;;;ROPA;INDUMENTARIA;8-VARIOS;1,238;0;KG;3564;15;5187,26;;1;;;;;1;;
3;03-MAYOR A PUNTO DE PEDIDO;1002087;ZSTO;TRAJE DE LLUVIA T.XL;MR01;0223;;V1;2;HB;5;3;0;0;0;0;C28;SEGURIDAD/ROPA/EPP;36310,62;;;ROPA;INDUMENTARIA;8-VARIOS;1,657;0;KG;2574;15;36310,61;;;;1;;;1;;
3;03-MAYOR A PUNTO DE PEDIDO;1002088;ZSTO;TRAJE DE LLUVIA T.XXL;MR01;0223;;V1;2;HB;5;5;0;0;0;0;C28;SEGURIDAD/ROPA/EPP;81420,65;;;ROPA;INDUMENTARIA;8-VARIOS;1,374;0;KG;2400;15;81420,63;;;;1;;;1;;
2;02-MENOR A PUNTO DE PEDIDO;1002090;ZSTO;CAPA DE LLUVIA T.XL;MR01;0223;;V1;1;HB;2;1;0;0;0;0;C28;SEGURIDAD/ROPA/EPP;9624,05;;;ROPA;INDUMENTARIA;8-VARIOS;0,959;0;KG;2448;15;9624,05;;1;;;;;1;;
3;03-MAYOR A PUNTO DE PEDIDO;1002472;ZSTO;FILTRO COMBUSTIBLE XUN;MR01;0223;;V1;3;HB;6;4;0;0;0;0;F06;FILTRO COMBUSTIBLE;262127,48;JOHN DEERE // JOHN DEERE;RE529643 // RE541922;FILTROS;PARA 544J 544;7-PESADO;0,378;0;KG;1481,125;25;262127,48;;;;1;;;1;;
3;03-MAYOR A PUNTO DE PEDIDO;1002473;ZSTO;FILTRO COMBUSTUBLE XUN;MR01;0223;;V1;3;HB;6;4;0;0;0;0;F06;FILTRO COMBUSTIBLE;165927,96;JOHN DEERE;RE522878;FILTROS;JD 544J, 544K;7-PESADO;0,346;0;KG;1481,125;15;165927,96;;;;1;;;1;;
3;03-MAYOR A PUNTO DE PEDIDO;1002476;ZSTO;FILTRO HIDRAULICO;MR01;0223;;V1;1;HB;2;2;0;0;0;0;F07;FILTRO FLUIDO HIDR;41135,48;BOMAG GMBH // DONALDSON;7993014 // P566212;FILTROS;BOMAG 213/219;7-PESADO;0,51;0;KG;2025;15;41135,47;;;;1;;;1;;
3;03-MAYOR A PUNTO DE PEDIDO;1002480;ZSTO;FILTRO ACEITE;MR01;0223;;V1;1;HB;2;2;0;0;0;0;F03;FILTRO ACEITE;29061,12;BOMAG GMBH // DONALDSON;5710640 // P553771;FILTROS;BOMAG 213/219;7-PESADO;0,76;0;KG;1985,5;15;29061,12;;;;1;;;1;;
3;03-MAYOR A PUNTO DE PEDIDO;1002514;ZSTO;FILTRO ACEITE;MR01;0223;;V1;3;HB;6;4;0;0;0;0;F03;FILTRO ACEITE;124122,84;JOHN DEERE // JOHN DEERE;RE541420 // RE504836;FILTROS;J.D. 544K/310J;7-PESADO;0,619;0;KG;1550;25;124122,82;;;;1;;;1;;
2;02-MENOR A PUNTO DE PEDIDO;1002515;ZSTO;FILTRO ACEITE XUN;MR01;0223;;V1;1;HB;2;1;0;0;0;0;F03;FILTRO ACEITE;27292,32;JOHN DEERE // JOHN DEERE //;RE521420 // DZ101884 // DZ118283;FILTROS;JD 850J;7-PESADO;1,13;0;KG;3724;25;27292,32;;1;;;;;1;;
3;03-MAYOR A PUNTO DE PEDIDO;1002516;ZSTO;FILTRO ACEITE XUN;MR01;0223;;V1;2;HB;5;3;0;0;0;0;F03;FILTRO ACEITE;26040,03;JOHN DEERE // JOHN DEERE // DONALDSON;RE59754 // DZ118286 // P551352;FILTROS;JD 6615;7-PESADO;0,63;0;KG;1500;25;26040,02;;;;1;;;1;;
2;02-MENOR A PUNTO DE PEDIDO;1002527;ZSTO;FILTRO AIRE CABINA;MR01;0223;;V1;2;HB;3;2;0;0;0;0;F05;FILTRO AIRE CABINA;76371,44;CATERPILLA // CATERPILLA;2457823 // 5460006;FILTROS;CAT 324DL;9-FRAGIL;0,074;0;KG;924,5;15;76371,44;;1;;;;;1;;
2;02-MENOR A PUNTO DE PEDIDO;1002529;ZSTO;FILTRO HIDRAULICO DE RETORNO XUN;MR01;0223;;V1;2;HB;3;2;0;0;0;0;F07;FILTRO FLUIDO HIDR;337433,26;JOHN DEERE // JOHN DEERE;AT335977 // AT545968;FILTROS;JD 544K;7-PESADO;1,6;0;KG;7865;15;337433,27;;1;;;;;1;;
3;03-MAYOR A PUNTO DE PEDIDO;1002532;ZSTO;FILTRO RESPIRADERO XUN;MR01;0223;;V1;2;HB;5;3;0;0;0;0;F04;FILTRO AIRE;61626,15;JOHN DEERE;AT223493;FILTROS;J.D.544K;9-FRAGIL;0,09;0;KG;302,5;15;61626,15;;;;1;;;1;;
2;02-MENOR A PUNTO DE PEDIDO;1002541;ZSTO;FILTRO DE LINEA XUN;MR01;0223;;V1;1;HB;2;1;0;0;0;0;F04;FILTRO AIRE;5588,47;JOHN DEERE;AT101565;FILTROS;JOHN DEERE;9-FRAGIL;0,09;0;KG;490;25;5588,47;;1;;;;;1;;
3;03-MAYOR A PUNTO DE PEDIDO;1002543;ZSTO;FILTRO AIRE X UN;MR01;0223;;V1;5;HB;11;6;0;0;0;0;F04;FILTRO AIRE;234680,1;JOHN DEERE;AT191102;FILTROS;CABINA J.D. 544K;9-FRAGIL;0,321;0;KG;3536;15;234680,12;;;;1;;;1;;
2;02-MENOR A PUNTO DE PEDIDO;1002546;ZSTO;FILTRO HIDRAULICO;MR01;0223;;V1;1;HB;2;1;0;0;0;0;F04;FILTRO AIRE;57397,4;JOHN DEERE //;AT308274 // AT367840;FILTROS;FILTROS;7-PESADO;2,77;0;KG;5915;25;57397,4;;1;;;;;1;;
2;02-MENOR A PUNTO DE PEDIDO;1002547;ZSTO;FILTRO HIDRAULICO X UN;MR01;0223;;V1;1;HB;2;1;0;0;0;0;F07;FILTRO FLUIDO HIDR;106404,91;CATERPILLA // CATERPILLA;1262081 // 1799806;FILTROS;CAT 336 DLME, 390;7-PESADO;1,98;0;KG;12032;15;106404,91;;1;;;;;1;;
3;03-MAYOR A PUNTO DE PEDIDO;1002552;ZSTO;COMBUSTIBLE J.D. XUN;MR01;0223;;V1;2;HB;5;3;0;0;0;0;F06;FILTRO COMBUSTIBLE;73536,84;JOHN DEERE // JOHN DEERE;DQ24057 // AT81478;FILTROS;JD 6615;7-PESADO;0,58;0;KG;1300;15;73536,84;;;;1;;;1;;
3;03-MAYOR A PUNTO DE PEDIDO;1002557;ZSTO;FILTRO COMBUSTIBLE XUN;MR01;0223;;V1;2;HB;5;3;0;0;0;0;F06;FILTRO COMBUSTIBLE;64857,15;JOHN DEERE;RE62418;FILTROS;JD 6615;7-PESADO;0,26;0;KG;1134;25;64857,14;;;;1;;;1;;
2;02-MENOR A PUNTO DE PEDIDO;1002566;ZSTO;FILTRO LINEA COMBUSTIBLE;MR01;0223;;V1;2;HB;3;2;0;0;0;0;F07;FILTRO FLUIDO HIDR;18866,1;FLEETGUARD // FLEETGUARD // FLEETGUARD // DONALDSON // // FLEETGUARD;FF5079 // FF5006 // FS5288 // P550090 // P550974 // 4080720;FILTROS;FILTROS;9-FRAGIL;0,118;0;KG;432;25;18866,1;;1;;;;;1;;
3;03-MAYOR A PUNTO DE PEDIDO;1002568;ZSTO;FILTRO HIDRAULICO J.D. XUN;MR01;0223;;V1;2;HB;5;3;0;0;0;0;F07;FILTRO FLUIDO HIDR;61745,58;JOHN DEERE //;AL156625 // AL221066;FILTROS;JD 6615;7-PESADO;0,89;0;KG;1700;25;61745,57;;;;1;;;1;;
2;02-MENOR A PUNTO DE PEDIDO;1002569;ZSTO;FILTRO RESPIRADERO TANQUE HIDRAULICO XUN;MR01;0223;;V1;2;HB;3;2;0;0;0;0;F04;FILTRO AIRE;22544,04;JOHN DEERE;AM39653;FILTROS;JD 544K;7-PESADO;0,39;0;KG;1100;15;22544,03;;1;;;;;1;;
2;02-MENOR A PUNTO DE PEDIDO;1002606;ZSTO;FILTRO COMBUSTIBLE X UN;MR01;0223;;V1;1;HB;2;1;0;0;0;0;F06;FILTRO COMBUSTIBLE;43406,04;JOHN DEERE;AT365869;FILTROS;JD 850J;7-PESADO;0,96;0;KG;2975,625;25;43406,04;;1;;;;;1;;
2;02-MENOR A PUNTO DE PEDIDO;1002607;ZSTO;FILTRO RETORNO ACEITE HIDRAULICO;MR01;0223;;V1;1;HB;2;1;0;0;0;0;F07;FILTRO FLUIDO HIDR;59635,41;JOHN DEERE;T175002;FILTROS;JD 850J;7-PESADO;1,18;0;KG;2500;25;59635,41;;1;;;;;1;;
3;03-MAYOR A PUNTO DE PEDIDO;1002608;ZSTO;FILTRO HIDRAULICO XUN;MR01;0223;;V1;2;HB;5;3;0;0;0;0;F07;FILTRO FLUIDO HIDR;65875,41;JOHN DEERE;AT318160;FILTROS;JD 850J;7-PESADO;2,07;0;KG;5239;25;65875,41;;;;1;;;1;;
2;02-MENOR A PUNTO DE PEDIDO;1002609;ZSTO;FILTRO AIRE PRIMARIO;MR01;0223;;V1;2;HB;3;2;0;0;0;0;F04;FILTRO AIRE;231754,88;JOHN DEERE;AT223226;FILTROS;JD 850J;9-FRAGIL;3,52;0;KG;48600;25;231754,88;;1;;;;;1;;
3;03-MAYOR A PUNTO DE PEDIDO;1002610;ZSTO;FILTRO AIRE SECUNDARIO;MR01;0223;;V1;2;HB;5;3;0;0;0;0;F04;FILTRO AIRE;181015,98;JOHN DEERE;AT175224;FILTROS;JD 850J;9-FRAGIL;0,92;0;KG;21200;25;181015,98;;;;1;;;1;;
3;03-MAYOR A PUNTO DE PEDIDO;1002612;ZSTO;FILTRO AIRE JOHN DEERE;MR01;0223;;V1;2;HB;5;3;0;0;0;0;F04;FILTRO AIRE;207514,11;JOHN DEERE // No aplica // JOHN DEERE;AL177184 // 119095 // AL225552;FILTROS;JD 6615;9-FRAGIL;0,64;0;KG;6903;25;207514,11;;;;1;;;1;;
2;02-MENOR A PUNTO DE PEDIDO;1002613;ZSTO;FILTRO AIRE;MR01;0223;;V1;2;HB;5;2;0;0;0;0;F04;FILTRO AIRE;77395,54;JOHN DEERE;AL150288;FILTROS;JD 6615;9-FRAGIL;0,29;0;KG;2604;15;77395,55;;1;;;;;1;;
2;02-MENOR A PUNTO DE PEDIDO;1002621;ZSTO;FILTRO AIRE 1 XUN;MR01;0223;;V1;2;HB;3;2;0;0;0;0;F04;FILTRO AIRE;203009,6;JOHN DEERE;AT300487;FILTROS;JD. 544K;9-FRAGIL;2,175;0;KG;24022,875;15;203009,59;;1;;;;;1;;
2;02-MENOR A PUNTO DE PEDIDO;1002623;ZSTO;FILTRO AIRE 2 XUN;MR01;0223;;V1;2;HB;3;2;0;0;0;0;F04;FILTRO AIRE;203527,98;JOHN DEERE;AT314583;FILTROS;JOHN DEERE;9-FRAGIL;1,19;0;KG;21032,375;20;203527,97;;1;;;;;1;;
3;03-MAYOR A PUNTO DE PEDIDO;1002628;ZSTO;FILTRO AIRE CABINA XUN;MR01;0223;;V1;2;HB;5;3;0;0;0;0;F05;FILTRO AIRE CABINA;58564,53;JOHN DEERE;AT307501;FILTROS;JD 544K;9-FRAGIL;0,31;0;KG;4137,25;20;58564,53;;;;1;;;1;;
3;03-MAYOR A PUNTO DE PEDIDO;1002660;ZSTO;FILTRO HIDRAULICO;MR01;0223;;V1;2;HB;5;3;0;0;0;0;F07;FILTRO FLUIDO HIDR;89488,08;JOHN DEERE // JOHN DEERE // JOHN DEERE;AL160316 // AL160771 // AL203061;FILTROS;JD 6615;8-VARIOS;0,76;0;KG;2187;15;89488,08;;;;1;;;1;;
2;02-MENOR A PUNTO DE PEDIDO;1002727;ZSTO;FILTRO AIRE CABINA XUN;MR01;0223;;V1;1;HB;2;1;0;0;0;0;F05;FILTRO AIRE CABINA;62364,37;KOMATSU HO // DONALDSON;17M9113530 // P500138;FILTROS;KMS 155AX6;9-FRAGIL;0,271;0;KG;2103,75;15;62364,36;;1;;;;;1;;
2;02-MENOR A PUNTO DE PEDIDO;1002738;ZSTO;Filtro Aceite Motor;MR01;0223;;V1;1;HB;2;1;0;0;0;0;F03;FILTRO ACEITE;6850,48;FLEETGUARD // DONALDSON;LF3345 // P558616;FILTROS;ONAN 40DGCA;7-PESADO;0,46;0;KG;956,424;15;6850,48;;1;;;;;1;;
3;03-MAYOR A PUNTO DE PEDIDO;1002740;ZSTO;FILTRO HIDRAULICO;MR01;0223;;V1;1;HB;2;2;0;0;0;0;F07;FILTRO FLUIDO HIDR;93952,86;CATERPILLA;937521;FILTROS;CAT 330;7-PESADO;0,77;0;KG;2280;25;93952,86;;;;1;;;1;;
2;02-MENOR A PUNTO DE PEDIDO;1002745;ZSTO;FILTRO AIRE CABINA;MR01;0223;;V1;2;HB;3;2;0;0;0;0;F05;FILTRO AIRE CABINA;26203,2;CATERPILLA // CATERPILLA // CATERPILLA;2931183 // 3050329 // 4I1278;FILTROS;CAT 336 DLME;9-FRAGIL;0,48;0;KG;4995;25;26203,2;;1;;;;;1;;
3;03-MAYOR A PUNTO DE PEDIDO;1002746;ZSTO;UNIDAD SELLO FILTRO HIDRAULICO;MR01;0223;;V1;1;HB;2;2;0;0;0;0;C29;FILTROS/RESPUESTOS;81949,3;CATERPILLA;5I8670;FILTROS;CAT 330;7-PESADO;0,92;0;KG;1700;15;81949,3;;;;1;;;1;;
3;03-MAYOR A PUNTO DE PEDIDO;1002750;ZSTO;FILTRO COMBUSTIBLE;MR01;0223;;V1;1;HB;2;2;0;0;0;0;F06;FILTRO COMBUSTIBLE;79155,66;KOMATSU HO // FLEETGUARD // // KOMATSU HO;6003193610 // FS1242 // P551864 // 6003113620;FILTROS;PC350LC8;7-PESADO;0,68;0;KG;1204,386;15;79155,66;;;;1;;;1;;
2;02-MENOR A PUNTO DE PEDIDO;1002766;ZSTO;FILTRO COMBUSTIBLE;MR01;0223;;V1;1;HB;2;1;0;0;0;0;F06;FILTRO COMBUSTIBLE;25369,2;KOMATSU HO // //;4216035170 // AF4167 // P502574;FILTROS;WA600;9-FRAGIL;0,025;0;KG;90,75;25;25369,2;;1;;;;;1;;
3;03-MAYOR A PUNTO DE PEDIDO;1002780;ZSTO;FILTRO AIRE 1;MR01;0223;;V1;1;HB;2;2;0;0;0;0;F04;FILTRO AIRE;27500,8;MANN // // MANN;5821149 // AB3006 // C23610;FILTROS;BOMAG 213/219;9-FRAGIL;1,52;0;KG;34496;25;27500,8;;;;1;;;1;;
3;03-MAYOR A PUNTO DE PEDIDO;1002781;ZSTO;FILTRO AIRE;MR01;0223;;V1;2;HB;5;3;0;0;0;0;F04;FILTRO AIRE;383152,71;JOHN DEERE;AL172780;FILTROS;JD 6615;9-FRAGIL;1,01;0;KG;10880;25;383152,7;;;;1;;;1;;
2;02-MENOR A PUNTO DE PEDIDO;1002807;ZSTO;FILTRO;MR01;0223;;V1;1;HB;2;1;0;0;0;0;C29;FILTROS/RESPUESTOS;18000,76;MANN // MANN;V733S // CF 600;FILTROS;GRUPO ELECTROGENO ONAN 40-DG;8-VARIOS;0,3;0;KG;2160;15;18000,76;;1;;;;;1;;
3;03-MAYOR A PUNTO DE PEDIDO;1002812;ZSTO;CF600 1;MR01;0223;;V1;1;HB;2;2;0;0;0;0;F01;CARTUCHO;25656,98;MANN // DARMET;CF6001 // VP1740SC;FILTROS;BOMAG;9-FRAGIL;0,54;0;KG;6760;15;25656,98;;;;1;;;1;;
2;02-MENOR A PUNTO DE PEDIDO;1002832;ZSTO;FILTRO COMBUSTIBLE;MR01;0223;;V1;2;HB;3;2;0;0;0;0;F06;FILTRO COMBUSTIBLE;24906,74;FLEETGUARD // // FLEETGUARD // DONALDSON // MANN;2RK127177A // DB0519 // FF5052 // P553004 // WK723;FILTROS;VW 26260 - ONAN;7-PESADO;0,393;0;KG;704;15;24906,74;;1;;;;;1;;
2;02-MENOR A PUNTO DE PEDIDO;1002836;ZSTO;FILTRO AIRE XUN;MR01;0223;;V1;1;HB;2;1;0;0;0;0;F04;FILTRO AIRE;50023,76;TOYOTA ARG;178010C01000;FILTROS;HILUX 3.00;9-FRAGIL;0,715;0;KG;7153,313;15;50023,76;;1;;;;;1;;
2;02-MENOR A PUNTO DE PEDIDO;1002837;ZSTO;FILTRO COMBUSTIBLE;MR01;0223;;V1;1;HB;2;1;0;0;0;0;F06;FILTRO COMBUSTIBLE;50328,51;TOYOTA ARG // TOYOTA ARG;233900L04100 // 233920L0100;FILTROS;PARA HILUX 3.00;9-FRAGIL;0,129;0;KG;729;15;50328,51;;1;;;;;1;;
2;02-MENOR A PUNTO DE PEDIDO;1002838;ZSTO;FILTRO ACEITE;MR01;0223;;V1;2;HB;3;2;0;0;0;0;F03;FILTRO ACEITE;27212,82;TOYOTA ARG // TOYOTA ARG;909152000300 // 90915YZZD2;FILTROS;PARA HILUX;8-VARIOS;0,27;0;KG;576;15;27212,82;;1;;;;;1;;
2;02-MENOR A PUNTO DE PEDIDO;1002873;ZSTO;FILTRO DE AIRE;MR01;0223;;V1;1;HB;2;1;0;0;0;0;F04;FILTRO AIRE;70,74;DARMET;V733;FILTROS;GRUPO ELECTROGENO ONAN 40-DG;8-VARIOS;0,765;0;KG;5154,5;15;70,74;;1;;;;;1;;
2;02-MENOR A PUNTO DE PEDIDO;1002901;ZSTO;FILTRO ACEITE;MR01;0223;;V1;1;HB;2;1;0;0;0;0;F03;FILTRO ACEITE;38368,32;FLEETGUARD // DONALDSON // KOMATSU HO;LF9009 // P553000 // 6742014540;FILTROS;VW 31-320 - 19360;7-PESADO;1,53;0;KG;3391,2;15;38368,32;;1;;;;;1;;
2;02-MENOR A PUNTO DE PEDIDO;1002902;ZSTO;FILTRO HABITACULO XUN;MR01;0223;;V1;1;HB;2;1;0;0;0;0;F05;FILTRO AIRE CABINA;28052,88;TOYOTA ARG;871390K010;FILTROS;HILUX;9-FRAGIL;0,078;0;KG;1414,5;15;28052,88;;1;;;;;1;;
3;03-MAYOR A PUNTO DE PEDIDO;1002907;ZSTO;FILTRO TRAMPA AGUA XUN;MR01;0223;;V1;3;HB;6;4;0;0;0;0;F13;FILTRO TRAMPA DE A;343090,48;JOHN DEERE;AT365870;FILTROS;JD 644K, 544K;7-PESADO;0,783;0;KG;1764,876;25;343090,47;;;;1;;;1;;
2;02-MENOR A PUNTO DE PEDIDO;1002908;ZSTO;FILTRO TRANSIMISION HIDRAULICO XUN;MR01;0223;;V1;1;HB;2;1;0;0;0;0;F07;FILTRO FLUIDO HIDR;61266,74;JOHN DEERE;AT367635;FILTROS;JD 524;7-PESADO;1,01;0;KG;2100;25;61266,74;;1;;;;;1;;
2;02-MENOR A PUNTO DE PEDIDO;1002922;ZSTO;FILTRO ACEITE TRANSMISIÓN DIFERENCIAL;MR01;0223;;V1;1;HB;2;1;0;0;0;0;F03;FILTRO ACEITE;156134,09;JOHN DEERE;AT335492;FILTROS;JD 644K, 544K;7-PESADO;2,59;0;KG;5915;30;156134,09;;1;;;;;1;;
2;02-MENOR A PUNTO DE PEDIDO;1002923;ZSTO;FILTRO COMBUSTIBLE;MR01;0223;;V1;1;HB;2;1;0;0;0;0;F06;FILTRO COMBUSTIBLE;18406,42;BOMAG GMBH // DONALDSON;5716779 // P554620;FILTROS;BW24RH;8-VARIOS;0,66;0;KG;1500;15;18406,42;;1;;;;;1;;
3;03-MAYOR A PUNTO DE PEDIDO;1002931;ZSTO;FILTRO ACEITE;MR01;0223;;V1;4;HB;9;5;0;0;0;0;F03;FILTRO ACEITE;194745,95;VOLVO CONS // VOLVO MAQU // FLEETGUARD // VOLVO CONS // VOLVO CONS;P21707133 // 17533660 // LF667 // VOE478736 // 23658092;FILTROS;VOLVO 330 // VOLVO L260H;7-PESADO;1,215;0;KG;2469,61;20;194745,95;;;;1;;;1;;
2;02-MENOR A PUNTO DE PEDIDO;1002932;ZSTO;FILTRO ACEITE;MR01;0223;;V1;4;HB;8;4;0;0;0;0;F03;FILTRO ACEITE;163733,92;VOLVO CONS // VOLVO CONS;P21707132 // VOE477556;FILTROS;VOLVO L260H;7-PESADO;1,152;0;KG;2699,223;20;163733,92;;1;;;;;1;;
2;02-MENOR A PUNTO DE PEDIDO;1003026;ZSTO;FILTRO SEPARADOR DE AGUA;MR01;0223;;V1;1;HB;2;1;0;0;0;0;F13;FILTRO TRAMPA DE A;17973,54;FLEETGUARD // FLEETGUARD // DONALDSON;FS19652 // FS1280 // P551329;FILTROS;ONAN C66D5;7-PESADO;0,65;0;KG;1256;15;17973,54;;1;;;;;1;;
3;03-MAYOR A PUNTO DE PEDIDO;1003027;ZSTO;ELEMENTO FILTRO DE ACEITE;MR01;0223;;V1;1;HB;2;2;0;0;0;0;F03;FILTRO ACEITE;100335,14;FLEETGUARD // BALDWIN // // // No aplica;LF16061 // B7362 // DBL7349 // LF3806 // P556615;FILTROS;ONAN C66D5;8-VARIOS;0,75;0;KG;1800;15;100335,14;;;;1;;;1;;
2;02-MENOR A PUNTO DE PEDIDO;1003029;ZSTO;FILTRO DE AIRE PRIMARIO CAT;MR01;0223;;V1;2;HB;3;2;0;0;0;0;F04;FILTRO AIRE;32929,14;CATERPILLA // CATERPILLA // CATERPILLA;4578206 // 5206407 // 5287222;FILTROS;CAT 320;9-FRAGIL;1,99;0;KG;24288;25;32929,14;;1;;;;;1;;
2;02-MENOR A PUNTO DE PEDIDO;1003030;ZSTO;FILTRO DE AIRE SECUNDARIO;MR01;0223;;V1;2;HB;3;2;0;0;0;0;F04;FILTRO AIRE;47400,98;CATERPILLA // CATERPILLA;4470761 // 5290132;FILTROS;CAT 320;9-FRAGIL;0,9;0;KG;12546;25;47400,98;;1;;;;;1;;
2;02-MENOR A PUNTO DE PEDIDO;1003031;ZSTO;FILTRO DE COMBUSTIBLE;MR01;0223;;V1;2;HB;3;1;0;0;0;0;F06;FILTRO COMBUSTIBLE;40919,48;CATERPILLA;1R1804;FILTROS;CAT;7-PESADO;0,24;0;KG;1080,945;25;40919,48;;1;;;;;1;;
2;02-MENOR A PUNTO DE PEDIDO;1003032;ZSTO;FILTRO TRAMPA DE AGUA;MR01;0223;;V1;2;HB;3;2;0;0;0;0;F13;FILTRO TRAMPA DE A;245910,3;CATERPILLA;4385386;FILTROS;CAT;7-PESADO;2,12;0;KG;7875;25;245910,3;;1;;;;;1;;
2;02-MENOR A PUNTO DE PEDIDO;1003033;ZSTO;FILTRO DE ACEITE MOTOR;MR01;0223;;V1;2;HB;3;2;0;0;0;0;F03;FILTRO ACEITE;79472,4;CATERPILLA;3223155;FILTROS;CAT 323;7-PESADO;0,37;0;KG;2904;15;79472,4;;1;;;;;1;;
2;02-MENOR A PUNTO DE PEDIDO;1003057;ZSTO;ELEMENTO FILTRO DE AIRE PRIMARIO;MR01;0223;;V1;1;HB;2;1;0;0;0;0;F04;FILTRO AIRE;142693,31;JOHN DEERE;AT175223;FILTROS;MOTONIVELADORA JD 770 G;9-FRAGIL;3,337;0;KG;41552;25;142693,31;;1;;;;;1;;
2;02-MENOR A PUNTO DE PEDIDO;1003058;ZSTO;KIT FILTRO COMBUSTIBLE COMPLETO;MR01;0223;;V1;1;HB;2;1;0;0;0;0;F06;FILTRO COMBUSTIBLE;136103,04;JOHN DEERE // JOHN DEERE;RE525523 // RE52090652323;FILTROS;MOTONIVELADORA JD 770 G;7-PESADO;1,09;0;KG;4968;25;136103,04;;1;;;;;1;;
2;02-MENOR A PUNTO DE PEDIDO;1003087;ZSTO;FILTRO COMBUSTIBLE;MR01;0223;;V1;1;HB;2;1;0;0;0;0;F06;FILTRO COMBUSTIBLE;84414,1;TOYOTA ARG //;233900L07000 // 233900L100;FILTROS;HILUX 2017;8-VARIOS;0,184;0;KG;1150;15;84414,1;;1;;;;;1;;
2;02-MENOR A PUNTO DE PEDIDO;1003088;ZSTO;FILTRO AIRE;MR01;0223;;V1;1;HB;2;1;0;0;0;0;F04;FILTRO AIRE;55668,93;TOYOTA ARG // TOYOTA ARG;178010L04000 // 178010E030;FILTROS;HILUX 2017;9-FRAGIL;0,57;0;KG;5443,75;15;55668,93;;1;;;;;1;;
2;02-MENOR A PUNTO DE PEDIDO;1003089;ZSTO;FILTRO DE CABINA;MR01;0223;;V1;1;HB;2;1;0;0;0;0;F05;FILTRO AIRE CABINA;24382,58;TOYOTA ARG;871390K080;FILTROS;HILUX 2017;9-FRAGIL;0,08;0;KG;1383,75;15;24382,58;;1;;;;;1;;
2;02-MENOR A PUNTO DE PEDIDO;1003093;ZSTO;FILTRO DE COMBUSTIBLE;MR01;0223;;V1;4;HB;8;4;0;0;0;0;F06;FILTRO COMBUSTIBLE;164188,36;VOLVO CONS // VOLVO CONS;P22480372 // VOE15126069;FILTROS;VOLVO FM460;7-PESADO;1,15;0;KG;2469,61;15;164188,36;;1;;;;;1;;
2;02-MENOR A PUNTO DE PEDIDO;1003094;ZSTO;FILTRO DE DRENAJE BOMBA;MR01;0223;;V1;1;HB;2;1;0;0;0;0;F07;FILTRO FLUIDO HIDR;19780,68;VOLVO CONS // // No aplica;21392404 // 20580233 // 7632141111;FILTROS;VOLVO 330 // VOLVO FM460;9-FRAGIL;0,105;0;KG;282,6;15;19780,68;;1;;;;;1;;
2;02-MENOR A PUNTO DE PEDIDO;1003095;ZSTO;FILTRO TRAMPA DE AGUA COMBUSTIBLE;MR01;0223;;V1;4;HB;8;4;0;0;0;0;F13;FILTRO TRAMPA DE A;195874,04;PARKER RAC //;21925732 // 23662435;FILTROS;VOLVO FM460;7-PESADO;0,72;0;KG;1329,79;15;195874,04;;1;;;;;1;;
2;02-MENOR A PUNTO DE PEDIDO;1003096;ZSTO;FILTRO DE AIRE TANQUE DE COMBUSTIBLE;MR01;0223;;V1;4;HB;8;4;0;0;0;0;F06;FILTRO COMBUSTIBLE;128060,72;VOLVO CONS // DONALDSON;21743197 // P954869;FILTROS;VOLVO 330 // VOLVO FM460;9-FRAGIL;0,09;0;KG;480,42;15;128060,71;;1;;;;;1;;
2;02-MENOR A PUNTO DE PEDIDO;1003097;ZSTO;FILTRO DE AIRE PRIMARIO;MR01;0223;;V1;4;HB;8;4;0;0;0;0;F04;FILTRO AIRE;723361,76;VOLVO CONS;21337557;FILTROS;VOLVO FM460;9-FRAGIL;3,39;0;KG;49940,125;30;723361,75;;1;;;;;1;;
3;03-MAYOR A PUNTO DE PEDIDO;1003119;ZSTO;FILTRO DE AIRE PRIMARIO;MR01;0223;;V1;1;HB;2;2;0;0;0;0;F04;FILTRO AIRE;220804,34;VOLVO MAQU;21436535;FILTROS;VOLVO 330;9-FRAGIL;3,2;0;KG;43120;20;220804,34;;;;1;;;1;;
3;03-MAYOR A PUNTO DE PEDIDO;1003120;ZSTO;FILTRO DE COMBUSTIBLE;MR01;0223;;V1;1;HB;2;2;0;0;0;0;F06;FILTRO COMBUSTIBLE;83890,16;VOLVO CONS;22095097;FILTROS;VOLVO 330;7-PESADO;0,95;0;KG;1899,7;20;83890,15;;;;1;;;1;;
3;03-MAYOR A PUNTO DE PEDIDO;1003121;ZSTO;FILTRO DE UREA;MR01;0223;;V1;1;HB;2;2;0;0;0;0;F09;FILTRO DE UREA;102651,74;VOLVO CONS;82269261;FILTROS;VOLVO 330;9-FRAGIL;0,07;0;KG;238,64;20;102651,74;;;;1;;;1;;
2;02-MENOR A PUNTO DE PEDIDO;1003125;ZSTO;FILTRO SECADOR DE AIRE;MR01;0223;;V1;1;HB;2;1;0;0;0;0;F11;FILTRO SECADOR DE;74112,42;VOLVO CONS;21620181;FILTROS;VOLVO 330;7-PESADO;2,304;0;KG;2058;20;74112,42;;1;;;;;1;;
2;02-MENOR A PUNTO DE PEDIDO;1003126;ZSTO;FILTRO SECADO DE AIRE;MR01;0223;;V1;2;HB;3;2;0;0;0;0;F11;FILTRO SECADOR DE;313536,16;VOLVO CONS // VOLVO CONS // VOLVO CONS //;21412848 // 22223804 // 23260134 // 23690622;FILTROS;VOLVO FM460;7-PESADO;1,38;0;KG;4913;25;313536,16;;1;;;;;1;;
2;02-MENOR A PUNTO DE PEDIDO;1003138;ZSTO;FILTRO DE COMBUSTIBLE;MR01;0223;;V1;1;HB;2;1;0;0;0;0;F06;FILTRO COMBUSTIBLE;141544,85;KOMATSU HO // KOMATSU HO;6003193750 // 6003113750;FILTROS;KOMATSU PC 200-8;7-PESADO;0,81;0;KG;1239,809;20;141544,85;;1;;;;;1;;
2;02-MENOR A PUNTO DE PEDIDO;1003139;ZSTO;FILTRO HIDRAULICO;MR01;0223;;V1;1;HB;2;1;0;0;0;0;F07;FILTRO FLUIDO HIDR;266447,95;KOMATSU HO;2076071183;FILTROS;KOMATSU PC 200-8;7-PESADO;1,4;0;KG;8400;20;266447,95;;1;;;;;1;;
2;02-MENOR A PUNTO DE PEDIDO;1003164;ZSTO;FILTRO DE BOMBA SIST. UREA;MR01;0223;;V1;1;HB;2;1;0;0;0;0;F09;FILTRO DE UREA;3092,58;VOLVO CONS;20877958;FILTROS;VOLVO 330;9-FRAGIL;0,03;0;KG;0,006;15;3092,58;;1;;;;;1;;
3;03-MAYOR A PUNTO DE PEDIDO;1003169;ZSTO;FILTRO TRAMPA DE AGUA;MR01;0223;;V1;1;HB;2;2;0;0;0;0;F13;FILTRO TRAMPA DE A;96345,62;SUDAMERICA // //;24226451 // 22752360 // 24226451;FILTROS;VOLVO 330;9-FRAGIL;0,17;0;KG;1100;15;96345,63;;;;1;;;1;;
4;04-MAYOR A STOCK MAXIMO;1003180;ZSTO;FILTRO DE AIRE;MR01;0223;;V1;1;HB;2;4;0;0;0;0;F04;FILTRO AIRE;72835,88;DBT S.A. // DONALDSON // DARMET;3025127 // P822686 // VP-2735;FILTROS;HIMOINSA LTA 8 V LED;9-FRAGIL;0,27;0;KG;2662;15;72835,87;;;;;1;;1;;
4;04-MAYOR A STOCK MAXIMO;1003181;ZSTO;FILTRO DE COMBUSTIBLE;MR01;0223;;V1;1;HB;2;4;0;0;0;0;F06;FILTRO COMBUSTIBLE;36949,36;DBT S.A. // FLEETGUARD // DONALDSON // HIFI FILTE;3048841 // FF 5259 // P502166 // SN 21590;FILTROS;HIMOINSA LTA 8 V LED;9-FRAGIL;0,05;0;KG;144;15;36949,35;;;;;1;;1;;
4;04-MAYOR A STOCK MAXIMO;1003182;ZSTO;FILTRO GASOIL;MR01;0223;;V1;1;HB;2;4;0;0;0;0;F06;FILTRO COMBUSTIBLE;54465,8;DBT S.A. // DONALDSON // VER // HIMOINSA S;3024206 // P502406 // 17108155910 // 3082015;FILTROS;HIMOINSA LTA 8 V LED;9-FRAGIL;0,04;0;KG;144;15;54465,82;;;;;1;;1;;
4;04-MAYOR A STOCK MAXIMO;1003183;ZSTO;FILTRO DE ACEITE MOTOR;MR01;0223;;V1;1;HB;2;4;0;0;0;0;F03;FILTRO ACEITE;45303,24;DBT S.A. // // FLEETGUARD // DONALDSON // // //;3035098 // LF3925 // LF3925 // P502067 // T 600 // W67/1 // W671;FILTROS;HIMOINSA LTA 8 V LED;7-PESADO;0,23;0;KG;343;15;45303,26;;;;;1;;1;;
3;03-MAYOR A PUNTO DE PEDIDO;1003227;ZSTO;FILTRO DE DE LOS EJES;MR01;0223;;V1;2;HB;3;3;0;0;0;0;C29;FILTROS/RESPUESTOS;173710,44;JOHN DEERE;AH128449;FILTROS;JD 624 K;8-VARIOS;1,23;0;KG;2500;15;173710,43;;;;1;;;1;;
3;03-MAYOR A PUNTO DE PEDIDO;1003229;ZSTO;FILTRO DE TRANSMISION;MR01;0223;;V1;2;HB;3;3;0;0;0;0;F03;FILTRO ACEITE;99902,04;JOHN DEERE;AT468647;FILTROS;JD 624 K;8-VARIOS;1,3;0;KG;3025;15;99902,04;;;;1;;;1;;
2;02-MENOR A PUNTO DE PEDIDO;1003233;ZSTO;FILTRO HIDRAULICO VENTILACION;MR01;0223;;V1;1;HB;2;1;0;0;0;0;F07;FILTRO FLUIDO HIDR;213559,92;KOMATSU HO;22B6011160;FILTROS;KOM D155 AX-6;8-VARIOS;0,59;0;KG;2940;60;213559,92;;1;;;;;1;;
3;03-MAYOR A PUNTO DE PEDIDO;1003241;ZSTO;MANN CF1651;MR01;0223;;V1;1;HB;2;2;0;0;0;0;F14;GENERICOS FILTROS;80291,68;MANN //;CF1651 // P750003;FILTROS;VOLVO 330;9-FRAGIL;0,81;0;KG;15606;15;80291,67;;;;1;;;1;;
2;02-MENOR A PUNTO DE PEDIDO;1003246;ZSTO;FILTRO DE TANQUE HIDRAULICO;MR01;0223;;V1;1;HB;2;1;0;0;0;0;F07;FILTRO FLUIDO HIDR;254352,26;REMOLQUES // HIFI FILTE;14896990 // SH 93214;FILTROS;VOLCADORA OMBU;8-VARIOS;0,199;0;KG;807,765;15;254352,26;;1;;;;;1;;
3;03-MAYOR A PUNTO DE PEDIDO;1003247;ZSTO;FILTRO DE VENTEO TANQUE HIDRAULICO;MR01;0223;;V1;1;HB;2;2;0;0;0;0;F07;FILTRO FLUIDO HIDR;45615,3;FILPLUS // No aplica;MSA07 // TAP0126;FILTROS;VOLCADORA OMBU;8-VARIOS;0,095;0;KG;340,298;15;45615,31;;;;1;;;1;;
2;02-MENOR A PUNTO DE PEDIDO;1003276;ZSTO;FILTRO TANQUE HIDRAULICO;MR01;0223;;V1;1;HB;2;1;0;0;0;0;F07;FILTRO FLUIDO HIDR;5228,44;PARKER // No aplica //;921999 // K22001 // P551551;FILTROS;VOLCADORA MILICIC // VOLVO 330;7-PESADO;0,48;0;KG;858,398;15;5228,44;;1;;;;;1;;
3;03-MAYOR A PUNTO DE PEDIDO;1003300;ZSTO;FILTRO DOSIFICACION DE UREA (COLADOR);MR01;0223;;V1;1;HB;2;2;0;0;0;0;F09;FILTRO DE UREA;38429,4;VOLVO CONS;21954674;FILTROS;VOLVO 460 FMX;9-FRAGIL;0,01;0;KG;90;20;38429,41;;;;1;;;1;;
3;03-MAYOR A PUNTO DE PEDIDO;1003301;ZSTO;FILTRO DE TANQUE;MR01;0223;;V1;1;HB;2;2;0;0;0;0;F06;FILTRO COMBUSTIBLE;109589,8;VOLVO CONS // VOLVO CONS;21516229 // 23381562;FILTROS;VOLVO 460 FMX;9-FRAGIL;0,1;0;KG;735;20;109589,8;;;;1;;;1;;
2;02-MENOR A PUNTO DE PEDIDO;1003302;ZSTO;FILTRO ACEITE CAJA DE CAMBIO;MR01;0223;;V1;1;HB;2;1;0;0;0;0;F03;FILTRO ACEITE;23958,28;VOLVO CONS // VOLVO CONS;20779040 // 24283117;FILTROS;VOLVO 460 FMX;8-VARIOS;0,09;0;KG;784;15;23958,28;;1;;;;;1;;
3;03-MAYOR A PUNTO DE PEDIDO;1003358;ZSTO;FILTRO AIRE XUN;MR01;0223;;V1;1;HB;2;2;0;0;0;0;F04;FILTRO AIRE;105608,58;FLEETGUARD // DONALDSON // // No aplica;AH1136 // B085001 // C085004 // PA2815;FILTROS;ONAN 67412;9-FRAGIL;1,44;0;KG;17457;20;105608,58;;;;1;;;1;;
2;02-MENOR A PUNTO DE PEDIDO;1003359;ZSTO;FILTRO DE AIRE PRIMARIO;MR01;0223;;V1;1;HB;2;1;0;0;0;0;F10;FILTRO HVAC;79214,82;KOMATSU HO //;2A59791551 // AF55884;FILTROS;KOMATSU PC 200-8;9-FRAGIL;0,13;0;KG;2300;15;79214,82;;1;;;;;1;;
2;02-MENOR A PUNTO DE PEDIDO;1003373;ZSTO;FILTROAIREACONDCABINAEXTERIORINTERIOR;MR01;0223;;V1;2;HB;5;2;0;0;0;0;F10;FILTRO HVAC;60495,38;VOLVO CONS;21758906;FILTROS;VOLVO FM460;9-FRAGIL;0,22;0;KG;2420;15;60495,39;;1;;;;;1;;
4;04-MAYOR A STOCK MAXIMO;1003957;ZSTO;BATERIA 12V 110 AMP  318X162X220;MR01;0223;;V1;1;HB;2;3;0;0;0;0;C29;FILTROS/RESPUESTOS;605251,32;MOURA;ME100HA;REPUESTOS;BOMAG;7-PESADO;24,5;0;KG;11781;15;605251,31;;;;;1;;1;;
4;04-MAYOR A STOCK MAXIMO;1004030;ZSTO;LAMPARA 24V-5W S CULOTE XUN;MR01;0223;;V1;2;HB;3;22;0;0;0;0;C29;FILTROS/RESPUESTOS;13263,58;;PHILIPS-OSRAM;REPUESTOS;ELECTRICIDAD AUTOMOTOR;9-FRAGIL;0,001;0;KG;1,257;15;13263,64;;;;;1;;1;;
4;04-MAYOR A STOCK MAXIMO;1004038;ZSTO;LAMPARA 24V-21W P PAREJA XUN;MR01;0223;;V1;2;HB;3;19;0;0;0;0;C29;FILTROS/RESPUESTOS;5676,44;;BA15S;REPUESTOS;ELECTRICIDAD AUTOMOTOR;9-FRAGIL;0,008;0;KG;2,454;15;5676,45;;;;;1;;1;;
4;04-MAYOR A STOCK MAXIMO;1004040;ZSTO;LAMPARA 24V-H3 70W X UN;MR01;0223;;V1;2;HB;3;4;0;0;0;0;C29;FILTROS/RESPUESTOS;22495;;PK22S;REPUESTOS;ELECTRICIDAD AUTOMOTOR;9-FRAGIL;0,007;0;KG;35;15;22495,01;;;;;1;;1;;
3;03-MAYOR A PUNTO DE PEDIDO;1004042;ZSTO;LAMPARA 24V-H7 70W X UN;MR01;0223;;V1;2;HB;3;3;0;0;0;0;C29;FILTROS/RESPUESTOS;30878,52;;PX26D-PHILIPS-OSRAM;REPUESTOS;ELECTRICIDAD AUTOMOTOR;9-FRAGIL;0,014;0;KG;73,5;15;30878,52;;;;1;;;1;;
3;03-MAYOR A PUNTO DE PEDIDO;1004265;ZSTO;KIT DE 6 MUESTRAS DE ACEITE CON MANGUERA;MR01;0223;;V1;1;HB;2;2;0;0;0;0;C29;FILTROS/RESPUESTOS;387979,86;CATERPILLA;9Z0009100;REPUESTOS;KIT MUESTRA;9-FRAGIL;0,904;0;KG;13852,875;15;387979,86;;;;1;;;1;;
3;03-MAYOR A PUNTO DE PEDIDO;1004670;ZSTO;BOTAS GOMA PUNTA ACERO N 37;MR01;0223;;V1;1;HB;2;2;0;0;0;0;C28;SEGURIDAD/ROPA/EPP;0;;;ROPA;CALZADO;8-VARIOS;1,5;0;KG;9000;15;0;;;;1;;;1;;
4;04-MAYOR A STOCK MAXIMO;1013571;ZSSD;GASOIL DIESEL 500;MR01;0223;;RE;1;HB;2;69600;0;0;0;591000;C21;COMBUSTIBLE;0;;MÚLT. 36000 LTS;COMBUSTIBLE;COMBUSTIBLE;?;0;0;KG;0;15;73240024,76;;;;;1;;1;;
2;02-MENOR A PUNTO DE PEDIDO;1016537;ZSTO;KIT FILTRO DE AIRE PRIMARIO Y SECUNDARIO;MR01;0223;;V1;1;HB;2;1;0;0;0;0;F04;FILTRO AIRE;326764,3;KOMATSU HO // DARMET;6001855100 // VP-3722 + VP-3723;FILTROS;PC2000;6-PESADO Y FRAGIL;3,496;0;KG;38175,75;15;326764,3;;1;;;;;1;;
3;03-MAYOR A PUNTO DE PEDIDO;1000000;ZSTO;2 HOJA ELASTICO ANT. XUN;MM01;0026;;RE;1;HB;2;2;0;0;0;0;C29;FILTROS/RESPUESTOS;0;CNH INDUST;41003458;REPUESTOS;IVECO TRAKKER T380;7-PESADO;21,5;0;KG;2700;15;0;;;;1;;;1;;
3;03-MAYOR A PUNTO DE PEDIDO;1000013;ZSTO;FILTRO AIRE PRIMARIO XUN;MM01;0026;;V1;1;HB;3;3;0;0;0;0;F04;FILTRO AIRE;437969,61;CATERPILLA;6I2509;FILTROS;CAT 980H;8-VARIOS;4;0;KG;54450;15;437969,6;;;;1;;;1;;
3;03-MAYOR A PUNTO DE PEDIDO;1000030;ZSTO;FILTRO HIDRAULICO;MM01;0026;;V1;1;HB;2;2;0;1;0;0;F07;FILTRO FLUIDO HIDR;61417,74;PALFINGER //;EA1412 // MSA02 KIT;FILTROS;PKB15500;8-VARIOS;0,23;0;KG;640;25;61417,74;;;;1;;;1;;
3;03-MAYOR A PUNTO DE PEDIDO;1001783;ZSTO;ACEITE HIDRAULICO X 205L;MM01;0026;;V1;1;HB;2;2;0;0;0;0;L01;ACEITES;1022217,06;YPF S.A. // YPF S.A.;ATF // 125492;LUBRICANTES;ACEITES;2-TACHO;193;0;KG;233705,49;15;1022217,06;;;;1;;;1;;
4;04-MAYOR A STOCK MAXIMO;1001784;ZSTO;ACEITE  HY GARD X 209L;MM01;0026;;V1;1;HB;2;4;0;0;0;0;L01;ACEITES;3493957,48;JOHN DEERE;HY GARD;LUBRICANTES;ACEITES;2-TACHO;193;0;KG;233705,49;15;3493957,47;;;;;1;;1;;
3;03-MAYOR A PUNTO DE PEDIDO;1001786;ZSTO;ACEITE ISO 46 HIDRAULICO  X 205L;MM01;0026;;V1;4;HB;8;7;0;0;0;0;L01;ACEITES;3791200,98;YPF S.A. // YPF S.A.;BP46 // 135392;LUBRICANTES;ACEITES;2-TACHO;193;0;KG;233705,49;15;3791200,97;;;;1;;;1;;
3;03-MAYOR A PUNTO DE PEDIDO;1001787;ZSTO;ACEITE ISO 68 HIDRAULICO X 205L;MM01;0026;;V1;4;HB;8;7;0;0;0;0;L01;ACEITES;4000317,3;YPF S.A. // YPF S.A.;BP68 // 135592;LUBRICANTES;ACEITES;2-TACHO;193;0;KG;233705,49;15;4000317,29;;;;1;;;1;;
4;04-MAYOR A STOCK MAXIMO;1001788;ZSTO;ACEITE SAE  10W X 205L;MM01;0026;;V1;13;HB;23;25;0;0;0;0;L01;ACEITES;20667953;YPF S.A. // YPF S.A.;10W // 151592;LUBRICANTES;ACEITES;2-TACHO;192,5;0;KG;235025,86;15;20667952,98;;;;;1;;1;;
3;03-MAYOR A PUNTO DE PEDIDO;1001790;ZSTO;ACEITE 15W40  X 205L;MM01;0026;;V1;13;HB;23;18;0;0;0;0;L01;ACEITES;12543486,66;YPF S.A. // EXXON MOBI // CATERPILLA // SHELL PLC. // VOLVO MAQU // YPF S.A.;EXTRAVIDA XV300 // DELVAC MX 15W40 APICI4 // DEO 15W40 // R4 15W40 APICI4 ACEAE5E7 // VDS3 // 189292;LUBRICANTES;ACEITES;2-TACHO;193;0;KG;232385,12;15;12543486,69;;;;1;;;1;;
3;03-MAYOR A PUNTO DE PEDIDO;1001791;ZSTO;ACEITE SAE 30 X 205L;MM01;0026;;V1;6;HB;12;8;0;0;0;0;L01;ACEITES;6562090,08;YPF S.A. // YPF S.A. // YPF S.A.;FT SUPER 30 TR // 151692;LUBRICANTES;ACEITES;2-TACHO;193;0;KG;233705,49;15;6562090,07;;;;1;;;1;;
4;04-MAYOR A STOCK MAXIMO;1001792;ZSTO;ACEITE SAE 50  X 205L;MM01;0026;;V1;4;HB;8;10;0;0;0;0;L01;ACEITES;8026409,5;YPF S.A.;;LUBRICANTES;ACEITES;2-TACHO;193;0;KG;233705,49;15;8026409,54;;;;;1;;1;;
2;02-MENOR A PUNTO DE PEDIDO;1001794;ZSTO;ACEITE HIPOIDAL X 205L;MM01;0026;;V1;1;HB;2;1;0;0;0;0;L01;ACEITES;608277,79;YPF S.A. // YPF S.A.;80W90 // 123092;LUBRICANTES;ACEITES;2-TACHO;193;0;KG;232385,12;15;608277,79;;1;;;;;1;;
2;02-MENOR A PUNTO DE PEDIDO;1001795;ZSTO;ACEITE 85W140 X 205L;MM01;0026;;RE;1;HB;2;1;0;0;0;0;L01;ACEITES;421531,5;YPF S.A. // YPF S.A.;85W140 // 123192;LUBRICANTES;ACEITES;2-TACHO;193;0;KG;233705,49;15;421531,5;;1;;;;;1;;
3;03-MAYOR A PUNTO DE PEDIDO;1001797;ZSTO;ACEITE AIR TOOL 208L;MM01;0026;;V1;1;HB;2;2;0;0;0;0;C29;FILTROS/RESPUESTOS;1325629;;S2A100 (TORCULA100);LUBRICANTES;ACEITE;2-TACHO;0;0;KG;0;15;1325628,99;;;;1;;;1;;
3;03-MAYOR A PUNTO DE PEDIDO;1001798;ZSTO;ACEITE HIDRAULICO X 20 LTS;MM01;0026;;V1;1;HB;2;2;0;0;0;0;L01;ACEITES;120037,2;TOTAL;AZOLLA32;LUBRICANTES;ACEITES;6-PESADO Y FRAGIL;21,8;0;KG;36210,48;15;120037,2;;;;1;;;1;;
2;02-MENOR A PUNTO DE PEDIDO;1001801;ZSTO;ACEITE 80W X 205L;MM01;0026;;RE;1;HB;2;1;0;0;0;0;L01;ACEITES;84833,13;M-LUBE;GXA;LUBRICANTES;ACEITES;2-TACHO;195;0;KG;224462,9;15;84833,13;;1;;;;;1;;
3;03-MAYOR A PUNTO DE PEDIDO;1001804;ZSTO;GRASA LITIO LIMIT MO-2 (NEGRA) X 180 KG;MM01;0026;;V1;6;HB;12;10;0;0;0;0;L03;GRASAS;15333308,2;YPF S.A. // // YPF S.A.;LIMIT MO-2 // GADUS S2 V220 // 628793;LUBRICANTES;GRASA;2-TACHO;180;0;KG;299396;15;15333308,16;;;;1;;;1;;
2;02-MENOR A PUNTO DE PEDIDO;1001805;ZSTO;GRASA PARA RODAMIENTO X1KG;MM01;0026;;V1;1;HB;3;1;0;0;0;0;L03;GRASAS;12512,22;SKF // SHELL PLC. //;LGWA2MA // GADAUS S2 V220 2 // MOBILGREASE MP;LUBRICANTES;GRASA;6-PESADO Y FRAGIL;1,1;0;KG;1692,46;15;12512,22;;1;;;;;1;;
3;03-MAYOR A PUNTO DE PEDIDO;1001812;ZSTO;REFRIGERANTE ANTICONG. X20 LT;MM01;0026;;V1;8;HB;15;11;0;0;0;0;L02;FLUIDOS;940799,42;YPF S.A. // YPF S.A.;KRIOX 3 INORGANICO // 185280;LUBRICANTES;ADITIVOS;6-PESADO Y FRAGIL;23,75;0;KG;37246,7;15;940799,4;;;;1;;;1;;
3;03-MAYOR A PUNTO DE PEDIDO;1001813;ZSTO;REFRIGERANTE CATERPILLAR X20L;MM01;0026;;V1;10;HB;18;14;0;0;0;0;L02;FLUIDOS;2531661,08;CATERPILLA // CATERPILLA;2154246 // 2388649;LUBRICANTES;ADITIVOS;6-PESADO Y FRAGIL;21,8;0;KG;36210,48;15;2746480,15;;;;1;;;1;;
3;03-MAYOR A PUNTO DE PEDIDO;1001814;ZSTO;LIQUIDO FRENO X1LT;MM01;0026;;V1;3;HB;6;4;0;0;0;0;L02;FLUIDOS;34356,64;WAGNER;;LUBRICANTES;ADITIVOS;6-PESADO Y FRAGIL;1,12;0;KG;1680;15;34356,65;;;;1;;;1;;
3;03-MAYOR A PUNTO DE PEDIDO;1001816;ZSTO;ANTICONG DE GASOIL  205LT XLT;MM01;0026;;V1;1;HB;3;3;0;0;0;0;C29;FILTROS/RESPUESTOS;667776;;;LUBRICANTES;ADITIVOS;2-TACHO;0;0;KG;0;15;2390776;;;;1;;;1;;
3;03-MAYOR A PUNTO DE PEDIDO;1001819;ZSTO;REFRIGERANTE VOLVO VCS X20LT;MM01;0026;;V1;2;HB;5;5;0;0;0;0;L02;FLUIDOS;1245911,1;VOLVO CONS // VOLVO CONS // // // VOLVO CONS;VCS // 24078856 // 11715729 // 22567335 // 54486166;LUBRICANTES;VOLVO EC 480D - PL 3005D;6-PESADO Y FRAGIL;22,5;0;KG;24640;15;1245911,08;;;;1;;;1;;
4;04-MAYOR A STOCK MAXIMO;1001823;ZSTO;ACEITE F50 5W40 X 20 L;MM01;0026;;V1;1;HB;2;3;0;0;0;0;L01;ACEITES;698695,2;ELAION // ELAION // YPF S.A.;F50 5W40 // FS540 // 151792;LUBRICANTES;AMAROK-HILUX;6-PESADO Y FRAGIL;18;0;KG;27727,77;15;698695,2;;;;;1;;1;;
3;03-MAYOR A PUNTO DE PEDIDO;1001824;ZSTO;CUBIERTA 295 80 R22.5;MM01;0026;;V1;3;HB;6;5;0;0;0;0;C48;CUBIERTAS CAMIONES;2692802,5;PIRELLI NE // GOOD YEAR // GOOD YEAR // FATE SAICI // PIRELLI NE // GOOD YEAR // BRIDGESTON // // MICHELIN A;TG01/TG02 // ARMOR MAX MSA GEN2 // ARMOR MAX MSD // FATECARGO DO-820 // G02 // G677MSD // M 745 // T831 // XDY+;CUBIERTAS;VW 31320 (3 JUEGOS;5-CUBIERTAS;69;0;KG;250984,125;15;2692802,51;;;;1;;;1;;
3;03-MAYOR A PUNTO DE PEDIDO;1001826;ZSTO;CUBIERTA 265 70 R16;MM01;0026;;V1;3;HB;6;5;0;0;0;0;C47;CUBIERTAS AUTOMOTR;1049842,2;BRIDGESTON // PIRELLI NE // PIRELLI NE // PIRELLI NE // GOOD YEAR // GOOD YEAR // MICHELIN A;HT840 // HT // S-HT // SCORPION STR // WRANGLER SUV // WRL ALL TERRAIN // XLT A/S;CUBIERTAS;HILUX;5-CUBIERTAS;17;0;KG;117888,16;20;1049842,21;;;;1;;;1;;
4;04-MAYOR A STOCK MAXIMO;1001827;ZSTO;CUBIERTA 12.00 R20 FG85 (lineal);MM01;0026;;V1;6;HB;12;15;0;0;0;0;C48;CUBIERTAS CAMIONES;9781506,9;PIRELLI NE // GOOD YEAR // MICHELIN A;FG85 // G686MSS // XZY3;CUBIERTAS;IVECO TRAKKER;5-CUBIERTAS;74;0;KG;242491,21;15;9781506,82;;;;;1;;1;;
3;03-MAYOR A PUNTO DE PEDIDO;1001828;ZSTO;CUBIERTA 12.00 R20 TG85 (TRACCION);MM01;0026;;V1;6;HB;12;9;0;0;0;0;C48;CUBIERTAS CAMIONES;6133129,11;PIRELLI NE // GOOD YEAR // GOOD YEAR // GOOD YEAR // GOOD YEAR // MICHELIN A;TG85 // G-677 MSD // G677 // G677MSD. // G677OTR // XDY;CUBIERTAS;CUBIERTAS;5-CUBIERTAS;80;0;KG;275717,12;15;6133129,09;;;;1;;;1;;
4;04-MAYOR A STOCK MAXIMO;1001829;ZSTO;CUBIERTA 275 80 R22.5 FG 01;MM01;0026;;V1;1;HB;3;7;0;0;0;0;C48;CUBIERTAS CAMIONES;1846320,42;PIRELLI NE // GOOD YEAR // BRIDGESTON // MICHELIN A // GOOD YEAR;FG01 // ARMOR MAX MSA GEN2. // R269 // X WORKS Z // ARMOR MAX MSS;CUBIERTAS;CAMION TALLER (TRASERA);5-CUBIERTAS;60;0;KG;212345,64;15;1846320,42;;;;;1;;1;;
4;04-MAYOR A STOCK MAXIMO;1001830;ZSTO;CUBIERTA 295 80 R22.5;MM01;0026;;V1;3;HB;6;7;0;0;0;0;C48;CUBIERTAS CAMIONES;3531035,06;GOOD YEAR // PIRELLI NE // // GOOD YEAR // FIRESTONE;G686 MSS PLUS GOODYEAR // ARMOR MAX MSS 152K // FG01 // G386 MSS // G686 MSS PLUS // T822;CUBIERTAS;STRALIS // VW 31-320;5-CUBIERTAS;64;0;KG;254714,8;15;3531035,04;;;;;1;;1;;
3;03-MAYOR A PUNTO DE PEDIDO;1001834;ZSTO;CUBIERTA 265 65 17 DUELER A T 693;MM01;0026;;V1;3;HB;6;4;0;0;0;0;C47;CUBIERTAS AUTOMOTR;871863,56;BRIDGESTON // BRIDGESTON // PIRELLI NE // PIRELLI NE // GOOD YEAR;DUELER A T 693 // AT REVO 2 // S MTR // SCORPION ATR // WRANGLER WORKHORSE;CUBIERTAS;hilux hasta 2016;5-CUBIERTAS;17;0;KG;114806,25;15;871863,57;;;;1;;;1;;
4;04-MAYOR A STOCK MAXIMO;1001841;ZSTO;CAMARA 12.00 R20;MM01;0026;;V1;8;HB;15;24;0;0;0;0;C52;CAMARAS;1075671,36;;MARCA DONGAH // MARCA PIRELLI;CUBIERTAS;CUBIERTAS;7-PESADO;3,053;0;KG;6200;15;1111843,57;;;;;1;;1;;
4;04-MAYOR A STOCK MAXIMO;1001842;ZSTO;PROTECTOR P CAMARA 12.00;MM01;0026;;V1;8;HB;15;16;0;0;0;0;C52;CAMARAS;277592,4;;;CUBIERTAS;CUBIERTAS;7-PESADO;1,94;0;KG;912;25;329658,56;;;;;1;;1;;
2;02-MENOR A PUNTO DE PEDIDO;1002101;ZSTO;CORREA ALTERNADOR STRAL;MM01;0026;;RE;1;HB;2;1;0;0;0;0;C03;EQUIPOS;30170,5;CNH // CNH;5801361410 // 500341810;CORREAS;AUTOMOTOR;8-VARIOS;0,365;0;KG;3307,5;15;30170,5;;1;;;;;1;;
2;02-MENOR A PUNTO DE PEDIDO;1002113;ZSTO;CORREA DISTRIBUCION ORIG TORRE WACK;MM01;0026;;RE;1;HB;2;1;0;0;0;0;C29;FILTROS/RESPUESTOS;41508,42;;WAN5000155697;CORREAS;TORRE ILUMINACION DAYCO113;8-VARIOS;0,13;0;KG;1300;15;41508,42;;1;;;;;1;;
2;02-MENOR A PUNTO DE PEDIDO;1002114;ZSTO;CORREA ALTERNADOR 850MM ORIG;MM01;0026;;RE;1;HB;2;1;0;0;0;0;C29;FILTROS/RESPUESTOS;61801,99;LOMBARDINI;WAN5200002703;CORREAS;TORRE WACKER;8-VARIOS;0,08;0;KG;74;25;61801,99;;1;;;;;1;;
2;02-MENOR A PUNTO DE PEDIDO;1002164;ZSTO;CORREA MOTOR VW 31-320 CONSTELATION XUN;MM01;0026;;RE;1;HB;2;1;0;0;0;0;C29;FILTROS/RESPUESTOS;26081,48;CONTINENTA;8PK1980;CORREAS;VW 31-320 CONSTELATION;8-VARIOS;0,33;0;KG;1836;15;26081,48;;1;;;;;1;;
4;04-MAYOR A STOCK MAXIMO;1002165;ZSTO;CORREA ALTERNADOR XUN;MM01;0026;;RE;1;HB;2;6;0;0;0;0;C29;FILTROS/RESPUESTOS;89993,4;KOMATSU HO;6261816810;CORREAS;KMS 155AX6;8-VARIOS;0,13;0;KG;408;15;89993,38;;;;;1;;1;;
3;03-MAYOR A PUNTO DE PEDIDO;1002177;ZSTO;CORREA;MM01;0026;;V1;1;HB;2;2;0;0;0;0;C29;FILTROS/RESPUESTOS;50147,48;TOYOTA ARG;90916T200600;CORREAS;CORREA HILUX 3.00;8-VARIOS;0,17;0;KG;1680;15;50147,48;;;;1;;;1;;
2;02-MENOR A PUNTO DE PEDIDO;1002186;ZSTO;CORREA VENTILADOR;MM01;0026;;RE;1;HB;2;1;0;0;0;0;C29;FILTROS/RESPUESTOS;155866,67;VOLVO CONS;VOE20459311;CORREAS;VOLVO EC 480D;8-VARIOS;0,277;0;KG;590,4;15;155866,67;;1;;;;;1;;
3;03-MAYOR A PUNTO DE PEDIDO;1002203;ZSTO;CORREA POLI-V;MM01;0026;;V1;1;HB;2;2;0;0;0;0;C03;EQUIPOS;152005,88;;90916T2033;CORREAS;HILUX 2019;8-VARIOS;0,226;0;KG;3300;15;152005,88;;;;1;;;1;;
2;02-MENOR A PUNTO DE PEDIDO;1002204;ZSTO;CORREA ALTERNADOR;MM01;0026;;RE;1;HB;2;1;0;0;0;0;C03;EQUIPOS;11100,72;;3032915 // AV 13X890;CORREAS;HIMOINSA LTA 8 V LED;8-VARIOS;0,115;0;KG;357;30;11100,72;;1;;;;;1;;
4;04-MAYOR A STOCK MAXIMO;1002206;ZSTO;CORREA B-54 X UN;MM01;0026;;RE;1;HB;2;4;0;0;0;0;C29;FILTROS/RESPUESTOS;0;;;CORREAS;CORREAS;8-VARIOS;0;0;KG;0;20;57371,96;;;;;1;;1;;
2;02-MENOR A PUNTO DE PEDIDO;1002211;ZSTO;CORREA VENTILADOR;MM01;0026;;RE;1;HB;2;1;0;0;0;0;C29;FILTROS/RESPUESTOS;66777,6;;10PK1448-20712530 // 10PK1448-24635977;CORREAS;PLATAFORMA DE MANTENIMIENTO VE;8-VARIOS;0,282;0;KG;1350;15;66777,6;;1;;;;;1;;
2;02-MENOR A PUNTO DE PEDIDO;1002212;ZSTO;CORREA DE ALTERNADOR;MM01;0026;;RE;1;HB;2;1;0;0;0;0;C29;FILTROS/RESPUESTOS;36738,56;CATERPILLA // // No aplica;8PK1537 // 22275091 // 8PK-1540 // 8PK1535;CORREAS;PLATAFORMA DE MANTENIMIENTO VE;8-VARIOS;0,228;0;KG;663;15;36738,56;;1;;;;;1;;
2;02-MENOR A PUNTO DE PEDIDO;1002217;ZSTO;CORREA;MM01;0026;;RE;1;HB;2;1;0;0;0;0;C29;FILTROS/RESPUESTOS;81120,28;VOLVO CONS;VOE22281893;CORREAS;VOLVO EC 480D;8-VARIOS;0,204;0;KG;1575;15;81120,28;;1;;;;;1;;
3;03-MAYOR A PUNTO DE PEDIDO;1002228;ZSTO;INSERTO PATIN DE CIRCULO;MM01;0026;;V1;5;HB;12;12;0;0;0;0;G01;CUCHILLAS;351995,16;JOHN DEERE // //;T141732 // T418904 // T453854;DESGASTE;JD 770 / JD 670D;8-VARIOS;0,19;0;KG;528;25;351995,11;;;;1;;;1;;
4;04-MAYOR A STOCK MAXIMO;1002229;ZSTO;TUERCA CUCHILLA CORTE LATERAL;MM01;0026;;V1;18;HB;32;35;0;0;0;0;G05;AJUSTE;26311,95;CATERPILLA // CATERPILLA;2J3507 // 8J2933;DESGASTE;938HG,D9T, 324DL, 330,336,988;7-PESADO;0,11;0;KG;25,12;25;26312,03;;;;;1;;1;;
4;04-MAYOR A STOCK MAXIMO;1002236;ZSTO;BULON PARA CUCHILLA XUN;MM01;0026;;V1;156;HB;270;331;0;0;0;0;G05;AJUSTE;535230,31;CATERPILLA;5J4773;DESGASTE;CAT 140K // CAT 988H // CAT D6T;7-PESADO;0,15;0;KG;49,455;25;535230,53;;;;;1;;1;;
4;04-MAYOR A STOCK MAXIMO;1002239;ZSTO;RETEN. RIPPER;MM01;0026;;V1;6;HB;12;13;0;0;0;0;G03;RIPPER;21893,43;CATERPILLA // CATERPILLA;1140359 // 8E6359;DESGASTE;D6T, 140K, 988H;8-VARIOS;0,03;0;KG;12,56;25;21893,4;;;;;1;;1;;
3;03-MAYOR A PUNTO DE PEDIDO;1002256;ZSTO;BULON SEGMENTO 25.4X50X6MXUN;MM01;0026;;V1;10;HB;18;12;0;0;0;0;G05;AJUSTE;90219,96;JOHN DEERE;T146933;DESGASTE;JD 644K - 46776;7-PESADO;0,33;0;KG;100,48;25;90220;;;;1;;;1;;
3;03-MAYOR A PUNTO DE PEDIDO;1002257;ZSTO;TUERCA P 146933 XUN;MM01;0026;;V1;7;HB;14;11;0;0;0;0;G05;AJUSTE;12770,23;JOHN DEERE;14H1048;DESGASTE;JD 644K - 46776;7-PESADO;0,12;0;KG;25,12;25;12770,21;;;;1;;;1;;
3;03-MAYOR A PUNTO DE PEDIDO;1002269;ZSTO;PATIN INFERIOR CIRC;MM01;0026;;V1;5;HB;9;6;0;0;0;0;G01;CUCHILLAS;58576,26;CATERPILLA // CATERPILLA;1289656 // 3330960;DESGASTE;CAT 140H;7-PESADO;0,3;0;KG;1152;25;58576,25;;;;1;;;1;;
3;03-MAYOR A PUNTO DE PEDIDO;1002270;ZSTO;PATIN CENTRAL DE VERTEDERA;MM01;0026;;V1;1;HB;3;2;0;0;0;0;G01;CUCHILLAS;32382,68;CATERPILLA // CATERPILLA;1781685 // 4461527;DESGASTE;CAT 140H;7-PESADO;2,1;0;KG;762,5;25;32382,68;;;;1;;;1;;
3;03-MAYOR A PUNTO DE PEDIDO;1002271;ZSTO;PLACA DE CIERRE;MM01;0026;;V1;8;HB;15;9;0;0;0;0;G02;LATERALES;70861,05;CATERPILLA;8W1749;DESGASTE;CAT 140H;7-PESADO;0,21;0;KG;31,2;15;70861,08;;;;1;;;1;;
4;04-MAYOR A STOCK MAXIMO;1002274;ZSTO;CUCHILLA 7′ X 8″ X 5/8″ X 3/4″;MM01;0026;;V1;10;HB;18;31;0;0;0;0;C29;FILTROS/RESPUESTOS;4628537,46;FERNANDEZ;7D1158;DESGASTE;CAT 140K;4-CUCHILLAS;47,5;0;KG;63900;15;4628537,46;;;;;1;;1;;
4;04-MAYOR A STOCK MAXIMO;1002275;ZSTO;UÑA BALDE HEAVY DUTY  - 65ARXE;MM01;0026;;V1;17;HB;30;32;0;0;0;0;G04;UÑAS;9480180,16;VOLVO CONS;VOE14624280;DESGASTE;VOLVO EC 480D - PL 3005D;?;22;0;KG;10455;15;9480180,19;;;;;1;;1;;
3;03-MAYOR A PUNTO DE PEDIDO;1002276;ZSTO;PROTECTOR LATERAL BALDE;MM01;0026;;V1;3;HB;6;6;0;0;0;0;G04;UÑAS;2444938,8;VOLVO CONS // VOLVO CONS;VOE14537759 // 22E158;DESGASTE;VOLVO EC 480D;3-DESGASTE;0;0;KG;0;25;2444938,8;;;;1;;;1;;
3;03-MAYOR A PUNTO DE PEDIDO;1002281;ZSTO;PATIN CINTA;MM01;0026;;V1;13;HB;30;18;0;0;0;0;C29;FILTROS/RESPUESTOS;664124,94;JOHN DEERE //;T141733 // T418899;DESGASTE;JD670D;7-PESADO;0,3;0;KG;256;25;664124,86;;;;1;;;1;;
3;03-MAYOR A PUNTO DE PEDIDO;1002295;ZSTO;TORNILLO P CANTONTERA CAT XUN;MM01;0026;;V1;24;HB;42;42;0;0;0;0;G05;AJUSTE;47147,1;CATERPILLA // CATERPILLA;4J9208 // 1D4635;DESGASTE;CAT D9R, 324DL, 988H;7-PESADO;0,43;0;KG;125,6;25;47147,18;;;;1;;;1;;
3;03-MAYOR A PUNTO DE PEDIDO;1002297;ZSTO;PLACA INTERNO DE PROTECTOR DE BALDE;MM01;0026;;V1;4;HB;8;7;0;0;0;0;G02;LATERALES;0;VOLVO CONS;VOE14537760;DESGASTE;VOLVO;6-PESADO Y FRAGIL;2,13;0;KG;352,8;25;697435,2;;;;1;;;1;;
3;03-MAYOR A PUNTO DE PEDIDO;1002300;ZSTO;CANTONERAS X UN;MM01;0026;;RE;1;HB;2;2;0;0;0;0;G02;LATERALES;15004,72;CATERPILLA;8E5529;DESGASTE;CAT 140K;3-DESGASTE;7,16;0;KG;1410;25;15004,72;;;;1;;;1;;
3;03-MAYOR A PUNTO DE PEDIDO;1002315;ZSTO;PERNO DE CANTONERAS X UN;MM01;0026;;V1;6;HB;12;8;0;0;0;0;G05;AJUSTE;16547,68;CATERPILLA;1359350;DESGASTE;CAT 980H, 988H;3-DESGASTE;0,21;0;KG;45,106;15;16547,68;;;;1;;;1;;
3;03-MAYOR A PUNTO DE PEDIDO;1002317;ZSTO;SEGMENTO CENTRAL X UN;MM01;0026;;V1;1;HB;2;2;0;0;0;0;G04;UÑAS;102496,09;CATERPILLA;1167460;DESGASTE;CAT 980H;3-DESGASTE;2,345;0;KG;1243,125;25;411196,09;;;;1;;;1;;
3;03-MAYOR A PUNTO DE PEDIDO;1002318;ZSTO;SEGMENTO X UN;MM01;0026;;V1;5;HB;9;7;0;0;0;0;G04;UÑAS;1662406,76;CATERPILLA;1167461;DESGASTE;CAT 980H;3-DESGASTE;0;0;KG;0;25;1662406,76;;;;1;;;1;;
4;04-MAYOR A STOCK MAXIMO;1002319;ZSTO;SEGMENTO IZQ X UN;MM01;0026;;V1;5;HB;9;10;0;0;0;0;G04;UÑAS;2481278,5;CATERPILLA;1167462;DESGASTE;CAT 980H;3-DESGASTE;46,05;0;KG;11160;25;2481278,5;;;;;1;;1;;
4;04-MAYOR A STOCK MAXIMO;1002321;ZSTO;TUERCA SEGMENTO X UN;MM01;0026;;V1;15;HB;36;112;0;0;0;0;G05;AJUSTE;349874,56;CATERPILLA;3K9770;DESGASTE;CAT 980H,938H, 988H;7-PESADO;0,238;0;KG;39,25;25;349874;;;;;1;;1;;
4;04-MAYOR A STOCK MAXIMO;1002322;ZSTO;TUERCA X UN;MM01;0026;;V1;156;HB;270;468;0;0;0;0;G05;AJUSTE;270106,2;CATERPILLA;2J3506;DESGASTE;CAT 980H, 140K;7-PESADO;0,055;0;KG;10,598;15;270106,77;;;;;1;;1;;
3;03-MAYOR A PUNTO DE PEDIDO;1002323;ZSTO;CANTONERA DE BALDE X UN;MM01;0026;;V1;3;HB;6;4;0;0;0;0;G02;LATERALES;170147,88;CATERPILLA;9J9600;DESGASTE;CAT 980H 988;3-DESGASTE;17,05;0;KG;8352;25;170147,89;;;;1;;;1;;
3;03-MAYOR A PUNTO DE PEDIDO;1002339;ZSTO;PUNTA DAEMO CONICA X UN (GRUESA MART G;MM01;0026;;V1;1;HB;2;2;0;0;0;0;C29;FILTROS/RESPUESTOS;1672739,78;DAEMO ENGI;B36312140000;DESGASTE;DAEMO 300;3-DESGASTE;160;0;KG;24727,5;25;1672739,79;;;;1;;;1;;
4;04-MAYOR A STOCK MAXIMO;1002340;ZSTO;BULON 5/8 X 21/2;MM01;0026;;V1;180;HB;315;330;0;0;0;0;G05;AJUSTE;192354,3;CATERPILLA // No aplica;3F5108 // PB510;DESGASTE;JD 770D/CAT 140K;7-PESADO;0,093;0;KG;29,438;60;343554,38;;;;;1;;1;;
4;04-MAYOR A STOCK MAXIMO;1002349;ZSTO;TRABA P UNA XUN;MM01;0026;;V1;20;HB;36;48;0;0;0;0;G05;AJUSTE;504880,32;CATERPILLA;2209090;DESGASTE;CAT324DL, 980H;7-PESADO;0,117;0;KG;36;25;504880,25;;;;;1;;1;;
4;04-MAYOR A STOCK MAXIMO;1002352;ZSTO;UNA;MM01;0026;;V1;20;HB;36;52;0;0;0;0;G04;UÑAS;3013660;CATERPILLA // CATERPILLA // CATERPILLA;2209102 // 2203103 // 4755493;DESGASTE;CAT;3-DESGASTE;8,52;0;KG;4030;25;3013659,93;;;;;1;;1;;
4;04-MAYOR A STOCK MAXIMO;1002353;ZSTO;TUERCA 5 8;MM01;0026;;V1;180;HB;315;338;0;0;0;0;G05;AJUSTE;418391,1;JOHN DEERE // JOHN DEERE // CATERPILLA;14H1095 // NP158 // 4K0367;DESGASTE;JD 770 670 CAT 140H;7-PESADO;0,041;0;KG;12,25;15;501512,95;;;;;1;;1;;
3;03-MAYOR A PUNTO DE PEDIDO;1002360;ZSTO;UÑA BALDE PENETRACION - 65PPE;MM01;0026;;V1;17;HB;30;24;0;0;0;0;G04;UÑAS;4571088,48;VOLVO CONS // VOLVO CONS;VOE14526517 // 65PPE;DESGASTE;VOLVO EC 480D;3-DESGASTE;16,08;0;KG;10800;15;4571088,42;;;;1;;;1;;
2;02-MENOR A PUNTO DE PEDIDO;1002361;ZSTO;SEGURO UÑA BALDE  - 65P;MM01;0026;;V1;34;HB;60;23;0;0;0;0;G04;UÑAS;1369013,52;VOLVO CONS // VOLVO CONS;VOE14524710 // 65P;DESGASTE;VOLVO EC 480D;7-PESADO;0,42;0;KG;57,5;15;1124546,89;;1;;;;;1;;
3;03-MAYOR A PUNTO DE PEDIDO;1002379;ZSTO;DIENTE;MM01;0026;;V1;5;HB;9;8;0;0;0;0;G04;UÑAS;667643,68;ESCO;65SV2RX;DESGASTE;HITACHI ZAXIS 870 LC-5G;3-DESGASTE;27,88;0;KG;11840;70;667643,69;;;;1;;;1;;
3;03-MAYOR A PUNTO DE PEDIDO;1002380;ZSTO;SEGURO DIENTE;MM01;0026;;V1;5;HB;9;8;0;0;0;0;G05;AJUSTE;483210,8;PATRICIO P // ESCO;4169780 // 65SV2PNC;DESGASTE;HITACHI ZAXIS 870 LC-5G;7-PESADO;0,58;0;KG;192;70;483210,81;;;;1;;;1;;
3;03-MAYOR A PUNTO DE PEDIDO;1002381;ZSTO;PROTECTORES LATERALES;MM01;0026;;V1;1;HB;3;3;0;0;0;0;G02;LATERALES;296997,24;CATERPILLA;3295957;DESGASTE;HITACHI ZAXIS 870 LC-5G;3-DESGASTE;33;0;KG;16632;70;296997,23;;;;1;;;1;;
3;03-MAYOR A PUNTO DE PEDIDO;1002383;ZSTO;PROTECTORES DE ESQUINAS RECTOS;MM01;0026;;V1;8;HB;15;14;0;0;0;0;G02;LATERALES;1749587,14;CATERPILLA;1571027;DESGASTE;HITACHI ZAXIS 870 LC-5G;3-DESGASTE;29;0;KG;18468;70;1749587,12;;;;1;;;1;;
3;03-MAYOR A PUNTO DE PEDIDO;1002384;ZSTO;ENTRE DIENTES;MM01;0026;;V1;4;HB;8;6;0;0;0;0;G04;UÑAS;408579,84;ESCO // MILLENNIUM;5131354 // WSC70X2501;DESGASTE;HITACHI ZAXIS 870 LC-5G;3-DESGASTE;21,73;0;KG;7000;20;408579,83;;;;1;;;1;;
4;04-MAYOR A STOCK MAXIMO;1002453;ZSTO;UNAS;MM01;0026;;V1;6;HB;12;18;0;0;0;0;G04;UÑAS;540086,04;CATERPILLA // CATERPILLA;4707975 // 2209132;DESGASTE;CAT 988;3-DESGASTE;18;0;KG;9435;25;540086,1;;;;;1;;1;;
4;04-MAYOR A STOCK MAXIMO;1002454;ZSTO;TRABA DE UNAS;MM01;0026;;V1;6;HB;12;22;0;0;0;0;G05;AJUSTE;128869,18;CATERPILLA;2209130;DESGASTE;CAT 988;7-PESADO;0,32;0;KG;72;25;128869,28;;;;;1;;1;;
3;03-MAYOR A PUNTO DE PEDIDO;1002455;ZSTO;BULONES P SEGMENTO DE CORTE;MM01;0026;;V1;18;HB;32;28;0;0;0;0;G05;AJUSTE;166003,88;CATERPILLA // CATERPILLA;6V6535 // 5P8823;DESGASTE;CAT 988;7-PESADO;0,7;0;KG;1,766;15;166003,86;;;;1;;;1;;
4;04-MAYOR A STOCK MAXIMO;1002456;ZSTO;CUCHILLAS TALON BALDE;MM01;0026;;V1;5;HB;9;18;0;0;0;0;G01;CUCHILLAS;497193,48;CATERPILLA;3456751;DESGASTE;CAT 988;4-CUCHILLAS;27;0;KG;900;15;497193,39;;;;;1;;1;;
4;04-MAYOR A STOCK MAXIMO;1002458;ZSTO;CUCHILLA CENTRAL;MM01;0026;;RE;1;HB;2;4;0;0;0;0;G01;CUCHILLAS;50390,16;CATERPILLA;3150080;DESGASTE;CAT 988H;4-CUCHILLAS;0;0;KG;7063,875;25;50390,14;;;;;1;;1;;
3;03-MAYOR A PUNTO DE PEDIDO;1002461;ZSTO;PORTA UNA;MM01;0026;;V1;2;HB;5;3;0;0;0;0;G04;UÑAS;310565,64;CATERPILLA // CATERPILLA;2642135 // 469-4319;DESGASTE;CAT 988H;3-DESGASTE;37;0;KG;19278;25;310565,65;;;;1;;;1;;
3;03-MAYOR A PUNTO DE PEDIDO;1002462;ZSTO;PORTA UNA;MM01;0026;;V1;2;HB;5;3;0;0;0;0;G04;UÑAS;340128,09;;2642136 // 4694320;DESGASTE;CAT 988H;3-DESGASTE;37;0;KG;22032;15;340128,1;;;;1;;;1;;
2;02-MENOR A PUNTO DE PEDIDO;1002483;ZSTO;FILTRO ACEITE;MM01;0026;;V1;7;HB;14;7;0;0;0;0;F03;FILTRO ACEITE;429764,72;KOMATSU HO // DONALDSON // KOMATSU HO;6002111340 // P559000 // 6002111341;FILTROS;KMS 155AX6, 375D, WA600;7-PESADO;2,07;0;KG;3617,28;30;429764,73;;1;;;;;1;;
2;02-MENOR A PUNTO DE PEDIDO;1002491;ZSTO;FILTRO ACEITE MOTOR;MM01;0026;;V1;1;HB;2;1;0;0;0;0;F03;FILTRO ACEITE;41450,15;CATERPILLA // No aplica;2698325 // 4621171;FILTROS;CAT 938H;7-PESADO;0,61;0;KG;1271,7;25;41450,15;;1;;;;;1;;
3;03-MAYOR A PUNTO DE PEDIDO;1002515;ZSTO;FILTRO ACEITE XUN;MM01;0026;;V1;1;HB;3;2;0;0;0;0;F03;FILTRO ACEITE;58890,62;JOHN DEERE // JOHN DEERE //;RE521420 // DZ101884 // DZ118283;FILTROS;JD 850J;7-PESADO;1,13;0;KG;3724;25;58890,61;;;;1;;;1;;
4;04-MAYOR A STOCK MAXIMO;1002532;ZSTO;FILTRO RESPIRADERO XUN;MM01;0026;;V1;1;HB;2;3;0;0;0;0;F04;FILTRO AIRE;61645,44;JOHN DEERE;AT223493;FILTROS;J.D.544K;9-FRAGIL;0,09;0;KG;302,5;15;61645,44;;;;;1;;1;;
3;03-MAYOR A PUNTO DE PEDIDO;1002541;ZSTO;FILTRO DE LINEA XUN;MM01;0026;;V1;1;HB;2;2;0;0;0;0;F04;FILTRO AIRE;22247,08;JOHN DEERE;AT101565;FILTROS;JOHN DEERE;9-FRAGIL;0,09;0;KG;490;25;22247,08;;;;1;;;1;;
3;03-MAYOR A PUNTO DE PEDIDO;1002543;ZSTO;FILTRO AIRE X UN;MM01;0026;;V1;1;HB;2;2;0;0;0;0;F04;FILTRO AIRE;81909,02;JOHN DEERE;AT191102;FILTROS;CABINA J.D. 544K;9-FRAGIL;0,321;0;KG;3536;15;81909,02;;;;1;;;1;;
3;03-MAYOR A PUNTO DE PEDIDO;1002544;ZSTO;FILTRO TRAMPA AGUA;MM01;0026;;V1;1;HB;2;2;0;0;0;0;F13;FILTRO TRAMPA DE A;168791,34;PARKER RAC // PARKER RAC;2R000127177J // R120LJ10MAQII;FILTROS;VW31-3;7-PESADO;0,892;0;KG;2042,178;25;168791,33;;;;1;;;1;;
3;03-MAYOR A PUNTO DE PEDIDO;1002546;ZSTO;FILTRO HIDRAULICO;MM01;0026;;V1;1;HB;2;2;0;0;0;0;F04;FILTRO AIRE;191236,72;JOHN DEERE //;AT308274 // AT367840;FILTROS;FILTROS;7-PESADO;2,77;0;KG;5915;25;191236,7;;;;1;;;1;;
2;02-MENOR A PUNTO DE PEDIDO;1002564;ZSTO;FILTRO AIRE DE CABINA;MM01;0026;;V1;4;HB;8;4;0;0;0;0;C29;FILTROS/RESPUESTOS;362078,96;CATERPILLA;2112660;FILTROS;CAT 416E;9-FRAGIL;0,453;0;KG;4826,25;15;362078,94;;1;;;;;1;;
3;03-MAYOR A PUNTO DE PEDIDO;1002566;ZSTO;FILTRO LINEA COMBUSTIBLE;MM01;0026;;V1;1;HB;3;3;0;0;0;0;F07;FILTRO FLUIDO HIDR;32105,07;FLEETGUARD // FLEETGUARD // FLEETGUARD // DONALDSON // // FLEETGUARD;FF5079 // FF5006 // FS5288 // P550090 // P550974 // 4080720;FILTROS;FILTROS;9-FRAGIL;0,118;0;KG;432;25;32105,07;;;;1;;;1;;
3;03-MAYOR A PUNTO DE PEDIDO;1002591;ZSTO;FILTRO DE COMBUSTIBLE PRINCIPAL XU;MM01;0026;;V1;1;HB;2;2;0;0;0;0;F06;FILTRO COMBUSTIBLE;95425,7;KOMATSU HO // // // // KOMATSU HO;6754716130 // 6754716140 // FF5614 // P550881 // WK950/21 // 6754796140;FILTROS;PC350LC8;7-PESADO;0,72;0;KG;1334,5;25;95425,7;;;;1;;;1;;
4;04-MAYOR A STOCK MAXIMO;1002606;ZSTO;FILTRO COMBUSTIBLE X UN;MM01;0026;;V1;1;HB;3;4;0;0;0;0;F06;FILTRO COMBUSTIBLE;179808,12;JOHN DEERE;AT365869;FILTROS;JD 850J;7-PESADO;0,96;0;KG;2975,625;25;179808,12;;;;;1;;1;;
4;04-MAYOR A STOCK MAXIMO;1002610;ZSTO;FILTRO AIRE SECUNDARIO;MM01;0026;;V1;1;HB;3;4;0;0;0;0;F04;FILTRO AIRE;247103,48;JOHN DEERE;AT175224;FILTROS;JD 850J;9-FRAGIL;0,92;0;KG;21200;25;247103,47;;;;;1;;1;;
3;03-MAYOR A PUNTO DE PEDIDO;1002611;ZSTO;FILTRO CABINA;MM01;0026;;V1;1;HB;3;3;0;0;0;0;F05;FILTRO AIRE CABINA;298940,31;CATERPILLA;7T7358;FILTROS;CAT 140K;9-FRAGIL;1,26;0;KG;9800;25;298940,31;;;;1;;;1;;
3;03-MAYOR A PUNTO DE PEDIDO;1002620;ZSTO;FILTRO LINEA XUN;MM01;0026;;V1;1;HB;2;2;0;0;0;0;F07;FILTRO FLUIDO HIDR;14412,9;GOLD FILTE // DONALDSON;6511393 // P550094;FILTROS;BOBCAT S185;9-FRAGIL;0,03;0;KG;310,86;25;14412,9;;;;1;;;1;;
3;03-MAYOR A PUNTO DE PEDIDO;1002624;ZSTO;FILTRO GASOIL;MM01;0026;;V1;1;HB;2;2;0;0;0;0;F06;FILTRO COMBUSTIBLE;96386,56;ATLAS COPC // FLEETGUARD // DONALDSON // No aplica // No aplica;2657828816 // FS19732 // P550848 // 219659 // 9414101756;FILTROS;GROVE RT540E;7-PESADO;0,8;0;KG;1648,5;20;96386,56;;;;1;;;1;;
3;03-MAYOR A PUNTO DE PEDIDO;1002628;ZSTO;FILTRO AIRE CABINA XUN;MM01;0026;;V1;1;HB;2;2;0;0;0;0;F05;FILTRO AIRE CABINA;46616,46;JOHN DEERE;AT307501;FILTROS;JD 544K;9-FRAGIL;0,31;0;KG;4137,25;20;46616,46;;;;1;;;1;;
2;02-MENOR A PUNTO DE PEDIDO;1002629;ZSTO;FILTRO ACEITE GROVE 540E;MM01;0026;;V1;1;HB;2;1;0;0;0;0;F03;FILTRO ACEITE;21667,31;MANITOWOK // FLEETGUARD // DONALDSON // No aplica;9414101679 // LF3970 // P550428 // 3937736;FILTROS;GROVE RT540E;8-VARIOS;0,56;0;KG;1080,945;15;21667,31;;1;;;;;1;;
3;03-MAYOR A PUNTO DE PEDIDO;1002639;ZSTO;FILTRO DEPOSITO DIRECCION HIDRAULICA;MM01;0026;;V1;1;HB;2;2;0;0;0;0;F07;FILTRO FLUIDO HIDR;1948,1;CNH INDUST // DONALDSON // No aplica // No aplica;1902137 // P550309 // T1100145397 // V600;FILTROS;VOLVO 330 // VW26310/IVECO/26280-19360;9-FRAGIL;0,149;0;KG;464,75;15;1948,09;;;;1;;;1;;
3;03-MAYOR A PUNTO DE PEDIDO;1002682;ZSTO;FILTRO ACEITE MOTOR XUN;MM01;0026;;V1;2;HB;5;5;0;0;0;0;F03;FILTRO ACEITE;86358,2;CNH INDUST;2992544;FILTROS;IVECO;7-PESADO;1,402;0;KG;3269,808;15;86358,21;;;;1;;;1;;
3;03-MAYOR A PUNTO DE PEDIDO;1002683;ZSTO;FILTRO AIRE;MM01;0026;;V1;1;HB;3;3;0;0;0;0;F04;FILTRO AIRE;48844,11;CNH INDUST // No aplica;2996157 // 50058317;FILTROS;FILTROS;9-FRAGIL;1,62;0;KG;24300;15;48844,1;;;;1;;;1;;
3;03-MAYOR A PUNTO DE PEDIDO;1002685;ZSTO;ARE ACONDICIONADO CABINA;MM01;0026;;V1;1;HB;2;2;0;0;0;0;F10;FILTRO HVAC;84890,84;VOLKSWAGEN // // No aplica // DONALDSON //;2R2819429 // MAH312 // MP5582 // P750019 // TAC5427;FILTROS;VW 31-320-19360;9-FRAGIL;0,13;0;KG;2668;15;84890,83;;;;1;;;1;;
3;03-MAYOR A PUNTO DE PEDIDO;1002686;ZSTO;FILTRO TRAMPA AGUA;MM01;0026;;V1;6;HB;12;11;0;0;0;0;F13;FILTRO TRAMPA DE A;988017,8;KOMATSU HO // DONALDSON // DONALDSON // KOMATSU HO;6003194540 // P550937 // P553200 // 6003114510;FILTROS;D155, WA60;7-PESADO;1,2;0;KG;3316,625;15;988017,84;;;;1;;;1;;
3;03-MAYOR A PUNTO DE PEDIDO;1002697;ZSTO;FILTROAIRE CABINA;MM01;0026;;V1;1;HB;2;2;0;0;0;0;F05;FILTRO AIRE CABINA;9965,3;CNH INDUST // MANN // LEVAS BOSC;2995966 // CU4466 // 500387947;FILTROS;TRAKKER/STRA;9-FRAGIL;0,188;0;KG;2126,25;15;9965,29;;;;1;;;1;;
3;03-MAYOR A PUNTO DE PEDIDO;1002706;ZSTO;FILTRO COMBUSTIBLE XUN;MM01;0026;;V1;2;HB;5;5;0;0;0;0;F06;FILTRO COMBUSTIBLE;107923,4;CATERPILLA // // //;1R0762 // FF5624 // P550625 // SN 55429;FILTROS;CAT 980H, CAT 336 DLME,988H;7-PESADO;0,9;0;KG;1912,849;15;107923,39;;;;1;;;1;;
2;02-MENOR A PUNTO DE PEDIDO;1002708;ZSTO;FILTRO AIRE X UN;MM01;0026;;V1;1;HB;3;1;0;0;0;0;F04;FILTRO AIRE;26889,41;VOLKSWAGEN // VOLKSWAGEN // VOLKSWAGEN // // // FLEETGUARD;2S0129620B // CA-5626 // FLI6120 // P618941 // S3003 // AF2599700;FILTROS;VW;9-FRAGIL;2,544;0;KG;32928;15;26889,41;;1;;;;;1;;
2;02-MENOR A PUNTO DE PEDIDO;1002709;ZSTO;CARTUCHO PARA FILTRO AIRE;MM01;0026;;V1;1;HB;3;1;0;0;0;0;F01;CARTUCHO;20775,73;VOLKSWAGEN // // // MONZA // FLEETGUARD;2S0129620CA // AB3406 // CA5626 // FLI9141 // AF26211;FILTROS;WV;9-FRAGIL;0,687;0;KG;11008;15;20775,73;;1;;;;;1;;
4;04-MAYOR A STOCK MAXIMO;1002713;ZSTO;FILTRO AIRE ANTERIOR;MM01;0026;;V1;1;HB;2;3;0;0;0;0;F04;FILTRO AIRE;172960,05;CNH INDUST // // CNH INDUST;2992261 // Z8250 // 5803208328;FILTROS;VOLVO 330;7-PESADO;2,4;0;KG;2461,76;15;172960,05;;;;;1;;1;;
4;04-MAYOR A STOCK MAXIMO;1002714;ZSTO;FILTRO COMBUSTIBLE XUN;MM01;0026;;V1;1;HB;2;3;0;0;0;0;F06;FILTRO COMBUSTIBLE;34500,21;CNH // // // CNH INDUST;2994048 // P763995 // TBC404 // 2994048;FILTROS;FILTROS;7-PESADO;0,866;0;KG;1815;15;34500,22;;;;;1;;1;;
4;04-MAYOR A STOCK MAXIMO;1002715;ZSTO;ELEMENTO FILTRO AIRE;MM01;0026;;V1;1;HB;2;3;0;0;0;0;F04;FILTRO AIRE;23006,34;CNH INDUST // DONALDSON // No aplica;2996155 // P787157 // 41272211;FILTROS;FILTRO IVECO;6-PESADO Y FRAGIL;5,4;0;KG;55551,375;15;23006,35;;;;;1;;1;;
4;04-MAYOR A STOCK MAXIMO;1002716;ZSTO;FILTRO TRAMPA AGUA;MM01;0026;;V1;1;HB;2;3;0;0;0;0;F13;FILTRO TRAMPA DE A;27877,17;CNH INDUST // CNH INDUST;7147701 // 503103529;FILTROS;STRALIS/TRAKKER // VOLVO 330;7-PESADO;0,78;0;KG;2057;15;27877,18;;;;;1;;1;;
3;03-MAYOR A PUNTO DE PEDIDO;1002717;ZSTO;FILTRO BLOW BY;MM01;0026;;V1;1;HB;2;2;0;0;0;0;F14;GENERICOS FILTROS;46106,48;CNH // CNH // CNH;504209107 // 500086393 // 504153481;FILTROS;IVECO TRAKKER T380;9-FRAGIL;0,29;0;KG;1092;15;46106,48;;;;1;;;1;;
3;03-MAYOR A PUNTO DE PEDIDO;1002722;ZSTO;FILTRO COMBUSTIBLE;MM01;0026;;V1;4;HB;8;8;0;0;0;0;F06;FILTRO COMBUSTIBLE;466384,96;CATERPILLA //;1R0749 // P551311;FILTROS;CAT;7-PESADO;0,91;0;KG;1842,003;20;466384,97;;;;1;;;1;;
3;03-MAYOR A PUNTO DE PEDIDO;1002732;ZSTO;FILTRO DE AIRE DE CABINA;MM01;0026;;V1;1;HB;3;2;0;0;0;0;F05;FILTRO AIRE CABINA;12028;CATERPILLA;2314486;FILTROS;CAT;9-FRAGIL;0,017;0;KG;560;25;12028;;;;1;;;1;;
3;03-MAYOR A PUNTO DE PEDIDO;1002733;ZSTO;FILTRO AIRE CABINA XUN;MM01;0026;;V1;3;HB;6;6;0;0;0;0;F05;FILTRO AIRE CABINA;230597,22;CATERPILLA // CATERPILLA;2321732 // 2314487;FILTROS;CAT;9-FRAGIL;0,85;0;KG;6360;25;230597,23;;;;1;;;1;;
3;03-MAYOR A PUNTO DE PEDIDO;1002734;ZSTO;FILTRO AIRE SECUNDARIO;MM01;0026;;V1;2;HB;5;4;0;0;0;0;F04;FILTRO AIRE;347859,8;CATERPILLA // DONALDSON;2456376 // P782108;FILTROS;CAT 140K;9-FRAGIL;0,6;0;KG;14592;25;347859,8;;;;1;;;1;;
3;03-MAYOR A PUNTO DE PEDIDO;1002735;ZSTO;FILTRO AIRE PRIMARIO XUN;MM01;0026;;V1;2;HB;5;4;0;0;0;0;F04;FILTRO AIRE;519510,64;CATERPILLA // DONALDSON;2456375 // P782105;FILTROS;CAT;9-FRAGIL;2,9;0;KG;32805;25;519510,64;;;;1;;;1;;
3;03-MAYOR A PUNTO DE PEDIDO;1002736;ZSTO;FILTRO TANQUE HIDRAULICO XUN;MM01;0026;;V1;1;HB;2;2;0;0;0;0;F07;FILTRO FLUIDO HIDR;61240,32;CATERPILLA;1R0774;FILTROS;CAT 416E // 140K;7-PESADO;0,64;0;KG;5488;20;61240,32;;;;1;;;1;;
3;03-MAYOR A PUNTO DE PEDIDO;1002738;ZSTO;Filtro Aceite Motor;MM01;0026;;V1;1;HB;2;2;0;0;0;0;F03;FILTRO ACEITE;17039,64;FLEETGUARD // DONALDSON;LF3345 // P558616;FILTROS;ONAN 40DGCA;7-PESADO;0,46;0;KG;956,424;15;17039,64;;;;1;;;1;;
4;04-MAYOR A STOCK MAXIMO;1002741;ZSTO;FILTRO HIDRAULICO;MM01;0026;;V1;2;HB;5;11;0;0;0;0;F07;FILTRO FLUIDO HIDR;839299,01;CATERPILLA // CATERPILLA;1261813 // 4I-3948;FILTROS;CAT 330;7-PESADO;0,71;0;KG;1700;25;839299;;;;;1;;1;;
2;02-MENOR A PUNTO DE PEDIDO;1002742;ZSTO;FILTRO ACEITE XUN;MM01;0026;;V1;25;HB;44;21;0;0;0;0;F03;FILTRO ACEITE;2076434,02;CATERPILLA // CATERPILLA // CATERPILLA;1R1808 // 1R0716 // 1R1808;FILTROS;CAT 755G;7-PESADO;1,68;0;KG;4291,988;25;1895874,53;;1;;;;;1;;
3;03-MAYOR A PUNTO DE PEDIDO;1002771;ZSTO;FILTRO DE ACEITE;MM01;0026;;V1;2;HB;5;3;0;0;0;0;F03;FILTRO ACEITE;131493,36;CATERPILLA;1R1807;FILTROS;CAT;7-PESADO;0,98;0;KG;2469,61;25;131493,35;;;;1;;;1;;
2;02-MENOR A PUNTO DE PEDIDO;1002773;ZSTO;FILTRO AIRE WA600;MM01;0026;;V1;5;HB;9;4;0;0;0;0;F04;FILTRO AIRE;583804,2;KOMATSU HO // // // // DONALDSON //;6001856100 // AF25627 + AF25468 // KA160164 // P608885 + P777869 // P777869+P777868 KIT // X770806;FILTROS;155AX6,PC350LC8,375;8-VARIOS;4,99;0;KG;58368;25;583804,2;;1;;;;;1;;
4;04-MAYOR A STOCK MAXIMO;1002798;ZSTO;FILTRO AC. TRANSM-DI;MM01;0026;;V1;1;HB;2;13;0;0;0;0;F03;FILTRO ACEITE;309112,44;CATERPILLA // CATERPILLA // CATERPILLA;1G8878 // 3416643 // 9T5916;FILTROS;CAT 938GII, 938H, 988H;7-PESADO;1,12;0;KG;1884;15;309112,44;;;;;1;;1;;
3;03-MAYOR A PUNTO DE PEDIDO;1002811;ZSTO;FILTRO TRAMPA DE AGUA;MM01;0026;;V1;1;HB;2;2;0;0;0;0;F13;FILTRO TRAMPA DE A;13933,58;PARKER RAC;2R0127177;FILTROS;FILTROS;7-PESADO;0,68;0;KG;1800;30;13933,58;;;;1;;;1;;
3;03-MAYOR A PUNTO DE PEDIDO;1002819;ZSTO;FILTRO CABINA FIAT STRALIS 420;MM01;0026;;V1;1;HB;3;3;0;0;0;0;F05;FILTRO AIRE CABINA;209643,75;CNH //;2995964 // CU4594;FILTROS;STRALIS;9-FRAGIL;0,21;0;KG;4800;25;209643,75;;;;1;;;1;;
3;03-MAYOR A PUNTO DE PEDIDO;1002832;ZSTO;FILTRO COMBUSTIBLE;MM01;0026;;V1;1;HB;2;2;0;0;0;0;F06;FILTRO COMBUSTIBLE;28372,78;FLEETGUARD // // FLEETGUARD // DONALDSON // MANN;2RK127177A // DB0519 // FF5052 // P553004 // WK723;FILTROS;VW 26260 - ONAN;7-PESADO;0,393;0;KG;704;15;28372,78;;;;1;;;1;;
3;03-MAYOR A PUNTO DE PEDIDO;1002836;ZSTO;FILTRO AIRE XUN;MM01;0026;;V1;1;HB;3;3;0;0;0;0;F04;FILTRO AIRE;166938,96;TOYOTA ARG;178010C01000;FILTROS;HILUX 3.00;9-FRAGIL;0,715;0;KG;7153,313;15;166938,95;;;;1;;;1;;
4;04-MAYOR A STOCK MAXIMO;1002837;ZSTO;FILTRO COMBUSTIBLE;MM01;0026;;V1;1;HB;3;4;0;0;0;0;F06;FILTRO COMBUSTIBLE;230697,08;TOYOTA ARG // TOYOTA ARG;233900L04100 // 233920L0100;FILTROS;PARA HILUX 3.00;9-FRAGIL;0,129;0;KG;729;15;230697,08;;;;;1;;1;;
3;03-MAYOR A PUNTO DE PEDIDO;1002838;ZSTO;FILTRO ACEITE;MM01;0026;;V1;2;HB;5;3;0;0;0;0;F03;FILTRO ACEITE;39896,31;TOYOTA ARG // TOYOTA ARG;909152000300 // 90915YZZD2;FILTROS;PARA HILUX;8-VARIOS;0,27;0;KG;576;15;39896,3;;;;1;;;1;;
3;03-MAYOR A PUNTO DE PEDIDO;1002850;ZSTO;FILTRO AIRE 1 CAT. D8;MM01;0026;;V1;1;HB;2;2;0;0;0;0;F04;FILTRO AIRE;392563,34;CATERPILLA;6I2505;FILTROS;FILTROS;9-FRAGIL;3,24;0;KG;44649;25;392563,34;;;;1;;;1;;
3;03-MAYOR A PUNTO DE PEDIDO;1002851;ZSTO;FILTRO AIRE 2 CAT. D8;MM01;0026;;V1;1;HB;2;2;0;0;0;0;F04;FILTRO AIRE;391079,16;CATERPILLA;6I2506;FILTROS;FILTROS;9-FRAGIL;1,5;0;KG;24600;25;391079,15;;;;1;;;1;;
3;03-MAYOR A PUNTO DE PEDIDO;1002852;ZSTO;FILTRO TRANSMISION XUN;MM01;0026;;V1;1;HB;2;2;0;0;0;0;F03;FILTRO ACEITE;94192,7;CATERPILLA // CATERPILLA;3283655 // 1R1809;FILTROS;CAT D6T, 980H;7-PESADO;1,28;0;KG;4901;25;94192,69;;;;1;;;1;;
3;03-MAYOR A PUNTO DE PEDIDO;1002853;ZSTO;FILTRO HIDRAULICO;MM01;0026;;V1;1;HB;2;2;0;0;0;0;F07;FILTRO FLUIDO HIDR;151947,98;CATERPILLA // DONALDSON;1R0777 // P550523;FILTROS;CAT D6T;7-PESADO;0,47;0;KG;3724;15;151947,98;;;;1;;;1;;
3;03-MAYOR A PUNTO DE PEDIDO;1002860;ZSTO;FILTRO AIRE CABINA;MM01;0026;;V1;1;HB;2;2;0;0;0;0;F05;FILTRO AIRE CABINA;102747,22;CATERPILLA;2098217;FILTROS;CAT D8;9-FRAGIL;0,51;0;KG;5950;15;102747,22;;;;1;;;1;;
2;02-MENOR A PUNTO DE PEDIDO;1002870;ZSTO;FILTRO ACEITE UNID. COMPRES.;MM01;0026;;V1;1;HB;2;1;0;0;0;0;F03;FILTRO ACEITE;25676,11;ATLAS COPC // DONALDSON // DONALDSON // ATLAS COPC // No aplica;1613610500 // P550230 // P763577 // 1613610590 // 9728059401;FILTROS;FILTROS;8-VARIOS;0,89;0;KG;2200;15;25676,11;;1;;;;;1;;
3;03-MAYOR A PUNTO DE PEDIDO;1002895;ZSTO;FILTRO AIRE CABINA;MM01;0026;;V1;1;HB;2;2;0;0;0;0;F05;FILTRO AIRE CABINA;94151,74;CATERPILLA;7X6041;FILTROS;CAT 815 F-2, D8, 980H;9-FRAGIL;1,06;0;KG;5775;15;94151,74;;;;1;;;1;;
3;03-MAYOR A PUNTO DE PEDIDO;1002902;ZSTO;FILTRO HABITACULO XUN;MM01;0026;;V1;1;HB;3;3;0;0;0;0;F05;FILTRO AIRE CABINA;103774,65;TOYOTA ARG;871390K010;FILTROS;HILUX;9-FRAGIL;0,078;0;KG;1414,5;15;103774,65;;;;1;;;1;;
3;03-MAYOR A PUNTO DE PEDIDO;1002903;ZSTO;FILTRO DE AIRE;MM01;0026;;V1;1;HB;3;3;0;0;0;0;F04;FILTRO AIRE;298303,8;CATERPILLA;6I2510;FILTROS;CAT 980H;8-VARIOS;1,685;0;KG;24806,25;15;298303,8;;;;1;;;1;;
4;04-MAYOR A STOCK MAXIMO;1002904;ZSTO;FILTRO HIDRAULICO CAT XUN;MM01;0026;;V1;3;HB;6;20;0;0;0;0;F07;FILTRO FLUIDO HIDR;3872831,4;CATERPILLA // CATERPILLA;1261818 // 4656506;FILTROS;CAT 980H, 775G;7-PESADO;1,69;0;KG;3278,16;15;3872831,48;;;;;1;;1;;
3;03-MAYOR A PUNTO DE PEDIDO;1002909;ZSTO;FILTRO TR. AGUA CAT 988H;MM01;0026;;V1;13;HB;24;18;0;0;0;0;F13;FILTRO TRAMPA DE A;1960156,85;CATERPILLA // CATERPILLA;3261643 // 1R0771;FILTROS;CAT 988H,390,988K,336;7-PESADO;0,89;0;KG;2279,64;15;1856990,7;;;;1;;;1;;
4;04-MAYOR A STOCK MAXIMO;1002922;ZSTO;FILTRO ACEITE TRANSMISIÓN DIFERENCIAL;MM01;0026;;V1;1;HB;2;3;0;0;0;0;F03;FILTRO ACEITE;346480,14;JOHN DEERE;AT335492;FILTROS;JD 644K, 544K;7-PESADO;2,59;0;KG;5915;30;346480,15;;;;;1;;1;;
2;02-MENOR A PUNTO DE PEDIDO;1002931;ZSTO;FILTRO ACEITE;MM01;0026;;V1;24;HB;42;20;0;0;0;0;F03;FILTRO ACEITE;794731,8;VOLVO CONS // VOLVO MAQU // FLEETGUARD // VOLVO CONS // VOLVO CONS;P21707133 // 17533660 // LF667 // VOE478736 // 23658092;FILTROS;VOLVO 330 // VOLVO L260H;7-PESADO;1,215;0;KG;2469,61;20;794731,83;;1;;;;;1;;
3;03-MAYOR A PUNTO DE PEDIDO;1002932;ZSTO;FILTRO ACEITE;MM01;0026;;V1;13;HB;24;15;0;0;0;0;F03;FILTRO ACEITE;629520;VOLVO CONS // VOLVO CONS;P21707132 // VOE477556;FILTROS;VOLVO L260H;7-PESADO;1,152;0;KG;2699,223;20;629520,03;;;;1;;;1;;
3;03-MAYOR A PUNTO DE PEDIDO;1002934;ZSTO;FILTRO PRIMARIO COMBUSTIBLE;MM01;0026;;V1;8;HB;15;9;0;0;0;0;F06;FILTRO COMBUSTIBLE;817128,45;VOLVO CONS;VOE11110683;FILTROS;EC 480D - L220G - PL 3005D;7-PESADO;0,94;0;KG;2089,67;20;817128,44;;;;1;;;1;;
2;02-MENOR A PUNTO DE PEDIDO;1002935;ZSTO;FILTRO AIRE COMBUSTIBLE;MM01;0026;;V1;10;HB;18;6;0;0;0;0;F04;FILTRO AIRE;211638,12;VOLVO CONS // DONALDSON;VOE11172907 // P528708;FILTROS;EC 480D - L220G - PL 3005D;8-VARIOS;0,24;0;KG;810;20;211638,11;;1;;;;;1;;
2;02-MENOR A PUNTO DE PEDIDO;1002936;ZSTO;FILTRO AIRE CABINA;MM01;0026;;V1;6;HB;12;5;0;0;0;0;F05;FILTRO AIRE CABINA;273422,55;VOLVO CONS // No aplica;VOE11703979 // 150522786;FILTROS;VOLVO EC 480D;9-FRAGIL;0,4;0;KG;3510;20;273422,54;;1;;;;;1;;
3;03-MAYOR A PUNTO DE PEDIDO;1002937;ZSTO;FILTRO AIRE ACONDICIONADO CABINA EX;MM01;0026;;V1;2;HB;5;4;0;0;0;0;F10;FILTRO HVAC;328274,88;VOLVO CONS // VOLVO CONS;VOE14689735 // 14506997;FILTROS;VOLVO EC 480D - PL 3005D;9-FRAGIL;0,52;0;KG;5208;20;328274,87;;;;1;;;1;;
4;04-MAYOR A STOCK MAXIMO;1002938;ZSTO;FILTRO HIDRAULICO RETORNO;MM01;0026;;V1;1;HB;2;3;0;0;0;0;F07;FILTRO FLUIDO HIDR;739113,36;VOLVO CONS //;VOE14569658 // 14690316;FILTROS;VOLVO EC 480D;7-PESADO;3,86;0;KG;16967;20;739113,36;;;;;1;;1;;
4;04-MAYOR A STOCK MAXIMO;1002940;ZSTO;FILTRO HIDRAULICO RESPIRADERO;MM01;0026;;V1;1;HB;2;3;0;0;0;0;F07;FILTRO FLUIDO HIDR;95239,86;VOLVO CONS;SA823002830;FILTROS;VOLVO EC 480D;8-VARIOS;0,07;0;KG;256;20;95239,86;;;;;1;;1;;
4;04-MAYOR A STOCK MAXIMO;1002941;ZSTO;FILTRO HIDRAULICO SERVOSISTEMA VOLVO;MM01;0026;;V1;1;HB;2;4;0;0;0;0;F07;FILTRO FLUIDO HIDR;43913,2;VOLVO CONS;VOE14532688;FILTROS;VOLVO EC 480D;7-PESADO;1,51;0;KG;5202;20;43913,21;;;;;1;;1;;
3;03-MAYOR A PUNTO DE PEDIDO;1002949;ZSTO;FILTRO COMBUSTIBLE;MM01;0026;;V1;3;HB;6;6;0;0;0;0;F06;FILTRO COMBUSTIBLE;707526,24;KOMATSU HO // FLEETGUARD // KOMATSU HO // KOMATSU HO;6003113841 // FF63040NN // FF63040NN // 6003193841;FILTROS;KMS 155AX6;7-PESADO;2,08;0;KG;5880;20;707526,23;;;;1;;;1;;
3;03-MAYOR A PUNTO DE PEDIDO;1002951;ZSTO;FILTRO DE COMBUSTIBLE ALTERNATIVO;MM01;0026;;V1;3;HB;6;4;0;0;0;0;F06;FILTRO COMBUSTIBLE;60437,8;DONALDSON // FLEETGUARD // DONALDSON;P550345 // FF5040 // P555095;FILTROS;TORRE WACKER;8-VARIOS;0,3;0;KG;401,92;20;48350,27;;;;1;;;1;;
2;02-MENOR A PUNTO DE PEDIDO;1002954;ZSTO;FILTRO ACEITE ORIGINAL;MM01;0026;;V1;2;HB;5;1;0;0;0;0;F03;FILTRO ACEITE;104912,98;KOHLER;WAN5000155736;FILTROS;TORRE WACKER;8-VARIOS;0,3;0;KG;567;15;52456,49;;1;;;;;1;;
2;02-MENOR A PUNTO DE PEDIDO;1002955;ZSTO;FILTRO AIRE WEGA ALTER;MM01;0026;;V1;2;HB;5;1;0;0;0;0;F04;FILTRO AIRE;25166,74;MANN // MANN // WEGA //;FA134S // C2420 // JFA134 // WA48095;FILTROS;TORRE DE ILUMINACION;9-FRAGIL;0,2;0;KG;1440;15;12583,36;;1;;;;;1;;
3;03-MAYOR A PUNTO DE PEDIDO;1002957;ZSTO;FILTRO DE FRENO;MM01;0026;;V1;6;HB;12;10;0;0;0;0;F08;FILTRO LIQUI FRENO;1372388,71;CATERPILLA;2933645;FILTROS;CAT 775G;8-VARIOS;0,55;0;KG;3483;15;1966891,18;;;;1;;;1;;
3;03-MAYOR A PUNTO DE PEDIDO;1002965;ZSTO;FILTRO AIRE ACONDICIONADO;MM01;0026;;V1;5;HB;9;8;0;0;0;0;F10;FILTRO HVAC;271692,8;KOMATSU HO // KOMATSU HO // // FLEETGUARD;4260732441 // 4260732442 // P606063 // AF55727;FILTROS;WA600;8-VARIOS;0,58;0;KG;3614,625;15;271692,83;;;;1;;;1;;
3;03-MAYOR A PUNTO DE PEDIDO;1002970;ZSTO;FILTRO DE AIRE SECUNDARIO;MM01;0026;;V1;1;HB;2;2;0;0;0;0;F04;FILTRO AIRE;377245,74;CATERPILLA;1063973;FILTROS;CAT 988;8-VARIOS;2,039;0;KG;28211,75;25;377245,74;;;;1;;;1;;
4;04-MAYOR A STOCK MAXIMO;1002971;ZSTO;FILTRO DE TRANSMISION CAT;MM01;0026;;V1;4;HB;8;12;0;0;0;0;F03;FILTRO ACEITE;2181198,6;CATERPILLA //;3375270 // 5715253;FILTROS;CAT D8,D9,336,775,390,988;8-VARIOS;0,68;0;KG;5070;25;2181198,62;;;;;1;;1;;
3;03-MAYOR A PUNTO DE PEDIDO;1002972;ZSTO;FILT MOT VENT;MM01;0026;;V1;3;HB;6;6;0;0;0;0;F04;FILTRO AIRE;1000959,3;CATERPILLA;2226713;FILTROS;CAT 988;7-PESADO;1,18;0;KG;2600;15;1000959,32;;;;1;;;1;;
3;03-MAYOR A PUNTO DE PEDIDO;1002973;ZSTO;FILTRO A A CABINA EXTERIOR;MM01;0026;;V1;1;HB;2;2;0;0;0;0;F10;FILTRO HVAC;89783,4;CATERPILLA;1127448;FILTROS;CAT 988;9-FRAGIL;0,52;0;KG;7168;25;89783,4;;;;1;;;1;;
4;04-MAYOR A STOCK MAXIMO;1002974;ZSTO;RESPIRADERO TANQUE HIDRAULICO;MM01;0026;;V1;2;HB;5;12;0;0;0;0;F07;FILTRO FLUIDO HIDR;538277,16;CATERPILLA;2942090;FILTROS;CAT 775G;8-VARIOS;0,265;0;KG;2400;25;538277,15;;;;;1;;1;;
2;02-MENOR A PUNTO DE PEDIDO;1002975;ZSTO;FILTRO DE AIRE SECUNDARIO CSA;MM01;0026;;V1;19;HB;35;16;0;0;0;0;F04;FILTRO AIRE;2077988,94;CATERPILLA;3318111;FILTROS;CAT 775G;8-VARIOS;1,01;0;KG;17918;25;1847101,35;;1;;;;;1;;
3;03-MAYOR A PUNTO DE PEDIDO;1002976;ZSTO;FILTRO DE AIRE PRIMARIO;MM01;0026;;V1;1;HB;2;2;0;0;0;0;F04;FILTRO AIRE;374814,38;CATERPILLA;1063969;FILTROS;CAT 988;6-PESADO Y FRAGIL;4,78;0;KG;65712;25;374814,38;;;;1;;;1;;
2;02-MENOR A PUNTO DE PEDIDO;1002977;ZSTO;FILTRO DE AIRE;MM01;0026;;V1;19;HB;35;19;0;0;0;0;F04;FILTRO AIRE;6767507,04;CATERPILLA // CATERPILLA // CATERPILLA;3962122 // 577-1440 / 518-1710 // 5771436;FILTROS;CAT 775G;8-VARIOS;4,53;0;KG;6000;25;6122982,58;;1;;;;;1;;
4;04-MAYOR A STOCK MAXIMO;1002978;ZSTO;RESPIRADERO DE TRANSMISION CSA;MM01;0026;;V1;2;HB;5;11;0;0;0;0;F04;FILTRO AIRE;374899,5;CATERPILLA;9C4937;FILTROS;CAT 775G;8-VARIOS;0,265;0;KG;850,5;25;434453,08;;;;;1;;1;;
4;04-MAYOR A STOCK MAXIMO;1002980;ZSTO;FILTRO DE COMBUSTIBLE SECUNDARIO CSA;MM01;0026;;V1;26;HB;47;58;0;0;0;0;F06;FILTRO COMBUSTIBLE;5567655,6;CATERPILLA;1R0755;FILTROS;CAT 775G, 390 DL;7-PESADO;1,86;0;KG;4692,73;15;5382066,81;;;;;1;;1;;
3;03-MAYOR A PUNTO DE PEDIDO;1002981;ZSTO;FILTRO RESPIRADERO TAPA COMBUSTIBLE CSA;MM01;0026;;V1;3;HB;5;5;0;0;0;0;F06;FILTRO COMBUSTIBLE;0;CATERPILLA;3507735;FILTROS;CAT 988K, 775G;8-VARIOS;0,08;0;KG;192;25;547055,69;;;;1;;;1;;
3;03-MAYOR A PUNTO DE PEDIDO;1002989;ZSTO;FILTRO A A CABINA EXTERIOR;MM01;0026;;V1;1;HB;2;2;0;0;0;0;F10;FILTRO HVAC;23435,58;CATERPILLA;2310167;FILTROS;988K;9-FRAGIL;0,79;0;KG;8160;25;23435,58;;;;1;;;1;;
3;03-MAYOR A PUNTO DE PEDIDO;1003026;ZSTO;FILTRO SEPARADOR DE AGUA;MM01;0026;;V1;1;HB;3;2;0;0;0;0;F13;FILTRO TRAMPA DE A;44497,52;FLEETGUARD // FLEETGUARD // DONALDSON;FS19652 // FS1280 // P551329;FILTROS;ONAN C66D5;7-PESADO;0,65;0;KG;1256;15;44497,51;;;;1;;;1;;
2;02-MENOR A PUNTO DE PEDIDO;1003045;ZSTO;FILTRO PRIMARIO;MM01;0026;;V1;6;HB;12;3;0;0;0;0;F04;FILTRO AIRE;250001,43;VOLVO CONS;VOE11033998;FILTROS;CARGADORA VOLVO L220G;9-FRAGIL;4,17;0;KG;60928;20;250001,42;;1;;;;;1;;
2;02-MENOR A PUNTO DE PEDIDO;1003046;ZSTO;FILTRO AIRE SECUNDARIO;MM01;0026;;V1;6;HB;12;3;0;0;0;0;F04;FILTRO AIRE;173845,68;VOLVO CONS;VOE11033999;FILTROS;CARGADORA VOLVO L220G;9-FRAGIL;1,38;0;KG;20938;20;173845,67;;1;;;;;1;;
2;02-MENOR A PUNTO DE PEDIDO;1003057;ZSTO;ELEMENTO FILTRO DE AIRE PRIMARIO;MM01;0026;;V1;1;HB;3;1;0;0;0;0;F04;FILTRO AIRE;140122,19;JOHN DEERE;AT175223;FILTROS;MOTONIVELADORA JD 770 G;9-FRAGIL;3,337;0;KG;41552;25;140122,19;;1;;;;;1;;
3;03-MAYOR A PUNTO DE PEDIDO;1003058;ZSTO;KIT FILTRO COMBUSTIBLE COMPLETO;MM01;0026;;V1;1;HB;3;2;0;0;0;0;F06;FILTRO COMBUSTIBLE;266903,48;JOHN DEERE // JOHN DEERE;RE525523 // RE52090652323;FILTROS;MOTONIVELADORA JD 770 G;7-PESADO;1,09;0;KG;4968;25;266903,48;;;;1;;;1;;
3;03-MAYOR A PUNTO DE PEDIDO;1003060;ZSTO;FILTRO ACEITE;MM01;0026;;V1;1;HB;2;2;0;0;0;0;F03;FILTRO ACEITE;58180,86;VOLKSWAGEN // VOLKSWAGEN;03L115562 // L3L115562;FILTROS;VW AMAROK;9-FRAGIL;0,1;0;KG;539;15;58180,86;;;;1;;;1;;
3;03-MAYOR A PUNTO DE PEDIDO;1003061;ZSTO;FILTRO AIRE;MM01;0026;;V1;1;HB;2;2;0;0;0;0;F04;FILTRO AIRE;98131,66;VOLKSWAGEN;2H0129620A;FILTROS;VW AMAROK;9-FRAGIL;0,71;0;KG;6890;15;98131,66;;;;1;;;1;;
3;03-MAYOR A PUNTO DE PEDIDO;1003062;ZSTO;FILTRO COMBUSTIBLE VW AMAROK;MM01;0026;;V1;1;HB;2;2;0;0;0;0;F06;FILTRO COMBUSTIBLE;305538,24;VOLKSWAGEN // VOLKSWAGEN;2H0127401D // 2HO127401G;FILTROS;VW AMAROK;9-FRAGIL;0,693;0;KG;5766;15;305538,24;;;;1;;;1;;
3;03-MAYOR A PUNTO DE PEDIDO;1003063;ZSTO;FILTRO HABITACULO;MM01;0026;;V1;1;HB;2;2;0;0;0;0;F05;FILTRO AIRE CABINA;53266,72;VOLKSWAGEN // // //;7H0819631A // 7E0819631 // CB0575 // 7EO-819-631;FILTROS;VW AMAROK;9-FRAGIL;0,32;0;KG;1848;15;53266,72;;;;1;;;1;;
3;03-MAYOR A PUNTO DE PEDIDO;1003069;ZSTO;SECANTE CSA 2018;MM01;0026;;V1;1;HB;3;2;0;0;0;0;F14;GENERICOS FILTROS;310913,5;CATERPILLA //;2032389 // 5879321;FILTROS;CAT 140 K;8-VARIOS;2,75;0;KG;4913;15;310913,5;;;;1;;;1;;
3;03-MAYOR A PUNTO DE PEDIDO;1003087;ZSTO;FILTRO COMBUSTIBLE;MM01;0026;;V1;1;HB;3;3;0;0;0;0;F06;FILTRO COMBUSTIBLE;246717,6;TOYOTA ARG //;233900L07000 // 233900L100;FILTROS;HILUX 2017;8-VARIOS;0,184;0;KG;1150;15;246717,6;;;;1;;;1;;
3;03-MAYOR A PUNTO DE PEDIDO;1003088;ZSTO;FILTRO AIRE;MM01;0026;;V1;1;HB;3;2;0;0;0;0;F04;FILTRO AIRE;107930,44;TOYOTA ARG // TOYOTA ARG;178010L04000 // 178010E030;FILTROS;HILUX 2017;9-FRAGIL;0,57;0;KG;5443,75;15;107930,44;;;;1;;;1;;
3;03-MAYOR A PUNTO DE PEDIDO;1003089;ZSTO;FILTRO DE CABINA;MM01;0026;;V1;1;HB;3;2;0;0;0;0;F05;FILTRO AIRE CABINA;48347,32;TOYOTA ARG;871390K080;FILTROS;HILUX 2017;9-FRAGIL;0,08;0;KG;1383,75;15;48347,32;;;;1;;;1;;
2;02-MENOR A PUNTO DE PEDIDO;1003093;ZSTO;FILTRO DE COMBUSTIBLE;MM01;0026;;V1;13;HB;24;13;0;0;0;0;F06;FILTRO COMBUSTIBLE;553341,88;VOLVO CONS // VOLVO CONS;P22480372 // VOE15126069;FILTROS;VOLVO FM460;7-PESADO;1,15;0;KG;2469,61;15;553341,85;;1;;;;;1;;
3;03-MAYOR A PUNTO DE PEDIDO;1003094;ZSTO;FILTRO DE DRENAJE BOMBA;MM01;0026;;V1;1;HB;3;2;0;0;0;0;F07;FILTRO FLUIDO HIDR;51678,92;VOLVO CONS // // No aplica;21392404 // 20580233 // 7632141111;FILTROS;VOLVO 330 // VOLVO FM460;9-FRAGIL;0,105;0;KG;282,6;15;51678,92;;;;1;;;1;;
3;03-MAYOR A PUNTO DE PEDIDO;1003095;ZSTO;FILTRO TRAMPA DE AGUA COMBUSTIBLE;MM01;0026;;V1;6;HB;11;10;0;0;0;0;F13;FILTRO TRAMPA DE A;486073,2;PARKER RAC //;21925732 // 23662435;FILTROS;VOLVO FM460;7-PESADO;0,72;0;KG;1329,79;15;486073,2;;;;1;;;1;;
3;03-MAYOR A PUNTO DE PEDIDO;1003096;ZSTO;FILTRO DE AIRE TANQUE DE COMBUSTIBLE;MM01;0026;;V1;6;HB;12;7;0;0;0;0;F06;FILTRO COMBUSTIBLE;248108;VOLVO CONS // DONALDSON;21743197 // P954869;FILTROS;VOLVO 330 // VOLVO FM460;9-FRAGIL;0,09;0;KG;480,42;15;248108,03;;;;1;;;1;;
4;04-MAYOR A STOCK MAXIMO;1003097;ZSTO;FILTRO DE AIRE PRIMARIO;MM01;0026;;V1;5;HB;9;11;0;0;0;0;F04;FILTRO AIRE;2147326,06;VOLVO CONS;21337557;FILTROS;VOLVO FM460;9-FRAGIL;3,39;0;KG;49940,125;30;2147326,05;;;;;1;;1;;
3;03-MAYOR A PUNTO DE PEDIDO;1003102;ZSTO;FILTRO DE COMBUSTIBLE;MM01;0026;;V1;1;HB;2;2;0;0;0;0;F06;FILTRO COMBUSTIBLE;80511,52;VOLKSWAGEN // HENGST // VOLKSWAGEN;2V5201512 // E422KP D98 // FF 5629;FILTROS;FILTROS;7-PESADO;0,26;0;KG;1800;15;80511,51;;;;1;;;1;;
3;03-MAYOR A PUNTO DE PEDIDO;1003103;ZSTO;FILTRO ACEITE MOTOR;MM01;0026;;V1;1;HB;2;2;0;0;0;0;F03;FILTRO ACEITE;34374,56;MANN // HENGST // MANN // DONALDSON // PARKER;07W115436 // E161H01 D28 // HU947/2 2X // P550451 // REL-814;FILTROS;FILTROS;9-FRAGIL;0,16;0;KG;1782;15;34374,55;;;;1;;;1;;
3;03-MAYOR A PUNTO DE PEDIDO;1003121;ZSTO;FILTRO DE UREA;MM01;0026;;V1;1;HB;3;3;0;0;0;0;F09;FILTRO DE UREA;188978,52;VOLVO CONS;82269261;FILTROS;VOLVO 330;9-FRAGIL;0,07;0;KG;238,64;20;188978,53;;;;1;;;1;;
3;03-MAYOR A PUNTO DE PEDIDO;1003126;ZSTO;FILTRO SECADO DE AIRE;MM01;0026;;V1;2;HB;5;3;0;0;0;0;F11;FILTRO SECADOR DE;508775,1;VOLVO CONS // VOLVO CONS // VOLVO CONS //;21412848 // 22223804 // 23260134 // 23690622;FILTROS;VOLVO FM460;7-PESADO;1,38;0;KG;4913;25;508775,1;;;;1;;;1;;
3;03-MAYOR A PUNTO DE PEDIDO;1003127;ZSTO;FILTRO DE AIRE PRIMARIO;MM01;0026;;V1;1;HB;3;2;0;0;0;0;F04;FILTRO AIRE;246355,38;JOHN DEERE;AT179371;FILTROS;HITACHI ZAXIS 870 LC-5G;9-FRAGIL;5,04;0;KG;70785;25;246355,38;;;;1;;;1;;
3;03-MAYOR A PUNTO DE PEDIDO;1003128;ZSTO;FILTRO DE AIRE SECUNDARIO;MM01;0026;;V1;1;HB;3;2;0;0;0;0;F04;FILTRO AIRE;251038,68;JOHN DEERE;AT179370;FILTROS;HITACHI ZAXIS 870 LC-5G;9-FRAGIL;1,89;0;KG;24800;25;251038,69;;;;1;;;1;;
3;03-MAYOR A PUNTO DE PEDIDO;1003129;ZSTO;FILTRO DE COMBUSTIBLE Y TRAMPA DE AGUA;MM01;0026;;V1;3;HB;6;4;0;0;0;0;F06;FILTRO COMBUSTIBLE;65271,32;HITACHI;4616544;FILTROS;HITACHI ZAXIS 870 LC-5G;8-VARIOS;0,73;0;KG;1800;25;65271,31;;;;1;;;1;;
3;03-MAYOR A PUNTO DE PEDIDO;1003130;ZSTO;FILTRO DE AIRE FRESCA CABINA;MM01;0026;;V1;1;HB;3;2;0;0;0;0;F05;FILTRO AIRE CABINA;193577,92;HITACHI;4S00686R;FILTROS;HITACHI ZAXIS 870 LC-5G;9-FRAGIL;0,62;0;KG;5082;25;193577,92;;;;1;;;1;;
3;03-MAYOR A PUNTO DE PEDIDO;1003131;ZSTO;FILTRO DE AIRE DE RECIRCULACION DE CABIN;MM01;0026;;V1;1;HB;3;2;0;0;0;0;F05;FILTRO AIRE CABINA;108703;JOHN DEERE;FYA00001490R;FILTROS;HITACHI ZAXIS 870 LC-5G;9-FRAGIL;0,31;0;KG;2700;25;108703;;;;1;;;1;;
3;03-MAYOR A PUNTO DE PEDIDO;1003132;ZSTO;ELEMENTO DEL FILTRO FINAL DE COMBUSTIBLE;MM01;0026;;V1;1;HB;3;2;0;0;0;0;F06;FILTRO COMBUSTIBLE;54553,62;JOHN DEERE;X132400210;FILTROS;HITACHI ZAXIS 870 LC-5G;7-PESADO;0,66;0;KG;3887;25;54553,62;;;;1;;;1;;
3;03-MAYOR A PUNTO DE PEDIDO;1003133;ZSTO;ELEMENTO DEL FILTRO DE ACEITE;MM01;0026;;V1;1;HB;3;2;0;0;0;0;F03;FILTRO ACEITE;59078,96;HITACHI;4630525;FILTROS;HITACHI ZAXIS 870 LC-5G;8-VARIOS;0,8;0;KG;1377;25;59078,96;;;;1;;;1;;
3;03-MAYOR A PUNTO DE PEDIDO;1003134;ZSTO;CARTUCHO FILTRANTE VACIADO DE LA CAJA;MM01;0026;;V1;1;HB;3;2;0;0;0;0;F01;CARTUCHO;90976,46;HITACHI;4363399;FILTROS;HITACHI ZAXIS 870 LC-5G;8-VARIOS;0,59;0;KG;1600;25;90976,46;;;;1;;;1;;
3;03-MAYOR A PUNTO DE PEDIDO;1003135;ZSTO;FILTRO DE ACEITE DEL DEPOSITO HIDRAULICO;MM01;0026;;V1;1;HB;3;3;0;0;0;0;F03;FILTRO ACEITE;522400,26;HITACHI;4654745;FILTROS;HITACHI ZAXIS 870 LC-5G;8-VARIOS;3,39;0;KG;15552;25;522400,27;;;;1;;;1;;
3;03-MAYOR A PUNTO DE PEDIDO;1003136;ZSTO;FILTRO ACEITE MOTOR;MM01;0026;;V1;3;HB;6;4;0;0;0;0;F03;FILTRO ACEITE;257309,2;JOHN DEERE;8983020750;FILTROS;HITACHI ZAXIS 870 LC-5G;7-PESADO;1,16;0;KG;3168;20;257309,21;;;;1;;;1;;
3;03-MAYOR A PUNTO DE PEDIDO;1003144;ZSTO;FILTRO HIDRAULICO PILOTO;MM01;0026;;V1;1;HB;2;2;0;0;0;0;F07;FILTRO FLUIDO HIDR;80841,18;VOLVO CONS;14711981;FILTROS;VOLVO EC300D;9-FRAGIL;0,06;0;KG;113,04;30;80841,18;;;;1;;;1;;
3;03-MAYOR A PUNTO DE PEDIDO;1003170;ZSTO;FILTRO DE AIRE PRIMARIO;MM01;0026;;V1;1;HB;3;3;0;0;0;0;F04;FILTRO AIRE;121760,43;FLEETGUARD // // FILPLUS;AF26085 // FAI6085 // MSA26085;FILTROS;FILTRO AIRE;9-FRAGIL;0,49;0;KG;4752;15;121760,44;;;;1;;;1;;
3;03-MAYOR A PUNTO DE PEDIDO;1003171;ZSTO;FILTRO DE AIRE SECUNDARIO;MM01;0026;;V1;1;HB;3;2;0;0;0;0;F04;FILTRO AIRE;397840,04;FLEETGUARD // FILPLUS;AF26086 // MSA26086;FILTROS;FILTRO AIRE;9-FRAGIL;2,1;0;KG;16000;15;397840,04;;;;1;;;1;;
3;03-MAYOR A PUNTO DE PEDIDO;1003172;ZSTO;Filtro Aceite Motor;MM01;0026;;V1;1;HB;3;2;0;0;0;0;F03;FILTRO ACEITE;18189,66;FLEETGUARD // DONALDSON // DONALDSON;LF16011 // P550335 // P551132;FILTROS;CAT 950;7-PESADO;0,29;0;KG;452,16;15;18189,66;;;;1;;;1;;
2;02-MENOR A PUNTO DE PEDIDO;1003173;ZSTO;FILTRO DE AIRE PRIMARIO;MM01;0026;;V1;1;HB;2;1;0;0;0;0;F04;FILTRO AIRE;107845,9;CATERPILLA;3370790;FILTROS;CAT 950;9-FRAGIL;0,74;0;KG;12032;15;107845,9;;1;;;;;1;;
2;02-MENOR A PUNTO DE PEDIDO;1003174;ZSTO;FILTRO DE AIRE SECUNDARIO;MM01;0026;;V1;1;HB;2;1;0;0;0;0;F04;FILTRO AIRE;268016,55;CATERPILLA //;3862097 // 5771433;FILTROS;CAT 950;9-FRAGIL;2,82;0;KG;40950;15;268016,55;;1;;;;;1;;
2;02-MENOR A PUNTO DE PEDIDO;1003175;ZSTO;FILTRO DE COMBUSTIBLE;MM01;0026;;V1;1;HB;3;1;0;0;0;0;F06;FILTRO COMBUSTIBLE;56428,88;CATERPILLA;3608960;FILTROS;CAT 950;8-VARIOS;0,24;0;KG;1377;15;56428,88;;1;;;;;1;;
2;02-MENOR A PUNTO DE PEDIDO;1003176;ZSTO;FILTRO A A CABINA INTERIOR;MM01;0026;;V1;1;HB;2;1;0;0;0;0;F10;FILTRO HVAC;108877,14;CATERPILLA //;2902288 // 5019255;FILTROS;CAT 950;9-FRAGIL;0,326;0;KG;5754,375;15;108877,14;;1;;;;;1;;
2;02-MENOR A PUNTO DE PEDIDO;1003177;ZSTO;FILTRO TRAMPA DE AGUA;MM01;0026;;V1;7;HB;14;4;0;0;0;0;F13;FILTRO TRAMPA DE A;453169,76;CATERPILLA;4238524;FILTROS;CAT 950;7-PESADO;0,97;0;KG;2659,58;15;453169,76;;1;;;;;1;;
3;03-MAYOR A PUNTO DE PEDIDO;1003178;ZSTO;FILTRO HIDRAULICO;MM01;0026;;V1;1;HB;2;2;0;0;0;0;F07;FILTRO FLUIDO HIDR;280800,66;CATERPILLA;4363443;FILTROS;CAT 950;7-PESADO;0,22;0;KG;900;15;280800,66;;;;1;;;1;;
3;03-MAYOR A PUNTO DE PEDIDO;1003179;ZSTO;FILTRO DE TRANSMISION (CARTUCHO);MM01;0026;;V1;1;HB;2;2;0;0;0;0;F03;FILTRO ACEITE;395784,44;CATERPILLA;3761288;FILTROS;CAT 950;7-PESADO;2,639;0;KG;12160;15;395784,44;;;;1;;;1;;
3;03-MAYOR A PUNTO DE PEDIDO;1003180;ZSTO;FILTRO DE AIRE;MM01;0026;;V1;1;HB;3;2;0;0;0;0;F04;FILTRO AIRE;29533,44;DBT S.A. // DONALDSON // DARMET;3025127 // P822686 // VP-2735;FILTROS;HIMOINSA LTA 8 V LED;9-FRAGIL;0,27;0;KG;2662;15;29533,44;;;;1;;;1;;
2;02-MENOR A PUNTO DE PEDIDO;1003181;ZSTO;FILTRO DE COMBUSTIBLE;MM01;0026;;V1;1;HB;3;1;0;0;0;0;F06;FILTRO COMBUSTIBLE;11404,72;DBT S.A. // FLEETGUARD // DONALDSON // HIFI FILTE;3048841 // FF 5259 // P502166 // SN 21590;FILTROS;HIMOINSA LTA 8 V LED;9-FRAGIL;0,05;0;KG;144;15;11404,72;;1;;;;;1;;
2;02-MENOR A PUNTO DE PEDIDO;1003182;ZSTO;FILTRO GASOIL;MM01;0026;;V1;1;HB;3;1;0;0;0;0;F06;FILTRO COMBUSTIBLE;14094,06;DBT S.A. // DONALDSON // VER // HIMOINSA S;3024206 // P502406 // 17108155910 // 3082015;FILTROS;HIMOINSA LTA 8 V LED;9-FRAGIL;0,04;0;KG;144;15;14094,06;;1;;;;;1;;
2;02-MENOR A PUNTO DE PEDIDO;1003183;ZSTO;FILTRO DE ACEITE MOTOR;MM01;0026;;V1;1;HB;3;1;0;0;0;0;F03;FILTRO ACEITE;10671,24;DBT S.A. // // FLEETGUARD // DONALDSON // // //;3035098 // LF3925 // LF3925 // P502067 // T 600 // W67/1 // W671;FILTROS;HIMOINSA LTA 8 V LED;7-PESADO;0,23;0;KG;343;15;10671,24;;1;;;;;1;;
3;03-MAYOR A PUNTO DE PEDIDO;1003196;ZSTO;FILTRO SEPARADOR;MM01;0026;;V1;1;HB;2;2;0;0;0;0;F12;FILTRO SEPARADOR;288277,12;MANN // DONALDSON;LB9622 // P783499;FILTROS;IS VENTEC 6TK/2TB/AY/TECEL/11,;8-VARIOS;1,011;0;KG;2370,375;15;288277,12;;;;1;;;1;;
3;03-MAYOR A PUNTO DE PEDIDO;1003197;ZSTO;FILTRO AIRE;MM01;0026;;V1;1;HB;2;2;0;0;0;0;F04;FILTRO AIRE;31183,44;FILPLUS;A8116;FILTROS;IS VENTEC 6TK/2TB/AY/TECEL/11,;9-FRAGIL;0;0;KG;0;15;31183,43;;;;1;;;1;;
3;03-MAYOR A PUNTO DE PEDIDO;1003199;ZSTO;FILTRO AIRE;MM01;0026;;V1;1;HB;2;2;0;0;0;0;F04;FILTRO AIRE;52655,3;DONALDSON;C065003;FILTROS;IS VENTEC 6TK/2TB/AY/TECEL/11,;7-PESADO;0,59;0;KG;5202;15;52655,3;;;;1;;;1;;
4;04-MAYOR A STOCK MAXIMO;1003201;ZSTO;FILTRO ACEITE HIDRAULICO;MM01;0026;;V1;1;HB;2;3;0;0;0;0;F07;FILTRO FLUIDO HIDR;37316,91;DONALDSON;P550940;FILTROS;CAMION VOLVO FMX 460;7-PESADO;0,422;0;KG;637,616;15;37316,91;;;;;1;;1;;
2;02-MENOR A PUNTO DE PEDIDO;1003219;ZSTO;FILTRO VENTILACION DE CARTER;MM01;0026;;V1;1;HB;2;1;0;0;0;0;F04;FILTRO AIRE;41122,71;CATERPILLA;2735711;FILTROS;CAT 815 K;7-PESADO;0,74;0;KG;1980;15;41122,71;;1;;;;;1;;
3;03-MAYOR A PUNTO DE PEDIDO;1003220;ZSTO;FILTRO DE AIRE PRIMARIO;MM01;0026;;V1;1;HB;3;3;0;0;0;0;F04;FILTRO AIRE;447922,35;CNH;5801440581;FILTROS;IVECO TRAKKER 410 T 44 EUROTRO;9-FRAGIL;3,13;0;KG;43120;15;447922,36;;;;1;;;1;;
3;03-MAYOR A PUNTO DE PEDIDO;1003221;ZSTO;FILTRO DE AIRE SECUNDARIO;MM01;0026;;V1;1;HB;3;3;0;0;0;0;F04;FILTRO AIRE;130990,71;CNH;5801440583;FILTROS;IVECO TRAKKER 410 T 44 EUROTRO;9-FRAGIL;0,81;0;KG;14416;15;130990,71;;;;1;;;1;;
3;03-MAYOR A PUNTO DE PEDIDO;1003222;ZSTO;FILTRO DE COMBUSTIBLE;MM01;0026;;V1;1;HB;3;3;0;0;0;0;F06;FILTRO COMBUSTIBLE;241356,84;CNH // CNH;5801445628 // 5801445630;FILTROS;IVECO TRAKKER 410 T 44 EUROTRO;7-PESADO;1,07;0;KG;2541;15;241356,83;;;;1;;;1;;
3;03-MAYOR A PUNTO DE PEDIDO;1003223;ZSTO;FILTRO TRAMPA DE AGUA;MM01;0026;;V1;1;HB;3;3;0;0;0;0;F13;FILTRO TRAMPA DE A;178807,62;CNH;5801403243;FILTROS;IVECO TRAKKER 410 T 44 EUROTRO;7-PESADO;0,95;0;KG;2089,67;15;178807,62;;;;1;;;1;;
3;03-MAYOR A PUNTO DE PEDIDO;1003224;ZSTO;7ILTRO DE UREA A BOMBA;MM01;0026;;V1;1;HB;2;2;0;0;0;0;F09;FILTRO DE UREA;15989,66;CNH // CNH;500055972 // 2997594;FILTROS;IVECO TRAKKER 410 T 44 EUROTRO;9-FRAGIL;0,18;0;KG;1100;15;15989,67;;;;1;;;1;;
3;03-MAYOR A PUNTO DE PEDIDO;1003225;ZSTO;FILTRO ACEITE MOTOR CARTUCHO;MM01;0026;;V1;1;HB;2;2;0;0;0;0;F03;FILTRO ACEITE;129792,22;CNH // //;500086331 // 500091645 // 500058320;FILTROS;IVECO TRAKKER 410 T 44 EUROTRO;9-FRAGIL;0,53;0;KG;6084;15;129792,22;;;;1;;;1;;
3;03-MAYOR A PUNTO DE PEDIDO;1003226;ZSTO;FILTRO TANQUE DE UREA;MM01;0026;;V1;1;HB;2;2;0;0;0;0;F09;FILTRO DE UREA;5344,48;CNH;42555466;FILTROS;IVECO TRAKKER 410 T 44 EUROTRO;9-FRAGIL;0,005;0;KG;0,785;15;5344,48;;;;1;;;1;;
3;03-MAYOR A PUNTO DE PEDIDO;1003232;ZSTO;FILTRO DE VENTEO HIDRAULICO;MM01;0026;;V1;1;HB;2;2;0;0;0;0;F04;FILTRO AIRE;128329,12;CATERPILLA;3468340;FILTROS;CAT 950L;8-VARIOS;0,06;0;KG;251,2;15;128329,12;;;;1;;;1;;
2;02-MENOR A PUNTO DE PEDIDO;1003237;ZSTO;FILTRO DE COMBUSTIBLE;MM01;0026;;V1;2;HB;5;1;0;0;0;0;F06;FILTRO COMBUSTIBLE;33264,84;CATERPILLA;5000480;FILTROS;CAT 140K;7-PESADO;0,46;0;KG;2904;35;33264,84;;1;;;;;1;;
3;03-MAYOR A PUNTO DE PEDIDO;1003238;ZSTO;FILTRO TRAMPA DE AGUA;MM01;0026;;V1;1;HB;3;2;0;0;0;0;F13;FILTRO TRAMPA DE A;184915,06;CATERPILLA //;4367077 // SN40863;FILTROS;CAT 140K;8-VARIOS;0,54;0;KG;3456;20;184915,05;;;;1;;;1;;
4;04-MAYOR A STOCK MAXIMO;1003242;ZSTO;FILTRO HIDRAULICO LINEA DE BOMBA;MM01;0026;;V1;1;HB;2;3;0;0;0;0;F07;FILTRO FLUIDO HIDR;637314;VOLVO CONS // VOLVO CONS;VOE14711980 // 14750655 /14750655;FILTROS;EC 480D;8-VARIOS;0,82;0;KG;3300;15;637313,99;;;;;1;;1;;
3;03-MAYOR A PUNTO DE PEDIDO;1003244;ZSTO;FILTRO ACEITE MOTOR;MM01;0026;;V1;1;HB;2;2;0;0;0;0;F03;FILTRO ACEITE;44633,26;CNH;5801628021;FILTROS;trakker eurotronic;7-PESADO;0,738;0;KG;4719;15;44633,26;;;;1;;;1;;
3;03-MAYOR A PUNTO DE PEDIDO;1003246;ZSTO;FILTRO DE TANQUE HIDRAULICO;MM01;0026;;V1;1;HB;2;2;0;0;0;0;F07;FILTRO FLUIDO HIDR;877617,8;REMOLQUES // HIFI FILTE;14896990 // SH 93214;FILTROS;VOLCADORA OMBU;8-VARIOS;0,199;0;KG;807,765;15;877617,8;;;;1;;;1;;
3;03-MAYOR A PUNTO DE PEDIDO;1003247;ZSTO;FILTRO DE VENTEO TANQUE HIDRAULICO;MM01;0026;;V1;1;HB;2;2;0;0;0;0;F07;FILTRO FLUIDO HIDR;59881,78;FILPLUS // No aplica;MSA07 // TAP0126;FILTROS;VOLCADORA OMBU;8-VARIOS;0,095;0;KG;340,298;15;59881,78;;;;1;;;1;;
3;03-MAYOR A PUNTO DE PEDIDO;1003275;ZSTO;FILTRO TRANSMISION ACEITE;MM01;0026;;V1;4;HB;8;6;0;0;0;0;F03;FILTRO ACEITE;799720,56;CATERPILLA;3891079;FILTROS;CAT 950;8-VARIOS;0,336;0;KG;1863;15;799720,53;;;;1;;;1;;
3;03-MAYOR A PUNTO DE PEDIDO;1003276;ZSTO;FILTRO TANQUE HIDRAULICO;MM01;0026;;V1;1;HB;2;2;0;0;0;0;F07;FILTRO FLUIDO HIDR;3469,2;PARKER // No aplica //;921999 // K22001 // P551551;FILTROS;VOLCADORA MILICIC // VOLVO 330;7-PESADO;0,48;0;KG;858,398;15;3469,19;;;;1;;;1;;
4;04-MAYOR A STOCK MAXIMO;1003290;ZSTO;FILTRO CENTRAL HIDRAULICO;MM01;0026;;V1;5;HB;9;14;0;0;0;0;F07;FILTRO FLUIDO HIDR;1816641,26;DONALDSON //;P164174 // P164166;FILTROS;PLATAFORMA DE MANTENIMIENTO VE;8-VARIOS;0,465;0;KG;1012,5;15;1816641,26;;;;;1;;1;;
3;03-MAYOR A PUNTO DE PEDIDO;1003299;ZSTO;FILTRO RETORNO TANQUE HIDRAULICO;MM01;0026;;V1;1;HB;2;2;0;0;0;0;F07;FILTRO FLUIDO HIDR;8912,54;UFI FILTER // DONALDSON;ESE11NCC // P565243;FILTROS;VOLCADORA BACO;8-VARIOS;0,526;0;KG;1359,822;20;8912,54;;;;1;;;1;;
3;03-MAYOR A PUNTO DE PEDIDO;1003300;ZSTO;FILTRO DOSIFICACION DE UREA (COLADOR);MM01;0026;;V1;2;HB;5;5;0;0;0;0;F09;FILTRO DE UREA;94670,5;VOLVO CONS;21954674;FILTROS;VOLVO 460 FMX;9-FRAGIL;0,01;0;KG;90;20;94670,48;;;;1;;;1;;
3;03-MAYOR A PUNTO DE PEDIDO;1003301;ZSTO;FILTRO DE TANQUE;MM01;0026;;V1;2;HB;5;4;0;0;0;0;F06;FILTRO COMBUSTIBLE;232604,6;VOLVO CONS // VOLVO CONS;21516229 // 23381562;FILTROS;VOLVO 460 FMX;9-FRAGIL;0,1;0;KG;735;20;232604,6;;;;1;;;1;;
3;03-MAYOR A PUNTO DE PEDIDO;1003302;ZSTO;FILTRO ACEITE CAJA DE CAMBIO;MM01;0026;;V1;1;HB;3;3;0;0;0;0;F03;FILTRO ACEITE;95638,92;VOLVO CONS // VOLVO CONS;20779040 // 24283117;FILTROS;VOLVO 460 FMX;8-VARIOS;0,09;0;KG;784;15;95638,92;;;;1;;;1;;
4;04-MAYOR A STOCK MAXIMO;1003316;ZSTO;FILTRO TANQUE HIDRAULICO;MM01;0026;;V1;1;HB;3;5;0;0;0;0;F07;FILTRO FLUIDO HIDR;833538,7;VOLVO CONS // VOLVO CONS;VOE14530989 // VOE14531154;FILTROS;VOLVO EC 480D;8-VARIOS;1,338;0;KG;6355;15;833538,7;;;;;1;;1;;
3;03-MAYOR A PUNTO DE PEDIDO;1003317;ZSTO;FILTRO DE DRENAJE BOMBA DIRECCION;MM01;0026;;V1;2;HB;5;3;0;0;0;0;C29;FILTROS/RESPUESTOS;591317,61;KOMATSU HO;706351210;FILTROS;KOMATSU HD465-7E1;8-VARIOS;2,358;0;KG;12032;15;591317,61;;;;1;;;1;;
3;03-MAYOR A PUNTO DE PEDIDO;1003318;ZSTO;FILTRO DE ACEITE DE FRENOS;MM01;0026;;V1;4;HB;8;7;0;0;0;0;F03;FILTRO ACEITE;1361321,43;KOMATSU HO;5694383920;FILTROS;KOMATSU HD465-7E1;8-VARIOS;0,273;0;KG;665,5;15;1361321,45;;;;1;;;1;;
3;03-MAYOR A PUNTO DE PEDIDO;1003319;ZSTO;FILTRO DE ACEITE TRANSMISION;MM01;0026;;V1;5;HB;9;9;0;0;0;0;F03;FILTRO ACEITE;359526,96;KOMATSU HO // // HIFI FILTE;5691681160 // P550084 // SH56382;FILTROS;KOMATSU HD465-7E1;7-PESADO;0,582;0;KG;3243;15;359526,96;;;;1;;;1;;
3;03-MAYOR A PUNTO DE PEDIDO;1003320;ZSTO;FILTRO DE TRANSMISION Y CONVERTIDOR;MM01;0026;;V1;2;HB;5;4;0;0;0;0;F03;FILTRO ACEITE;3957452,4;KOMATSU HO;5691581730;FILTROS;KOMATSU HD465-7E1;8-VARIOS;0,755;0;KG;412,125;15;3957452,41;;;;1;;;1;;
2;02-MENOR A PUNTO DE PEDIDO;1003323;ZSTO;FILTRO CABINA;MM01;0026;;V1;3;HB;6;3;0;0;0;0;F05;FILTRO AIRE CABINA;263830,36;CATERPILLA;1070266;FILTROS;CAT D9, 988H;9-FRAGIL;0,58;0;KG;8448;15;197872,78;;1;;;;;1;;
3;03-MAYOR A PUNTO DE PEDIDO;1003341;ZSTO;FILTRO SECADOR AIRE;MM01;0026;;V1;1;HB;2;2;0;0;0;0;F11;FILTRO SECADOR DE;54205,78;WABCO // FLEETGUARD // // HENGST //;4324100202 // AF27817 // P781466 // T250W // TB1374X;FILTROS;VW (WACO);7-PESADO;2,66;0;KG;3570;15;54205,78;;;;1;;;1;;
3;03-MAYOR A PUNTO DE PEDIDO;1003360;ZSTO;FILTRO A A CABINA EXTERIOR;MM01;0026;;V1;1;HB;2;2;0;0;0;0;F10;FILTRO HVAC;290488,98;CATERPILLA //;2902287 // 5019254;FILTROS;CAT 950;9-FRAGIL;1,14;0;KG;12300;15;290488,98;;;;1;;;1;;
2;02-MENOR A PUNTO DE PEDIDO;1003373;ZSTO;FILTROAIREACONDCABINAEXTERIORINTERIOR;MM01;0026;;V1;5;HB;10;5;0;0;0;0;F10;FILTRO HVAC;164454,5;VOLVO CONS;21758906;FILTROS;VOLVO FM460;9-FRAGIL;0,22;0;KG;2420;15;164454,51;;1;;;;;1;;
2;02-MENOR A PUNTO DE PEDIDO;1003381;ZSTO;PICO AUTOMATICODEDESPACHDECOMBUSTIBLE3 4;MM01;0026;;RE;1;HB;2;1;0;0;0;0;C13;FERRETERÍA MM01;50811,06;;;REPUESTOS;?;8-VARIOS;1,26;0;KG;4560;21;50811,06;;1;;;;;1;;
4;04-MAYOR A STOCK MAXIMO;1003393;ZSTO;ORING PARA TAPA BLOW BY;MM01;0026;;V1;1;HB;2;3;0;0;0;0;C29;FILTROS/RESPUESTOS;45570,06;CNH INDUST;2996234;REPUESTOS;IVECO;9-FRAGIL;0,02;0;KG;0;15;45570,07;;;;;1;;1;;
2;02-MENOR A PUNTO DE PEDIDO;1003428;ZSTO;TENSOR CORREA AUXILIAR;MM01;0026;;RE;1;HB;2;1;0;0;0;0;C29;FILTROS/RESPUESTOS;19272,69;TOYOTA ARG // TOYOTA ARG;166200L02000K // 1662030031;REPUESTOS;HILUX;8-VARIOS;2,52;0;KG;7938;15;19272,69;;1;;;;;1;;
2;02-MENOR A PUNTO DE PEDIDO;1003429;ZSTO;POLEA CORREA AUXILIAR;MM01;0026;;RE;1;HB;2;1;0;0;0;0;C29;FILTROS/RESPUESTOS;113587,37;TOYOTA ARG;884400K172;REPUESTOS;HILUX 3.0 2010;8-VARIOS;0,57;0;KG;1008;15;113587,37;;1;;;;;1;;
2;02-MENOR A PUNTO DE PEDIDO;1003433;ZSTO;BOMBA DE AGUA;MM01;0026;;RE;1;HB;2;1;0;0;0;0;C29;FILTROS/RESPUESTOS;188073;TOYOTA ARG;16100-69357;REPUESTOS;HILUX 3.0 2010;7-PESADO;2,44;0;KG;5940;15;188073;;1;;;;;1;;
3;03-MAYOR A PUNTO DE PEDIDO;1003447;ZSTO;BOMBA HIDRAULICA110CM3Z-15GIRODERECHOXUN;MM01;0026;;RE;1;HB;2;2;0;0;0;0;C29;FILTROS/RESPUESTOS;139580,02;TER APLICA // TER APLICA;8B-3981-1-5DS // 8R 2993 2 5DC;REPUESTOS;CAJA VOLCADORA - IVECO;7-PESADO;17,012;0;KG;17773,5;15;139580,01;;;;1;;;1;;
2;02-MENOR A PUNTO DE PEDIDO;1003456;ZSTO;INTERRUPTOR;MM01;0026;;RE;1;HB;2;1;0;0;0;0;C29;FILTROS/RESPUESTOS;0;CNH INDUST;41200567FI;REPUESTOS;LUZ INTER. E TECH TRAKKER;9-FRAGIL;0,25;0;KG;1728;15;0;;1;;;;;1;;
2;02-MENOR A PUNTO DE PEDIDO;1003460;ZSTO;LLAVE TECLA BALIZA;MM01;0026;;RE;1;HB;2;1;0;0;0;0;C29;FILTROS/RESPUESTOS;0;CNH;500388626;REPUESTOS;IVECO TRAKKER T380;9-FRAGIL;0,06;0;KG;245;15;0;;1;;;;;1;;
2;02-MENOR A PUNTO DE PEDIDO;1003461;ZSTO;TUBO GOMA INFERIOR RADIADOR;MM01;0026;;RE;1;HB;2;1;0;0;0;0;C29;FILTROS/RESPUESTOS;25611,94;CNH INDUST //;41270112 // 5801693272;REPUESTOS;IVECO TRAKKER T380;8-VARIOS;0,83;0;KG;2615,62;15;25611,94;;1;;;;;1;;
3;03-MAYOR A PUNTO DE PEDIDO;1003467;ZSTO;FARO ROJO AMBAR x UN;MM01;0026;;V1;1;HB;3;2;0;0;0;0;C29;FILTROS/RESPUESTOS;9436;BAIML;6156342;REPUESTOS;CAMIONES;9-FRAGIL;0,33;0;KG;2160;15;9436;;;;1;;;1;;
3;03-MAYOR A PUNTO DE PEDIDO;1003468;ZSTO;FARO VERDE AMBAR x UN - B070F75;MM01;0026;;V1;1;HB;3;3;0;0;0;0;C29;FILTROS/RESPUESTOS;17037;BAIML;6156342;REPUESTOS;CAMIONES;9-FRAGIL;0,32;0;KG;2400;15;17037;;;;1;;;1;;
2;02-MENOR A PUNTO DE PEDIDO;1003470;ZSTO;VALVULA OLEOHIDRAULICA N 1799 XUN;MM01;0026;;RE;1;HB;2;1;0;0;0;0;C29;FILTROS/RESPUESTOS;123448,87;;;REPUESTOS;CAJA VOLCADORA;7-PESADO;6,35;0;KG;4800;15;123448,86;;1;;;;;1;;
4;04-MAYOR A STOCK MAXIMO;1003476;ZSTO;1 HOJA ELASTICO ANT. XUN;MM01;0026;;RE;1;HB;2;6;0;0;0;0;C29;FILTROS/RESPUESTOS;0;CNH // No aplica;41003457 // IV2200-2P;REPUESTOS;IVECO TRAKKER T380;7-PESADO;23;0;KG;265,95;15;0;;;;;1;;1;;
4;04-MAYOR A STOCK MAXIMO;1003477;ZSTO;BUJE P ELASTICO ANT. X UN;MM01;0026;;RE;1;HB;2;5;0;0;0;0;C29;FILTROS/RESPUESTOS;0;CNH INDUST;8138899;REPUESTOS;IVECO TRAKKER T380;7-PESADO;0,57;0;KG;91,401;15;0;;;;;1;;1;;
4;04-MAYOR A STOCK MAXIMO;1003478;ZSTO;BUJE P ELASTICO ANT. X UN;MM01;0026;;RE;1;HB;2;6;0;0;0;0;C29;FILTROS/RESPUESTOS;0;CNH INDUST // CNH INDUST;2997221 // 8160686;REPUESTOS;IVECO TRAKKER T380;7-PESADO;0,61;0;KG;374,516;15;0;;;;;1;;1;;
4;04-MAYOR A STOCK MAXIMO;1003484;ZSTO;BULON MAZA DELANTERA;MM01;0026;;RE;1;HB;2;15;0;0;0;0;C29;FILTROS/RESPUESTOS;0;;;REPUESTOS;IVECO TRAKKER T380;7-PESADO;0,31;0;KG;90;15;0;;;;;1;;1;;
3;03-MAYOR A PUNTO DE PEDIDO;1003486;ZSTO;ESCOBILLA LIMPIAPARABRISAS P TRAKKER 380;MM01;0026;;RE;1;HB;2;2;0;0;0;0;C29;FILTROS/RESPUESTOS;0;TRICO;TX650;REPUESTOS;IVECO;9-FRAGIL;0,23;0;KG;2184;15;0;;;;1;;;1;;
2;02-MENOR A PUNTO DE PEDIDO;1003502;ZSTO;RODAMIENTO BLINDADO DE VOLANTE;MM01;0026;;RE;1;HB;2;1;0;0;0;0;C29;FILTROS/RESPUESTOS;8852,56;SKF;63052RS1;REPUESTOS;SKF;8-VARIOS;0,23;0;KG;98;15;8852,56;;1;;;;;1;;
2;02-MENOR A PUNTO DE PEDIDO;1003504;ZSTO;TOMA FUERZA NEUM. MULT. C PLATO;MM01;0026;;RE;1;HB;2;1;0;0;0;0;C29;FILTROS/RESPUESTOS;503523,87;TER APLICA;ZF16s1301650;REPUESTOS;VW 31-320;7-PESADO;12,07;0;KG;13000;15;503523,86;;1;;;;;1;;
3;03-MAYOR A PUNTO DE PEDIDO;1003506;ZSTO;BOCINA 24V. XPAR;MM01;0026;;V1;1;HB;3;2;0;0;0;0;C29;FILTROS/RESPUESTOS;37771,72;;;REPUESTOS;CAMIONES;9-FRAGIL;0,57;0;KG;1800;15;37771,71;;;;1;;;1;;
2;02-MENOR A PUNTO DE PEDIDO;1003511;ZSTO;EXTREMO DE DIRECCION;MM01;0026;;RE;1;HB;2;1;0;0;0;0;C29;FILTROS/RESPUESTOS;0;CNH;4833829;REPUESTOS;IVECO TRACKKER;7-PESADO;1,75;0;KG;2244;15;0;;1;;;;;1;;
2;02-MENOR A PUNTO DE PEDIDO;1003512;ZSTO;EXTREMO DE DIRECCION;MM01;0026;;RE;1;HB;2;1;0;0;0;0;C29;FILTROS/RESPUESTOS;0;CNH;4833830;REPUESTOS;IVECO TRACKKER;7-PESADO;1,75;0;KG;1936;15;0;;1;;;;;1;;
3;03-MAYOR A PUNTO DE PEDIDO;1003514;ZSTO;BARRA DE DIRECCION;MM01;0026;;RE;1;HB;2;2;0;0;0;0;C29;FILTROS/RESPUESTOS;203009,86;CNH // CNH;7139999 // 5801316542;REPUESTOS;IVECO TRACKKER;7-PESADO;10,24;0;KG;7800;15;203009,86;;;;1;;;1;;
4;04-MAYOR A STOCK MAXIMO;1003534;ZSTO;TUERCA DE RUEDA - IVECO ASTRA;MM01;0026;;RE;1;HB;10;23;0;0;0;0;C03;EQUIPOS;93616,21;CNH // CNH INDUST;41031725 // 5801644126;REPUESTOS;CAMIONES;7-PESADO;0,14;0;KG;50,625;15;93616,31;;;;;1;;1;;
3;03-MAYOR A PUNTO DE PEDIDO;1003555;ZSTO;CILINDRO DE FRENO;MM01;0026;;RE;0;HB;2;1;0;0;0;0;C29;FILTROS/RESPUESTOS;1790461,89;CNH;503349910;REPUESTOS;IVECO TRAKKER T380;7-PESADO;11,8;0;KG;39072;15;1790461,89;;;;1;;;1;;
3;03-MAYOR A PUNTO DE PEDIDO;1003562;ZSTO;ESTRIBO;MM01;0026;;RE;1;HB;2;2;0;0;0;0;C29;FILTROS/RESPUESTOS;0;CNH;504102899;REPUESTOS;CAMIONES;7-PESADO;1,52;0;KG;25080;15;0;;;;1;;;1;;
2;02-MENOR A PUNTO DE PEDIDO;1003661;ZSTO;O-RING (G);MM01;0026;;RE;1;HB;2;1;0;0;0;0;C29;FILTROS/RESPUESTOS;0;DAEMO ENGI;0070010500G;REPUESTOS;DAEMO B180, B210, B250, B300;8-VARIOS;0,001;0;KG;6,619;70;0;;1;;;;;1;;
2;02-MENOR A PUNTO DE PEDIDO;1003665;ZSTO;WASHER NORD LOCK;MM01;0026;;RE;1;HB;2;1;0;0;0;0;C29;FILTROS/RESPUESTOS;0;DAEMO ENGI;015E1024000;REPUESTOS;DAEMO B180, B210, B250, B300;8-VARIOS;0,015;0;KG;5,027;70;0;;1;;;;;1;;
3;03-MAYOR A PUNTO DE PEDIDO;1003678;ZSTO;CHISEL (W P);MM01;0026;;V1;1;HB;2;2;0;0;0;0;C29;FILTROS/RESPUESTOS;0;DAEMO ENGI;B36312130000;REPUESTOS;DAEMO 300;3-DESGASTE;170;0;KG;21540,4;70;0;;;;1;;;1;;
4;04-MAYOR A STOCK MAXIMO;1000041;ZSTO;BOTIQUIN 1ROS. AUXILIOS N 10;MR01;0314;;V1;1;HB;3;6;0;0;0;0;C28;SEGURIDAD/ROPA/EPP;297780,18;;;SEGURIDAD;BOTIQUIN;7-PESADO;3,128;0;KG;9855;21;297780,17;;;;;1;;1;;
2;02-MENOR A PUNTO DE PEDIDO;1003680;ZSTO;DAMPERSIDE;MM01;0026;;RE;1;HB;2;1;0;0;0;0;C29;FILTROS/RESPUESTOS;0;DAEMO ENGI;B00081221;REPUESTOS;DAEMO B250, B300;7-PESADO;0,935;0;KG;884;70;0;;1;;;;;1;;
2;02-MENOR A PUNTO DE PEDIDO;1001682;ZSTO;MAMEL. 1°CAL. DESC. LAMIN.BLANCO 60GR.XL;MR01;0314;;V1;173;HB;300;162;162;0;0;0;C28;SEGURIDAD/ROPA/EPP;1397288,88;;FABRICANTE:DUPONT | MODELO:TYVEK 500;SEGURIDAD;INDUMENTARIA;8-VARIOS;0,195;0;KG;2232;21;1397289,11;;1;;;;1;;;
2;02-MENOR A PUNTO DE PEDIDO;1003689;ZSTO;COVERFRONT;MM01;0026;;RE;1;HB;2;1;0;0;0;0;C29;FILTROS/RESPUESTOS;0;DAEMO ENGI;B30610040;REPUESTOS;DAEMO B300;3-DESGASTE;15,8;0;KG;4712,4;70;0;;1;;;;;1;;
2;02-MENOR A PUNTO DE PEDIDO;1001683;ZSTO;RESPIRADOR PARA POLVOSTIPON95CAJAX20UN;MR01;0314;;RE;3;HB;10;3;0;0;0;0;C28;SEGURIDAD/ROPA/EPP;16702,14;;;SEGURIDAD;ACCESORIO SEGURIDAD;9-FRAGIL;0,076;0;KG;1270,75;15;16702,15;;1;;;;;1;;
2;02-MENOR A PUNTO DE PEDIDO;1003692;ZSTO;HELI COLI;MM01;0026;;RE;1;HB;2;1;0;0;0;0;C29;FILTROS/RESPUESTOS;141,89;DAEMO ENGI;019B10300270;REPUESTOS;DAEMO B300;8-VARIOS;0,02;0;KG;17,309;70;141,89;;1;;;;;1;;
3;03-MAYOR A PUNTO DE PEDIDO;1001686;ZSTO;ANTEOJO GRIS;MR01;0314;;V1;78;HB;135;111;0;0;0;0;C28;SEGURIDAD/ROPA/EPP;145968,33;LIBUS // 3M // MSA // STEELPRO;ECOLINEHC (MÚLT. 10U) // SECUREFIT SF202AF GRIS // MSA PERSPECTA SMOKE // STEELPRO SPY SMOKE;SEGURIDAD;ACCESORIO SEGURIDAD;9-FRAGIL;0,024;0;KG;252;21;145968,12;;;;1;;;1;;
2;02-MENOR A PUNTO DE PEDIDO;1001687;ZSTO;ANTEOJO INCOLORO;MR01;0314;;V1;78;HB;135;8;0;0;0;0;C28;SEGURIDAD/ROPA/EPP;0;LIBUS // 3M // MSA // STEELPRO;ECOLINEHC (MÚLT. 10U) // SECUREFIT SF201AF CLEAR // MSA PERSPECTA CLEAR // STEELPRO SPY CLEAR;SEGURIDAD;ACCESORIO SEGURIDAD;9-FRAGIL;0,023;0;KG;252;21;10120;;1;;;;;1;;
4;04-MAYOR A STOCK MAXIMO;1001688;ZSTO;TAPON AUDITIVO FOAM CON CORDON;MR01;0314;;V1;6;HB;12;20;0;0;0;0;C28;SEGURIDAD/ROPA/EPP;4239,84;LIBUS;FOAM;SEGURIDAD;ACCESORIO SEGURIDAD;9-FRAGIL;0,003;0;KG;63,75;21;12159,85;;;;;1;;1;;
3;03-MAYOR A PUNTO DE PEDIDO;1003745;ZSTO;ELEMENTO FILTRANTE;MM01;0026;;V1;1;HB;3;3;0;0;0;0;C29;FILTROS/RESPUESTOS;370020,42;KOMATSU HO;HD465-7EO 569-60-88210;REPUESTOS;D465-7EO;8-VARIOS;2,452;0;KG;16007,742;15;370020,42;;;;1;;;1;;
4;04-MAYOR A STOCK MAXIMO;1001697;ZSTO;GUANTE VAQUETA MEDIO PASEO T.10;MR01;0314;;V1;86;HB;150;162;0;0;0;0;C28;SEGURIDAD/ROPA/EPP;382447,98;;MÚLT. 12U;SEGURIDAD;GUANTE;8-VARIOS;0,122;0;KG;650;21;382448,26;;;;;1;;1;;
2;02-MENOR A PUNTO DE PEDIDO;1003751;ZSTO;CORREA;MM01;0026;;RE;1;HB;2;1;0;0;0;0;C29;FILTROS/RESPUESTOS;0;KOMATSU HO;6245-61-3360;REPUESTOS;D465-7EO;8-VARIOS;0;0;KG;0;15;0;;1;;;;;1;;
3;03-MAYOR A PUNTO DE PEDIDO;1001698;ZSTO;GUANTE ALGODON MOTEADO;MR01;0314;;V1;242;HB;420;317;0;0;0;0;C28;SEGURIDAD/ROPA/EPP;169575,98;;MÚLT. 12U;SEGURIDAD;GUANTE;8-VARIOS;0,062;0;KG;308;21;169576,97;;;;1;;;1;;
3;03-MAYOR A PUNTO DE PEDIDO;1003752;ZSTO;CORREA;MM01;0026;;RE;1;HB;2;2;0;0;0;0;C29;FILTROS/RESPUESTOS;0;KOMATSU HO;6245-81-6360;REPUESTOS;D465-7EO;8-VARIOS;0;0;KG;0;15;0;;;;1;;;1;;
4;04-MAYOR A STOCK MAXIMO;1003757;ZSTO;ORING;MM01;0026;;RE;1;HB;2;40;0;0;0;0;C29;FILTROS/RESPUESTOS;0;KOMATSU HO;6245-11-8120;REPUESTOS;D465-7EO;8-VARIOS;0;0;KG;0;15;0;;;;;1;;1;;
2;02-MENOR A PUNTO DE PEDIDO;1001700;ZSTO;CASCO CARCAZA AMARILLO;MR01;0314;;V1;6;HB;12;3;0;0;0;0;C28;SEGURIDAD/ROPA/EPP;8840,91;LIBUS // 3M // MSA // STEELPRO;MILENIUM // H-700 AMARILLO // V-GARD AMARILLO // STEELPRO SAFETY AMARILLO;SEGURIDAD;ACCESORIO SEGURIDAD;8-VARIOS;0,285;0;KG;9900;21;8840,92;;1;;;;;1;;
4;04-MAYOR A STOCK MAXIMO;1003758;ZSTO;JUNTA;MM01;0026;;RE;1;HB;2;39;0;0;0;0;C29;FILTROS/RESPUESTOS;0;KOMATSU HO;6240-11-8810;REPUESTOS;D465-7EO;9-FRAGIL;0;0;KG;0;15;0;;;;;1;;1;;
3;03-MAYOR A PUNTO DE PEDIDO;1001701;ZSTO;GUANTE NITRILO AZUL PUÑO ELASTIZADO;MR01;0314;;V1;8;HB;15;12;0;0;0;0;C28;SEGURIDAD/ROPA/EPP;42720,96;;;SEGURIDAD;GUANTE;8-VARIOS;0,113;0;KG;156,25;21;42720,91;;;;1;;;1;;
3;03-MAYOR A PUNTO DE PEDIDO;1003760;ZSTO;ALTERNADOR;MM01;0026;;RE;1;HB;2;2;0;0;0;0;C29;FILTROS/RESPUESTOS;0;KOMATSU HO;600-861-9122;REPUESTOS;D465-7EO;7-PESADO;0;0;KG;0;15;0;;;;1;;;1;;
2;02-MENOR A PUNTO DE PEDIDO;1001702;ZSTO;GUANTE SOLDADOR COSTURA KEVLAR;MR01;0314;;V1;1;HB;3;1;0;0;0;0;C28;SEGURIDAD/ROPA/EPP;4928,31;;;SEGURIDAD;GUANTE;8-VARIOS;0,265;0;KG;527;21;4928,31;;1;;;;;1;;
3;03-MAYOR A PUNTO DE PEDIDO;1003761;ZSTO;INYECTOR;MM01;0026;;RE;1;HB;6;6;6;0;0;6;C29;FILTROS/RESPUESTOS;6387264,3;KOMATSU HO;6245-11-3100;REPUESTOS;D465-7EO;9-FRAGIL;0;0;KG;0;15;6387264,3;;;;1;;;;1;
3;03-MAYOR A PUNTO DE PEDIDO;1001706;ZSTO;GUANTE LATEX USO MEDICINAL CAJA X 100 UN;MR01;0314;;V1;1;HB;3;3;0;0;0;0;C28;SEGURIDAD/ROPA/EPP;16645,26;;;SEGURIDAD;GUANTE;8-VARIOS;0,625;0;KG;1320;21;16645,27;;;;1;;;1;;
3;03-MAYOR A PUNTO DE PEDIDO;1003762;ZSTO;MOTOR DE ARRANQUE;MM01;0026;;RE;1;HB;2;2;0;0;0;0;C29;FILTROS/RESPUESTOS;0;KOMATSU HO;600-813-7153;REPUESTOS;D465-7EO;6-PESADO Y FRAGIL;0;0;KG;0;15;0;;;;1;;;1;;
3;03-MAYOR A PUNTO DE PEDIDO;1001717;ZSTO;PROTECTOR FACIAL BURBUJA INCOLORO;MR01;0314;;V1;1;HB;3;3;0;0;0;0;C28;SEGURIDAD/ROPA/EPP;43186,71;LIBUS // 3M // MSA // STEELPRO;901386 // VISOR WP96 + SOPORTE // MSA VISOR CLEAR // STEELPRO BURBUJA CLEAR;SEGURIDAD;ACCESORIO SEGURIDAD;9-FRAGIL;0,176;0;KG;6721;21;43186,72;;;;1;;;1;;
4;04-MAYOR A STOCK MAXIMO;1003765;ZSTO;SENSOR DE TEMPERATURA;MM01;0026;;RE;1;HB;2;3;0;0;0;0;C29;FILTROS/RESPUESTOS;9339,75;KOMATSU HO;6261-81-6901;REPUESTOS;D465-7EO;9-FRAGIL;0;0;KG;0;15;9339,75;;;;;1;;1;;
2;02-MENOR A PUNTO DE PEDIDO;1001726;ZSTO;SUSPENSION CREMALLERA;MR01;0314;;V1;4;HB;8;2;0;0;0;0;C28;SEGURIDAD/ROPA/EPP;8056,48;LIBUS // 3M // MSA // STEELPRO;MILENIUM // SUSPENSIÓN RATCHET H-700 // FAS-TRAC III // RATCHET STEELPRO;SEGURIDAD;ACCESORIO SEGURIDAD;8-VARIOS;0,09;0;KG;8694;21;8056,47;;1;;;;;1;;
3;03-MAYOR A PUNTO DE PEDIDO;1003766;ZSTO;SENSOR DE TEMPERATURA;MM01;0026;;RE;1;HB;2;2;0;0;0;0;C29;FILTROS/RESPUESTOS;12854,34;KOMATSU HO;6560-61-7300;REPUESTOS;D465-7EO;9-FRAGIL;0;0;KG;0;15;12854,33;;;;1;;;1;;
3;03-MAYOR A PUNTO DE PEDIDO;1001728;ZSTO;ADAPTADOR PROTECTOR FACIAL AUDITIVO;MR01;0314;;V1;1;HB;2;2;0;0;0;0;C28;SEGURIDAD/ROPA/EPP;49112,76;LIBUS // 3M // MSA // STEELPRO;902493 // ADAPTADOR VISOR PELTOR // ADAPTADOR VISOR PELTOR // UNIVERSAL STEELPRO;SEGURIDAD;ACCESORIO SEGURIDAD;9-FRAGIL;0;0;KG;2800;21;49112,77;;;;1;;;1;;
3;03-MAYOR A PUNTO DE PEDIDO;1003767;ZSTO;SENSOR;MM01;0026;;RE;1;HB;2;2;0;0;0;0;C29;FILTROS/RESPUESTOS;0;KOMATSU HO;6261-81-2700;REPUESTOS;D465-7EO;9-FRAGIL;0;0;KG;0;15;0;;;;1;;;1;;
3;03-MAYOR A PUNTO DE PEDIDO;1001753;ZSTO;BOTIN MARRON/NEGRO FLOR P.ACERO N 37;MR01;0314;;V1;1;HB;2;2;0;0;0;0;C28;SEGURIDAD/ROPA/EPP;71745,88;CONWORK // VORAN // CALZADOS A // // // //;53BAF // CRONOS N T37 // ESCORPIO PRUS 1050 T37 // RINGO MOD BOLT TALLE 37 // RINGO-MOD PUNCH TALLE 37 // SKIWAY MOD. 3243 T37 // 3305 T37;SEGURIDAD;CALZADO;8-VARIOS;1,23;0;KG;12057,5;21;71745,88;;;;1;;;1;;
4;04-MAYOR A STOCK MAXIMO;1003768;ZSTO;SENSOR DE TEMPERATURA;MM01;0026;;RE;1;HB;2;3;0;0;0;0;C29;FILTROS/RESPUESTOS;0;KOMATSU HO;6215-11-8281;REPUESTOS;D465-7EO;9-FRAGIL;0;0;KG;0;15;0;;;;;1;;1;;
4;04-MAYOR A STOCK MAXIMO;1001754;ZSTO;BOTIN MARRON/NEGRO FLOR P.ACERO N 38;MR01;0314;;V1;4;HB;8;16;0;0;0;0;C28;SEGURIDAD/ROPA/EPP;486201,12;CONWORK // VORAN // CALZADOS A // // // // BORIS;53BAF // CRONOS N T38 // ESCORPIO PRUS 1050 T38 // RINGO MOD BOLT TALLE 38 // RINGO-MOD PUNCH TALLE 38 // SKIWAY MOD. 3243 T38 // 3305 T38;SEGURIDAD;CALZADO;8-VARIOS;1,167;0;KG;11934;21;486201,03;;;;;1;;1;;
3;03-MAYOR A PUNTO DE PEDIDO;1003769;ZSTO;RETEN;MM01;0026;;RE;1;HB;2;2;0;0;0;0;C29;FILTROS/RESPUESTOS;8476,8;KOMATSU HO;6162-13-6440;REPUESTOS;D465-7EO;8-VARIOS;0;0;KG;0;15;8476,79;;;;1;;;1;;
3;03-MAYOR A PUNTO DE PEDIDO;1001755;ZSTO;BOTIN MARRON/NEGRO FLOR P.ACERO N 39;MR01;0314;;V1;2;HB;5;5;0;0;0;0;C28;SEGURIDAD/ROPA/EPP;172441,7;CONWORK // VORAN // CALZADOS A // // // // BORIS;53BAF // CRONOS N T39 // ESCORPIO PRUS 1050 T39 // RINGO MOD BOLT TALLE 39 // RINGO-MOD PUNCH TALLE 39 // SKIWAY MOD. 3243 T39 // 3305 T39;SEGURIDAD;CALZADO;8-VARIOS;1,3;0;KG;12521,25;21;172441,71;;;;1;;;1;;
3;03-MAYOR A PUNTO DE PEDIDO;1003770;ZSTO;SENSOR;MM01;0026;;RE;1;HB;2;2;0;0;0;0;C29;FILTROS/RESPUESTOS;75889,8;KOMATSU HO;6219-81-1961;REPUESTOS;D465-7EO;9-FRAGIL;0;0;KG;0;15;75889,8;;;;1;;;1;;
4;04-MAYOR A STOCK MAXIMO;1001756;ZSTO;BOTIN MARRON/NEGRO FLOR P.ACERO N 40;MR01;0314;;V1;4;HB;8;16;0;0;0;0;C28;SEGURIDAD/ROPA/EPP;581166,24;CONWORK // VORAN // CALZADOS A // // // // BORIS;53BAF // CRONOS N T40 // ESCORPIO PRUS 1050 T40 // RINGO MOD BOLT TALLE 40 // RINGO-MOD PUNCH TALLE 40 // SKIWAY MOD. 3243 T40 // 3305 T40;SEGURIDAD;CALZADO;8-VARIOS;1,25;0;KG;11934;21;581166,3;;;;;1;;1;;
3;03-MAYOR A PUNTO DE PEDIDO;1003771;ZSTO;SENSOR;MM01;0026;;RE;1;HB;2;2;0;0;0;0;C29;FILTROS/RESPUESTOS;26239,5;KOMATSU HO;6261-81-2903;REPUESTOS;D465-7EO;8-VARIOS;0;0;KG;0;15;26239,5;;;;1;;;1;;
4;04-MAYOR A STOCK MAXIMO;1001757;ZSTO;BOTIN MARRON/NEGRO FLOR P.ACERO N 41;MR01;0314;;V1;4;HB;8;26;0;0;0;0;C28;SEGURIDAD/ROPA/EPP;943866,04;CONWORK // VORAN // CALZADOS A // // // // BORIS;53BAF // CRONOS N T41 // ESCORPIO PRUS 1050 T41 // RINGO MOD BOLT TALLE 41 // RINGO-MOD PUNCH TALLE 41 // SKIWAY MOD. 3243 T41 // 3305 T41;SEGURIDAD;CALZADO;8-VARIOS;1,296;0;KG;11934;21;943866,04;;;;;1;;1;;
4;04-MAYOR A STOCK MAXIMO;1003772;ZSTO;TERMOSTATO;MM01;0026;;RE;1;HB;2;4;0;0;0;0;C29;FILTROS/RESPUESTOS;0;KOMATSU HO;6212-65-2610;REPUESTOS;D465-7EO;8-VARIOS;0;0;KG;0;15;0;;;;;1;;1;;
4;04-MAYOR A STOCK MAXIMO;1001758;ZSTO;BOTIN MARRON/NEGRO FLOR P.ACERO N 42;MR01;0314;;V1;4;HB;8;34;0;0;0;0;C28;SEGURIDAD/ROPA/EPP;1180386,5;CONWORK // VORAN // CALZADOS A // // // // BORIS;53BAF // CRONOS N T42 // ESCORPIO PRUS 1050 T42 // RINGO MOD BOLT TALLE 42 // RINGO-MOD PUNCH TALLE 42 // SKIWAY MOD. 3243 T42 // 3305 T42;SEGURIDAD;CALZADO;8-VARIOS;1,392;0;KG;12163,5;21;1180386,63;;;;;1;;1;;
2;02-MENOR A PUNTO DE PEDIDO;1003773;ZSTO;SENSOR;MM01;0026;;RE;1;HB;2;1;0;0;0;0;C29;FILTROS/RESPUESTOS;148669;KOMATSU HO;ND499000-6160;REPUESTOS;D465-7EO;9-FRAGIL;0;0;KG;0;15;148669;;1;;;;;1;;
4;04-MAYOR A STOCK MAXIMO;1001759;ZSTO;BOTIN MARRON/NEGRO FLOR P.ACERO N 43;MR01;0314;;V1;4;HB;8;27;0;0;0;0;C28;SEGURIDAD/ROPA/EPP;929325,15;CONWORK // VORAN // CALZADOS A // // // // BORIS;53BAF // CRONOS N T43 // ESCORPIO PRUS 1050 T43 // RINGO MOD BOLT TALLE 43 // RINGO-MOD PUNCH TALLE 43 // SKIWAY MOD. 3243 T43 // 3305 T43;SEGURIDAD;CALZADO;8-VARIOS;1,539;0;KG;13329,36;21;929325,15;;;;;1;;1;;
4;04-MAYOR A STOCK MAXIMO;1003774;ZSTO;FITRO DE COMBUSTIBLE;MM01;0026;;RE;1;HB;2;4;0;0;0;0;F06;FILTRO COMBUSTIBLE;0;KOMATSU HO;600-311-3230;REPUESTOS;D465-7EO;8-VARIOS;0;0;KG;0;15;0;;;;;1;;1;;
4;04-MAYOR A STOCK MAXIMO;1001760;ZSTO;BOTINMARRON/NEGRO FLOR P.ACERO N 44;MR01;0314;;V1;4;HB;8;10;0;0;0;0;C28;SEGURIDAD/ROPA/EPP;293099,2;CONWORK // VORAN // CALZADOS A // // // BORIS;53BAF // CRONOS N T44 // ESCORPIO PRUS 1050 T44 // RINGO MOD BOLT TALLE 44 // RINGO-MOD PUNCH TALLE 44 // 3305 T44;SEGURIDAD;CALZADO;8-VARIOS;1,365;0;KG;11934;21;293099,24;;;;;1;;1;;
3;03-MAYOR A PUNTO DE PEDIDO;1001761;ZSTO;BOTIN MARRON/NEGRO FLOR P.ACERO N 45;MR01;0314;;V1;2;HB;5;3;0;0;0;0;C28;SEGURIDAD/ROPA/EPP;84420,87;CONWORK // VORAN // CALZADOS A // // // // BORIS;53BAF // CRONOS N T45 // ESCORPIO PRUS 1050 T45 // RINGO MOD BOLT TALLE 45 // RINGO-MOD PUNCH TALLE 45 // SKIWAY MOD. 3243 T45 // 3305 T45;SEGURIDAD;CALZADO;8-VARIOS;1,455;0;KG;12163,5;21;84420,88;;;;1;;;1;;
3;03-MAYOR A PUNTO DE PEDIDO;1003778;ZSTO;JUEGO DE JUNTA;MM01;0026;;RE;1;HB;2;2;0;0;0;0;C29;FILTROS/RESPUESTOS;0;KOMATSU HO;707-99-73800;REPUESTOS;D465-7EO;9-FRAGIL;0;0;KG;0;15;0;;;;1;;;1;;
3;03-MAYOR A PUNTO DE PEDIDO;1001762;ZSTO;BOTIN MARRON/NEGRO FLOR P.ACERO N 46;MR01;0314;;V1;2;HB;5;4;0;0;0;0;C28;SEGURIDAD/ROPA/EPP;86524,52;CONWORK // VORAN // CALZADOS A // // // // BORIS;53BAF // CRONOS N T46 // ESCORPIO PRUS 1050 T46 // RINGO MOD BOLT TALLE 46 // RINGO-MOD PUNCH TALLE 46 // SKIWAY MOD. 3243 // 3305 T46;SEGURIDAD;CALZADO;8-VARIOS;1,75;0;KG;9306;21;86524,52;;;;1;;;1;;
3;03-MAYOR A PUNTO DE PEDIDO;1003779;ZSTO;JUEGA DE JUNTA;MM01;0026;;RE;1;HB;2;2;0;0;0;0;C29;FILTROS/RESPUESTOS;0;KOMATSU HO;707-98-26901;REPUESTOS;D465-7EO;9-FRAGIL;0;0;KG;0;15;0;;;;1;;;1;;
3;03-MAYOR A PUNTO DE PEDIDO;1001773;ZSTO;CHALECOMICROPERFAMARILLOCONREFLECTIVO;MR01;0314;;V1;95;HB;165;126;0;0;0;0;C28;SEGURIDAD/ROPA/EPP;185330,88;;;SEGURIDAD;INDUMENTARIA;8-VARIOS;0,06;0;KG;230;21;185331,22;;;;1;;;1;;
3;03-MAYOR A PUNTO DE PEDIDO;1003780;ZSTO;SENSOR;MM01;0026;;RE;1;HB;2;2;0;0;0;0;C29;FILTROS/RESPUESTOS;132405;KOMATSU HO;7861-93-4520;REPUESTOS;D465-7EO;9-FRAGIL;0;0;KG;0;15;132405;;;;1;;;1;;
3;03-MAYOR A PUNTO DE PEDIDO;1003781;ZSTO;SENSOR;MM01;0026;;RE;1;HB;2;2;0;0;0;0;C29;FILTROS/RESPUESTOS;0;KOMATSU HO;569-06-83410;REPUESTOS;D465-7EO;9-FRAGIL;0;0;KG;0;15;0;;;;1;;;1;;
3;03-MAYOR A PUNTO DE PEDIDO;1003782;ZSTO;SENSOR;MM01;0026;;RE;1;HB;2;2;0;0;0;0;C29;FILTROS/RESPUESTOS;0;KOMATSU HO;421-06-35121;REPUESTOS;D465-7EO;9-FRAGIL;0;0;KG;0;15;0;;;;1;;;1;;
3;03-MAYOR A PUNTO DE PEDIDO;1003783;ZSTO;SENSOR DE TEMPERATURA;MM01;0026;;RE;1;HB;2;2;0;0;0;0;C29;FILTROS/RESPUESTOS;38923,5;KOMATSU HO;7861-93-3320;REPUESTOS;D465-7EO;9-FRAGIL;0;0;KG;0;15;38923,5;;;;1;;;1;;
3;03-MAYOR A PUNTO DE PEDIDO;1003784;ZSTO;SENSOR;MM01;0026;;RE;1;HB;2;2;0;0;0;0;C29;FILTROS/RESPUESTOS;0;KOMATSU HO;561-15-74660;REPUESTOS;D465-7EO;9-FRAGIL;0;0;KG;0;15;0;;;;1;;;1;;
4;04-MAYOR A STOCK MAXIMO;1003785;ZSTO;SENSOR;MM01;0026;;RE;1;HB;2;3;0;0;0;0;C29;FILTROS/RESPUESTOS;0;KOMATSU HO;7861-93-2330;REPUESTOS;D465-7EO;9-FRAGIL;0;0;KG;0;15;0;;;;;1;;1;;
3;03-MAYOR A PUNTO DE PEDIDO;1003786;ZSTO;SENSOR;MM01;0026;;RE;1;HB;2;2;0;0;0;0;C29;FILTROS/RESPUESTOS;0;KOMATSU HO;566-88-66141;REPUESTOS;D465-7EO;9-FRAGIL;0;0;KG;0;15;0;;;;1;;;1;;
3;03-MAYOR A PUNTO DE PEDIDO;1003787;ZSTO;SENSOR;MM01;0026;;RE;1;HB;2;2;0;0;0;0;C29;FILTROS/RESPUESTOS;566575,34;KOMATSU HO;7861-93-1620;REPUESTOS;D465-7EO;9-FRAGIL;0;0;KG;0;15;566575,33;;;;1;;;1;;
3;03-MAYOR A PUNTO DE PEDIDO;1003788;ZSTO;SENSOR;MM01;0026;;RE;1;HB;2;2;0;0;0;0;C29;FILTROS/RESPUESTOS;0;KOMATSU HO;7861-93-1930;REPUESTOS;D465-7EO;9-FRAGIL;0;0;KG;0;15;0;;;;1;;;1;;
3;03-MAYOR A PUNTO DE PEDIDO;1003789;ZSTO;SENSOR DE PRESION;MM01;0026;;RE;1;HB;2;2;0;0;0;0;C29;FILTROS/RESPUESTOS;0;KOMATSU HO;7861-93-1653;REPUESTOS;D465-7EO;9-FRAGIL;0;0;KG;0;15;0;;;;1;;;1;;
3;03-MAYOR A PUNTO DE PEDIDO;1003791;ZSTO;SENSOR DE TEMPERATURA;MM01;0026;;RE;1;HB;2;2;0;0;0;0;C29;FILTROS/RESPUESTOS;0;KOMATSU HO;7861-93-3520;REPUESTOS;D465-7EO;9-FRAGIL;0;0;KG;0;15;0;;;;1;;;1;;
3;03-MAYOR A PUNTO DE PEDIDO;1003792;ZSTO;SENSOR;MM01;0026;;RE;1;HB;2;2;0;0;0;0;C29;FILTROS/RESPUESTOS;0;KOMATSU HO;7861-93-4520;REPUESTOS;D465-7EO;9-FRAGIL;0;0;KG;0;15;0;;;;1;;;1;;
4;04-MAYOR A STOCK MAXIMO;1003793;ZSTO;SENSOR;MM01;0026;;RE;1;HB;2;4;0;0;0;0;C29;FILTROS/RESPUESTOS;0;KOMATSU HO;7861-93-8711;REPUESTOS;D465-7EO;9-FRAGIL;0;0;KG;0;15;0;;;;;1;;1;;
4;04-MAYOR A STOCK MAXIMO;1003794;ZSTO;LAMPARA;MM01;0026;;RE;1;HB;2;6;0;0;0;0;C29;FILTROS/RESPUESTOS;6079,5;KOMATSU HO;421-06-23330;REPUESTOS;D465-7EO;9-FRAGIL;0;0;KG;0;15;6079,5;;;;;1;;1;;
4;04-MAYOR A STOCK MAXIMO;1003795;ZSTO;LAMPARA;MM01;0026;;RE;1;HB;2;6;0;0;0;0;C29;FILTROS/RESPUESTOS;1916,28;KOMATSU HO;08105-12420;REPUESTOS;D465-7EO;9-FRAGIL;0;0;KG;0;15;1916,25;;;;;1;;1;;
4;04-MAYOR A STOCK MAXIMO;1003796;ZSTO;LAMPARA;MM01;0026;;RE;1;HB;2;6;0;0;0;0;C29;FILTROS/RESPUESTOS;0;KOMATSU HO;08104-12420;REPUESTOS;D465-7EO;9-FRAGIL;0;0;KG;0;15;0;;;;;1;;1;;
4;04-MAYOR A STOCK MAXIMO;1003797;ZSTO;LAMPARA;MM01;0026;;RE;1;HB;2;5;0;0;0;0;C29;FILTROS/RESPUESTOS;0;KOMATSU HO;08110-12410;REPUESTOS;D465-7EO;9-FRAGIL;0;0;KG;0;15;0;;;;;1;;1;;
4;04-MAYOR A STOCK MAXIMO;1003798;ZSTO;LAMPARA;MM01;0026;;RE;1;HB;2;6;0;0;0;0;C29;FILTROS/RESPUESTOS;0;KOMATSU HO;41G-06-13230;REPUESTOS;D465-7EO;9-FRAGIL;0;0;KG;0;15;0;;;;;1;;1;;
4;04-MAYOR A STOCK MAXIMO;1003799;ZSTO;LAMAPARA;MM01;0026;;RE;1;HB;2;6;0;0;0;0;C29;FILTROS/RESPUESTOS;0;KOMATSU HO;08102-02403;REPUESTOS;D465-7EO;9-FRAGIL;0;0;KG;0;15;0;;;;;1;;1;;
3;03-MAYOR A PUNTO DE PEDIDO;1003800;ZSTO;ESCOBILLA;MM01;0026;;RE;1;HB;2;2;0;0;0;0;C29;FILTROS/RESPUESTOS;0;KOMATSU HO;569-54-83240;REPUESTOS;D465-7EO;8-VARIOS;0;0;KG;0;15;0;;;;1;;;1;;
4;04-MAYOR A STOCK MAXIMO;1003804;ZSTO;RELAY;MM01;0026;;RE;1;HB;2;19;0;0;0;0;C29;FILTROS/RESPUESTOS;0;KOMATSU HO;569-06-61960;REPUESTOS;D465-7EO;9-FRAGIL;0;0;KG;0;15;0;;;;;1;;1;;
4;04-MAYOR A STOCK MAXIMO;1003805;ZSTO;RELAY 24V;MM01;0026;;RE;1;HB;2;6;0;0;0;0;C29;FILTROS/RESPUESTOS;182714,88;KOMATSU HO;569-06-61970;REPUESTOS;D465-7EO;9-FRAGIL;0;0;KG;0;15;182714,88;;;;;1;;1;;
3;03-MAYOR A PUNTO DE PEDIDO;1003807;ZSTO;SWITS;MM01;0026;;RE;1;HB;2;2;0;0;0;0;C29;FILTROS/RESPUESTOS;0;KOMATSU HO;600-815-2690;REPUESTOS;D465-7EO;9-FRAGIL;0;0;KG;0;15;0;;;;1;;;1;;
4;04-MAYOR A STOCK MAXIMO;1003808;ZSTO;CIRCUIT BREAKER;MM01;0026;;RE;1;HB;2;4;0;0;0;0;C29;FILTROS/RESPUESTOS;0;KOMATSU HO;198-06-62830;REPUESTOS;D465-7EO;8-VARIOS;0;0;KG;0;15;0;;;;;1;;1;;
4;04-MAYOR A STOCK MAXIMO;1003809;ZSTO;RELAY;MM01;0026;;RE;1;HB;2;4;0;0;0;0;C29;FILTROS/RESPUESTOS;0;KOMATSU HO;561-06-61510;REPUESTOS;D465-7EO;9-FRAGIL;0;0;KG;0;15;0;;;;;1;;1;;
4;04-MAYOR A STOCK MAXIMO;1003810;ZSTO;JUEGO DE JUNTAS;MM01;0026;;RE;1;HB;2;4;0;0;0;0;C29;FILTROS/RESPUESTOS;0;KOMATSU HO;566-32-05211;REPUESTOS;D465-7EO;9-FRAGIL;0;0;KG;0;15;0;;;;;1;;1;;
3;03-MAYOR A PUNTO DE PEDIDO;1003811;ZSTO;FARO;MM01;0026;;RE;1;HB;2;2;0;0;0;0;C29;FILTROS/RESPUESTOS;0;KOMATSU HO;421-06-23350;REPUESTOS;D465-7EO;9-FRAGIL;0;0;KG;0;15;0;;;;1;;;1;;
4;04-MAYOR A STOCK MAXIMO;1003812;ZSTO;FARO;MM01;0026;;RE;1;HB;2;3;0;0;0;0;C29;FILTROS/RESPUESTOS;0;KOMATSU HO;566-06-6A310;REPUESTOS;D465-7EO;9-FRAGIL;0;0;KG;0;15;0;;;;;1;;1;;
4;04-MAYOR A STOCK MAXIMO;1003813;ZSTO;LAMPARA;MM01;0026;;RE;1;HB;2;3;0;0;0;0;C29;FILTROS/RESPUESTOS;0;KOMATSU HO;561-86-87420;REPUESTOS;D465-7EO;9-FRAGIL;0;0;KG;0;15;0;;;;;1;;1;;
2;02-MENOR A PUNTO DE PEDIDO;1003814;ZSTO;LAMPARA;MM01;0026;;RE;1;HB;2;1;0;0;0;0;C29;FILTROS/RESPUESTOS;0;KOMATSU HO;561-86-87410;REPUESTOS;D465-7EO;9-FRAGIL;0;0;KG;0;15;0;;1;;;;;1;;
3;03-MAYOR A PUNTO DE PEDIDO;1003815;ZSTO;LAMAPARA;MM01;0026;;RE;1;HB;2;2;0;0;0;0;C29;FILTROS/RESPUESTOS;0;KOMATSU HO;561-86-87430;REPUESTOS;D465-7EO;9-FRAGIL;0;0;KG;0;15;0;;;;1;;;1;;
4;04-MAYOR A STOCK MAXIMO;1003816;ZSTO;FARO;MM01;0026;;RE;1;HB;2;5;0;0;0;0;C29;FILTROS/RESPUESTOS;0;KOMATSU HO;566-06-14340;REPUESTOS;D465-7EO;9-FRAGIL;0;0;KG;0;15;0;;;;;1;;1;;
4;04-MAYOR A STOCK MAXIMO;1001861;ZSTO;TALONARIOREMITO R CUADRUPLICADOX25H.;MR01;0314;;V1;1;HB;3;5;0;0;0;0;C17;INSUMOS A;95202,4;;;LIBRERIA;TALONARIOS;8-VARIOS;0,529;0;KG;709,5;21;95202,39;;;;;1;;1;;
4;04-MAYOR A STOCK MAXIMO;1003817;ZSTO;FARO;MM01;0026;;RE;1;HB;2;3;0;0;0;0;C29;FILTROS/RESPUESTOS;0;KOMATSU HO;566-06-14350;REPUESTOS;D465-7EO;9-FRAGIL;0;0;KG;0;15;0;;;;;1;;1;;
4;04-MAYOR A STOCK MAXIMO;1001862;ZSTO;TALONARIO REMITO X TRIPLICADO X 25 H.;MR01;0314;;V1;1;HB;3;6;0;0;0;0;C17;INSUMOS A;70878,24;;;LIBRERIA;TALONARIOS;8-VARIOS;0,407;0;KG;677,25;21;70878,23;;;;;1;;1;;
4;04-MAYOR A STOCK MAXIMO;1003820;ZSTO;BREATHER;MM01;0026;;RE;1;HB;2;3;0;0;0;0;C29;FILTROS/RESPUESTOS;0;KOMATSU HO;566-60-15362;REPUESTOS;D465-7EO;8-VARIOS;0;0;KG;0;15;0;;;;;1;;1;;
3;03-MAYOR A PUNTO DE PEDIDO;1001866;ZSTO;MARCADOR INDUSTRIAL-NEGROXUN;MR01;0314;;V1;3;HB;6;6;0;0;0;0;C17;INSUMOS A;17014,02;UNIPAINT;MÚLT. 10U;LIBRERIA;ESCRITURA;8-VARIOS;0,023;0;KG;10,99;15;17014;;;;1;;;1;;
2;02-MENOR A PUNTO DE PEDIDO;1003824;ZSTO;ESPEJO;MM01;0026;;RE;1;HB;2;1;0;0;0;0;C29;FILTROS/RESPUESTOS;688236,96;KOMATSU HO;23W-P86-2890;REPUESTOS;D465-7EO;9-FRAGIL;0;0;KG;0;15;688236,96;;1;;;;;1;;
3;03-MAYOR A PUNTO DE PEDIDO;1001867;ZSTO;MARCADOR INDUSTRIAL-BLANCOXUN;MR01;0314;;V1;3;HB;6;5;0;0;0;0;C17;INSUMOS A;14136,7;UNIPAINT;MÚLT. 10U;LIBRERIA;ESCRITURA;8-VARIOS;0,023;0;KG;10,99;15;14136,7;;;;1;;;1;;
2;02-MENOR A PUNTO DE PEDIDO;1003825;ZSTO;VIDRIO DE CABINA;MM01;0026;;RE;1;HB;2;1;0;0;0;0;C29;FILTROS/RESPUESTOS;0;KOMATSU HO;581-06-16431;REPUESTOS;D465-7EO;6-PESADO Y FRAGIL;0;0;KG;0;15;0;;1;;;;;1;;
2;02-MENOR A PUNTO DE PEDIDO;1001869;ZSTO;MARCADORINDUSTRIAL-AMARILLOXUN;MR01;0314;;V1;3;HB;6;3;0;0;0;0;C17;INSUMOS A;8417,85;UNIPAINT;MÚLT. 10U;LIBRERIA;ESCRITURA;8-VARIOS;0,023;0;KG;10,99;15;8417,85;;1;;;;;1;;
3;03-MAYOR A PUNTO DE PEDIDO;1003826;ZSTO;ALARMA DE RETROCESO;MM01;0026;;RE;1;HB;2;2;0;0;0;0;C29;FILTROS/RESPUESTOS;0;KOMATSU HO;08164-B0000;REPUESTOS;D465-7EO;8-VARIOS;1,311;0;KG;2695;15;0;;;;1;;;1;;
4;04-MAYOR A STOCK MAXIMO;1003827;ZSTO;MOTOR DE VENTILADOR;MM01;0026;;RE;1;HB;2;4;0;0;0;0;C29;FILTROS/RESPUESTOS;0;KOMATSU HO;569-74-61520;REPUESTOS;D465-7EO;6-PESADO Y FRAGIL;0;0;KG;0;15;0;;;;;1;;1;;
3;03-MAYOR A PUNTO DE PEDIDO;1001871;ZSTO;RESMA DE HOJA A4 70GR. X UN;MR01;0314;;V1;8;HB;25;10;0;0;0;0;C17;INSUMOS A;40800,2;;;LIBRERIA;PAPEL;7-PESADO;2,27;0;KG;3150;15;40800,25;;;;1;;;1;;
2;02-MENOR A PUNTO DE PEDIDO;1001878;ZSTO;CINTA DE ENMASCARAR 48MM X ROLLO;MR01;0314;;V1;2;HB;5;1;0;0;0;0;C17;INSUMOS A;0;SCOTCH;;LIBRERIA;CINTAS ADHESIVAS;8-VARIOS;0,177;0;KG;474,925;15;14328,91;;1;;;;;1;;
3;03-MAYOR A PUNTO DE PEDIDO;1003837;ZSTO;BARRA3700;MM01;0026;;V1;8;HB;15;12;0;0;0;0;C29;FILTROS/RESPUESTOS;16643073,72;;90515311T51-RND54SP;DESGASTE;?;?;53;0;KG;14501305;20;16643073,71;;;;1;;;1;;
3;03-MAYOR A PUNTO DE PEDIDO;1001881;ZSTO;MARCADOR INDUSTRIAL - ROJO UNIPAINT X UN;MR01;0314;;V1;3;HB;6;4;0;0;0;0;C17;INSUMOS A;11368,44;UNIPAINT;MÚLT. 10U;LIBRERIA;ESCRITURA;8-VARIOS;0,023;0;KG;10,99;15;11368,43;;;;1;;;1;;
3;03-MAYOR A PUNTO DE PEDIDO;1003865;ZSTO;GRAMPA DE ELASTICO;MM01;0026;;V1;3;HB;6;6;0;0;0;0;C29;FILTROS/RESPUESTOS;882044,94;CNH;42050261;REPUESTOS;IVECO TRAKKER T380;7-PESADO;3,644;0;KG;2414,25;15;882044,91;;;;1;;;1;;
2;02-MENOR A PUNTO DE PEDIDO;1001887;ZSTO;BOLSAS RESIDUOS XUN 102X130 AMARILLA;MR01;0314;;V1;13;HB;23;9;0;0;0;0;C17;INSUMOS A;8294,85;;;LIMPIEZA;LIMPIEZA /SEGURIDAD;8-VARIOS;0,195;0;KG;1534;45;8294,87;;1;;;;;1;;
3;03-MAYOR A PUNTO DE PEDIDO;1003866;ZSTO;TUERCA GRAMPA ELASTICO;MM01;0026;;V1;6;HB;12;12;0;0;0;0;C29;FILTROS/RESPUESTOS;171792;CNH // CNH;41225645 // 42035579;REPUESTOS;IVECO TRAKKER T380;7-PESADO;0,21;0;KG;56;15;171792,03;;;;1;;;1;;
2;02-MENOR A PUNTO DE PEDIDO;1001888;ZSTO;BOLSAS RESIDUOS XUN 102X130 NEGRA;MR01;0314;;V1;34;HB;60;22;0;0;0;0;C17;INSUMOS A;17389,02;;;LIMPIEZA;LIMPIEZA /SEGURIDAD;8-VARIOS;0,195;0;KG;1534;45;17389,13;;1;;;;;1;;
3;03-MAYOR A PUNTO DE PEDIDO;1003869;ZSTO;BULON CENTRO ELASTICO TRAKKER 380T;MM01;0026;;V1;1;HB;3;2;0;0;0;0;C29;FILTROS/RESPUESTOS;41159,2;CNH;42122596;REPUESTOS;IVECO TRAKKER T380;7-PESADO;0,53;0;KG;206,25;15;41159,2;;;;1;;;1;;
3;03-MAYOR A PUNTO DE PEDIDO;1001890;ZSTO;ABSORBENTE MINERAL DE HIDROCARBUROS X KG;MR01;0314;;V1;200;HB;330;240;0;0;0;0;C17;INSUMOS A;133279,2;;MÚLT. 10/20/30 KG;SEGURIDAD;ABSORVENTE;7-PESADO;20,07;0;KG;2125;15;133278,49;;;;1;;;1;;
3;03-MAYOR A PUNTO DE PEDIDO;1003870;ZSTO;TUERCA P CENTRO ELASTICO;MM01;0026;;V1;1;HB;3;3;0;0;0;0;C29;FILTROS/RESPUESTOS;7579,44;CNH;17039031;REPUESTOS;IVECO TRAKKER T380;7-PESADO;0,03;0;KG;4;15;7579,44;;;;1;;;1;;
4;04-MAYOR A STOCK MAXIMO;1001892;ZSTO;BOLSAS RESIDUOS XUN 102X130ROJA100MICXUN;MR01;0314;;V1;34;HB;60;76;0;0;0;0;C17;INSUMOS A;71873,96;;;LIMPIEZA;LIMPIEZA /SEGURIDAD;8-VARIOS;0,195;0;KG;1534;20;71874,18;;;;;1;;1;;
3;03-MAYOR A PUNTO DE PEDIDO;1003904;ZSTO;SUPLEMENTO GUIA;MM01;0026;;V1;6;HB;12;9;0;0;0;0;C29;FILTROS/RESPUESTOS;250717,59;CATERPILLA // // CATERPILLA;5T8366 // 4461524 // 4461524;REPUESTOS;CAT 140H;7-PESADO;0,89;0;KG;300;25;250717,61;;;;1;;;1;;
2;02-MENOR A PUNTO DE PEDIDO;1001898;ZSTO;BOBINA DE PAPEL 25 X 400MTS X UN;MR01;0314;;V1;4;HB;8;3;0;0;0;0;C17;INSUMOS A;0;ELEGANTE // ELITE;1003 (MÚLT. 2U) // 6264;LIMPIEZA;INSUMOS;8-VARIOS;3,25;0;KG;15844,44;15;67725;;1;;;;;1;;
4;04-MAYOR A STOCK MAXIMO;1003905;ZSTO;SUPLEMENTO CIRC.;MM01;0026;;V1;7;HB;14;15;0;0;0;0;C29;FILTROS/RESPUESTOS;162772,35;CATERPILLA //;1289654 // 3807417;REPUESTOS;CAT 140H;8-VARIOS;0,12;0;KG;216;20;162772,4;;;;;1;;1;;
2;02-MENOR A PUNTO DE PEDIDO;1001900;ZSTO;TRAPO DE PISO;MR01;0314;;V1;17;HB;30;11;0;0;0;0;C17;INSUMOS A;0;;;LIMPIEZA;INSUMOS;8-VARIOS;0;0;KG;0;15;33000;;1;;;;;1;;
3;03-MAYOR A PUNTO DE PEDIDO;1003953;ZSTO;BATERIA 12V 75AMP;MM01;0026;;V1;1;HB;2;2;0;0;0;0;C03;EQUIPOS;278322,84;MOURA;M30LD;REPUESTOS;hilux 2017 en adelante;7-PESADO;16,5;0;KG;9044;15;278322,84;;;;1;;;1;;
2;02-MENOR A PUNTO DE PEDIDO;1001906;ZSTO;INSECTICIDA MATA MOSCAS Y MOSQ. X360CC;MR01;0314;;V1;8;HB;15;5;0;0;0;0;C17;INSUMOS A;0;;;LIMPIEZA;INSUMOS;8-VARIOS;0,315;0;KG;649,98;21;34500;;1;;;;;1;;
2;02-MENOR A PUNTO DE PEDIDO;1003954;ZSTO;BATERIA 12V 180AMP;MM01;0026;;V1;5;HB;9;4;0;0;0;0;C29;FILTROS/RESPUESTOS;920846,72;;25 PLACAS POR ELEMENTO;REPUESTOS;MAQUINARIA PESADA;7-PESADO;43;0;KG;23126,475;15;920846,7;;1;;;;;1;;
4;04-MAYOR A STOCK MAXIMO;1001909;ZSTO;LUSTRAMUEBLES X360ML;MR01;0314;;V1;3;HB;6;7;0;0;0;0;C17;INSUMOS A;0;;;LIMPIEZA;INSUMOS;8-VARIOS;0,43;0;KG;649,98;15;29900;;;;;1;;1;;
3;03-MAYOR A PUNTO DE PEDIDO;1003957;ZSTO;BATERIA 12V 110 AMP  318X162X220;MM01;0026;;V1;5;HB;9;6;0;0;0;0;C29;FILTROS/RESPUESTOS;1189651,74;MOURA;ME100HA;REPUESTOS;BOMAG;7-PESADO;24,5;0;KG;11781;15;1189651,74;;;;1;;;1;;
2;02-MENOR A PUNTO DE PEDIDO;1001915;ZSTO;REJILLA DE COCINA;MR01;0314;;V1;17;HB;30;17;0;0;0;0;C17;INSUMOS A;0;;;LIMPIEZA;INSUMOS;8-VARIOS;0;0;KG;0;15;15300;;1;;;;;1;;
3;03-MAYOR A PUNTO DE PEDIDO;1003986;ZSTO;ESCOBILLA LIMPIA PARABRISAS;MM01;0026;;RE;1;HB;2;2;0;0;0;0;C29;FILTROS/RESPUESTOS;20186,3;;6v7419;REPUESTOS;CAT 390 D;8-VARIOS;0;0;KG;0;15;20186,31;;;;1;;;1;;
2;02-MENOR A PUNTO DE PEDIDO;1001917;ZSTO;ESCOBILLON PLASTICO SIN CABO;MR01;0314;;V1;1;HB;2;1;0;0;0;0;C17;INSUMOS A;0;;;LIMPIEZA;INSUMOS;8-VARIOS;0;0;KG;0;15;14700;;1;;;;;1;;
3;03-MAYOR A PUNTO DE PEDIDO;1003995;ZSTO;TENSOR CORREA DISTRIBUCION6;MM01;0026;;RE;1;HB;2;2;0;0;0;0;C29;FILTROS/RESPUESTOS;541804,3;;159284;REPUESTOS;TORRE WACKER;8-VARIOS;0,29;0;KG;294;15;541804,29;;;;1;;;1;;
4;04-MAYOR A STOCK MAXIMO;1001927;ZSTO;DISCO CORTE 178X1.6X22 SECUR EXTRA  x UN;MR01;0314;;V1;5;HB;9;43;0;0;0;0;C27;FERRETERIA MR01;0;TYROLIT;178X16X222;FERRETERIA;ABRASIVOS/DISCOS;6-PESADO Y FRAGIL;0,095;0;KG;50,868;15;202250,77;;;;;1;;1;;
3;03-MAYOR A PUNTO DE PEDIDO;1004009;ZSTO;LAMPARA 12V-10W X UN;MM01;0026;;V1;8;HB;15;13;0;0;0;0;C29;FILTROS/RESPUESTOS;427,7;;BA15S;REPUESTOS;ELECTRICIDAD AUTOMOTOR;9-FRAGIL;0,005;0;KG;10,996;15;427,65;;;;1;;;1;;
4;04-MAYOR A STOCK MAXIMO;1001928;ZSTO;DISCO C D O A 178X3.2X22.2 SECUR x UN;MR01;0314;;V1;3;HB;6;21;0;0;0;0;C27;FERRETERIA MR01;52931,97;TYROLIT;178X32X222;FERRETERIA;ABRASIVOS/DISCOS;6-PESADO Y FRAGIL;0,17;0;KG;152,604;15;52932,05;;;;;1;;1;;
4;04-MAYOR A STOCK MAXIMO;1004011;ZSTO;LAMPARA 12V-5W S CULOTE X UN;MM01;0026;;V1;13;HB;23;24;0;0;0;0;C03;EQUIPOS;11402,16;;PHILIPS-OSRAM;REPUESTOS;ELECTRICIDAD AUTOMOTOR;9-FRAGIL;0,001;0;KG;1,257;15;11402,14;;;;;1;;1;;
4;04-MAYOR A STOCK MAXIMO;1001929;ZSTO;DISCO 178X4,8X22,23TYROLIT OASECUR XUN;MR01;0314;;V1;5;HB;9;13;0;0;0;0;C27;FERRETERIA MR01;51469,86;TYROLIT;178X48X222;FERRETERIA;ABRASIVOS/DISCOS;6-PESADO Y FRAGIL;3,69;0;KG;127,17;15;51469,83;;;;;1;;1;;
4;04-MAYOR A STOCK MAXIMO;1004012;ZSTO;LAMPARA 12V-5W C CULOTE X UN;MM01;0026;;V1;4;HB;8;10;0;0;0;0;C29;FILTROS/RESPUESTOS;424,2;;BA15S;REPUESTOS;ELECTRICIDAD AUTOMOTOR;9-FRAGIL;0,005;0;KG;10,996;15;424,22;;;;;1;;1;;
3;03-MAYOR A PUNTO DE PEDIDO;1001933;ZSTO;DISCO 114x1,6x222 REFORZADO x UN;MR01;0314;;V1;21;HB;38;36;0;0;0;0;C27;FERRETERIA MR01;68853,96;TYROLIT;114X16X222;FERRETERIA;ABRASIVOS/DISCOS;6-PESADO Y FRAGIL;0,043;0;KG;20,763;15;68854,12;;;;1;;;1;;
4;04-MAYOR A STOCK MAXIMO;1004014;ZSTO;LAMPARA 12V-H7 55W X UN;MM01;0026;;V1;4;HB;8;15;0;0;0;0;C03;EQUIPOS;56685,3;;PX26D;REPUESTOS;ELECTRICIDAD AUTOMOTOR;9-FRAGIL;0,015;0;KG;63,525;15;56685,25;;;;;1;;1;;
4;04-MAYOR A STOCK MAXIMO;1001934;ZSTO;DISCO C D O A 114X4.8X22.2 SECUR x UN;MR01;0314;;V1;17;HB;30;31;0;0;0;0;C27;FERRETERIA MR01;78339,17;TYROLIT;114X48X222;FERRETERIA;ABRASIVOS/DISCOS;6-PESADO Y FRAGIL;0,11;0;KG;56,52;15;78339,31;;;;;1;;1;;
4;04-MAYOR A STOCK MAXIMO;1004016;ZSTO;LAMPARA 12V-H1 55W X UN;MM01;0026;;RE;1;HB;2;7;0;0;0;0;C29;FILTROS/RESPUESTOS;0;;P145S;REPUESTOS;ELECTRICIDAD AUTOMOTOR;9-FRAGIL;0,005;0;KG;32,5;15;21404,95;;;;;1;;1;;
4;04-MAYOR A STOCK MAXIMO;1001943;ZSTO;ADHESIVO CIANO 20 G XUN;MR01;0314;;V1;5;HB;9;10;0;0;0;0;C27;FERRETERIA MR01;70532,1;CIANO;;FERRETERIA;ADHESIVOS;9-FRAGIL;0,03;0;KG;75;15;70532,09;;;;;1;;1;;
4;04-MAYOR A STOCK MAXIMO;1004019;ZSTO;LAMPARA 12V-21 4W X UN;MM01;0026;;V1;4;HB;8;11;0;0;0;0;C29;FILTROS/RESPUESTOS;2432,1;;BAZ15d;REPUESTOS;ELECTRICIDAD AUTOMOTOR;9-FRAGIL;0,01;0;KG;22,089;15;2432,09;;;;;1;;1;;
3;03-MAYOR A PUNTO DE PEDIDO;1001949;ZSTO;CANDADO 30MM XUN;MR01;0314;;V1;4;HB;8;8;0;0;0;0;C27;FERRETERIA MR01;38514,32;;;FERRETERIA;ACCESORIOS;8-VARIOS;0,103;0;KG;174;15;38514,29;;;;1;;;1;;
3;03-MAYOR A PUNTO DE PEDIDO;1004020;ZSTO;LAMPARA 12V-H4 P43T X UN;MM01;0026;;V1;4;HB;8;6;0;0;0;0;C29;FILTROS/RESPUESTOS;15613,74;;P43T38;REPUESTOS;ELECTRICIDAD AUTOMOTOR;9-FRAGIL;0,03;0;KG;154,63;15;15613,72;;;;1;;;1;;
4;04-MAYOR A STOCK MAXIMO;1001950;ZSTO;CANDADO 38-40MM XUN;MR01;0314;;V1;4;HB;8;9;0;0;0;0;C27;FERRETERIA MR01;52764,3;;;FERRETERIA;ACCESORIOS;8-VARIOS;0,148;0;KG;465;15;52764,28;;;;;1;;1;;
3;03-MAYOR A PUNTO DE PEDIDO;1004022;ZSTO;LAMPARA 12V-21 5W X UN;MM01;0026;;V1;4;HB;8;6;0;0;0;0;C03;EQUIPOS;1933,62;;PATADESPBAY15D;REPUESTOS;ELECTRICIDAD AUTOMOTOR;9-FRAGIL;0,01;0;KG;22,089;15;1933,61;;;;1;;;1;;
4;04-MAYOR A STOCK MAXIMO;1001951;ZSTO;CANDADO 50MM XUN;MR01;0314;;V1;4;HB;8;9;0;0;0;0;C27;FERRETERIA MR01;81549,36;;;FERRETERIA;ACCESORIOS;8-VARIOS;0,259;0;KG;100;15;81549,36;;;;;1;;1;;
3;03-MAYOR A PUNTO DE PEDIDO;1004023;ZSTO;LAMPARA 12V-21 5 X UN;MM01;0026;;V1;4;HB;8;5;0;0;0;0;C29;FILTROS/RESPUESTOS;425;;PATAPAREJABA15D;REPUESTOS;ELECTRICIDAD AUTOMOTOR;9-FRAGIL;0,05;0;KG;22,089;15;425,02;;;;1;;;1;;
2;02-MENOR A PUNTO DE PEDIDO;1001952;ZSTO;TRAPO LIMPIO (BOLSAX10KG) XUN;MR01;0314;;V1;13;HB;23;5;0;0;0;0;C27;FERRETERIA MR01;87625,1;;MÚLT. 10 KG;FERRETERIA;ACCESORIOS;7-PESADO;10;0;KG;71456;30;87625,12;;1;;;;;1;;
3;03-MAYOR A PUNTO DE PEDIDO;1004024;ZSTO;LAMPARA 12V-21W X UN;MM01;0026;;V1;4;HB;8;7;0;0;0;0;C29;FILTROS/RESPUESTOS;2464,42;;BA15S;REPUESTOS;ELECTRICIDAD AUTOMOTOR;9-FRAGIL;0,01;0;KG;22,089;15;2464,4;;;;1;;;1;;
4;04-MAYOR A STOCK MAXIMO;1004028;ZSTO;LAMPARA 12V-16W S CULOTE X UN;MM01;0026;;V1;4;HB;8;13;0;0;0;0;C29;FILTROS/RESPUESTOS;936,26;;W16W;REPUESTOS;ELECTRICIDAD AUTOMOTOR;9-FRAGIL;0,001;0;KG;6,185;15;936,29;;;;;1;;1;;
3;03-MAYOR A PUNTO DE PEDIDO;1004030;ZSTO;LAMPARA 24V-5W S CULOTE XUN;MM01;0026;;V1;13;HB;23;14;0;0;0;0;C29;FILTROS/RESPUESTOS;11901,12;;PHILIPS-OSRAM;REPUESTOS;ELECTRICIDAD AUTOMOTOR;9-FRAGIL;0,001;0;KG;1,257;15;11901,08;;;;1;;;1;;
4;04-MAYOR A STOCK MAXIMO;1001958;ZSTO;CINTA TEFLON 1/2 X 20MT;MR01;0314;;V1;3;HB;6;7;0;0;0;0;C27;FERRETERIA MR01;4300,03;;;FERRETERIA;INSUMOS;8-VARIOS;0,01;0;KG;39,25;15;4300,01;;;;;1;;1;;
4;04-MAYOR A STOCK MAXIMO;1004032;ZSTO;LAMPARA 24V-21 5W PATA DESP. X UN;MM01;0026;;V1;8;HB;15;25;0;0;0;0;C29;FILTROS/RESPUESTOS;5130,25;;;REPUESTOS;ELECTRICIDAD AUTOMOTOR;9-FRAGIL;0,009;0;KG;28,125;15;5130,13;;;;;1;;1;;
4;04-MAYOR A STOCK MAXIMO;1004033;ZSTO;LAMPARA 24V-5W C CULOTE X UN;MM01;0026;;V1;8;HB;15;20;0;0;0;0;C29;FILTROS/RESPUESTOS;14793,6;;BA15S;REPUESTOS;ELECTRICIDAD AUTOMOTOR;9-FRAGIL;0,004;0;KG;12;15;14793,54;;;;;1;;1;;
3;03-MAYOR A PUNTO DE PEDIDO;1001983;ZSTO;VIDRIOP CARETASOLDADOR50X105MMTINTE11;MR01;0314;;V1;1;HB;3;3;0;0;0;0;C27;FERRETERIA MR01;2120,61;;;SOLDADURA;ACCESORIOS;9-FRAGIL;0,035;0;KG;10,5;15;2120,61;;;;1;;;1;;
3;03-MAYOR A PUNTO DE PEDIDO;1004038;ZSTO;LAMPARA 24V-21W P PAREJA XUN;MM01;0026;;V1;4;HB;8;5;0;0;0;0;C29;FILTROS/RESPUESTOS;4155,75;;BA15S;REPUESTOS;ELECTRICIDAD AUTOMOTOR;9-FRAGIL;0,008;0;KG;2,454;15;4155,73;;;;1;;;1;;
4;04-MAYOR A STOCK MAXIMO;1004039;ZSTO;LAMPARA 24V-H1 70W X UN;MM01;0026;;V1;4;HB;8;41;0;0;0;0;C29;FILTROS/RESPUESTOS;152362,56;;P145S;REPUESTOS;ELECTRICIDAD AUTOMOTOR;9-FRAGIL;0,01;0;KG;40,625;15;152362,45;;;;;1;;1;;
3;03-MAYOR A PUNTO DE PEDIDO;1001985;ZSTO;VIDRIOP CARETASOLDADOR50X105MMINCOLORO;MR01;0314;;V1;4;HB;8;7;0;0;0;0;C27;FERRETERIA MR01;1812,3;;;SOLDADURA;ACCESORIOS;9-FRAGIL;0,025;0;KG;10,5;15;1812,27;;;;1;;;1;;
3;03-MAYOR A PUNTO DE PEDIDO;1004040;ZSTO;LAMPARA 24V-H3 70W X UN;MM01;0026;;V1;34;HB;60;59;0;0;0;0;C29;FILTROS/RESPUESTOS;356443,78;;PK22S;REPUESTOS;ELECTRICIDAD AUTOMOTOR;9-FRAGIL;0,007;0;KG;35;15;356443,62;;;;1;;;1;;
3;03-MAYOR A PUNTO DE PEDIDO;1001986;ZSTO;ALAMBREPARASOLDARULTRA 1,6MM(C.15KG)XKG;MR01;0314;;V1;26;HB;45;30;0;0;0;0;C27;FERRETERIA MR01;171749,7;CONARCO;DUALSHIELD7100;SOLDADURA;SOLDADURA CAJAS VOLCADORAS;7-PESADO;15;0;KG;9251;21;171749,7;;;;1;;;1;;
3;03-MAYOR A PUNTO DE PEDIDO;1004042;ZSTO;LAMPARA 24V-H7 70W X UN;MM01;0026;;V1;21;HB;38;31;0;0;0;0;C29;FILTROS/RESPUESTOS;357314,37;;PX26D-PHILIPS-OSRAM;REPUESTOS;ELECTRICIDAD AUTOMOTOR;9-FRAGIL;0,014;0;KG;73,5;15;357314,32;;;;1;;;1;;
4;04-MAYOR A STOCK MAXIMO;1001988;ZSTO;ELECTRODO AWS6013 X 3,25MM X KG;MR01;0314;;V1;4;HB;8;9;0;0;0;0;C27;FERRETERIA MR01;55971,09;CONARCO;AWS6013;SOLDADURA;ELECTRODOS;7-PESADO;1;0;KG;336,569;15;55971,11;;;;;1;;1;;
3;03-MAYOR A PUNTO DE PEDIDO;1004043;ZSTO;LAMPARA 24V-75 70W P43T X UN;MM01;0026;;V1;4;HB;8;7;0;0;0;0;C29;FILTROS/RESPUESTOS;11466,7;;P43T38;REPUESTOS;ELECTRICIDAD AUTOMOTOR;9-FRAGIL;0,03;0;KG;141,75;15;11466,73;;;;1;;;1;;
4;04-MAYOR A STOCK MAXIMO;1004046;ZSTO;BATERIA 12V 200 AMP;MM01;0026;;V1;3;HB;6;7;0;0;0;0;C29;FILTROS/RESPUESTOS;2870812,56;LEVAS BOSC // LEVAS BOSC // LEVAS BOSC // VOLVO CONS;4180E12VOL180AH1390 // BAT BOSCH S4200E // S5X 220E BOSCH // 22813727;REPUESTOS;VOLVO FMX HID VOLCADORA;7-PESADO;58,5;0;KG;26574;15;2870812,53;;;;;1;;1;;
4;04-MAYOR A STOCK MAXIMO;1001992;ZSTO;ELECTRODO AWS7018 X 4,00 MM X KG;MR01;0314;;V1;4;HB;8;15;0;0;0;0;C27;FERRETERIA MR01;133432,65;CONARCO;AWS7018;SOLDADURA;ELECTRODOS;7-PESADO;1;0;KG;317,925;15;133432,67;;;;;1;;1;;
2;02-MENOR A PUNTO DE PEDIDO;1004070;ZSTO;HOJA DE LIMPIA PARABRISA;MM01;0026;;RE;1;HB;2;1;0;0;0;0;C29;FILTROS/RESPUESTOS;105252,1;VOLVO CONS;VOE11205856;REPUESTOS;VOLVO EC 480D;8-VARIOS;0,48;0;KG;1494;20;105252,1;;1;;;;;1;;
4;04-MAYOR A STOCK MAXIMO;1001993;ZSTO;ELECTRODO AWS7018 X 3,25 MM X KG;MR01;0314;;V1;26;HB;45;60;0;0;0;0;C27;FERRETERIA MR01;457915;CONARCO;AWS7018;SOLDADURA;ELECTRODOS;7-PESADO;1;0;KG;336,569;15;568861,63;;;;;1;;1;;
2;02-MENOR A PUNTO DE PEDIDO;1004071;ZSTO;TERMOSTATO;MM01;0026;;RE;1;HB;2;1;0;0;0;0;C29;FILTROS/RESPUESTOS;14214,91;VOLVO CONS;VOE21412639;REPUESTOS;VOLVO EC 480D;8-VARIOS;0,4;0;KG;1150;15;14214,91;;1;;;;;1;;
4;04-MAYOR A STOCK MAXIMO;1001994;ZSTO;ELECTRODO AWS7018 X 2,50 MM X KG;MR01;0314;;V1;4;HB;8;9;0;0;0;0;C27;FERRETERIA MR01;106888,95;CONARCO;AWS7018;SOLDADURA;ELECTRODOS;7-PESADO;1;0;KG;336,569;15;106888,95;;;;;1;;1;;
3;03-MAYOR A PUNTO DE PEDIDO;1004172;ZSTO;LAMPARA TORRE DE ILUMINACION;MM01;0026;;V1;1;HB;2;2;0;0;0;0;C29;FILTROS/RESPUESTOS;41277,08;WACKER NEU;5000160191;REPUESTOS;TORRE DE ILUMINACION;9-FRAGIL;0,406;0;KG;4464;15;41277,08;;;;1;;;1;;
4;04-MAYOR A STOCK MAXIMO;1004220;ZSTO;TUERCA ESPECIAL;MM01;0026;;RE;1;HB;2;5;0;0;0;0;C29;FILTROS/RESPUESTOS;0;DAEMO ENGI;B36610222;REPUESTOS;DAEMO D300;7-PESADO;2,37;0;KG;531,347;118;0;;;;;1;;1;;
4;04-MAYOR A STOCK MAXIMO;1004227;ZSTO;DIAFRAGMA;MM01;0026;;RE;1;HB;2;3;0;0;0;0;C29;FILTROS/RESPUESTOS;3708,75;DAEMO ENGI;1700500003;REPUESTOS;DAEMO D300;8-VARIOS;0,135;0;KG;1133,54;118;3708,75;;;;;1;;1;;
4;04-MAYOR A STOCK MAXIMO;1002000;ZSTO;CAMISA JEAN T.38 C LOGO;MR01;0314;;V1;4;HB;8;14;0;0;0;0;C28;SEGURIDAD/ROPA/EPP;263666,34;;;ROPA;INDUMENTARIA;8-VARIOS;0,425;0;KG;520;30;263666,34;;;;;1;;1;;
4;04-MAYOR A STOCK MAXIMO;1002001;ZSTO;CAMISA JEAN T.40 C LOGO;MR01;0314;;V1;4;HB;8;15;0;0;0;0;C28;SEGURIDAD/ROPA/EPP;281194,35;;;ROPA;INDUMENTARIA;8-VARIOS;0,438;0;KG;565,5;30;281194,3;;;;;1;;1;;
3;03-MAYOR A PUNTO DE PEDIDO;1004242;ZSTO;FUNDA BUTACA-BUTACA CUERINA NEGRA;MM01;0026;;RE;1;HB;2;2;0;0;0;0;C29;FILTROS/RESPUESTOS;268852,66;;PARA MODELO TOYOTA HILUX 2019/2024;REPUESTOS;HILUX 2019 // TOYOTA HILUX;8-VARIOS;1,58;0;KG;11316;15;268852,66;;;;1;;;1;;
4;04-MAYOR A STOCK MAXIMO;1002002;ZSTO;CAMISA JEAN T.42 C LOGO;MR01;0314;;V1;4;HB;8;40;0;0;0;0;C28;SEGURIDAD/ROPA/EPP;745906,8;;;ROPA;INDUMENTARIA;8-VARIOS;0,492;0;KG;560;30;745906,63;;;;;1;;1;;
4;04-MAYOR A STOCK MAXIMO;1004251;ZSTO;ESCOBILLALIMPIAPARABRIZASTOYOTAHILUXJGO;MM01;0026;;RE;1;HB;2;3;0;0;0;0;C03;EQUIPOS;39569,76;TOYOTA ARG;;REPUESTOS;HILUX;8-VARIOS;0,4;0;KG;1652;15;39569,77;;;;;1;;1;;
4;04-MAYOR A STOCK MAXIMO;1002003;ZSTO;CAMISA JEAN T.44 C LOGO;MR01;0314;;V1;4;HB;8;17;0;0;0;0;C28;SEGURIDAD/ROPA/EPP;309201,95;;;ROPA;INDUMENTARIA;8-VARIOS;0,45;0;KG;536,5;30;309202,02;;;;;1;;1;;
3;03-MAYOR A PUNTO DE PEDIDO;1004261;ZSTO;BATERIA12V80 90A30X20X17CM DERECHOPHILUX;MM01;0026;;V1;1;HB;2;2;0;0;0;0;C29;FILTROS/RESPUESTOS;312028,02;MOURA;ME90TD;REPUESTOS;hilux hasta 2016;7-PESADO;22,5;0;KG;10200;15;312028,02;;;;1;;;1;;
4;04-MAYOR A STOCK MAXIMO;1002004;ZSTO;CAMISA JEAN T.46 C LOGO;MR01;0314;;V1;4;HB;8;9;0;0;0;0;C28;SEGURIDAD/ROPA/EPP;164419,02;;;ROPA;INDUMENTARIA;8-VARIOS;0,49;0;KG;640;30;164419,01;;;;;1;;1;;
4;04-MAYOR A STOCK MAXIMO;1004264;ZSTO;BULON DE RUEDA;MM01;0026;;RE;1;HB;10;20;0;0;0;0;C29;FILTROS/RESPUESTOS;565680;VOLVO CONS //;21147687 // 24076067;REPUESTOS;VOLVO 460 FMX;7-PESADO;0,444;0;KG;118,279;15;565680,06;;;;;1;;1;;
4;04-MAYOR A STOCK MAXIMO;1002005;ZSTO;CAMISA JEAN T.48 C LOGO;MR01;0314;;V1;4;HB;8;17;0;0;0;0;C28;SEGURIDAD/ROPA/EPP;319536,76;;;ROPA;INDUMENTARIA;8-VARIOS;0,495;0;KG;2378;30;319536,7;;;;;1;;1;;
2;02-MENOR A PUNTO DE PEDIDO;1004266;ZSTO;KIT EMBRAGUE;MM01;0026;;RE;1;HB;2;1;0;0;0;0;C29;FILTROS/RESPUESTOS;2093379,5;CNH // CNH;5801291663 // 500055485;REPUESTOS;IVECO TRAKKER T380;7-PESADO;55,5;0;KG;64638;15;2093379,5;;1;;;;;1;;
3;03-MAYOR A PUNTO DE PEDIDO;1002006;ZSTO;CAMISA JEAN T.50 C LOGO;MR01;0314;;V1;2;HB;5;3;0;0;0;0;C28;SEGURIDAD/ROPA/EPP;52976,25;;;ROPA;INDUMENTARIA;8-VARIOS;0,617;0;KG;2970;30;52976,25;;;;1;;;1;;
3;03-MAYOR A PUNTO DE PEDIDO;1004268;ZSTO;KIT DISTRIBUCION HILUX 3.0;MM01;0026;;V1;1;HB;2;2;0;0;0;0;C29;FILTROS/RESPUESTOS;719582,54;TOYOTA ARG;1356839016 + 1350567042 + 1354067020;REPUESTOS;TOYOTA HILUX 3.0;8-VARIOS;0,69;0;KG;3528;15;719582,54;;;;1;;;1;;
4;04-MAYOR A STOCK MAXIMO;1002007;ZSTO;CAMISA JEAN T.52 C LOGO;MR01;0314;;V1;2;HB;5;6;0;0;0;0;C28;SEGURIDAD/ROPA/EPP;79611,78;;;ROPA;INDUMENTARIA;8-VARIOS;0,525;0;KG;635,5;30;79611,8;;;;;1;;1;;
3;03-MAYOR A PUNTO DE PEDIDO;1002008;ZSTO;CAMISA JEAN T.54 C LOGO;MR01;0314;;V1;2;HB;5;3;0;0;0;0;C28;SEGURIDAD/ROPA/EPP;29466,24;;;ROPA;INDUMENTARIA;8-VARIOS;0,614;0;KG;3600;30;29466,24;;;;1;;;1;;
3;03-MAYOR A PUNTO DE PEDIDO;1002009;ZSTO;CAMISA JEAN T.56 C LOGO;MR01;0314;;V1;2;HB;5;5;0;0;0;0;C28;SEGURIDAD/ROPA/EPP;4564,95;;;ROPA;INDUMENTARIA;8-VARIOS;0,607;0;KG;3627;30;4564,93;;;;1;;;1;;
2;02-MENOR A PUNTO DE PEDIDO;1004316;ZSTO;ACEITE DE EJES X 20LTS;MM01;0026;;V1;1;HB;3;1;0;0;0;0;L01;ACEITES;346074,05;VOLVO CONS;WB102;LUBRICANTES;CARGADORA VOLVO L220G;2-TACHO;0;0;KG;0;15;346074,05;;1;;;;;1;;
4;04-MAYOR A STOCK MAXIMO;1002010;ZSTO;CAMISA JEAN T.58 C LOGO;MR01;0314;;V1;1;HB;3;5;0;0;0;0;C28;SEGURIDAD/ROPA/EPP;16464,5;;;ROPA;INDUMENTARIA;8-VARIOS;0,548;0;KG;709,5;15;16464,5;;;;;1;;1;;
3;03-MAYOR A PUNTO DE PEDIDO;1004317;ZSTO;ACEITE CAJA DE CAMBIOS x 205LTS;MM01;0026;;V1;1;HB;2;2;0;0;0;0;L01;ACEITES;7133817,22;VOLVO CONS // //;97307//85136284 // TRAXIUM GEAR 8 75W80 // 97315;LUBRICANTES;VOLVO;2-TACHO;180;0;KG;235025,86;15;7133817,22;;;;1;;;1;;
2;02-MENOR A PUNTO DE PEDIDO;1004459;ZSTO;EXTREMO DIRECCION IZQ/DER XUN;MM01;0026;;RE;1;HB;2;1;0;0;0;0;C29;FILTROS/RESPUESTOS;0;CATERPILLA;1313736;REPUESTOS;CAT;8-VARIOS;1,936;0;KG;3808;15;371934,83;;1;;;;;1;;
4;04-MAYOR A STOCK MAXIMO;1002011;ZSTO;PANTALON JEAN T.38;MR01;0314;;V1;1;HB;3;20;0;0;0;0;C28;SEGURIDAD/ROPA/EPP;194795,4;;;ROPA;INDUMENTARIA;8-VARIOS;0,656;0;KG;3240;15;194795,36;;;;;1;;1;;
4;04-MAYOR A STOCK MAXIMO;1004561;ZSTO;CUBIERTA 24.00 R35;MM01;0026;;V1;8;HB;15;18;0;0;0;0;C50;CUBIERTAS MINERIA;61687850,4;;XTRA LOAD GRIP // BRIDGESTONE JAPON VRLS E4 TL;CUBIERTAS;CAT 775G // CUBIERTAS;5-CUBIERTAS;0;0;KG;0;110;113129386,7;;;;;1;;1;;
4;04-MAYOR A STOCK MAXIMO;1004569;ZSTO;SEGMENTO TALON X UN;MM01;0026;;V1;3;HB;6;10;0;0;0;0;G01;CUCHILLAS;879300;CATERPILLA;1099215;DESGASTE;CAT 980H;3-DESGASTE;0;0;KG;0;15;4121825,5;;;;;1;;1;;
4;04-MAYOR A STOCK MAXIMO;1002012;ZSTO;PANTALON JEAN T.40;MR01;0314;;V1;2;HB;5;10;0;0;0;0;C28;SEGURIDAD/ROPA/EPP;156602,7;;;ROPA;INDUMENTARIA;8-VARIOS;0,63;0;KG;2544;15;156602,69;;;;;1;;1;;
3;03-MAYOR A PUNTO DE PEDIDO;1004582;ZSTO;PORTA UNA DERECHO;MM01;0026;;V1;1;HB;2;2;0;0;0;0;G04;UÑAS;0;CATERPILLA;2322105;DESGASTE;CAT324DL;3-DESGASTE;15,79;0;KG;6734;15;0;;;;1;;;1;;
4;04-MAYOR A STOCK MAXIMO;1002013;ZSTO;PANTALON JEAN T.42;MR01;0314;;V1;4;HB;8;15;0;0;0;0;C28;SEGURIDAD/ROPA/EPP;235317,9;;;ROPA;INDUMENTARIA;8-VARIOS;0,627;0;KG;3224;15;235317,92;;;;;1;;1;;
3;03-MAYOR A PUNTO DE PEDIDO;1004583;ZSTO;PORTA UNA CENTRAL;MM01;0026;;V1;1;HB;2;2;0;0;0;0;G04;UÑAS;0;CATERPILLA;2209104;DESGASTE;CAT 324DL;3-DESGASTE;14,59;0;KG;5434;15;901961,17;;;;1;;;1;;
4;04-MAYOR A STOCK MAXIMO;1002014;ZSTO;PANTALON JEAN T.44;MR01;0314;;V1;4;HB;8;18;0;0;0;0;C28;SEGURIDAD/ROPA/EPP;288729,54;;;ROPA;INDUMENTARIA;8-VARIOS;0,69;0;KG;2725;15;288729,57;;;;;1;;1;;
3;03-MAYOR A PUNTO DE PEDIDO;1004584;ZSTO;PORTA UNA IZQUIERDO;MM01;0026;;V1;1;HB;2;2;0;0;0;0;G04;UÑAS;0;CATERPILLA;2322106;DESGASTE;CAT324DL;3-DESGASTE;15,96;0;KG;6734;15;901961,17;;;;1;;;1;;
4;04-MAYOR A STOCK MAXIMO;1002015;ZSTO;PANTALON JEAN T.46;MR01;0314;;V1;4;HB;8;38;0;0;0;0;C28;SEGURIDAD/ROPA/EPP;603683,2;;;ROPA;INDUMENTARIA;8-VARIOS;0,689;0;KG;2808;15;603683,25;;;;;1;;1;;
3;03-MAYOR A PUNTO DE PEDIDO;1004586;ZSTO;BROCA T51X4 F.F. BOT. ESF. ROCKMORE XUN;MM01;0026;;V1;5;HB;9;9;9;0;0;0;C29;FILTROS/RESPUESTOS;4202944,02;EPIROC JAP // EPIROC JAP // EPIROC JAP;90029400 LINEA MEDIUM // 5697000666 LÍNEA ECONOM // 90029424 LÍNEA PREMIUM;DESGASTE;?;3-DESGASTE;0;0;KG;0;15;4202944,06;;;;1;;;;1;
4;04-MAYOR A STOCK MAXIMO;1002016;ZSTO;PANTALON JEAN T.48;MR01;0314;;V1;4;HB;8;15;0;0;0;0;C28;SEGURIDAD/ROPA/EPP;244697,4;;;ROPA;INDUMENTARIA;8-VARIOS;0,725;0;KG;2970;15;244697,45;;;;;1;;1;;
4;04-MAYOR A STOCK MAXIMO;1002017;ZSTO;PANTALON JEAN T.50;MR01;0314;;V1;4;HB;8;12;0;0;0;0;C28;SEGURIDAD/ROPA/EPP;203967,84;;;ROPA;INDUMENTARIA;8-VARIOS;0,751;0;KG;4107,5;21;203967,86;;;;;1;;1;;
2;02-MENOR A PUNTO DE PEDIDO;1004596;ZSTO;PORTA UÑA BALDE - EA65BL50;MM01;0026;;V1;4;HB;8;3;0;0;0;0;C29;FILTROS/RESPUESTOS;913968,36;VOLVO CONS;VOE14526776;DESGASTE;VOLVO EC 480D;3-DESGASTE;31,5;0;KG;19080;15;913968,36;;1;;;;;1;;
4;04-MAYOR A STOCK MAXIMO;1002018;ZSTO;PANTALON JEAN T.52;MR01;0314;;V1;2;HB;5;8;0;0;0;0;C28;SEGURIDAD/ROPA/EPP;128368,48;;;ROPA;INDUMENTARIA;8-VARIOS;0,761;0;KG;3850;21;128368,46;;;;;1;;1;;
2;02-MENOR A PUNTO DE PEDIDO;1004605;ZSTO;CORTADOR CENTRAL;MM01;0026;;RE;1;HB;2;1;0;0;0;0;C29;FILTROS/RESPUESTOS;270639,09;;2571782;DESGASTE;DESGASTE;3-DESGASTE;0;0;KG;0;15;270639,09;;1;;;;;1;;
3;03-MAYOR A PUNTO DE PEDIDO;1002019;ZSTO;PANTALON JEAN T.54;MR01;0314;;V1;1;HB;3;3;0;0;0;0;C28;SEGURIDAD/ROPA/EPP;40303,77;;;ROPA;INDUMENTARIA;8-VARIOS;0,788;0;KG;6264;21;40303,77;;;;1;;;1;;
3;03-MAYOR A PUNTO DE PEDIDO;1004611;ZSTO;PORTA UNA;MM01;0026;;V1;1;HB;3;2;0;0;0;0;G04;UÑAS;0;CATERPILLA;2320130;DESGASTE;CAT 988H;3-DESGASTE;0;0;KG;16112;15;0;;;;1;;;1;;
4;04-MAYOR A STOCK MAXIMO;1002020;ZSTO;PANTALON JEAN T.56;MR01;0314;;V1;1;HB;3;13;0;0;0;0;C28;SEGURIDAD/ROPA/EPP;136058,13;;;ROPA;INDUMENTARIA;8-VARIOS;0,795;0;KG;3348;21;136058,17;;;;;1;;1;;
3;03-MAYOR A PUNTO DE PEDIDO;1004651;ZSTO;DIAFRAG. XUN;MM01;0026;;RE;1;HB;2;2;0;0;0;0;C29;FILTROS/RESPUESTOS;6384,22;;3115 2472 00;REPUESTOS;MARTILLO ATLAS COP-CO;8-VARIOS;0;0;KG;0;15;6384,22;;;;1;;;1;;
4;04-MAYOR A STOCK MAXIMO;1002021;ZSTO;PANTALON JEAN T.58;MR01;0314;;V1;1;HB;3;4;0;0;0;0;C28;SEGURIDAD/ROPA/EPP;32702,6;;;ROPA;INDUMENTARIA;8-VARIOS;0,814;0;KG;4292;21;32702,59;;;;;1;;1;;
3;03-MAYOR A PUNTO DE PEDIDO;1004652;ZSTO;DIAFRAG.XUN;MM01;0026;;RE;1;HB;2;2;0;0;0;0;C29;FILTROS/RESPUESTOS;322266,1;;3115 1822 01;REPUESTOS;MARTILLO ATLAS COP-CO;8-VARIOS;0;0;KG;0;15;322266,1;;;;1;;;1;;
2;02-MENOR A PUNTO DE PEDIDO;1004686;ZSTO;FAROS TRAS IZQ;MM01;0026;;RE;1;HB;2;1;0;0;0;0;C29;FILTROS/RESPUESTOS;255920,81;VOLVO CONS // VOLVO TRUC;84441759 / 23522307 // 82483074;REPUESTOS;VOLVO 460 FMX;9-FRAGIL;0;0;KG;0;15;255920,81;;1;;;;;1;;
3;03-MAYOR A PUNTO DE PEDIDO;1004687;ZSTO;TUERCA DE RUEDA VOLVO;MM01;0026;;RE;1;HB;10;10;0;0;0;0;C29;FILTROS/RESPUESTOS;254538,5;VOLVO CONS;21303956;REPUESTOS;VOLVO 460 FMX;7-PESADO;0,173;0;KG;4768,875;15;254538,45;;;;1;;;1;;
3;03-MAYOR A PUNTO DE PEDIDO;1009436;ZSTO;UREA AZUL 32 X BIN 1000LTS;MM01;0026;;V1;1;HB;2;2;0;0;0;0;L02;FLUIDOS;61540,68;YPF S.A. // RAIZEN ARG // YPF S.A. // AXION ENER;L60866 // 516385 // 810300000371;LUBRICANTES;ADITIVOS;2-TACHO;1154;0;KG;1380000;15;61540,68;;;;1;;;1;;
2;02-MENOR A PUNTO DE PEDIDO;1013372;ZSCD;1141452030-JUNTA;MM01;0026;;RE;1;HB;2;1;0;0;0;0;C29;FILTROS/RESPUESTOS;1234,2;;;REPUESTOS;HITACHI 870;?;0;0;KG;0;15;1234,2;;1;;;;;1;;
3;03-MAYOR A PUNTO DE PEDIDO;1013376;ZSTO;FILTRO AIRE ACONDICIONADO;MM01;0026;;V1;2;HB;5;3;0;0;0;0;F10;FILTRO HVAC;234987,8;;149-1912;FILTROS;312D / 320 D2L / 324;9-FRAGIL;1,06;0;KG;11423,75;15;176240,85;;;;1;;;1;;
2;02-MENOR A PUNTO DE PEDIDO;1013409;ZSCD;21296849 SENSORES ABS DEL;MM01;0026;;RE;1;HB;2;1;0;0;0;0;C29;FILTROS/RESPUESTOS;202788,44;;;REPUESTOS;VOLVO FM460-L260H;?;0;0;KG;0;15;202788,44;;1;;;;;1;;
2;02-MENOR A PUNTO DE PEDIDO;1013476;ZSCD;4653861-JUEGO DE RETENES;MM01;0026;;RE;1;HB;2;1;0;0;0;0;C29;FILTROS/RESPUESTOS;32540,4;;;REPUESTOS;HITACHI 870;?;0;0;KG;0;15;32540,4;;1;;;;;1;;
3;03-MAYOR A PUNTO DE PEDIDO;1013477;ZSCD;4653862-JUEGO DE RETENES;MM01;0026;;RE;1;HB;2;2;0;0;0;0;C29;FILTROS/RESPUESTOS;82165,2;;;REPUESTOS;HITACHI 870;?;0;0;KG;0;15;82165,2;;;;1;;;1;;
2;02-MENOR A PUNTO DE PEDIDO;1013478;ZSCD;4709228-COMPRESOR;MM01;0026;;RE;1;HB;2;1;0;0;0;0;C29;FILTROS/RESPUESTOS;1045166,4;;;REPUESTOS;HITACHI 870;?;0;0;KG;0;15;1045166,4;;1;;;;;1;;
3;03-MAYOR A PUNTO DE PEDIDO;1013518;ZSCD;9Z-0006KIT MUESTRA LUBR CAT C/ACOPLE RAP;MM01;0026;;V1;17;HB;30;22;0;0;0;0;C03;EQUIPOS;0;;;REPUESTOS;KIT MUESTRA;?;0;0;KG;0;15;6023459,4;;;;1;;;1;;
3;03-MAYOR A PUNTO DE PEDIDO;1013519;ZSCD;9Z0007 ANALISIS REFRIGERANTE;MM01;0026;;V1;8;HB;15;11;0;0;0;0;C03;EQUIPOS;0;;;REPUESTOS;KIT MUESTRA;?;0;0;KG;0;15;292673,05;;;;1;;;1;;
2;02-MENOR A PUNTO DE PEDIDO;1013520;ZSCD;9Z-0009KIT MUESTRA LUBRIC CAT C/BOMBA;MM01;0026;;V1;17;HB;30;17;-3;0;0;9;C03;EQUIPOS;0;;;REPUESTOS;KIT MUESTRA;?;0;0;KG;0;15;4704554,92;;1;;;;1;;;
2;02-MENOR A PUNTO DE PEDIDO;1013522;ZSCD;ACEITE DIFERENCIALES VOLVO97312 x 205LTS;MM01;0026;;RE;1;HB;2;1;0;0;0;0;C29;FILTROS/RESPUESTOS;2655697,49;SHELL PLC.;SPIRAX S6 GXME 75W90;LUBRICANTES;LUBRICANTES;?;0;0;KG;0;15;2655697,49;;1;;;;;1;;
2;02-MENOR A PUNTO DE PEDIDO;1013528;ZSCD;CONTROL FYA00016095 (EX FYA00016270) XUN;MM01;0026;;RE;1;HB;2;1;0;0;0;0;C29;FILTROS/RESPUESTOS;41661;;;REPUESTOS;HITACHI 870;?;0;0;KG;0;15;41661;;1;;;;;1;;
2;02-MENOR A PUNTO DE PEDIDO;1013540;ZSCD;INTERRUPTOR-1831610330;MM01;0026;;RE;1;HB;2;1;0;0;0;0;C29;FILTROS/RESPUESTOS;5217;;;REPUESTOS;HITACHI 870;?;0;0;KG;0;15;5217;;1;;;;;1;;
2;02-MENOR A PUNTO DE PEDIDO;1013541;ZSCD;INTERRUPTOR-4477373;MM01;0026;;RE;1;HB;2;1;0;0;0;0;C29;FILTROS/RESPUESTOS;7068;;;REPUESTOS;HITACHI 870;?;0;0;KG;0;15;7068;;1;;;;;1;;
2;02-MENOR A PUNTO DE PEDIDO;1013543;ZSCD;JUNTA-1137430361;MM01;0026;;RE;1;HB;2;1;0;0;0;0;C29;FILTROS/RESPUESTOS;1885,8;;;REPUESTOS;HITACHI 870;?;0;0;KG;0;15;1885,8;;1;;;;;1;;
2;02-MENOR A PUNTO DE PEDIDO;1013544;ZSCD;JUNTA-1141451870;MM01;0026;;RE;1;HB;2;1;0;0;0;0;C29;FILTROS/RESPUESTOS;75199,04;;;REPUESTOS;HITACHI 870;?;0;0;KG;0;15;75199,04;;1;;;;;1;;
4;04-MAYOR A STOCK MAXIMO;1013545;ZSCD;JUNTA-1153150110;MM01;0026;;RE;1;HB;2;6;0;0;0;0;C29;FILTROS/RESPUESTOS;1958,4;;;REPUESTOS;HITACHI 870;?;0;0;KG;0;15;1958,4;;;;;1;;1;;
2;02-MENOR A PUNTO DE PEDIDO;1013547;ZSCD;RELE-1825530391;MM01;0026;;RE;1;HB;2;1;0;0;0;0;C29;FILTROS/RESPUESTOS;9077,4;;;REPUESTOS;HITACHI 870;?;0;0;KG;0;15;9077,4;;1;;;;;1;;
3;03-MAYOR A PUNTO DE PEDIDO;1013548;ZSCD;RELE-4031771;MM01;0026;;RE;1;HB;2;2;0;0;0;0;C29;FILTROS/RESPUESTOS;24330;;;REPUESTOS;HITACHI 870;?;0;0;KG;0;15;24330;;;;1;;;1;;
3;03-MAYOR A PUNTO DE PEDIDO;1013549;ZSCD;RELE-4251587;MM01;0026;;RE;1;HB;2;2;0;0;0;0;C29;FILTROS/RESPUESTOS;6988,8;;;REPUESTOS;HITACHI 870;?;0;0;KG;0;15;6988,8;;;;1;;;1;;
2;02-MENOR A PUNTO DE PEDIDO;1013550;ZSCD;RELE-8943795431;MM01;0026;;RE;1;HB;2;1;0;0;0;0;C29;FILTROS/RESPUESTOS;8790,6;;;REPUESTOS;HITACHI 870;?;0;0;KG;0;15;8790,6;;1;;;;;1;;
4;04-MAYOR A STOCK MAXIMO;1013551;ZSCD;SENSOR,PRES. -4436535;MM01;0026;;RE;1;HB;2;7;0;0;0;0;C29;FILTROS/RESPUESTOS;38917,2;;;REPUESTOS;HITACHI 870;?;0;0;KG;0;15;38917,2;;;;;1;;1;;
2;02-MENOR A PUNTO DE PEDIDO;1013552;ZSCD;SENSOR-1815107131;MM01;0026;;RE;1;HB;2;1;0;0;0;0;C29;FILTROS/RESPUESTOS;15716,03;;;REPUESTOS;HITACHI 870;?;0;0;KG;0;15;15716,03;;1;;;;;1;;
4;04-MAYOR A STOCK MAXIMO;1013554;ZSCD;SENSOR-4436536;MM01;0026;;RE;1;HB;2;3;0;0;0;0;C29;FILTROS/RESPUESTOS;15143,4;;;REPUESTOS;HITACHI 870;?;0;0;KG;0;15;15143,4;;;;;1;;1;;
3;03-MAYOR A PUNTO DE PEDIDO;1013555;ZSCD;SENSOR-4436537;MM01;0026;;RE;1;HB;2;2;0;0;0;0;C29;FILTROS/RESPUESTOS;4022,4;;;REPUESTOS;HITACHI 870;?;0;0;KG;0;15;4022,4;;;;1;;;1;;
2;02-MENOR A PUNTO DE PEDIDO;1013559;ZSCD;UNIDAD DE CONTROL BASICO-FYA00011104;MM01;0026;;RE;1;HB;2;1;0;0;0;0;C29;FILTROS/RESPUESTOS;47931;;;REPUESTOS;KOMATSU HD465-7E1;8-VARIOS;0;0;KG;0;15;47931;;1;;;;;1;;
2;02-MENOR A PUNTO DE PEDIDO;1013560;ZSCD;VALVE,RELIEF -4469380;MM01;0026;;RE;1;HB;2;1;0;0;0;0;C29;FILTROS/RESPUESTOS;39632;;;REPUESTOS;HITACHI 870;?;0;0;KG;0;15;39632;;1;;;;;1;;
4;04-MAYOR A STOCK MAXIMO;1013571;ZSSD;GASOIL DIESEL 500;MM01;0026;;V1;65000;HB;112500;376159;0;0;0;0;C21;COMBUSTIBLE;0;;MÚLT. 36000 LTS;COMBUSTIBLE;COMBUSTIBLE;?;0;0;KG;0;15;451894042,9;;;;;1;;1;;
4;04-MAYOR A STOCK MAXIMO;1013576;ZSSD;FUSIBLE PLANO 5AMP. XUN;MM01;0026;;V1;4;HB;8;27;0;0;0;0;C29;FILTROS/RESPUESTOS;962,88;;;REPUESTOS;ELECTRICIDAD AUTOMOTOR;?;0;0;KG;0;15;3690,12;;;;;1;;1;;
4;04-MAYOR A STOCK MAXIMO;1013577;ZSSD;FUSIBLE PLANO 7.5AMP. XUN;MM01;0026;;V1;4;HB;8;42;0;0;0;0;C29;FILTROS/RESPUESTOS;2566,62;;;REPUESTOS;ELECTRICIDAD AUTOMOTOR;?;0;0;KG;0;15;2566,43;;;;;1;;1;;
3;03-MAYOR A PUNTO DE PEDIDO;1013578;ZSSD;FUSIBLE PLANO 10AMP. XUN;MM01;0026;;V1;8;HB;15;9;0;0;0;0;C29;FILTROS/RESPUESTOS;267,9;;;REPUESTOS;ELECTRICIDAD AUTOMOTOR;?;0;0;KG;0;15;1656,35;;;;1;;;1;;
4;04-MAYOR A STOCK MAXIMO;1013579;ZSSD;FUSIBLE PLANO 20AMP. XUN;MM01;0026;;V1;8;HB;15;21;0;0;0;0;C03;EQUIPOS;1604,82;;;REPUESTOS;ELECTRICIDAD AUTOMOTOR;?;0;0;KG;0;15;1604,88;;;;;1;;1;;
3;03-MAYOR A PUNTO DE PEDIDO;1013580;ZSSD;MINIFUSIBLE PLANO 5 AMP. XUN;MM01;0026;;V1;4;HB;8;7;0;0;0;0;C29;FILTROS/RESPUESTOS;0;;;REPUESTOS;ELECTRICIDAD AUTOMOTOR;?;0;0;KG;0;15;1417,35;;;;1;;;1;;
2;02-MENOR A PUNTO DE PEDIDO;1013582;ZSSD;MINIFUSIBLE PLANO 10 AMP. XUN;MM01;0026;;V1;13;HB;23;3;0;0;0;0;C29;FILTROS/RESPUESTOS;0;;;REPUESTOS;ELECTRICIDAD AUTOMOTOR;?;0;0;KG;0;15;652,89;;1;;;;;1;;
2;02-MENOR A PUNTO DE PEDIDO;1013583;ZSSD;MINIFUSIBLE PLANO 15 AMP. XUN;MM01;0026;;V1;8;HB;15;1;0;0;0;0;C29;FILTROS/RESPUESTOS;0;;;REPUESTOS;ELECTRICIDAD AUTOMOTOR;?;0;0;KG;0;15;223,14;;1;;;;;1;;
2;02-MENOR A PUNTO DE PEDIDO;1013585;ZSSD;MINIFUSIBLE PLANO 25 AMP. XUN;MM01;0026;;V1;8;HB;15;3;0;0;0;0;C29;FILTROS/RESPUESTOS;178,83;;;REPUESTOS;ELECTRICIDAD AUTOMOTOR;?;0;0;KG;0;15;178,82;;1;;;;;1;;
4;04-MAYOR A STOCK MAXIMO;1013586;ZSSD;MINIFUSIBLE PLANO 30 AMP. XUN;MM01;0026;;V1;4;HB;8;44;0;0;0;0;C29;FILTROS/RESPUESTOS;2051,28;;;REPUESTOS;ELECTRICIDAD AUTOMOTOR;?;0;0;KG;0;15;2051,17;;;;;1;;1;;
4;04-MAYOR A STOCK MAXIMO;1015792;ZSSD;FUSIBLE PLANO 15AMP. X1UN;MM01;0026;;V1;17;HB;30;96;0;0;0;0;C03;EQUIPOS;8451,18;;;REPUESTOS;ELECTRICIDAD AUTOMOTOR;?;0;0;KG;0;15;15261,01;;;;;1;;1;;
4;04-MAYOR A STOCK MAXIMO;1015793;ZSSD;FUSIBLE PLANO 25AMP. XUN;MM01;0026;;V1;8;HB;15;40;0;0;0;0;C03;EQUIPOS;4512;;;REPUESTOS;ELECTRICIDAD AUTOMOTOR;?;0;0;KG;0;15;4512,14;;;;;1;;1;;
4;04-MAYOR A STOCK MAXIMO;1015794;ZSSD;FUSIBLE PLANO 30AMP. XUN;MM01;0026;;V1;13;HB;23;47;0;0;0;0;C03;EQUIPOS;9599,75;;;REPUESTOS;ELECTRICIDAD AUTOMOTOR;?;0;0;KG;0;15;9599,75;;;;;1;;1;;
4;04-MAYOR A STOCK MAXIMO;1015795;ZSSD;FUSIBLE PLANO 3AMP. XUN;MM01;0026;;V1;4;HB;8;38;0;0;0;0;C03;EQUIPOS;5369,78;;;REPUESTOS;ELECTRICIDAD AUTOMOTOR;?;0;0;KG;0;15;5369,81;;;;;1;;1;;
4;04-MAYOR A STOCK MAXIMO;1015796;ZSSD;FUSIBLE PLANO 40AMP. XUN;MM01;0026;;V1;8;HB;15;74;0;0;0;0;C03;EQUIPOS;4159,54;;;REPUESTOS;ELECTRICIDAD AUTOMOTOR;?;0;0;KG;0;15;4159,54;;;;;1;;1;;
2;02-MENOR A PUNTO DE PEDIDO;1015924;ZSCD;1U-9891 ADITIVO HIDR. CAT X 1LT;MM01;0026;;V1;10;HB;18;10;0;0;0;0;C29;FILTROS/RESPUESTOS;842649,5;;;LUBRICANTES;ADITIVO;?;0;0;KG;0;15;842649,45;;1;;;;;1;;
3;03-MAYOR A PUNTO DE PEDIDO;1016074;ZSTO;UÑA BALDE HEAVY DUTY  - 66ARXE;MM01;0026;;V1;17;HB;30;29;0;0;0;0;G04;UÑAS;7345394,92;VOLVO CONS;VOE14732402;DESGASTE;VOLVO EC 480D;3-DESGASTE;23;0;KG;3856,705;25;7345394,99;;;;1;;;1;;
3;03-MAYOR A PUNTO DE PEDIDO;1016075;ZSTO;TRABA UÑA BALDE - 66P;MM01;0026;;V1;17;HB;30;22;0;0;0;0;G05;AJUSTE;1625949,82;VOLVO CONS;VOE17473106;DESGASTE;VOLVO EC 480D;7-PESADO;0;0;KG;0;25;1625949,82;;;;1;;;1;;
4;04-MAYOR A STOCK MAXIMO;1016076;ZSTO;SEGMENTO E/ PORTAUÑAS BALDE-50/60BPE120;MM01;0026;;V1;4;HB;8;9;0;0;0;0;G04;UÑAS;143316,63;VOLVO CONS // VOLVO CONS;VOE14619306 // 50/60BPE120;DESGASTE;VOLVO EC 480D;3-DESGASTE;0;0;KG;0;25;143316,6;;;;;1;;1;;
2;02-MENOR A PUNTO DE PEDIDO;1016078;ZSTO;CORREA MOTOR;MM01;0026;;RE;1;HB;2;1;0;0;0;0;C29;FILTROS/RESPUESTOS;160434,16;CATERPILLA;2198689;CORREAS;VOLVO EC 480D;8-VARIOS;0;0;KG;0;25;160434,16;;1;;;;;1;;
3;03-MAYOR A PUNTO DE PEDIDO;1016098;ZSTO;FILTRO DE AIRE PRIMARIO;MM01;0026;;V1;1;HB;3;3;0;0;0;0;F04;FILTRO AIRE;543452,97;VOLVO MAQU;17500260;FILTROS;VOLVO EC 480D;8-VARIOS;3,816;0;KG;46734,975;20;543452,97;;;;1;;;1;;
3;03-MAYOR A PUNTO DE PEDIDO;1016099;ZSTO;FILTRO DE AIRE SECUNDARIO;MM01;0026;;V1;1;HB;3;3;0;0;0;0;F04;FILTRO AIRE;381120,18;VOLVO MAQU;17500263;FILTROS;VOLVO EC 480D;8-VARIOS;1,43;0;KG;25801,088;20;381120,18;;;;1;;;1;;
3;03-MAYOR A PUNTO DE PEDIDO;1016164;ZSTO;FILTRO DE BOMBA SERVO-SISTEMA;MM01;0026;;V1;1;HB;2;2;0;0;0;0;F07;FILTRO FLUIDO HIDR;147648,74;VOLVO MAQU;14750655;FILTROS;VOLVO EC 480D;8-VARIOS;0,832;0;KG;3141,6;20;147648,75;;;;1;;;1;;
4;04-MAYOR A STOCK MAXIMO;1016223;ZSTO;SEGMENTO ENTRE PORTAUÑAS BALDE;MM01;0026;;RE;1;HB;2;8;0;0;0;0;G01;CUCHILLAS;126231,76;VOLVO MAQU;VOE14576187;DESGASTE;EXCAVADORA VOLVO EC 480 D;4-CUCHILLAS;5;0;KG;3192;15;126231,8;;;;;1;;1;;
3;03-MAYOR A PUNTO DE PEDIDO;1016224;ZSTO;PORTA UÑA BALDE  - EA56TLW50;MM01;0026;;V1;4;HB;8;8;0;0;0;0;G04;UÑAS;58290,72;VOLVO MAQU //;VOE14732190 // EA56TLW50;DESGASTE;EXCAVADORA VOLVO EC 480 D;3-DESGASTE;25,4;0;KG;8736;15;58290,75;;;;1;;;1;;
4;04-MAYOR A STOCK MAXIMO;1016225;ZSTO;TRABA UÑA BALDE - 56P;MM01;0026;;V1;4;HB;8;9;0;0;0;0;G05;AJUSTE;272578,77;VOLVO MAQU;VOE17473105;DESGASTE;EXCAVADORA VOLVO EC 480 D;7-PESADO;0,555;0;KG;105,975;15;272578,77;;;;;1;;1;;
3;03-MAYOR A PUNTO DE PEDIDO;1016226;ZSTO;UÑA BALDE HEAVY DUTY - 56ARXE;MM01;0026;;V1;4;HB;8;8;0;0;0;0;G04;UÑAS;1031825,6;VOLVO MAQU;VOE14732397;DESGASTE;EXCAVADORA VOLVO EC 480 D;3-DESGASTE;16,5;0;KG;7650;15;1031825,62;;;;1;;;1;;
3;03-MAYOR A PUNTO DE PEDIDO;1016230;ZSTO;Filtro Respiradero Hidraulico;MM01;0026;;V1;1;HB;2;2;0;0;0;0;F07;FILTRO FLUIDO HIDR;89936,52;VOLVO MAQU;VOE14691909;FILTROS;FILTRO HIDRAULICO;9-FRAGIL;0,093;0;KG;318;15;89936,52;;;;1;;;1;;
3;03-MAYOR A PUNTO DE PEDIDO;1016232;ZSTO;Filtro Linea Martillo;MM01;0026;;V1;1;HB;2;2;0;0;0;0;C29;FILTROS/RESPUESTOS;239068,7;VOLVO MAQU;VOE14720972;FILTROS;FILTROS;8-VARIOS;0,978;0;KG;2580,112;15;239068,7;;;;1;;;1;;
4;04-MAYOR A STOCK MAXIMO;1016255;ZSTO;Filtro Admision Interior;MM01;0026;;V1;1;HB;2;6;0;0;0;0;F04;FILTRO AIRE;1422926,46;ATLAS COPC;2653 376216;FILTROS;PERFORADORA ATLAS T45-12;9-FRAGIL;0;0;KG;12288;15;1422926,49;;;;;1;;1;;
2;02-MENOR A PUNTO DE PEDIDO;1016256;ZSTO;Filtro Admision Exterior;MM01;0026;;V1;1;HB;2;1;0;0;0;0;F04;FILTRO AIRE;431538,93;ATLAS COPC;2653 3762 24;FILTROS;PERFORADORA ATLAS T45-12;9-FRAGIL;0;0;KG;12288;15;431538,93;;1;;;;;1;;
3;03-MAYOR A PUNTO DE PEDIDO;1016258;ZSTO;Filtro Retorno Hidraulico;MM01;0026;;V1;1;HB;2;2;0;0;0;0;F07;FILTRO FLUIDO HIDR;26380,2;ATLAS COPC // DONALDSON;2653096434 // P550037;FILTROS;PERFORADORA ATLAS T45-12;6-PESADO Y FRAGIL;1,34;0;KG;5616;15;26380,2;;;;1;;;1;;
2;02-MENOR A PUNTO DE PEDIDO;1016259;ZSTO;Filtro Cabina Polen de Entrada;MM01;0026;;V1;1;HB;2;1;0;0;0;0;F05;FILTRO AIRE CABINA;252289,45;ATLAS COPC;2653252367;FILTROS;PERFORADORA ATLAS T45-12;9-FRAGIL;0;0;KG;12288;15;252289,45;;1;;;;;1;;
2;02-MENOR A PUNTO DE PEDIDO;1016260;ZSTO;Filtro Cabina Polen Exterior;MM01;0026;;V1;1;HB;2;1;0;0;0;0;F05;FILTRO AIRE CABINA;245214,86;ATLAS COPC;2653252359;FILTROS;PERFORADORA ATLAS T45-12;9-FRAGIL;0;0;KG;12288;15;245214,86;;1;;;;;1;;
4;04-MAYOR A STOCK MAXIMO;1016261;ZSTO;Filtro Colector de Polvos;MM01;0026;;V1;8;HB;15;16;0;0;0;0;F04;FILTRO AIRE;3259260,96;HIFI FILTE //;2653243705 // ASR 971402AG024;FILTROS;PERFORADORA ATLAS T45-12;9-FRAGIL;0;0;KG;12288;15;3259260,9;;;;;1;;1;;
3;03-MAYOR A PUNTO DE PEDIDO;1016262;ZSTO;Filtro Aire de Unidad Compresora Exterio;MM01;0026;;V1;1;HB;2;2;0;0;0;0;F04;FILTRO AIRE;660072,48;ATLAS COPC;2653 3762 08;FILTROS;PERFORADORA ATLAS T45-12;8-VARIOS;0;0;KG;12288;15;660072,48;;;;1;;;1;;
3;03-MAYOR A PUNTO DE PEDIDO;1016263;ZSTO;Filtro Aire Unidad Compresora  Interior;MM01;0026;;V1;1;HB;2;2;0;0;0;0;F04;FILTRO AIRE;381302,14;ATLAS COPC;2653 3762 65;FILTROS;PERFORADORA ATLAS T45-12;8-VARIOS;0;0;KG;12288;15;381302,14;;;;1;;;1;;
4;04-MAYOR A STOCK MAXIMO;1016265;ZSTO;Filtro Regulador Presion de Aire;MM01;0026;;V1;1;HB;2;3;0;0;0;0;F04;FILTRO AIRE;336049,77;ATLAS COPC;2653298154;FILTROS;PERFORADORA ATLAS T45-12;9-FRAGIL;0;0;KG;12288;15;336049,77;;;;;1;;1;;
3;03-MAYOR A PUNTO DE PEDIDO;1016266;ZSTO;Filtro Separador de Aceite;MM01;0026;;V1;1;HB;2;2;0;0;0;0;F12;FILTRO SEPARADOR;576194,28;ATLAS COPC // HIFI FILTE //;1604039380 // OA 1129 // SE-1729;FILTROS;PERFORADORA ATLAS T45-12;7-PESADO;0;0;KG;12288;15;576194,28;;;;1;;;1;;
4;04-MAYOR A STOCK MAXIMO;1016276;ZSTO;FILTRO DE ACEITE;MM01;0026;;V1;1;HB;2;3;0;0;0;0;F03;FILTRO ACEITE;57375,87;GUANGXI LI // //;E 030 // G-1383 // SP106343;FILTROS;FILTROS;7-PESADO;0,41;0;KG;850,155;20;57375,86;;;;;1;;1;;
3;03-MAYOR A PUNTO DE PEDIDO;1016277;ZSTO;FILTRO DE CONVERTIDOR;MM01;0026;;V1;1;HB;2;2;0;0;0;0;F07;FILTRO FLUIDO HIDR;131598,26;GUANGXI LI //;52K2004 // 52K2004;FILTROS;FILTRO HIDRAULICO;8-VARIOS;0,9;0;KG;275;20;131598,26;;;;1;;;1;;
3;03-MAYOR A PUNTO DE PEDIDO;1016278;ZSTO;FILTRO DE TANQUE HIDRAULICO;MM01;0026;;V1;1;HB;2;2;0;0;0;0;F07;FILTRO FLUIDO HIDR;22986,16;GUANGXI LI // // GUANGXI LI // GUANGXI LI // GUANGXI LI;JX0805A2 // P550935 // SP126045 // 52K2004 // 53C1037;FILTROS;FILTRO HIDRAULICO;8-VARIOS;0,765;0;KG;2975,625;20;22986,17;;;;1;;;1;;
4;04-MAYOR A STOCK MAXIMO;1016427;ZSTO;Filtro Tanque Hidraulico;MM01;0026;;V1;1;HB;3;4;0;0;0;0;F07;FILTRO FLUIDO HIDR;0;CATERPILLA //;491-5241 // 5909787;FILTROS;CAT 323;8-VARIOS;2,069;0;KG;15360;20;0;;;;;1;;1;;
2;02-MENOR A PUNTO DE PEDIDO;1016429;ZSTO;Filtro A/A Cabina Exterior;MM01;0026;;V1;1;HB;2;1;0;0;0;0;F10;FILTRO HVAC;60312,57;CATERPILLA;580-5439;FILTROS;CAT 323;9-FRAGIL;0,413;0;KG;5328;20;60312,57;;1;;;;;1;;
4;04-MAYOR A STOCK MAXIMO;1016430;ZSTO;Escobillas Limpiaparabrisas;MM01;0026;;RE;1;HB;2;4;0;0;0;0;C29;FILTROS/RESPUESTOS;0;VOLVO MAQU;84035947;REPUESTOS;VOLVO FM460;8-VARIOS;0,286;0;KG;1716;15;193004,85;;;;;1;;1;;
2;02-MENOR A PUNTO DE PEDIDO;1016432;ZSTO;Tapa Tanque de Urea;MM01;0026;;RE;1;HB;2;1;0;0;0;0;C29;FILTROS/RESPUESTOS;43637,76;VOLVO MAQU;21584844;REPUESTOS;VOLVO FM460;8-VARIOS;0,221;0;KG;486;15;43637,76;;1;;;;;1;;
2;02-MENOR A PUNTO DE PEDIDO;1016434;ZSTO;Kit Correa y Tensores;MM01;0026;;RE;1;HB;2;1;0;0;0;0;C03;EQUIPOS;711043,63;VOLVO MAQU // // //;20002072 // 20712530+22275091 // 22696301+21479276+21919687 // 22696301+21479276+24201573;REPUESTOS;VOLVO FM460;8-VARIOS;5,6;0;KG;5124;15;711043,63;;1;;;;;1;;
2;02-MENOR A PUNTO DE PEDIDO;1016436;ZSTO;Bomba de Direccion;MM01;0026;;RE;1;HB;2;1;0;0;0;0;C29;FILTROS/RESPUESTOS;925748,61;VOLVO MAQU;24060142000;REPUESTOS;VOLVO FM460;7-PESADO;5,7;0;KG;9126;15;925748,61;;1;;;;;1;;
3;03-MAYOR A PUNTO DE PEDIDO;1016438;ZSTO;NEUMATICO 17.5 R25 MINERA SUELO ROCOSO;MM01;0026;;V1;3;HB;6;4;0;0;0;0;C50;CUBIERTAS MINERIA;7717303,44;MICHELIN A // GOOD YEAR // BRIDGESTON;MICHELIN XHA2 / MAXAM 301 E3/L3 // GOODYEAR RL-2+ // VJT 17.5 R25;CUBIERTAS;?;5-CUBIERTAS;0;0;KG;0;15;7717303,45;;;;1;;;1;;
3;03-MAYOR A PUNTO DE PEDIDO;1016512;ZSTO;Filtro Primario Admision;MM01;0026;;V1;1;HB;3;2;0;0;0;0;F04;FILTRO AIRE;282169,6;VOLVO MAQU;VOE17500266;FILTROS;FILTRO AIRE;8-VARIOS;4,089;0;KG;37376;30;282169,6;;;;1;;;1;;
3;03-MAYOR A PUNTO DE PEDIDO;1016513;ZSTO;Filtro Secundario Admision;MM01;0026;;V1;1;HB;3;2;0;0;0;0;F04;FILTRO AIRE;229024,18;VOLVO MAQU;VOE17500268;FILTROS;FILTRO AIRE;8-VARIOS;1,336;0;KG;22000;30;229024,18;;;;1;;;1;;
3;03-MAYOR A PUNTO DE PEDIDO;1017732;ZSTO;Buje de elastico delantero;MM01;0026;;RE;0;HB;1;1;0;0;0;0;C29;FILTROS/RESPUESTOS;60508,53;VOLVO CONS;22221048;REPUESTOS;VOLVO 460 (8X4) - (6X4);8-VARIOS;1,613;0;KG;25,434;15;60508,53;;;;1;;;1;;
3;03-MAYOR A PUNTO DE PEDIDO;1017755;ZSTO;Hoja elastico tras maestra;MM01;0026;;RE;1;HB;2;2;0;0;0;0;C29;FILTROS/RESPUESTOS;256203,76;VOLVO CONS;1635305;REPUESTOS;VOLVO 460 (8X4) - (6X4);7-PESADO;27;0;KG;9720;15;256203,76;;;;1;;;1;;
2;02-MENOR A PUNTO DE PEDIDO;1017809;ZSSD;CORREA POLI-V;MM01;0026;;RE;1;HB;2;1;0;0;0;0;C29;FILTROS/RESPUESTOS;145164,65;;198-3611;CORREAS;CAT 140K;8-VARIOS;0;0;KG;0;0;145164,65;;1;;;;;1;;
2;02-MENOR A PUNTO DE PEDIDO;1017829;ZSSD;VISCOSO;MM01;0026;;RE;1;HB;2;1;0;0;0;0;C03;EQUIPOS;1577056,8;;24017079;REPUESTOS;VOLVO;?;0;0;KG;0;0;1577056,8;;1;;;;;1;;
3;03-MAYOR A PUNTO DE PEDIDO;1017879;ZSTO;Filtro Admision Primario;MM01;0026;;V1;1;HB;3;2;0;0;0;0;F04;FILTRO AIRE;0;CATERPILLA;4969841;FILTROS;FILTRO AIRE;6-PESADO Y FRAGIL;5;0;KG;50933;15;853886,82;;;;1;;;1;;
3;03-MAYOR A PUNTO DE PEDIDO;1017882;ZSTO;Filtro Admision Secundario;MM01;0026;;V1;1;HB;3;3;0;0;0;0;F04;FILTRO AIRE;110652,19;CATERPILLA;4969842;FILTROS;FILTRO AIRE;8-VARIOS;0,746;0;KG;11700;15;435235,53;;;;1;;;1;;
3;03-MAYOR A PUNTO DE PEDIDO;1017884;ZSTO;Filtro Venteo Tanque Hidraulico;MM01;0026;;V1;1;HB;2;2;0;0;0;0;F07;FILTRO FLUIDO HIDR;72004,92;CATERPILLA;5221451;FILTROS;FILTRO HIDRAULICO;8-VARIOS;0,98;0;KG;500;15;72004,92;;;;1;;;1;;
3;03-MAYOR A PUNTO DE PEDIDO;1017885;ZSTO;Filtro Aceite Motor;MM01;0026;;V1;1;HB;2;2;0;0;0;0;F03;FILTRO ACEITE;176354,02;CATERPILLA;5000483;FILTROS;FILTROS;7-PESADO;900;0;KG;6750;15;176354,03;;;;1;;;1;;
3;03-MAYOR A PUNTO DE PEDIDO;1017886;ZSTO;Filtro Trampa de Agua;MM01;0026;;V1;1;HB;2;2;0;0;0;0;F13;FILTRO TRAMPA DE A;273315,66;CATERPILLA;5000481;FILTROS;FILTRO TRAMPA DE AGUA;8-VARIOS;985;0;KG;4275;15;273315,67;;;;1;;;1;;
3;03-MAYOR A PUNTO DE PEDIDO;1017888;ZSTO;Filtro Combustible;MM01;0026;;V1;3;HB;6;5;0;0;0;0;F06;FILTRO COMBUSTIBLE;480333,56;CATERPILLA;5701623;FILTROS;FILTRO COMB;7-PESADO;641;0;KG;2904;15;598899,2;;;;1;;;1;;
2;02-MENOR A PUNTO DE PEDIDO;1017891;ZSTO;Filtro Cabina Interior;MM01;0026;;V1;1;HB;2;1;0;0;0;0;F05;FILTRO AIRE CABINA;67803,7;CATERPILLA //;SG014520304 // 5000957;FILTROS;FILTRO AIRE;9-FRAGIL;200;0;KG;5488;15;67803,7;;1;;;;;1;;
4;04-MAYOR A STOCK MAXIMO;1017892;ZSTO;PORTA UÑA BALDE - EA66TLW50;MM01;0026;;V1;5;HB;9;11;0;0;0;0;G04;UÑAS;1996906,5;VOLVO MAQU;VOE14732191;DESGASTE;VOLVO EC 480D;3-DESGASTE;37;0;KG;17010;25;3512814,83;;;;;1;;1;;
3;03-MAYOR A PUNTO DE PEDIDO;1017896;ZSTO;Uña;MM01;0026;;V1;3;HB;6;6;0;0;0;0;G04;UÑAS;3098047,62;CATERPILLA;3683878;DESGASTE;?;3-DESGASTE;66;0;KG;34897,5;15;3098047,62;;;;1;;;1;;
3;03-MAYOR A PUNTO DE PEDIDO;1017897;ZSTO;traba de uña;MM01;0026;;V1;6;HB;12;8;0;0;0;0;G05;AJUSTE;814407,28;CATERPILLA;4540278;DESGASTE;?;7-PESADO;0,65;0;KG;173,092;15;814407,29;;;;1;;;1;;
3;03-MAYOR A PUNTO DE PEDIDO;1017898;ZSTO;Manguito de Uña;MM01;0026;;V1;6;HB;12;8;0;0;0;0;G05;AJUSTE;106921,84;CATERPILLA;5395752;DESGASTE;?;3-DESGASTE;0,5;0;KG;280;15;106921,81;;;;1;;;1;;
3;03-MAYOR A PUNTO DE PEDIDO;1017899;ZSTO;Borde de Segmento Izquierdo;MM01;0026;;V1;1;HB;2;2;0;0;0;0;G01;CUCHILLAS;407020,22;CATERPILLA;2755462;DESGASTE;?;3-DESGASTE;86;0;KG;28090;15;407020,22;;;;1;;;1;;
4;04-MAYOR A STOCK MAXIMO;1017900;ZSTO;Borde de Segmento  Central;MM01;0026;;V1;1;HB;2;3;0;0;0;0;G01;CUCHILLAS;532350;CATERPILLA;2755460;DESGASTE;?;3-DESGASTE;86;0;KG;21730;15;532350;;;;;1;;1;;
4;04-MAYOR A STOCK MAXIMO;1017901;ZSTO;Borde de Segmento  Derecho;MM01;0026;;V1;1;HB;2;3;0;0;0;0;G01;CUCHILLAS;600171,48;CATERPILLA;2755461;DESGASTE;?;3-DESGASTE;86;0;KG;28090;15;600171,48;;;;;1;;1;;
3;03-MAYOR A PUNTO DE PEDIDO;1017902;ZSTO;Perno de Placa Superior;MM01;0026;;V1;15;HB;36;32;0;0;0;0;G05;AJUSTE;689859,52;CATERPILLA;2099311;DESGASTE;?;7-PESADO;0;0;KG;0;15;1619109,54;;;;1;;;1;;
2;02-MENOR A PUNTO DE PEDIDO;1018132;ZSSD;lámparas de 24V-H4;MM01;0026;;V1;2;HB;5;2;0;0;0;0;C29;FILTROS/RESPUESTOS;0;;;REPUESTOS;ELECTRICIDAD AUTOMOTOR;?;0;0;KG;0;0;18898,06;;1;;;;;1;;
3;03-MAYOR A PUNTO DE PEDIDO;1018241;ZSTO;Filtro Respidadero Tanque Hidraulico;MM01;0026;;V1;2;HB;5;3;0;0;0;0;F07;FILTRO FLUIDO HIDR;640884,48;CATERPILLA;5070646;FILTROS;CAT 775G;8-VARIOS;0;0;KG;0;15;640884,49;;;;1;;;1;;
3;03-MAYOR A PUNTO DE PEDIDO;1018243;ZSTO;Filtro A/A Cabina Exterior;MM01;0026;;V1;8;HB;15;15;0;0;0;0;F10;FILTRO HVAC;5203453,05;CATERPILLA //;4648460 // 593-1533;FILTROS;CAT 775G;8-VARIOS;0;0;KG;0;15;5203453,11;;;;1;;;1;;
3;03-MAYOR A PUNTO DE PEDIDO;1018244;ZSTO;Filtro Respiradero Transmision - Linea H;MM01;0026;;V1;1;HB;4;3;0;0;0;0;F04;FILTRO AIRE;52416,69;CATERPILLA;8X4575;FILTROS;CAT 775G;8-VARIOS;0;0;KG;0;15;52416,7;;;;1;;;1;;
4;04-MAYOR A STOCK MAXIMO;1018632;ZSTO;O RING;MM01;0026;;RE;1;HB;2;12;0;0;0;0;C03;EQUIPOS;17969,76;KOMATSU HO;07000-12125;REPUESTOS;KOMATSU;8-VARIOS;0;0;KG;145;15;17969,7;;;;;1;;1;;
2;02-MENOR A PUNTO DE PEDIDO;1022036;ZSTO;CORREA;MM01;0026;;RE;1;HB;2;1;0;0;0;0;C29;FILTROS/RESPUESTOS;124341,82;ONAN;8PK-1430;REPUESTOS;ONAN C 150 D5 4;8-VARIOS;0;0;KG;1840;15;124341,82;;1;;;;;1;;
3;03-MAYOR A PUNTO DE PEDIDO;1022051;ZSTO;CUCHILLAS CENTRALES;MM01;0026;;V1;1;HB;3;2;0;0;0;0;G01;CUCHILLAS;663361,38;CATERPILLA;139-9230;DESGASTE;CAT 950L;3-DESGASTE;0;0;KG;0;0;663361,37;;;;1;;;1;;
3;03-MAYOR A PUNTO DE PEDIDO;1022060;ZSTO;CUCHILLA LATERALES;MM01;0026;;V1;1;HB;3;2;0;0;0;0;G01;CUCHILLAS;234346,66;CATERPILLA;4T8101;DESGASTE;CAT 950L;3-DESGASTE;0;0;KG;0;15;234346,67;;;;1;;;1;;
2;02-MENOR A PUNTO DE PEDIDO;1022272;ZSTO;Conjunto Filtro Admision;MM01;0026;;V1;1;HB;2;1;0;0;0;0;F04;FILTRO AIRE;50495,9;GUANGXI LI;SP207554;FILTROS;AUTOELEVADOR LUIGONG CPCD35;8-VARIOS;0;0;KG;2541;20;50495,89;;1;;;;;1;;
3;03-MAYOR A PUNTO DE PEDIDO;1022304;ZSTO;Protector Inferior de Balde;MM01;0026;;V1;5;HB;9;6;0;0;0;0;G01;CUCHILLAS;1831606,68;JOHN DEERE;T1386529;DESGASTE;EXCAVADORA JD 350 LC;3-DESGASTE;13;0;KG;5670;15;1831606,66;;;;1;;;1;;
3;03-MAYOR A PUNTO DE PEDIDO;1022309;ZSTO;Filtro Ventilacion Tanque Hidraulico;MM01;0026;;V1;1;HB;2;2;0;0;0;0;F07;FILTRO FLUIDO HIDR;83897,12;JOHN DEERE;4437838;FILTROS;EXCAVADORA JD 350 LC;8-VARIOS;0,036;0;KG;204,75;15;83897,12;;;;1;;;1;;
3;03-MAYOR A PUNTO DE PEDIDO;1022421;ZSTO;FARO TRASERO DERECHO;MM01;0026;;RE;1;HB;2;2;0;0;0;0;C03;EQUIPOS;932274,48;VOLVO TRUC;82483073 / 84441760 / 23522308;REPUESTOS;VOLVO FM460;?;0;0;KG;0;0;932274,49;;;;1;;;1;;
3;03-MAYOR A PUNTO DE PEDIDO;1022785;ZSTO;CONVERTIDOR 15 AMP 24/12 VOLT;MM01;0026;;V1;1;HB;3;2;0;0;0;0;C03;EQUIPOS;0;;AT404819;REPUESTOS;?;?;0;0;KG;0;0;153553,7;;;;1;;;1;;
3;03-MAYOR A PUNTO DE PEDIDO;1022839;ZSTO;CRUCETA;MM01;0026;;RE;2;HB;4;4;0;0;0;0;C03;EQUIPOS;0;;CHD 6654;REPUESTOS;CAMIONES REGADORES;?;0;0;KG;0;0;124434,04;;;;1;;;1;;
4;04-MAYOR A STOCK MAXIMO;1024337;ZSTO;SEGUER;MM01;0026;;RE;1;HB;2;3;0;0;0;0;C03;EQUIPOS;0;;340-2374;?;?;?;0;0;KG;0;0;105456,63;;;;;1;;1;;
4;04-MAYOR A STOCK MAXIMO;1024376;ZSTO;SELLO CIL. BOOM / BALDE / STICK;MM01;0026;;RE;1;HB;2;10;0;0;0;0;C03;EQUIPOS;0;;14560209;REPUESTOS;VOLVO EC 480D;?;0;0;KG;0;0;346678,9;;;;;1;;1;;
3;03-MAYOR A PUNTO DE PEDIDO;1024432;ZSTO;SELLO STICK;MM01;0026;;RE;1;HB;2;2;0;0;0;0;C03;EQUIPOS;76467,2;;4251766;REPUESTOS;HITACHI 870;?;0;0;KG;0;0;76467,2;;;;1;;;1;;
2;02-MENOR A PUNTO DE PEDIDO;1024638;ZSTO;STARTER SWITCH;MM01;0026;;RE;1;HB;2;1;0;0;0;0;C03;EQUIPOS;0;;14526158;REPUESTOS;VOLVO EC 480D;?;0;0;KG;0;0;291386,78;;1;;;;;1;;
4;04-MAYOR A STOCK MAXIMO;1024666;ZSTO;SWITCH;MM01;0026;;RE;1;HB;2;3;0;0;0;0;C03;EQUIPOS;0;;SA8230-36940;REPUESTOS;VOLVO EC 480D;?;0;0;KG;0;0;834712,8;;;;;1;;1;;
2;02-MENOR A PUNTO DE PEDIDO;1024674;ZSTO;SWITCH LUCES;MM01;0026;;RE;1;HB;2;1;0;0;0;0;C03;EQUIPOS;94785,5;;70369702;REPUESTOS;?;?;0;0;KG;0;0;94785,5;;1;;;;;1;;
2;02-MENOR A PUNTO DE PEDIDO;1024678;ZSTO;ORING BALDE;MM01;0026;;RE;5;HB;10;3;0;0;0;0;C03;EQUIPOS;165322,08;;SA9524-00146;REPUESTOS;?;?;0;0;KG;0;0;165322,07;;1;;;;;1;;
4;04-MAYOR A STOCK MAXIMO;1024967;ZSTO;TUERCA;MM01;0026;;V1;13;HB;24;57;0;0;0;0;C03;EQUIPOS;39982,18;VOLVO MAQU;VOE997412;DESGASTE;BULONERIA;?;0;0;KG;0;0;82432,2;;;;;1;;1;;
3;03-MAYOR A PUNTO DE PEDIDO;1025269;ZSTO;ZAPATA GUIA CIRCULAR;MM01;0026;;RE;1;HB;2;2;0;0;0;0;C03;EQUIPOS;0;;319-2228;DESGASTE;CAT;?;0;0;KG;0;0;0;;;;1;;;1;;
4;04-MAYOR A STOCK MAXIMO;1026196;ZSTO;UTILIZAR 1003849;MM01;0026;;V1;3;HB;6;8;0;0;0;0;C03;EQUIPOS;650419,96;;T239757;REPUESTOS;DESGASTE;?;0;0;KG;0;0;1246037,21;;;;;1;;1;;
4;04-MAYOR A STOCK MAXIMO;1026896;ZSTO;FARO LATERAL;MM01;0026;;RE;1;HB;2;10;0;0;0;0;C03;EQUIPOS;549196;VOLVO TRUC;23387844 / 20789440;REPUESTOS;VOLVO FM460;?;0;0;KG;0;0;549195,97;;;;;1;;1;;
2;02-MENOR A PUNTO DE PEDIDO;1027114;ZSTO;KIT DE EMBRAGUE FMX 460;MM01;0026;;RE;1;HB;2;1;0;0;0;0;C03;EQUIPOS;3595423,52;;20002083 // KIT(2341664-23417523-24157502-1652986) // KIT(23491400-23441664-1652986-23417523);REPUESTOS;CAMION VOLVO FMX 460;8-VARIOS;0;0;KG;0;0;3595423,52;;1;;;;;1;;
3;03-MAYOR A PUNTO DE PEDIDO;1027333;ZSTO;UÑA BALDE PENETRACION  - 66PPE;MM01;0026;;V1;8;HB;15;14;0;0;0;18;C29;FILTROS/RESPUESTOS;0;ESCANDINAV;VOE14732403;DESGASTE;VOLVO EC 480D;3-DESGASTE;16,08;0;KG;10800;15;1131900;;;;1;;;1;;
2;02-MENOR A PUNTO DE PEDIDO;1027554;ZSSD;"escobilla bufalo c20 plus 500mm 20""";MM01;0026;;CL;1;HB;1;1;0;0;0;0;C29;FILTROS/RESPUESTOS;6528,93;;;REPUESTOS;IVECO;?;1;0;KG;0;20;6528,93;;1;;;;;1;;
4;04-MAYOR A STOCK MAXIMO;1027561;ZSSD;Barra de inicio 437-20202,10;MM01;0026;;RE;1;HB;2;5;0;0;0;0;C29;FILTROS/RESPUESTOS;0;;;REPUESTOS;CAT;?;1;0;KG;0;0;0;;;;;1;;1;;
3;03-MAYOR A PUNTO DE PEDIDO;1027562;ZSSD;Filtro hidraulico P165332 - filtro diali;MM01;0026;;V1;7;HB;14;9;0;0;0;0;C29;FILTROS/RESPUESTOS;740271,69;;;FILTROS;CAT 938H;?;1;0;KG;0;0;740271,67;;;;1;;;1;;
3;03-MAYOR A PUNTO DE PEDIDO;1027620;ZSSD;PORTA UÑA HITACHI 5709043;MM01;0026;;V1;3;HB;6;4;0;0;0;0;C29;FILTROS/RESPUESTOS;5346841,08;;;DESGASTE;HITACHI 870;?;1;0;KG;0;0;5346841,08;;;;1;;;1;;
3;03-MAYOR A PUNTO DE PEDIDO;1027623;ZSTO;ESCOBILLA LIMPIAPARABRISAS;MM01;0026;;V1;1;HB;3;2;0;0;0;0;C03;EQUIPOS;80123,34;;1285040 / 292-6567;REPUESTOS;CAT 324;?;0;0;KG;0;0;80123,34;;;;1;;;1;;
4;04-MAYOR A STOCK MAXIMO;1027690;ZSSD;PLACA PROTECTOR BALDE 2571783 CAT 988;MM01;0026;;RE;1;HB;2;6;0;0;0;0;C29;FILTROS/RESPUESTOS;0;;2571783 CAT 988;DESGASTE;CAT 988;3-DESGASTE;0;0;KG;0;25;0;;;;;1;;1;;
3;03-MAYOR A PUNTO DE PEDIDO;1027788;ZSSD;ESCOBILLA LIMPIAPARABRISAS FRONTAL;MM01;0026;;V1;1;HB;2;2;0;0;0;0;C29;FILTROS/RESPUESTOS;0;CATERPILLA;6V-5851;REPUESTOS;CAT;?;0;0;KG;0;15;97762,5;;;;1;;;1;;
3;03-MAYOR A PUNTO DE PEDIDO;1028558;ZSTO;ORING;MM01;0026;;RE;2;HB;5;5;0;0;0;0;C03;EQUIPOS;0;;6V-8260;REPUESTOS;?;?;0;0;KG;0;0;251971,4;;;;1;;;1;;
2;02-MENOR A PUNTO DE PEDIDO;1028721;ZSTO;TUBO AGUA COMPR STRALIS TRAKKER;MM01;0026;;RE;1;HB;1;1;0;0;0;0;C03;EQUIPOS;78658,97;;5801582266;REPUESTOS;IVECO STRALIS;?;0;0;KG;0;0;78658,97;;1;;;;;1;;
4;04-MAYOR A STOCK MAXIMO;1029232;ZSTO;FILTRO DRENAJE ACEITE HIDRAULICO;MM01;0026;;V1;1;HB;2;3;0;0;0;0;C03;EQUIPOS;0;;364-0986;FILTROS;?;?;0;0;KG;0;0;1546026,27;;;;;1;;1;;
2;02-MENOR A PUNTO DE PEDIDO;1029359;ZSTO;CORREA A/A;MM01;0026;;RE;1;HB;1;1;0;0;0;0;C03;EQUIPOS;67500;;07W145933;CORREAS;?;?;0;0;KG;0;0;67500;;1;;;;;1;;
3;03-MAYOR A PUNTO DE PEDIDO;1029422;ZSTO;ORING;MM01;0026;;RE;1;HB;2;2;0;0;0;0;C03;EQUIPOS;2604;;07000-12065;REPUESTOS;?;?;0;0;KG;0;0;2604;;;;1;;;1;;
4;04-MAYOR A STOCK MAXIMO;1029423;ZSTO;ORING;MM01;0026;;RE;1;HB;2;14;0;0;0;0;C03;EQUIPOS;78120;;07000-F5180;REPUESTOS;?;?;0;0;KG;0;0;78120;;;;;1;;1;;
3;03-MAYOR A PUNTO DE PEDIDO;1033138;ZSTO;O-RING DE INYECTOR;MM01;0026;;RE;1;HB;12;12;0;0;0;0;C03;EQUIPOS;15136,2;;6219-71-1150;REPUESTOS;?;?;0;0;KG;0;0;15136,2;;;;1;;;1;;
3;03-MAYOR A PUNTO DE PEDIDO;1033139;ZSTO;O-RING DE INYECTOR;MM01;0026;;RE;1;HB;6;6;0;0;0;0;C03;EQUIPOS;6727,2;;6219-71-1160;REPUESTOS;?;?;0;0;KG;0;0;6727,2;;;;1;;;1;;
2;02-MENOR A PUNTO DE PEDIDO;1033158;ZSTO;BASE DE FILTRO CON BOMBIN;MM01;0026;;RE;1;HB;1;1;0;0;0;0;C29;FILTROS/RESPUESTOS;696461,4;;VOE21023287;REPUESTOS;?;?;0;0;KG;0;0;696461,4;;1;;;;;1;;
3;03-MAYOR A PUNTO DE PEDIDO;1033185;ZSTO;SELLO O'RING;MM01;0026;;RE;2;HB;6;6;0;0;0;0;C03;EQUIPOS;0;;6V-5048;REPUESTOS;?;?;0;0;KG;0;0;49871,52;;;;1;;;1;;
2;02-MENOR A PUNTO DE PEDIDO;1033241;ZSTO;INYECTOR C27;MM01;0026;;RE;12;HB;24;3;0;0;0;0;C03;EQUIPOS;4465043,73;;647-0751 / 618-0751;REPUESTOS;AUTOMOTOR;?;0;0;KG;0;0;4465043,74;;1;;;;;1;;
3;03-MAYOR A PUNTO DE PEDIDO;1033532;ZSSD;AGUA DESMINERALIZADA X 1000L;MM01;0026;;V1;1;HB;2;2;0;0;0;0;L02;FLUIDOS;1029837,62;;;LUBRICANTES;?;?;20,031;0;KG;24700;0;1029837,62;;;;1;;;1;;
2;02-MENOR A PUNTO DE PEDIDO;1033550;ZSSD;FARO LED 9V 36 LUXLED XUN;MM01;0026;;V1;6;HB;12;4;0;0;0;0;C11;ELECTRICIDAD;0;;;REPUESTOS;ELECTRICIDAD AUTOMOTOR;?;0;0;KG;0;0;38016,52;;1;;;;;1;;
3;03-MAYOR A PUNTO DE PEDIDO;1033688;ZSTO;GEAR SUN NO2;MM01;0026;;RE;1;HB;2;2;0;0;0;0;C03;EQUIPOS;3208061,68;;7118-30390;REPUESTOS;?;?;0;0;KG;0;0;3208061,68;;;;1;;;1;;
3;03-MAYOR A PUNTO DE PEDIDO;1034448;ZSTO;ENTREDIENTES VOLVO 480;MM01;0026;;V1;6;HB;12;8;0;0;0;0;C04;SERVICIOS EQUIPOS;1549376,48;;VOE14619307;DESGASTE;EXCAVADORA VOLVO EC 480 D;3-DESGASTE;0;0;KG;0;15;1549376,45;;;;1;;;1;;
2;02-MENOR A PUNTO DE PEDIDO;1034469;ZSTO;MANGUERA SUPERIOR DE RADIADOR;MM01;0026;;RE;1;HB;2;1;0;0;0;0;C03;EQUIPOS;175424;;5801693271;REPUESTOS;?;?;0;0;KG;0;0;175424;;1;;;;;1;;
2;02-MENOR A PUNTO DE PEDIDO;1034538;ZSTO;CONDENSADOR A/A;MM01;0026;;RE;1;HB;1;1;0;0;0;0;C03;EQUIPOS;1072797,64;;22768927 // 22768793;REPUESTOS;VOLVO 460 FMX;?;0;4;KG;0;0;1072797,64;;1;;;;;1;;
3;03-MAYOR A PUNTO DE PEDIDO;1034539;ZSTO;OPTICA DE GIRO;MM01;0026;;RE;1;HB;2;2;0;0;0;0;C03;EQUIPOS;426928,34;;334-5409;REPUESTOS;?;?;0;0;KG;0;0;426928,34;;;;1;;;1;;
3;03-MAYOR A PUNTO DE PEDIDO;1034598;ZSTO;SWITCH;MM01;0026;;RE;1;HB;2;2;0;0;0;0;C03;EQUIPOS;0;;VOE14529295;REPUESTOS;VOLVO EC 480D;?;0;0;KG;0;0;332683,82;;;;1;;;1;;
4;04-MAYOR A STOCK MAXIMO;1034603;ZSTO;PASADOR DE SENSOR;MM01;0026;;RE;1;HB;2;60;0;0;0;0;C03;EQUIPOS;0;;9X-3401;REPUESTOS;CAT 775 G;?;0;0;KG;0;0;146362,5;;;;;1;;1;;
4;04-MAYOR A STOCK MAXIMO;1034604;ZSTO;CONECTOR TERMINAL;MM01;0026;;RE;1;HB;2;50;0;0;0;0;C03;EQUIPOS;0;;9X-3402;REPUESTOS;CAT 775 G;?;0;0;KG;0;0;60250;;;;;1;;1;;
4;04-MAYOR A STOCK MAXIMO;1034605;ZSTO;CONECTOR;MM01;0026;;RE;1;HB;2;40;0;0;0;0;C03;EQUIPOS;0;;126-1768;REPUESTOS;CAT 775 G;?;0;0;KG;0;0;209700;;;;;1;;1;;
4;04-MAYOR A STOCK MAXIMO;1034606;ZSTO;CONECTOR;MM01;0026;;RE;1;HB;2;50;0;0;0;0;C03;EQUIPOS;0;;126-1767;REPUESTOS;CAT 775 G;?;0;0;KG;0;0;152163;;;;;1;;1;;
2;02-MENOR A PUNTO DE PEDIDO;1034630;ZSTO;FLEXIBLE;MM01;0026;;RE;1;HB;2;1;0;0;0;0;C03;EQUIPOS;97175,23;;20992763;REPUESTOS;VOLVO FM460;?;0;0;KG;0;0;97175,23;;1;;;;;1;;
2;02-MENOR A PUNTO DE PEDIDO;1034645;ZSTO;VOLANTE DE INERCIA;MM01;0026;;RE;1;HB;2;1;0;0;0;0;C03;EQUIPOS;1997950,72;;21630898;REPUESTOS;VOLVO FM460;?;0;0;KG;0;0;1997950,72;;1;;;;;1;;
2;02-MENOR A PUNTO DE PEDIDO;1034646;ZSTO;ELECTROVALVULA EMBRAGUE;MM01;0026;;RE;1;HB;2;1;0;0;0;0;C03;EQUIPOS;666190,92;;22327072;REPUESTOS;VOLVO FM460;?;0;0;KG;0;0;666190,92;;1;;;;;1;;
2;02-MENOR A PUNTO DE PEDIDO;1034682;ZSTO;COMPRESOR A/A TRAKKER 410T;MM01;0026;;RE;1;HB;2;1;0;0;0;0;C03;EQUIPOS;753169,2;;540385146;REPUESTOS;IVECO;?;0;0;KG;0;0;753169,2;;1;;;;;1;;
3;03-MAYOR A PUNTO DE PEDIDO;1034941;ZSTO;EXTENSION DE VALVULA DE INFLADO;MM01;0026;;V1;2;HB;5;3;0;0;0;0;C03;EQUIPOS;0;;272-7948;REPUESTOS;CAT 775;?;0;0;KG;0;0;538683,42;;;;1;;;1;;
4;04-MAYOR A STOCK MAXIMO;1035035;ZSTO;VALVULA DE DESCARGA;MM01;0026;;RE;1;HB;2;5;0;0;0;0;C03;EQUIPOS;0;;VOE14722461;REPUESTOS;VOLVO EC 480D;?;0;0;KG;0;0;466425,85;;;;;1;;1;;
3;03-MAYOR A PUNTO DE PEDIDO;1035250;ZSCD;GRASA COBREADA BOMBEABLE X 23 KG.;MM01;0026;;RE;1;HB;2;2;0;0;0;0;L01;ACEITES;0;M-LUBE;ROCK 11565;LUBRICANTES;PERFORADORA EPIROC;?;195;0;KG;224462,9;15;2982000;;;;1;;;1;;
3;03-MAYOR A PUNTO DE PEDIDO;1035259;ZSTO;GRAMPA CAÑO HIDRAULICO;MM01;0026;;RE;1;HB;2;2;0;0;0;0;C03;EQUIPOS;173627,44;;VOE14881236;REPUESTOS;VOLVO EC 480D;?;0;0;KG;0;0;173627,43;;;;1;;;1;;
2;02-MENOR A PUNTO DE PEDIDO;1035260;ZSTO;MANGUERA FRENOS;MM01;0026;;RE;1;HB;2;1;0;0;0;0;C03;EQUIPOS;0;;22938292;REPUESTOS;VOLVO FM460;?;0;0;KG;0;0;102684,82;;1;;;;;1;;
4;04-MAYOR A STOCK MAXIMO;1035262;ZSTO;MANGUERA FRENOS 2;MM01;0026;;RE;1;HB;2;3;0;0;0;0;C03;EQUIPOS;0;;22938285;REPUESTOS;VOLVO FM460;?;0;0;KG;0;0;229433,89;;;;;1;;1;;
3;03-MAYOR A PUNTO DE PEDIDO;1035263;ZSTO;COMPRESOR 775G;MM01;0026;;RE;1;HB;2;2;0;0;0;0;C03;EQUIPOS;0;;472-0559 // 320-1291;REPUESTOS;CAT 775 G;?;0;0;KG;0;0;2518696,4;;;;1;;;1;;
2;02-MENOR A PUNTO DE PEDIDO;1035264;ZSTO;COMPRESOR 988H;MM01;0026;;RE;1;HB;2;1;0;0;0;0;C03;EQUIPOS;0;;218-0324;REPUESTOS;CAT 988 H;?;0;0;KG;0;0;1832018,27;;1;;;;;1;;
4;04-MAYOR A STOCK MAXIMO;1035339;ZSTO;RETENEDOR P/ UÑA 1016074;MM01;0026;;RE;1;HB;2;22;0;0;0;0;C03;EQUIPOS;589298,82;;VOE17493106;DESGASTE;VOLVO EC 480D;?;0;0;KG;0;0;589298,91;;;;;1;;1;;
2;02-MENOR A PUNTO DE PEDIDO;1035453;ZSTO;MOTOR LIMPIAPARABRISAS (V480);MM01;0026;;RE;1;HB;2;1;0;0;0;0;C03;EQUIPOS;0;;VOE14675537;REPUESTOS;VOLVO EC 480D;?;0;0;KG;0;0;989353,16;;1;;;;;1;;
3;03-MAYOR A PUNTO DE PEDIDO;1035634;ZSSD;MAXI FUSIBLE 50 AMP;MM01;0026;;V1;2;HB;5;3;0;0;0;0;C27;FERRETERIA MR01;0;;;REPUESTOS;VOLVO;?;0;0;KG;0;0;4026,45;;;;1;;;1;;
2;02-MENOR A PUNTO DE PEDIDO;1035682;ZSTO;ALZA CRISTAL IZQUIERDO;MM01;0026;;RE;1;HB;2;1;0;0;0;0;C03;EQUIPOS;1045212,98;;56B-54-14351;REPUESTOS;KOMATSU HD785;?;0;0;KG;0;0;1045212,98;;1;;;;;1;;
2;02-MENOR A PUNTO DE PEDIDO;1035684;ZSTO;MOTOR LIMPIAPARABRISAS;MM01;0026;;RE;1;HB;2;1;0;0;0;0;C03;EQUIPOS;798296,85;;56B-54-13220;REPUESTOS;KOMATSU HD785;?;0;0;KG;0;0;798296,85;;1;;;;;1;;
4;04-MAYOR A STOCK MAXIMO;1035780;ZSTO;BULON DE PLACA VOLVO;MM01;0026;;V1;13;HB;24;52;0;0;0;0;C03;EQUIPOS;0;;VOE60110035;DESGASTE;?;?;0;0;KG;0;0;203732,5;;;;;1;;1;;
2;02-MENOR A PUNTO DE PEDIDO;1036372;ZSTO;VARILLA MEDICION DE ACEITE MOTOR;MM01;0026;;RE;1;HB;1;1;0;0;0;0;C03;EQUIPOS;0;;616-6274;REPUESTOS;?;?;0;0;KG;0;0;303690,47;;1;;;;;1;;
3;03-MAYOR A PUNTO DE PEDIDO;1036706;ZSSD;"BROCA T51 89MM 3 1/2"" RETRACTIL";MM01;0026;;V1;5;HB;9;6;0;0;0;0;C29;FILTROS/RESPUESTOS;0;;90510341;DESGASTE;ATLAS COPCO ROC F9-11;?;0;0;KG;0;0;3037542;;;;1;;;1;;
3;03-MAYOR A PUNTO DE PEDIDO;1041107;ZSTO;PORTAUÑAS IZQ / DERE - BALDE HITA;MM01;0026;;V1;1;HB;3;2;0;0;0;0;C03;EQUIPOS;5110101,02;;6852L-65SV2 / 5129328;DESGASTE;HITACHI ZAXIS 870 LC-5G;3-DESGASTE;0;0;KG;0;30;5110101,02;;;;1;;;1;;
4;04-MAYOR A STOCK MAXIMO;1041570;ZSTO;MORDAZAS PERFORADORA;MM01;0026;;V1;2;HB;4;7;0;0;0;0;C03;EQUIPOS;6873729,66;;2653 1580 93;REPUESTOS;?;?;0;0;KG;0;0;6873729,68;;;;;1;;1;;
2;02-MENOR A PUNTO DE PEDIDO;1041725;ZSTO;"CUCHILLA (7′ X 8″ X 5/8″) X 15 Aguj 5/8""";MM01;0026;;V1;10;HB;20;10;0;0;0;0;C03;EQUIPOS;0;;5D9561 / T71979 (BORO);EQUIPOS;DESGASTE;?;0;0;KG;0;15;1460643,75;;1;;;;;1;;
3;03-MAYOR A PUNTO DE PEDIDO;1041877;ZSTO;ARANDELA INYECTOR;MM01;0026;;RE;1;HB;6;6;0;0;0;0;C03;EQUIPOS;67272;;6261-71-6150;REPUESTOS;?;?;0;0;KG;0;0;67272;;;;1;;;1;;
3;03-MAYOR A PUNTO DE PEDIDO;1041956;ZSTO;CRUCETA;MM01;0026;;RE;1;HB;2;2;0;0;0;0;C03;EQUIPOS;0;;9C-3095;REPUESTOS;?;?;0;0;KG;0;0;1351728,4;;;;1;;;1;;
3;03-MAYOR A PUNTO DE PEDIDO;1041975;ZSTO;ORING BALDE;MM01;0026;;RE;5;HB;10;8;0;0;0;0;C03;EQUIPOS;99718,12;;VOE14880695;REPUESTOS;?;?;0;0;KG;0;0;419173,61;;;;1;;;1;;
2;02-MENOR A PUNTO DE PEDIDO;1042215;ZSTO;CILINDRO COLUMNA DIRECCION CAT 775;MM01;0026;;RE;1;HB;1;1;0;0;0;0;C03;EQUIPOS;0;;332-7047;REPUESTOS;?;?;0;0;KG;0;0;367655;;1;;;;;1;;
3;03-MAYOR A PUNTO DE PEDIDO;1042802;ZSTO;PERNO DE SUSPENSION;MM01;0026;;RE;0;HB;1;1;0;0;0;0;C03;EQUIPOS;91947,36;;21838766;REPUESTOS;AUTOMOTOR;?;0;0;KG;0;0;91947,36;;;;1;;;1;;
4;04-MAYOR A STOCK MAXIMO;1046111;ZSTO;ADITIVO REFRIGERANTE CAT ELC 1LT;MM01;0026;;V1;2;HB;5;8;0;0;0;0;C03;EQUIPOS;317666,24;;119-5152;LUBRICANTES;?;?;0;0;KG;0;0;317666,21;;;;;1;;1;;
2;02-MENOR A PUNTO DE PEDIDO;1046441;ZSTO;BALANCÍN (ALTA);MM01;0026;;RE;1;HB;2;1;0;0;0;0;C03;EQUIPOS;17455,8;;VOE 11428010;REPUESTOS;?;?;0;0;KG;0;0;17455,8;;1;;;;;1;;
2;02-MENOR A PUNTO DE PEDIDO;1046692;ZSTO;CORTA CORRIENTE;MM01;0026;;RE;1;HB;2;1;0;0;0;0;C03;EQUIPOS;293414,8;;VOE17418494;REPUESTOS;?;?;0;0;KG;0;0;293414,8;;1;;;;;1;;
4;04-MAYOR A STOCK MAXIMO;1047203;ZSTO;FILTRO DE SUCCION TANQUE HIDRAULICO;MM01;0026;;V1;1;HB;2;3;0;0;0;0;C29;FILTROS/RESPUESTOS;460765,35;;2653252433 / SH 60132;REPUESTOS;FILTROS;?;0;0;KG;12288;15;460765,35;;;;;1;;1;;
2;02-MENOR A PUNTO DE PEDIDO;1049393;ZSTO;BOMBA DE IMPLEMENTO;MM01;0026;;RE;1;HB;1;1;0;0;0;0;C03;EQUIPOS;0;;485-9673;REPUESTOS;?;?;0;0;KG;0;0;7067709,12;;1;;;;;1;;
2;02-MENOR A PUNTO DE PEDIDO;1049394;ZSTO;BOMBA DE FRENO ;MM01;0026;;RE;1;HB;1;1;0;0;0;0;C03;EQUIPOS;0;;594-0989;REPUESTOS;?;?;0;0;KG;0;0;3876539,93;;1;;;;;1;;
2;02-MENOR A PUNTO DE PEDIDO;1003466;ZSTO;PERTIGA 3.4M-3.7MC/LED/BANDSOP12/24v xUN;MR01;0314;;V1;1;HB;3;1;0;0;0;0;C03;EQUIPOS;111367,07;MAXWHIP;CON LED Y BANDERILLA C/SOPORTE 12V;REPUESTOS;AUTOMOTOR;8-VARIOS;1,5;0;KG;46,998;15;111367,06;;1;;;;;1;;
4;04-MAYOR A STOCK MAXIMO;1015759;ZSSD;BOLIGRAFO BIC Trazo Grueso -AZUL- X UN.;MR01;0314;;V1;21;HB;38;61;0;0;0;0;C17;INSUMOS A;0;;MÚLT. 50U;LIBRERIA;ESCRITURA;?;0;0;KG;0;15;105289,05;;;;;1;;1;;
4;04-MAYOR A STOCK MAXIMO;1015760;ZSSD;BOLIGRAFO BIC Trazo Grueso-NEGRO X UN;MR01;0314;;V1;21;HB;38;50;0;0;0;0;C17;INSUMOS A;0;;MÚLT. 50U;LIBRERIA;ESCRITURA;?;0;0;KG;0;15;37190;;;;;1;;1;;
4;04-MAYOR A STOCK MAXIMO;1015761;ZSSD;BOLSAS DE RESIDUOS 45X60 x ROLLO;MR01;0314;;V1;21;HB;38;44;0;0;0;0;C17;INSUMOS A;0;;;LIMPIEZA;LIMPIEZA /SEGURIDAD;?;0;0;KG;0;15;24200;;;;;1;;1;;
3;03-MAYOR A PUNTO DE PEDIDO;1015779;ZSSD;CIF EN CREMA X 900 CC;MR01;0314;;V1;4;HB;8;8;0;0;0;0;C17;INSUMOS A;0;;;LIMPIEZA;LIMPIEZA /SEGURIDAD;?;0;0;KG;0;15;37100;;;;1;;;1;;
3;03-MAYOR A PUNTO DE PEDIDO;1015788;ZSSD;DESODORANTE LÍQUIDO PARA PISO X 5 LTS;MR01;0314;;V1;13;HB;23;19;0;0;0;0;C17;INSUMOS A;0;;;LIMPIEZA;LIMPIEZA /SEGURIDAD;?;0;0;KG;0;15;55100;;;;1;;;1;;
4;04-MAYOR A STOCK MAXIMO;1015789;ZSSD;DETERGENTE X 5 LTS;MR01;0314;;V1;4;HB;8;10;0;0;0;0;C17;INSUMOS A;0;;;LIMPIEZA;LIMPIEZA /SEGURIDAD;?;0;0;KG;0;15;58000;;;;;1;;1;;
4;04-MAYOR A STOCK MAXIMO;1015791;ZSSD;FRANELA  X UN;MR01;0314;;V1;13;HB;23;29;0;0;0;0;C17;INSUMOS A;0;;;LIMPIEZA;LIMPIEZA /SEGURIDAD;?;0;0;KG;0;15;46400;;;;;1;;1;;
3;03-MAYOR A PUNTO DE PEDIDO;1015807;ZSSD;LAVANDINA X 5 LTS;MR01;0314;;V1;8;HB;15;10;0;0;0;0;C17;INSUMOS A;0;;;LIMPIEZA;LIMPIEZA /SEGURIDAD;?;0;0;KG;0;15;31000;;;;1;;;1;;
3;03-MAYOR A PUNTO DE PEDIDO;1015810;ZSSD;LIMPIACONTACTO EN AEROSOL X UN;MR01;0314;;V1;8;HB;15;11;0;0;0;0;C27;FERRETERIA MR01;0;;;LIMPIEZA;LIMPIEZA /SEGURIDAD;?;0;0;KG;0;15;118833,33;;;;1;;;1;;
3;03-MAYOR A PUNTO DE PEDIDO;1015841;ZSSD;PICO DE ENGRASE LINCOLN - MOD. LI 5845;MR01;0314;;V1;52;HB;90;80;0;0;0;0;C27;FERRETERIA MR01;0;;;FERRETERIA;FERRETERIA;?;0;0;KG;0;15;438175,2;;;;1;;;1;;
3;03-MAYOR A PUNTO DE PEDIDO;1015849;ZSSD;PINCEL CERDA Nº20 XUN;MR01;0314;;V1;1;HB;3;2;0;0;0;0;C27;FERRETERIA MR01;0;;;FERRETERIA;INSUMOS;?;0;0;KG;0;15;8000;;;;1;;;1;;
3;03-MAYOR A PUNTO DE PEDIDO;1015850;ZSSD;PINCEL CERDA Nº30 XUN;MR01;0314;;V1;3;HB;6;5;0;0;0;0;C27;FERRETERIA MR01;0;;;FERRETERIA;INSUMOS;?;0;0;KG;0;15;30000;;;;1;;;1;;
3;03-MAYOR A PUNTO DE PEDIDO;1015863;ZSSD;SILICONA LIQUIDA X5LT;MR01;0314;;V1;2;HB;5;3;0;0;0;0;C17;INSUMOS A;0;;;LIMPIEZA;LIMPIEZA /SEGURIDAD;?;0;0;KG;0;15;207000;;;;1;;;1;;
3;03-MAYOR A PUNTO DE PEDIDO;1016030;ZSCD;ALCOHOL LIQUIDO X LITRO;MR01;0314;;V1;8;HB;15;10;0;0;0;0;C17;INSUMOS A;0;;;LIMPIEZA;LIMPIEZA /SEGURIDAD;?;0;0;KG;0;15;24000;;;;1;;;1;;
4;04-MAYOR A STOCK MAXIMO;1016316;ZSTO;TONER CE285A ;MR01;0314;;V1;1;HB;3;4;0;0;0;0;C05;INFORMÁT.-HARDWARE;76883,96;;;INSUMOS;INSUMOS;8-VARIOS;0,661;0;KG;2511;15;76883,97;;;;;1;;1;;
3;03-MAYOR A PUNTO DE PEDIDO;1016319;ZSTO;TONER DR 720;MR01;0314;;V1;1;HB;2;2;0;0;0;0;C05;INFORMÁT.-HARDWARE;114451,98;;MARCA GTC-MARCA BROTHER;INSUMOS;INSUMOS;8-VARIOS;0,784;0;KG;8736;15;114451,98;;;;1;;;1;;
3;03-MAYOR A PUNTO DE PEDIDO;1016919;ZSSD;LUBRICANTE MULTIUSO WD-40 440CC;MR01;0314;;V1;20;HB;36;30;0;0;0;0;C27;FERRETERIA MR01;0;;;FERRETERIA;ADHESIVOS/SELLADORES/LUBRICANT;?;0;0;KG;0;0;316800;;;;1;;;1;;
4;04-MAYOR A STOCK MAXIMO;1016948;ZSSD;AEROSOL DESINFECTANTE ANTIBACT 360ML;MR01;0314;;V1;6;HB;11;12;0;0;0;0;C17;INSUMOS A;0;;;LIMPIEZA;LIMPIEZA /SEGURIDAD;?;0;0;KG;0;0;31200;;;;;1;;1;;
2;02-MENOR A PUNTO DE PEDIDO;1017046;ZSSD;CEPILLO VIOLIN P LAVAR COCHES;MR01;0314;;V1;6;HB;12;3;0;0;0;0;C17;INSUMOS A;0;;;LIMPIEZA;?;?;0;0;KG;0;0;9450;;1;;;;;1;;
3;03-MAYOR A PUNTO DE PEDIDO;1017233;ZSSD;PAPEL HIGIENICO X72UN XUN;MR01;0314;;V1;1;HB;3;3;0;0;0;0;C17;INSUMOS A;0;;;LIMPIEZA;LIMPIEZA /SEGURIDAD;?;0;0;KG;0;0;132000;;;;1;;;1;;
3;03-MAYOR A PUNTO DE PEDIDO;1021948;ZSTO;TONER CF283A;MR01;0314;;V1;2;HB;5;5;0;0;0;0;C05;INFORMÁT.-HARDWARE;26637,85;;;INSUMOS;INSUMOS;?;0,626;0;KG;2295;15;26637,83;;;;1;;;1;;
3;03-MAYOR A PUNTO DE PEDIDO;1026411;ZSCD;DEKASOL KAISER XLT;MR01;0314;;V1;26;HB;45;44;0;0;0;0;C17;INSUMOS A;298773,64;;;LIMPIEZA;LIMPIEZA /SEGURIDAD;?;0;0;KG;0;22;395353,74;;;;1;;;1;;
4;04-MAYOR A STOCK MAXIMO;1026805;ZSTO;PILA ALCALINA AA x UN;MR01;0314;;V1;11;HB;20;48;0;0;0;0;C05;INFORMÁT.-HARDWARE;17898,48;;ENERGIZER/DURACELL (MÚLT. 4U);FERRETERIA;LIBRERIA;9-FRAGIL;0;0;KG;0;15;32898,54;;;;;1;;1;;
4;04-MAYOR A STOCK MAXIMO;1026806;ZSTO;PILA ALCALINA AAA x UN;MR01;0314;;V1;15;HB;27;30;0;0;0;0;C05;INFORMÁT.-HARDWARE;0;;ENERGIZER/DURACELL (MÚLT. 4U);INSUMOS;LIBRERIA;9-FRAGIL;0;0;KG;0;15;15000;;;;;1;;1;;
2;02-MENOR A PUNTO DE PEDIDO;1027149;ZSSD;DISCO FLAP TYROLIT 115x22 GRANO 80;MR01;0314;;V1;8;HB;15;7;0;0;0;0;C27;FERRETERIA MR01;11109,87;;;FERRETERIA;?;?;0;0;KG;0;15;19638,79;;1;;;;;1;;
4;04-MAYOR A STOCK MAXIMO;1027809;ZSSD;TALONARIO VOLQUETE SIMPLE A4;MR01;0314;;V1;4;HB;12;15;0;0;0;0;C17;INSUMOS A;0;;;LIBRERIA;ESCRITURA;?;0;0;KG;0;15;134250;;;;;1;;1;;
4;04-MAYOR A STOCK MAXIMO;1027810;ZSSD;TALONARIO ESCAVADORA SIMPLE A4.;MR01;0314;;V1;2;HB;6;7;0;0;0;0;C17;INSUMOS A;0;;;LIBRERIA;?;?;0;0;KG;0;15;62300;;;;;1;;1;;
4;04-MAYOR A STOCK MAXIMO;1027812;ZSSD;TALONARIO BATANES SIMPLE A4;MR01;0314;;V1;1;HB;2;12;0;0;0;0;C17;INSUMOS A;0;;;LIBRERIA;ESCRITURA;?;0;0;KG;0;15;0;;;;;1;;1;;
4;04-MAYOR A STOCK MAXIMO;1027814;ZSSD;TALONARIO REGADORES SIMPLE A4;MR01;0314;;V1;1;HB;3;4;0;0;0;0;C17;INSUMOS A;0;;;LIBRERIA;ESCRITURA;?;0;0;KG;0;15;34000;;;;;1;;1;;
4;04-MAYOR A STOCK MAXIMO;1027829;ZSSD;LIBRETA SUPERVISOR SIMPLE A4;MR01;0314;;V1;1;HB;3;8;0;0;0;0;C17;INSUMOS A;0;;;LIBRERIA;?;?;0;0;KG;0;15;33200;;;;;1;;1;;
4;04-MAYOR A STOCK MAXIMO;1027832;ZSSD;RODILLO CORDERITO 15 CM;MR01;0314;;V1;1;HB;3;5;0;0;0;0;C27;FERRETERIA MR01;7220,6;;;FERRETERIA;INSUMOS;?;0;0;KG;0;15;7220,62;;;;;1;;1;;
3;03-MAYOR A PUNTO DE PEDIDO;1027833;ZSSD;RODILLO CORDERITO 20 CM;MR01;0314;;V1;1;HB;3;3;0;0;0;0;C27;FERRETERIA MR01;3662,68;;;FERRETERIA;INSUMOS;?;0;0;KG;0;15;20862,68;;;;1;;;1;;
4;04-MAYOR A STOCK MAXIMO;1028002;ZSSD;TALONARIO VEHÍCULOS LIVIANOS SIMPLE A4xU;MR01;0314;;V1;1;HB;3;4;0;0;0;0;C17;INSUMOS A;0;;;LIBRERIA;ESCRITURA;?;0;0;KG;0;0;34000;;;;;1;;1;;
3;03-MAYOR A PUNTO DE PEDIDO;1028003;ZSSD;TALONARIO HIDROGRUA SIMPLE A4 X UN;MR01;0314;;V1;1;HB;2;2;0;0;0;0;C17;INSUMOS A;0;;;LIBRERIA;ESCRITURA;?;0;0;KG;0;0;14200;;;;1;;;1;;
2;02-MENOR A PUNTO DE PEDIDO;1028200;ZSCD;PIEDRA RUEDA VERDE P/WIDIA 150X19X19Gr80;MR01;0314;;V1;8;HB;15;6;0;0;0;0;C27;FERRETERIA MR01;0;;;FERRETERIA;INSUMOS;?;0;0;KG;0;0;142570,32;;1;;;;;1;;
2;02-MENOR A PUNTO DE PEDIDO;1036100;ZSTO;CONO FLEX. C/REFLECT. Y BASE CAUCHO 70CM;MR01;0314;;V1;21;HB;38;11;0;0;0;0;C28;SEGURIDAD/ROPA/EPP;130326,79;;NARANJA DE PVC FLEXIBLE CON MEMORIA-70CM;SEGURIDAD;SEÑALIZACION;?;1;0;KG;88078,5;15;130326,77;;1;;;;;1;;
3;03-MAYOR A PUNTO DE PEDIDO;1000041;ZSTO;BOTIQUIN 1ROS. AUXILIOS N 10;MR01;0341;;V1;1;HB;2;2;0;0;0;0;C28;SEGURIDAD/ROPA/EPP;99260,06;;;SEGURIDAD;BOTIQUIN;7-PESADO;3,128;0;KG;9855;21;99260,06;;;;1;;;1;;
3;03-MAYOR A PUNTO DE PEDIDO;1000043;ZSTO;BOTIQUIN 1ROS. AUXILIOS N 2;MR01;0341;;V1;6;HB;8;7;0;0;0;0;C28;SEGURIDAD/ROPA/EPP;50374,87;;;SEGURIDAD;BOTIQUIN;8-VARIOS;0,267;0;KG;972;21;50374,85;;;;1;;;1;;
4;04-MAYOR A STOCK MAXIMO;1001678;ZSTO;FICHA T.STECK HEMBRA 220V 16A 2P T X UN;MR01;0341;;V1;1;HB;2;3;0;0;0;0;C11;ELECTRICIDAD;23287,53;;;ELECTRICIDAD;FICHAS;8-VARIOS;0,12;0;KG;308,701;21;23287,54;;;;;1;;1;;
4;04-MAYOR A STOCK MAXIMO;1001679;ZSTO;FICHA T.STECK MACHO 220V 16A 2P T XUN;MR01;0341;;V1;1;HB;2;4;0;0;0;0;C11;ELECTRICIDAD;21818,28;;;ELECTRICIDAD;FICHAS;8-VARIOS;0,09;0;KG;206,651;21;21818,28;;;;;1;;1;;
3;03-MAYOR A PUNTO DE PEDIDO;1001682;ZSTO;MAMEL. 1°CAL. DESC. LAMIN.BLANCO 60GR.XL;MR01;0341;;V1;300;HB;375;318;0;0;0;0;C28;SEGURIDAD/ROPA/EPP;2742826,32;;FABRICANTE:DUPONT | MODELO:TYVEK 500;SEGURIDAD;INDUMENTARIA;8-VARIOS;0,195;0;KG;2232;21;2742826,78;;;;1;;;1;;
3;03-MAYOR A PUNTO DE PEDIDO;1001683;ZSTO;RESPIRADOR PARA POLVOSTIPON95CAJAX20UN;MR01;0341;;V1;1;HB;2;2;0;0;0;0;C28;SEGURIDAD/ROPA/EPP;11134,76;;;SEGURIDAD;ACCESORIO SEGURIDAD;9-FRAGIL;0,076;0;KG;1270,75;15;11134,76;;;;1;;;1;;
3;03-MAYOR A PUNTO DE PEDIDO;1001684;ZSTO;DELANTALDESCARNE0.60X1.20CONREFUERZO;MR01;0341;;V1;1;HB;2;2;0;0;0;0;C28;SEGURIDAD/ROPA/EPP;44614,32;;;SEGURIDAD;INDUMENTARIA;8-VARIOS;1,079;0;KG;3744;21;44614,32;;;;1;;;1;;
2;02-MENOR A PUNTO DE PEDIDO;1001686;ZSTO;ANTEOJO GRIS;MR01;0341;;V1;96;HB;120;10;0;0;0;0;C28;SEGURIDAD/ROPA/EPP;13150,3;LIBUS // 3M // MSA // STEELPRO;ECOLINEHC (MÚLT. 10U) // SECUREFIT SF202AF GRIS // MSA PERSPECTA SMOKE // STEELPRO SPY SMOKE;SEGURIDAD;ACCESORIO SEGURIDAD;9-FRAGIL;0,024;0;KG;252;21;13150,28;;1;;;;;1;;
3;03-MAYOR A PUNTO DE PEDIDO;1001693;ZSTO;MENTONERA BANDA ELASTICA;MR01;0341;;V1;2;HB;4;3;0;0;0;0;C28;SEGURIDAD/ROPA/EPP;7667,22;LIBUS // 3M // MSA // STEELPRO;902003 // BARBIQUEJO H-700 4PUNTOS // CHINSTRAP V-GARD // BARBIQUEJO STEELPRO 4PTO;SEGURIDAD;ACCESORIO SEGURIDAD;8-VARIOS;0,01;0;KG;52,5;15;7667,21;;;;1;;;1;;
3;03-MAYOR A PUNTO DE PEDIDO;1001696;ZSTO;POLAINA DESCARNE;MR01;0341;;V1;2;HB;3;3;0;0;0;0;C28;SEGURIDAD/ROPA/EPP;19987,53;;;SEGURIDAD;INDUMENTARIA;8-VARIOS;0,302;0;KG;2962,5;21;19987,54;;;;1;;;1;;
4;04-MAYOR A STOCK MAXIMO;1001697;ZSTO;GUANTE VAQUETA MEDIO PASEO T.10;MR01;0341;;V1;120;HB;150;186;0;0;0;0;C28;SEGURIDAD/ROPA/EPP;439106,94;;MÚLT. 12U;SEGURIDAD;GUANTE;8-VARIOS;0,122;0;KG;650;21;439107,27;;;;;1;;1;;
4;04-MAYOR A STOCK MAXIMO;1001698;ZSTO;GUANTE ALGODON MOTEADO;MR01;0341;;V1;24;HB;30;45;0;0;0;0;C28;SEGURIDAD/ROPA/EPP;24072,3;;MÚLT. 12U;SEGURIDAD;GUANTE;8-VARIOS;0,062;0;KG;308;21;24072,44;;;;;1;;1;;
2;02-MENOR A PUNTO DE PEDIDO;1001699;ZSTO;CASCO CARCAZA BLANCO;MR01;0341;;V1;6;HB;8;2;0;0;0;0;C28;SEGURIDAD/ROPA/EPP;6625,82;LIBUS // 3M // MSA // STEELPRO;MILENIUM // H-700 BLANCO // V-GARD BLANCO // STEELPRO SAFETY BLANCO;SEGURIDAD;ACCESORIO SEGURIDAD;8-VARIOS;0,285;0;KG;8700;21;6625,81;;1;;;;;1;;
2;02-MENOR A PUNTO DE PEDIDO;1001700;ZSTO;CASCO CARCAZA AMARILLO;MR01;0341;;V1;6;HB;8;5;0;0;0;0;C28;SEGURIDAD/ROPA/EPP;14734,85;LIBUS // 3M // MSA // STEELPRO;MILENIUM // H-700 AMARILLO // V-GARD AMARILLO // STEELPRO SAFETY AMARILLO;SEGURIDAD;ACCESORIO SEGURIDAD;8-VARIOS;0,285;0;KG;9900;21;14734,87;;1;;;;;1;;
3;03-MAYOR A PUNTO DE PEDIDO;1001701;ZSTO;GUANTE NITRILO AZUL PUÑO ELASTIZADO;MR01;0341;;V1;3;HB;5;5;0;0;0;0;C28;SEGURIDAD/ROPA/EPP;17800,4;;;SEGURIDAD;GUANTE;8-VARIOS;0,113;0;KG;156,25;21;17800,38;;;;1;;;1;;
4;04-MAYOR A STOCK MAXIMO;1001702;ZSTO;GUANTE SOLDADOR COSTURA KEVLAR;MR01;0341;;V1;2;HB;3;4;0;0;0;0;C28;SEGURIDAD/ROPA/EPP;19713,24;;;SEGURIDAD;GUANTE;8-VARIOS;0,265;0;KG;527;21;19713,22;;;;;1;;1;;
3;03-MAYOR A PUNTO DE PEDIDO;1001703;ZSTO;GUANTE ALGODON LAMINADO PALMA LATEX;MR01;0341;;V1;60;HB;75;62;0;0;0;0;C28;SEGURIDAD/ROPA/EPP;67779,64;;MÚLT. 12U;SEGURIDAD;GUANTE;8-VARIOS;0,059;0;KG;500;15;67779,55;;;;1;;;1;;
2;02-MENOR A PUNTO DE PEDIDO;1001706;ZSTO;GUANTE LATEX USO MEDICINAL CAJA X 100 UN;MR01;0341;;V1;2;HB;3;1;0;0;0;0;C28;SEGURIDAD/ROPA/EPP;5548,42;;;SEGURIDAD;GUANTE;8-VARIOS;0,625;0;KG;1320;21;5548,42;;1;;;;;1;;
4;04-MAYOR A STOCK MAXIMO;1001707;ZSTO;CHALECOGRAFANARANJACONREFLETIVOT.XLC2;MR01;0341;;V1;1;HB;2;3;0;0;0;0;C28;SEGURIDAD/ROPA/EPP;45336,87;;MÚLT. 12U;SEGURIDAD;INDUMENTARIA;8-VARIOS;0,302;0;KG;608;30;45336,87;;;;;1;;1;;
2;02-MENOR A PUNTO DE PEDIDO;1001708;ZSTO;GUANTE POLIAMIDA LAMINADO PALMAPU-TALLE9;MR01;0341;;V1;288;HB;360;217;0;0;0;0;C28;SEGURIDAD/ROPA/EPP;133652,47;;MÚLT. 12U;SEGURIDAD;GUANTE;8-VARIOS;0,028;0;KG;500;21;133651,48;;1;;;;;1;;
4;04-MAYOR A STOCK MAXIMO;1001709;ZSTO;CINTA PELIGRO 200 MT ROJA BLANCA NYLON;MR01;0341;;V1;1;HB;2;3;0;0;0;0;C28;SEGURIDAD/ROPA/EPP;4581,18;;;SEGURIDAD;SEÑALIZACION;8-VARIOS;0,31;0;KG;807,373;30;4581,18;;;;;1;;1;;
3;03-MAYOR A PUNTO DE PEDIDO;1001710;ZSTO;CINTA DEMARCAR PELIGRO ECOLOGICA;MR01;0341;;V1;1;HB;2;2;0;0;0;0;C28;SEGURIDAD/ROPA/EPP;46813,8;;;SEGURIDAD;SEÑALIZACION;8-VARIOS;2,037;0;KG;4903,503;15;46813,8;;;;1;;;1;;
2;02-MENOR A PUNTO DE PEDIDO;1001716;ZSTO;TAPON AUDITIVO;MR01;0341;;V1;12;HB;15;3;0;0;0;0;C28;SEGURIDAD/ROPA/EPP;1398,78;LIBUS // 3M // MSA // STEELPRO;QUANTUM-REUSABLE (MÚLT. 50U) // ULTRAFIT UF-01-000 // MSA WAVEFIT // STEELPRO REUSABLE PLUG;SEGURIDAD;ACCESORIO SEGURIDAD;9-FRAGIL;0,004;0;KG;28,8;21;1398,79;;1;;;;;1;;
2;02-MENOR A PUNTO DE PEDIDO;1001717;ZSTO;PROTECTOR FACIAL BURBUJA INCOLORO;MR01;0341;;V1;6;HB;8;6;0;0;0;0;C28;SEGURIDAD/ROPA/EPP;86373,42;LIBUS // 3M // MSA // STEELPRO;901386 // VISOR WP96 + SOPORTE // MSA VISOR CLEAR // STEELPRO BURBUJA CLEAR;SEGURIDAD;ACCESORIO SEGURIDAD;9-FRAGIL;0,176;0;KG;6721;21;86373,44;;1;;;;;1;;
3;03-MAYOR A PUNTO DE PEDIDO;1001720;ZSTO;SEMIMASCARA;MR01;0341;;V1;2;HB;3;3;0;0;0;0;C28;SEGURIDAD/ROPA/EPP;97289,34;3M;6200;SEGURIDAD;ACCESORIO SEGURIDAD;9-FRAGIL;0,131;0;KG;2475;15;97289,35;;;;1;;;1;;
4;04-MAYOR A STOCK MAXIMO;1001722;ZSTO;CARTUCHO MULTIGAS 6006 X PAR;MR01;0341;;V1;2;HB;3;4;0;0;0;0;C28;SEGURIDAD/ROPA/EPP;186813,96;3M;6006;SEGURIDAD;MULTIGAS;9-FRAGIL;0,24;0;KG;472,5;21;186813,96;;;;;1;;1;;
2;02-MENOR A PUNTO DE PEDIDO;1001726;ZSTO;SUSPENSION CREMALLERA;MR01;0341;;V1;12;HB;15;1;0;0;0;0;C28;SEGURIDAD/ROPA/EPP;4028,24;LIBUS // 3M // MSA // STEELPRO;MILENIUM // SUSPENSIÓN RATCHET H-700 // FAS-TRAC III // RATCHET STEELPRO;SEGURIDAD;ACCESORIO SEGURIDAD;8-VARIOS;0,09;0;KG;8694;21;4028,24;;1;;;;;1;;
3;03-MAYOR A PUNTO DE PEDIDO;1001727;ZSTO;PROTECTOR AUDITIVO COPA P/CASCO;MR01;0341;;V1;2;HB;3;3;0;0;0;0;C28;SEGURIDAD/ROPA/EPP;88044,15;LIBUS // 3M // MSA // STEELPRO;L300 // PELTOR X4P3E // LEFT/RIGHT CAP MOUNTED // CM-502 CASCO;SEGURIDAD;ACCESORIO SEGURIDAD;9-FRAGIL;0,244;0;KG;2185;21;88044,14;;;;1;;;1;;
4;04-MAYOR A STOCK MAXIMO;1001728;ZSTO;ADAPTADOR PROTECTOR FACIAL AUDITIVO;MR01;0341;;V1;6;HB;8;10;0;0;0;0;C28;SEGURIDAD/ROPA/EPP;245563,8;LIBUS // 3M // MSA // STEELPRO;902493 // ADAPTADOR VISOR PELTOR // ADAPTADOR VISOR PELTOR // UNIVERSAL STEELPRO;SEGURIDAD;ACCESORIO SEGURIDAD;9-FRAGIL;0;0;KG;2800;21;245563,84;;;;;1;;1;;
3;03-MAYOR A PUNTO DE PEDIDO;1001731;ZSTO;MALLA NARANJA 50 MT;MR01;0341;;V1;1;HB;2;2;0;0;0;0;C28;SEGURIDAD/ROPA/EPP;29622,38;;;SEGURIDAD;SEÑALIZACION;8-VARIOS;3,035;0;KG;9498,5;15;29622,39;;;;1;;;1;;
4;04-MAYOR A STOCK MAXIMO;1001734;ZSTO;GRILLETECORAZON12TONELADASC CERTIFICADO;MR01;0341;;V1;1;HB;2;4;0;0;0;0;C27;FERRETERIA MR01;949341,08;;;SEGURIDAD;LOGISTICA;7-PESADO;4,26;0;KG;2380;21;949341,06;;;;;1;;1;;
4;04-MAYOR A STOCK MAXIMO;1001738;ZSTO;GRILLETE 7/8   8,5TONELADASC CERTIFICADO;MR01;0341;;V1;1;HB;2;6;0;0;0;0;C27;FERRETERIA MR01;741301,62;;;SEGURIDAD;LOGISTICA;7-PESADO;2,21;0;KG;1344;21;741301,62;;;;;1;;1;;
4;04-MAYOR A STOCK MAXIMO;1001741;ZSTO;BARBIJO 2 TELAS TIPO BOLSILLO;MR01;0341;;V1;30;HB;45;52;0;0;0;0;C28;SEGURIDAD/ROPA/EPP;3311,88;;;SEGURIDAD;SEGURIDAD;8-VARIOS;0,013;0;KG;40,25;20;3311,73;;;;;1;;1;;
3;03-MAYOR A PUNTO DE PEDIDO;1001744;ZSTO;BOTA GOMA P.ACERO N 40;MR01;0341;;V1;1;HB;2;2;0;0;0;0;C28;SEGURIDAD/ROPA/EPP;36412,02;;;SEGURIDAD;CALZADO;8-VARIOS;2,065;0;KG;20328;20;36412,01;;;;1;;;1;;
4;04-MAYOR A STOCK MAXIMO;1001771;ZSTO;GRILLETECORAZON6,5TONELADASC CERTIFICADO;MR01;0341;;V1;1;HB;2;6;0;0;0;0;C27;FERRETERIA MR01;498117,72;;;SEGURIDAD;SERVICIOS GENERALES;7-PESADO;1,669;0;KG;906,25;21;498117,72;;;;;1;;1;;
4;04-MAYOR A STOCK MAXIMO;1001773;ZSTO;CHALECOMICROPERFAMARILLOCONREFLECTIVO;MR01;0341;;V1;72;HB;90;104;0;0;0;0;C28;SEGURIDAD/ROPA/EPP;152971,52;;;SEGURIDAD;INDUMENTARIA;8-VARIOS;0,06;0;KG;230;21;152971,8;;;;;1;;1;;
2;02-MENOR A PUNTO DE PEDIDO;1001774;ZSTO;ESLINGA SINTETICA 4MTS 4TN CERTIFICADA;MR01;0341;;V1;1;HB;2;1;0;0;0;0;C27;FERRETERIA MR01;70514,15;;;SEGURIDAD;LOGISTICA;7-PESADO;3,225;0;KG;4784;21;70514,15;;1;;;;;1;;
3;03-MAYOR A PUNTO DE PEDIDO;1001775;ZSTO;ESLINGA SINTETICA 8MTS 6TN CERTIFICADA;MR01;0341;;V1;1;HB;2;2;0;0;0;0;C27;FERRETERIA MR01;393977,44;;;SEGURIDAD;LOGISTICA;7-PESADO;9,79;0;KG;17388;21;393977,44;;;;1;;;1;;
3;03-MAYOR A PUNTO DE PEDIDO;1001776;ZSTO;ESLINGA SINTETICA 3MTS 3TN CERTIFICADA;MR01;0341;;V1;1;HB;2;2;0;0;0;0;C27;FERRETERIA MR01;90174,86;;;SEGURIDAD;LOGISTICA;7-PESADO;1,8;0;KG;3181,5;21;90174,86;;;;1;;;1;;
3;03-MAYOR A PUNTO DE PEDIDO;1001777;ZSTO;ESLINGA SINTETICA 6MTS 4TN CERTIFICADA;MR01;0341;;V1;1;HB;2;2;0;0;0;0;C27;FERRETERIA MR01;205519,92;;;SEGURIDAD;SERVICIOS GENERALES;7-PESADO;4,62;0;KG;7020,75;21;205519,92;;;;1;;;1;;
3;03-MAYOR A PUNTO DE PEDIDO;1001851;ZSTO;MOUSE INALAMBRICO;MR01;0341;;V1;1;HB;2;2;0;0;0;0;C05;INFORMÁT.-HARDWARE;19380,18;;MARCA: LOGITECH/MICROSOFT;INFORMATICA;HARDWARE;9-FRAGIL;0,12;0;KG;468;15;19380,17;;;;1;;;1;;
3;03-MAYOR A PUNTO DE PEDIDO;1001861;ZSTO;TALONARIOREMITO R CUADRUPLICADOX25H.;MR01;0341;;V1;1;HB;2;2;0;0;0;0;C17;INSUMOS A;38080,96;;;LIBRERIA;TALONARIOS;8-VARIOS;0,529;0;KG;709,5;21;38080,96;;;;1;;;1;;
3;03-MAYOR A PUNTO DE PEDIDO;1001862;ZSTO;TALONARIO REMITO X TRIPLICADO X 25 H.;MR01;0341;;V1;1;HB;2;2;0;0;0;0;C17;INSUMOS A;23626,08;;;LIBRERIA;TALONARIOS;8-VARIOS;0,407;0;KG;677,25;21;23626,08;;;;1;;;1;;
3;03-MAYOR A PUNTO DE PEDIDO;1001865;ZSTO;MARCADORINDUSTRIAL-VERDEXUN;MR01;0341;;V1;12;HB;15;14;0;0;0;0;C17;INSUMOS A;38461,92;UNIPAINT;MÚLT. 10U;LIBRERIA;ESCRITURA;8-VARIOS;0,02;0;KG;10,99;15;38461,99;;;;1;;;1;;
2;02-MENOR A PUNTO DE PEDIDO;1001866;ZSTO;MARCADOR INDUSTRIAL-NEGROXUN;MR01;0341;;V1;6;HB;10;5;0;0;0;0;C17;INSUMOS A;14178,35;UNIPAINT;MÚLT. 10U;LIBRERIA;ESCRITURA;8-VARIOS;0,023;0;KG;10,99;15;14178,33;;1;;;;;1;;
4;04-MAYOR A STOCK MAXIMO;1001868;ZSTO;FILMSTRECHMANUALXBOBINAx2,70KG;MR01;0341;;V1;2;HB;3;4;0;0;0;0;C17;INSUMOS A;36759,72;;MEDIDAS 0,50X200METROSX2;LIBRERIA;CINTAS ADHESIVAS;8-VARIOS;2,5;0;KG;4817,545;15;36759,7;;;;;1;;1;;
3;03-MAYOR A PUNTO DE PEDIDO;1001869;ZSTO;MARCADORINDUSTRIAL-AMARILLOXUN;MR01;0341;;V1;12;HB;15;13;0;0;0;0;C17;INSUMOS A;36477,35;UNIPAINT;MÚLT. 10U;LIBRERIA;ESCRITURA;8-VARIOS;0,023;0;KG;10,99;15;36477,35;;;;1;;;1;;
4;04-MAYOR A STOCK MAXIMO;1001871;ZSTO;RESMA DE HOJA A4 70GR. X UN;MR01;0341;;V1;8;HB;10;12;0;0;0;0;C17;INSUMOS A;48960,24;;;LIBRERIA;PAPEL;7-PESADO;2,27;0;KG;3150;15;48960,3;;;;;1;;1;;
3;03-MAYOR A PUNTO DE PEDIDO;1001872;ZSTO;RESMA DE HOJA A3 75GR. X UN;MR01;0341;;V1;2;HB;5;3;0;0;0;0;C17;INSUMOS A;31542,03;;;LIBRERIA;PAPEL;7-PESADO;5,11;0;KG;7012,5;15;31542,01;;;;1;;;1;;
3;03-MAYOR A PUNTO DE PEDIDO;1001876;ZSTO;CINTA EMBALAR TRANSPARENTE 48MM X 100 MT;MR01;0341;;V1;9;HB;14;11;0;0;0;0;C17;INSUMOS A;12511,07;SCOTCH;;LIBRERIA;CINTAS ADHESIVAS;8-VARIOS;0,197;0;KG;474,925;15;12511,08;;;;1;;;1;;
3;03-MAYOR A PUNTO DE PEDIDO;1001877;ZSTO;CINTA EMBALAR MARRON 48MM X 100 MT;MR01;0341;;V1;4;HB;6;5;0;0;0;0;C17;INSUMOS A;8396,8;;;LIBRERIA;CINTAS ADHESIVAS;8-VARIOS;0,215;0;KG;474,925;15;8396,79;;;;1;;;1;;
4;04-MAYOR A STOCK MAXIMO;1001879;ZSTO;CINTA DE ENMASCARAR 24 MM XROLLO;MR01;0341;;V1;4;HB;6;10;0;0;0;0;C17;INSUMOS A;16351,5;;;LIBRERIA;CINTAS ADHESIVAS;8-VARIOS;0,088;0;KG;237,463;15;16351,46;;;;;1;;1;;
4;04-MAYOR A STOCK MAXIMO;1001890;ZSTO;ABSORBENTE MINERAL DE HIDROCARBUROS X KG;MR01;0341;;V1;96;HB;120;130;0;0;0;0;C17;INSUMOS A;72192,9;;MÚLT. 10/20/30 KG;SEGURIDAD;ABSORVENTE;7-PESADO;20,07;0;KG;2125;15;72192,51;;;;;1;;1;;
3;03-MAYOR A PUNTO DE PEDIDO;1001892;ZSTO;BOLSAS RESIDUOS XUN 102X130ROJA100MICXUN;MR01;0341;;V1;96;HB;120;98;0;0;0;0;C17;INSUMOS A;92679,58;;;LIMPIEZA;LIMPIEZA /SEGURIDAD;8-VARIOS;0,195;0;KG;1534;20;92679,86;;;;1;;;1;;
3;03-MAYOR A PUNTO DE PEDIDO;1001894;ZSTO;ALCOHOL EN GEL X LITRO;MR01;0341;;V1;1;HB;2;2;0;0;0;0;C17;INSUMOS A;1619,56;;;LIMPIEZA;ALCOHOL EN GEL;6-PESADO Y FRAGIL;4,65;0;KG;7056;15;1619,57;;;;1;;;1;;
3;03-MAYOR A PUNTO DE PEDIDO;1001895;ZSTO;ALCOHOL LIQUIDO X LITRO;MR01;0341;;V1;15;HB;20;16;0;0;0;0;C17;INSUMOS A;32350,08;;;LIMPIEZA;ALCOHOL LIQUIDO;6-PESADO Y FRAGIL;0,86;0;KG;1459,315;15;32350,04;;;;1;;;1;;
4;04-MAYOR A STOCK MAXIMO;1001896;ZSTO;PULVERIZADOR P ALCOHOL LIQUIDO 500 ML;MR01;0341;;V1;12;HB;15;17;0;0;0;0;C17;INSUMOS A;16441,38;;;LIMPIEZA;DIFUSOR;9-FRAGIL;0,05;0;KG;826,998;15;16441,42;;;;;1;;1;;
2;02-MENOR A PUNTO DE PEDIDO;1001927;ZSTO;DISCO CORTE 178X1.6X22 SECUR EXTRA  x UN;MR01;0341;;V1;24;HB;30;22;0;0;0;0;C27;FERRETERIA MR01;66425,26;TYROLIT;178X16X222;FERRETERIA;ABRASIVOS/DISCOS;6-PESADO Y FRAGIL;0,095;0;KG;50,868;15;66425,16;;1;;;;;1;;
2;02-MENOR A PUNTO DE PEDIDO;1001929;ZSTO;DISCO 178X4,8X22,23TYROLIT OASECUR XUN;MR01;0341;;V1;8;HB;11;8;0;0;0;0;C27;FERRETERIA MR01;31673,76;TYROLIT;178X48X222;FERRETERIA;ABRASIVOS/DISCOS;6-PESADO Y FRAGIL;3,69;0;KG;127,17;15;31673,74;;1;;;;;1;;
4;04-MAYOR A STOCK MAXIMO;1001933;ZSTO;DISCO 114x1,6x222 REFORZADO x UN;MR01;0341;;V1;24;HB;30;40;0;0;0;0;C27;FERRETERIA MR01;76504,4;TYROLIT;114X16X222;FERRETERIA;ABRASIVOS/DISCOS;6-PESADO Y FRAGIL;0,043;0;KG;20,763;15;76504,58;;;;;1;;1;;
4;04-MAYOR A STOCK MAXIMO;1001935;ZSTO;DISCO 114x7x22,23C D TYROLITOASECUR x UN;MR01;0341;;V1;8;HB;11;14;0;0;0;0;C27;FERRETERIA MR01;46618,88;TYROLIT;114X70X222;FERRETERIA;ABRASIVOS/DISCOS;6-PESADO Y FRAGIL;0,16;0;KG;79,128;15;46618,86;;;;;1;;1;;
4;04-MAYOR A STOCK MAXIMO;1001943;ZSTO;ADHESIVO CIANO 20 G XUN;MR01;0341;;V1;9;HB;12;13;0;0;0;0;C27;FERRETERIA MR01;91691,73;CIANO;;FERRETERIA;ADHESIVOS;9-FRAGIL;0,03;0;KG;75;15;91691,71;;;;;1;;1;;
4;04-MAYOR A STOCK MAXIMO;1001949;ZSTO;CANDADO 30MM XUN;MR01;0341;;V1;4;HB;6;7;0;0;0;0;C27;FERRETERIA MR01;33700,03;;;FERRETERIA;ACCESORIOS;8-VARIOS;0,103;0;KG;174;15;33700,01;;;;;1;;1;;
3;03-MAYOR A PUNTO DE PEDIDO;1001950;ZSTO;CANDADO 38-40MM XUN;MR01;0341;;V1;4;HB;6;6;0;0;0;0;C27;FERRETERIA MR01;35176,2;;;FERRETERIA;ACCESORIOS;8-VARIOS;0,148;0;KG;465;15;35176,18;;;;1;;;1;;
3;03-MAYOR A PUNTO DE PEDIDO;1001951;ZSTO;CANDADO 50MM XUN;MR01;0341;;V1;2;HB;3;3;0;0;0;0;C27;FERRETERIA MR01;27183,12;;;FERRETERIA;ACCESORIOS;8-VARIOS;0,259;0;KG;100;15;27183,12;;;;1;;;1;;
3;03-MAYOR A PUNTO DE PEDIDO;1001952;ZSTO;TRAPO LIMPIO (BOLSAX10KG) XUN;MR01;0341;;V1;9;HB;12;11;0;0;0;0;C27;FERRETERIA MR01;192775,22;;MÚLT. 10 KG;FERRETERIA;ACCESORIOS;7-PESADO;10;0;KG;71456;30;192775,27;;;;1;;;1;;
4;04-MAYOR A STOCK MAXIMO;1001954;ZSTO;SELLADOR ALTA TEMPERATURA;MR01;0341;;V1;6;HB;7;10;0;0;0;0;C18;HORMIGÓN;45759,2;;;FERRETERIA;ADHESIVOS/SELLADORES/LUBRICANT;9-FRAGIL;0,33;0;KG;274,75;21;45759,18;;;;;1;;1;;
3;03-MAYOR A PUNTO DE PEDIDO;1001955;ZSTO;SELLADOR DE SILICONA TRANSP;MR01;0341;;V1;6;HB;8;8;0;0;0;0;C18;HORMIGÓN;24549,28;;280ML;FERRETERIA;ADHESIVOS;9-FRAGIL;0,31;0;KG;451,375;15;24549,25;;;;1;;;1;;
3;03-MAYOR A PUNTO DE PEDIDO;1001958;ZSTO;CINTA TEFLON 1/2 X 20MT;MR01;0341;;V1;3;HB;5;5;0;0;0;0;C27;FERRETERIA MR01;3071,45;;;FERRETERIA;INSUMOS;8-VARIOS;0,01;0;KG;39,25;15;3071,44;;;;1;;;1;;
3;03-MAYOR A PUNTO DE PEDIDO;1001959;ZSTO;CINTA TEFLON 3/4 X 20MT;MR01;0341;;V1;3;HB;5;5;0;0;0;0;C27;FERRETERIA MR01;5044,55;;;FERRETERIA;INSUMOS;8-VARIOS;0,01;0;KG;70,65;15;5044,53;;;;1;;;1;;
3;03-MAYOR A PUNTO DE PEDIDO;1001960;ZSTO;CINTA AISLADORA AMARILLO X10MT;MR01;0341;;V1;6;HB;8;7;0;0;0;0;C27;FERRETERIA MR01;6653,5;;;FERRETERIA;INSUMOS;8-VARIOS;0,04;0;KG;56,52;15;6653,51;;;;1;;;1;;
4;04-MAYOR A STOCK MAXIMO;1001962;ZSTO;CINTA AISLADORA ROJA X10MT;MR01;0341;;V1;6;HB;8;9;0;0;0;0;C27;FERRETERIA MR01;7437,6;;;FERRETERIA;INSUMOS;8-VARIOS;0,04;0;KG;56,52;15;7437,6;;;;;1;;1;;
3;03-MAYOR A PUNTO DE PEDIDO;1001963;ZSTO;CINTA AISLADORA VERDE X10MT;MR01;0341;;V1;3;HB;5;5;0;0;0;0;C27;FERRETERIA MR01;7453,25;;;FERRETERIA;INSUMOS;8-VARIOS;0,04;0;KG;56,52;15;7453,25;;;;1;;;1;;
3;03-MAYOR A PUNTO DE PEDIDO;1001968;ZSTO;ESMALTE SINT. AEROSOL AMARILLO X440CC;MR01;0341;;V1;6;HB;8;8;0;0;0;0;C22;INSUMOS C;30360,64;;KUWAIT-SINTEPLAST;PINTURAS;PINTURA AEROSOL;6-PESADO Y FRAGIL;0,39;0;KG;663,325;15;30360,67;;;;1;;;1;;
4;04-MAYOR A STOCK MAXIMO;1001969;ZSTO;ESMALTE SINT. AEROSOL BLANCO X440CC;MR01;0341;;V1;6;HB;8;10;0;0;0;0;C22;INSUMOS C;39635,2;;KUWAIT-SINTEPLAST;PINTURAS;PINTURA AEROSOL;6-PESADO Y FRAGIL;0,38;0;KG;663,325;15;39635,22;;;;;1;;1;;
2;02-MENOR A PUNTO DE PEDIDO;1001970;ZSTO;ESMALTE SINT. AEROSOL NEGRO X440CC;MR01;0341;;V1;6;HB;8;6;0;0;0;0;C22;INSUMOS C;23391,06;;KUWAIT-SINTEPLAST;PINTURAS;PINTURA AEROSOL;6-PESADO Y FRAGIL;0,385;0;KG;663,325;15;23391,08;;1;;;;;1;;
2;02-MENOR A PUNTO DE PEDIDO;1001971;ZSTO;ESMALTE SINT. AEROSOL ROJO X 440CC;MR01;0341;;V1;18;HB;23;18;0;0;0;0;C22;INSUMOS C;66958,02;;KUWAIT-SINTEPLAST;PINTURAS;PINTURA AEROSOL;6-PESADO Y FRAGIL;0,39;0;KG;663,325;15;66957,97;;1;;;;;1;;
4;04-MAYOR A STOCK MAXIMO;1001972;ZSTO;ESMALTE SINT. AEROSOL VERDE X440CC;MR01;0341;;V1;6;HB;8;11;0;0;0;0;C22;INSUMOS C;40162,87;;KUWAIT-SINTEPLAST;PINTURAS;PINTURA AEROSOL;6-PESADO Y FRAGIL;0,39;0;KG;663,325;15;40162,83;;;;;1;;1;;
3;03-MAYOR A PUNTO DE PEDIDO;1001982;ZSTO;VIDRIOP CARETASOLDADOR50X105MMTINTE10;MR01;0341;;V1;1;HB;2;2;0;0;0;0;C27;FERRETERIA MR01;162,72;;;SOLDADURA;ACCESORIOS;9-FRAGIL;0,045;0;KG;10,5;15;162,72;;;;1;;;1;;
3;03-MAYOR A PUNTO DE PEDIDO;1001985;ZSTO;VIDRIOP CARETASOLDADOR50X105MMINCOLORO;MR01;0341;;V1;1;HB;2;2;0;0;0;0;C27;FERRETERIA MR01;517,8;;;SOLDADURA;ACCESORIOS;9-FRAGIL;0,025;0;KG;10,5;15;517,79;;;;1;;;1;;
4;04-MAYOR A STOCK MAXIMO;1001988;ZSTO;ELECTRODO AWS6013 X 3,25MM X KG;MR01;0341;;V1;8;HB;11;13;0;0;0;0;C27;FERRETERIA MR01;80847,13;CONARCO;AWS6013;SOLDADURA;ELECTRODOS;7-PESADO;1;0;KG;336,569;15;80847,16;;;;;1;;1;;
4;04-MAYOR A STOCK MAXIMO;1001992;ZSTO;ELECTRODO AWS7018 X 4,00 MM X KG;MR01;0341;;V1;12;HB;15;39;0;0;0;0;C27;FERRETERIA MR01;346924,89;CONARCO;AWS7018;SOLDADURA;ELECTRODOS;7-PESADO;1;0;KG;317,925;15;346924,94;;;;;1;;1;;
4;04-MAYOR A STOCK MAXIMO;1001993;ZSTO;ELECTRODO AWS7018 X 3,25 MM X KG;MR01;0341;;V1;12;HB;15;50;0;0;0;0;C27;FERRETERIA MR01;457915;CONARCO;AWS7018;SOLDADURA;ELECTRODOS;7-PESADO;1;0;KG;336,569;15;457914,94;;;;;1;;1;;
4;04-MAYOR A STOCK MAXIMO;1001994;ZSTO;ELECTRODO AWS7018 X 2,50 MM X KG;MR01;0341;;V1;8;HB;11;14;0;0;0;0;C27;FERRETERIA MR01;166271,7;CONARCO;AWS7018;SOLDADURA;ELECTRODOS;7-PESADO;1;0;KG;336,569;15;166271,7;;;;;1;;1;;
3;03-MAYOR A PUNTO DE PEDIDO;1001997;ZSTO;ELECTRODO 6013 X 2 MM X KG;MR01;0341;;V1;8;HB;11;9;0;0;0;0;C27;FERRETERIA MR01;78471,18;CONARCO;AWSE6013;SOLDADURA;ELECTRODOS;7-PESADO;1;0;KG;288,487;15;78471,17;;;;1;;;1;;
4;04-MAYOR A STOCK MAXIMO;1002000;ZSTO;CAMISA JEAN T.38 C LOGO;MR01;0341;;V1;3;HB;5;15;0;0;0;0;C28;SEGURIDAD/ROPA/EPP;282499,65;;;ROPA;INDUMENTARIA;8-VARIOS;0,425;0;KG;520;30;282499,65;;;;;1;;1;;
4;04-MAYOR A STOCK MAXIMO;1002001;ZSTO;CAMISA JEAN T.40 C LOGO;MR01;0341;;V1;3;HB;5;11;0;0;0;0;C28;SEGURIDAD/ROPA/EPP;206209,19;;;ROPA;INDUMENTARIA;8-VARIOS;0,438;0;KG;565,5;30;206209,15;;;;;1;;1;;
4;04-MAYOR A STOCK MAXIMO;1002002;ZSTO;CAMISA JEAN T.42 C LOGO;MR01;0341;;V1;3;HB;5;20;0;0;0;0;C28;SEGURIDAD/ROPA/EPP;372953,4;;;ROPA;INDUMENTARIA;8-VARIOS;0,492;0;KG;560;30;372953,32;;;;;1;;1;;
4;04-MAYOR A STOCK MAXIMO;1002003;ZSTO;CAMISA JEAN T.44 C LOGO;MR01;0341;;V1;3;HB;5;25;0;0;0;0;C28;SEGURIDAD/ROPA/EPP;454708,75;;;ROPA;INDUMENTARIA;8-VARIOS;0,45;0;KG;536,5;30;454708,85;;;;;1;;1;;
4;04-MAYOR A STOCK MAXIMO;1002004;ZSTO;CAMISA JEAN T.46 C LOGO;MR01;0341;;V1;3;HB;5;16;0;0;0;0;C28;SEGURIDAD/ROPA/EPP;292300,48;;;ROPA;INDUMENTARIA;8-VARIOS;0,49;0;KG;640;30;292300,45;;;;;1;;1;;
4;04-MAYOR A STOCK MAXIMO;1002005;ZSTO;CAMISA JEAN T.48 C LOGO;MR01;0341;;V1;3;HB;5;21;0;0;0;0;C28;SEGURIDAD/ROPA/EPP;394721,88;;;ROPA;INDUMENTARIA;8-VARIOS;0,495;0;KG;2378;30;394721,81;;;;;1;;1;;
4;04-MAYOR A STOCK MAXIMO;1002006;ZSTO;CAMISA JEAN T.50 C LOGO;MR01;0341;;V1;2;HB;3;12;0;0;0;0;C28;SEGURIDAD/ROPA/EPP;211905;;;ROPA;INDUMENTARIA;8-VARIOS;0,617;0;KG;2970;30;211904,96;;;;;1;;1;;
4;04-MAYOR A STOCK MAXIMO;1002007;ZSTO;CAMISA JEAN T.52 C LOGO;MR01;0341;;V1;2;HB;3;7;0;0;0;0;C28;SEGURIDAD/ROPA/EPP;92880,41;;;ROPA;INDUMENTARIA;8-VARIOS;0,525;0;KG;635,5;30;92880,44;;;;;1;;1;;
4;04-MAYOR A STOCK MAXIMO;1002008;ZSTO;CAMISA JEAN T.54 C LOGO;MR01;0341;;V1;2;HB;3;4;0;0;0;0;C28;SEGURIDAD/ROPA/EPP;39288,32;;;ROPA;INDUMENTARIA;8-VARIOS;0,614;0;KG;3600;30;39288,32;;;;;1;;1;;
3;03-MAYOR A PUNTO DE PEDIDO;1002009;ZSTO;CAMISA JEAN T.56 C LOGO;MR01;0341;;V1;2;HB;3;3;0;0;0;0;C28;SEGURIDAD/ROPA/EPP;2738,97;;;ROPA;INDUMENTARIA;8-VARIOS;0,607;0;KG;3627;30;2738,96;;;;1;;;1;;
4;04-MAYOR A STOCK MAXIMO;1002010;ZSTO;CAMISA JEAN T.58 C LOGO;MR01;0341;;V1;2;HB;3;4;0;0;0;0;C28;SEGURIDAD/ROPA/EPP;13171,6;;;ROPA;INDUMENTARIA;8-VARIOS;0,548;0;KG;709,5;15;13171,6;;;;;1;;1;;
4;04-MAYOR A STOCK MAXIMO;1002011;ZSTO;PANTALON JEAN T.38;MR01;0341;;V1;1;HB;2;3;0;0;0;0;C28;SEGURIDAD/ROPA/EPP;29219,31;;;ROPA;INDUMENTARIA;8-VARIOS;0,656;0;KG;3240;15;29219,31;;;;;1;;1;;
4;04-MAYOR A STOCK MAXIMO;1002012;ZSTO;PANTALON JEAN T.40;MR01;0341;;V1;3;HB;5;8;0;0;0;0;C28;SEGURIDAD/ROPA/EPP;125282,16;;;ROPA;INDUMENTARIA;8-VARIOS;0,63;0;KG;2544;15;125282,15;;;;;1;;1;;
4;04-MAYOR A STOCK MAXIMO;1002013;ZSTO;PANTALON JEAN T.42;MR01;0341;;V1;3;HB;5;11;0;0;0;0;C28;SEGURIDAD/ROPA/EPP;172566,46;;;ROPA;INDUMENTARIA;8-VARIOS;0,627;0;KG;3224;15;172566,47;;;;;1;;1;;
4;04-MAYOR A STOCK MAXIMO;1002014;ZSTO;PANTALON JEAN T.44;MR01;0341;;V1;3;HB;5;19;0;0;0;0;C28;SEGURIDAD/ROPA/EPP;304770,07;;;ROPA;INDUMENTARIA;8-VARIOS;0,69;0;KG;2725;15;304770,11;;;;;1;;1;;
4;04-MAYOR A STOCK MAXIMO;1002015;ZSTO;PANTALON JEAN T.46;MR01;0341;;V1;3;HB;5;17;0;0;0;0;C28;SEGURIDAD/ROPA/EPP;270068,8;;;ROPA;INDUMENTARIA;8-VARIOS;0,689;0;KG;2808;15;270068,82;;;;;1;;1;;
4;04-MAYOR A STOCK MAXIMO;1002016;ZSTO;PANTALON JEAN T.48;MR01;0341;;V1;3;HB;5;23;0;0;0;0;C28;SEGURIDAD/ROPA/EPP;375202,68;;;ROPA;INDUMENTARIA;8-VARIOS;0,725;0;KG;2970;15;375202,78;;;;;1;;1;;
4;04-MAYOR A STOCK MAXIMO;1002017;ZSTO;PANTALON JEAN T.50;MR01;0341;;V1;3;HB;5;10;0;0;0;0;C28;SEGURIDAD/ROPA/EPP;169973,2;;;ROPA;INDUMENTARIA;8-VARIOS;0,751;0;KG;4107,5;21;169973,22;;;;;1;;1;;
4;04-MAYOR A STOCK MAXIMO;1002018;ZSTO;PANTALON JEAN T.52;MR01;0341;;V1;2;HB;3;17;0;0;0;0;C28;SEGURIDAD/ROPA/EPP;272783,02;;;ROPA;INDUMENTARIA;8-VARIOS;0,761;0;KG;3850;21;272782,99;;;;;1;;1;;
4;04-MAYOR A STOCK MAXIMO;1002019;ZSTO;PANTALON JEAN T.54;MR01;0341;;V1;2;HB;3;9;0;0;0;0;C28;SEGURIDAD/ROPA/EPP;120911,31;;;ROPA;INDUMENTARIA;8-VARIOS;0,788;0;KG;6264;21;120911,35;;;;;1;;1;;
4;04-MAYOR A STOCK MAXIMO;1002020;ZSTO;PANTALON JEAN T.56;MR01;0341;;V1;2;HB;3;5;0;0;0;0;C28;SEGURIDAD/ROPA/EPP;52330,05;;;ROPA;INDUMENTARIA;8-VARIOS;0,795;0;KG;3348;21;52330,07;;;;;1;;1;;
4;04-MAYOR A STOCK MAXIMO;1002021;ZSTO;PANTALON JEAN T.58;MR01;0341;;V1;2;HB;3;6;0;0;0;0;C28;SEGURIDAD/ROPA/EPP;49053,9;;;ROPA;INDUMENTARIA;8-VARIOS;0,814;0;KG;4292;21;49053,88;;;;;1;;1;;
4;04-MAYOR A STOCK MAXIMO;1002056;ZSTO;CAMPERA ABRIGO T. S ROJA CON LOGO;MR01;0341;;V1;2;HB;3;4;0;0;0;0;C28;SEGURIDAD/ROPA/EPP;170181,36;No aplica;CON REFLECTIVO T. S;ROPA;INDUMENTARIA;8-VARIOS;0,85;0;KG;13468;30;170181,38;;;;;1;;1;;
4;04-MAYOR A STOCK MAXIMO;1002057;ZSTO;CAMPERA ABRIGO T. M ROJA CON LOGO;MR01;0341;;V1;2;HB;3;7;0;0;0;0;C28;SEGURIDAD/ROPA/EPP;318706,01;No aplica;CON REFLECTIVO T. M;ROPA;INDUMENTARIA;8-VARIOS;0,841;0;KG;17640;30;318705,99;;;;;1;;1;;
4;04-MAYOR A STOCK MAXIMO;1002058;ZSTO;CAMPERA ABRIGO T. L ROJA CON LOGO;MR01;0341;;V1;2;HB;3;9;0;0;0;0;C28;SEGURIDAD/ROPA/EPP;428229,99;No aplica;CON REFLECTIVO T. L;ROPA;INDUMENTARIA;8-VARIOS;0,926;0;KG;12000;30;428230;;;;;1;;1;;
4;04-MAYOR A STOCK MAXIMO;1002059;ZSTO;CAMPERA ABRIGO T. XL ROJA CON LOGO;MR01;0341;;V1;2;HB;3;4;0;0;0;0;C28;SEGURIDAD/ROPA/EPP;177681,68;No aplica;CON REFLECTIVO T. XL;ROPA;INDUMENTARIA;8-VARIOS;0,985;0;KG;8960;30;177681,67;;;;;1;;1;;
4;04-MAYOR A STOCK MAXIMO;1002060;ZSTO;CAMPERA ABRIGO T. XXL ROJA CON LOGO;MR01;0341;;V1;2;HB;3;6;0;0;0;0;C28;SEGURIDAD/ROPA/EPP;257659,74;No aplica;CON REFLECTIVO T. XXL;ROPA;INDUMENTARIA;8-VARIOS;1,16;0;KG;16632;30;257659,75;;;;;1;;1;;
4;04-MAYOR A STOCK MAXIMO;1002061;ZSTO;CAMPERA ABRIGO T. XXXL ROJA CON LOGO;MR01;0341;;V1;2;HB;3;4;0;0;0;0;C28;SEGURIDAD/ROPA/EPP;165074,56;No aplica;CON REFLECTIVO T. XXXL;ROPA;INDUMENTARIA;8-VARIOS;0,979;0;KG;8960;30;165074,56;;;;;1;;1;;
3;03-MAYOR A PUNTO DE PEDIDO;1002071;ZSTO;CAMPERA DESCARNE T.XXXL;MR01;0341;;V1;1;HB;2;2;0;0;0;0;C28;SEGURIDAD/ROPA/EPP;74703,16;;;SEGURIDAD;INDUMENTARIA;8-VARIOS;0;0;KG;0;21;74703,16;;;;1;;;1;;
3;03-MAYOR A PUNTO DE PEDIDO;1002089;ZSTO;CAPA DE LLUVIA T.L;MR01;0341;;V1;1;HB;2;2;0;0;0;0;C28;SEGURIDAD/ROPA/EPP;22911,48;;;ROPA;INDUMENTARIA;8-VARIOS;1,111;0;KG;2625;15;22911,47;;;;1;;;1;;
3;03-MAYOR A PUNTO DE PEDIDO;1002090;ZSTO;CAPA DE LLUVIA T.XL;MR01;0341;;V1;1;HB;2;2;0;0;0;0;C28;SEGURIDAD/ROPA/EPP;19248,1;;;ROPA;INDUMENTARIA;8-VARIOS;0,959;0;KG;2448;15;19248,09;;;;1;;;1;;
3;03-MAYOR A PUNTO DE PEDIDO;1002091;ZSTO;CAPA DE LLUVIA T.XXL;MR01;0341;;V1;1;HB;2;2;0;0;0;0;C28;SEGURIDAD/ROPA/EPP;2931,96;;;ROPA;INDUMENTARIA;8-VARIOS;0,983;0;KG;2484;15;2931,96;;;;1;;;1;;
3;03-MAYOR A PUNTO DE PEDIDO;1002092;ZSTO;CAPA DE LLUVIA T.XXXL;MR01;0341;;V1;1;HB;2;2;0;0;0;0;C28;SEGURIDAD/ROPA/EPP;21803,48;;;ROPA;INDUMENTARIA;8-VARIOS;1,179;0;KG;2730;15;21803,49;;;;1;;;1;;
4;04-MAYOR A STOCK MAXIMO;1015761;ZSSD;BOLSAS DE RESIDUOS 45X60 x ROLLO;MR01;0341;;V1;18;HB;23;27;0;0;0;0;C17;INSUMOS A;9897,81;;;LIMPIEZA;LIMPIEZA /SEGURIDAD;?;0;0;KG;0;15;42097,84;;;;;1;;1;;
4;04-MAYOR A STOCK MAXIMO;1015789;ZSSD;DETERGENTE X 5 LTS;MR01;0341;;V1;4;HB;6;8;0;0;0;0;C17;INSUMOS A;21335,55;;;LIMPIEZA;LIMPIEZA /SEGURIDAD;?;0;0;KG;0;15;73635,56;;;;;1;;1;;
3;03-MAYOR A PUNTO DE PEDIDO;1015790;ZSSD;ESPONJA P/LAVAR VAJILLA X UN;MR01;0341;;V1;3;HB;5;5;0;0;0;0;C17;INSUMOS A;0;;;LIMPIEZA;LIMPIEZA /SEGURIDAD;?;0;0;KG;0;15;3800;;;;1;;;1;;
3;03-MAYOR A PUNTO DE PEDIDO;1015813;ZSSD;LÍQUIDO PARA LAMPAZO X 5 LTS;MR01;0341;;V1;3;HB;5;5;0;0;0;0;C17;INSUMOS A;66695,04;;;LIMPIEZA;LIMPIEZA /SEGURIDAD;?;0;0;KG;0;15;106195,05;;;;1;;;1;;
4;04-MAYOR A STOCK MAXIMO;1015814;ZSSD;LOCTITE 277 TORQUE ALTO X 50GS;MR01;0341;;V1;4;HB;6;8;0;0;0;0;C27;FERRETERIA MR01;132866,52;;;FERRETERIA;ADHESIVOS;?;0;0;KG;0;15;347742,54;;;;;1;;1;;
3;03-MAYOR A PUNTO DE PEDIDO;1015858;ZSSD;RAID COMÚN  X UN;MR01;0341;;V1;14;HB;18;16;0;0;0;0;C17;INSUMOS A;0;;;LIMPIEZA;LIMPIEZA /SEGURIDAD;?;0;0;KG;0;15;134000;;;;1;;;1;;
4;04-MAYOR A STOCK MAXIMO;1015861;ZSSD;SELLADOR BRIDA LOCTITE 5900 CART X300ML;MR01;0341;;V1;4;HB;6;11;0;0;0;0;C27;FERRETERIA MR01;184824,12;;;FERRETERIA;ADHESIVOS/SELLADORES/LUBRICANT;?;0;0;KG;0;15;1573253,89;;;;;1;;1;;
3;03-MAYOR A PUNTO DE PEDIDO;1015865;ZSSD;TOALLAS PAPEL X CAJA X 2500 UNID;MR01;0341;;V1;3;HB;5;5;0;0;0;0;C17;INSUMOS A;0;;;LIMPIEZA;?;?;0;0;KG;0;15;132750;;;;1;;;1;;
4;04-MAYOR A STOCK MAXIMO;1016080;ZSCD;BOTIN CONW 53 BAF MARRON FLOR P.ACER N39;MR01;0341;;V1;1;HB;2;4;0;0;0;0;C28;SEGURIDAD/ROPA/EPP;0;;;SEGURIDAD;CALZADO;?;0;0;KG;0;15;209640;;;;;1;;1;;
4;04-MAYOR A STOCK MAXIMO;1016909;ZSSD;CINTA METRICA X5MT;MR01;0341;;V1;2;HB;3;4;0;0;0;0;C27;FERRETERIA MR01;0;;;FERRETERIA;INSUMOS;?;0;0;KG;0;0;32231,4;;;;;1;;1;;
3;03-MAYOR A PUNTO DE PEDIDO;1016910;ZSSD;CINTA METRICA X10MT CON PASACINTO;MR01;0341;;V1;2;HB;3;3;0;0;0;0;C27;FERRETERIA MR01;0;;;FERRETERIA;INSUMOS;?;0;0;KG;0;0;67768,6;;;;1;;;1;;
4;04-MAYOR A STOCK MAXIMO;1016917;ZSSD;PRECINTOS NYLON 2,4 X 100 MM NEGROS X100;MR01;0341;;V1;4;HB;6;8;0;0;0;0;C27;FERRETERIA MR01;7643,36;;MÚLT. 100U;FERRETERIA;INSUMOS;?;0;0;KG;0;0;7643,39;;;;;1;;1;;
3;03-MAYOR A PUNTO DE PEDIDO;1016918;ZSSD;PRECINTOS NYLON 4,8 X 250 MM NEGROS X100;MR01;0341;;V1;4;HB;6;5;0;0;0;0;C27;FERRETERIA MR01;0;;MÚLT. 100U;FERRETERIA;INSUMOS;?;0;0;KG;0;0;30165,28;;;;1;;;1;;
3;03-MAYOR A PUNTO DE PEDIDO;1016919;ZSSD;LUBRICANTE MULTIUSO WD-40 440CC;MR01;0341;;V1;18;HB;25;25;0;0;0;0;C27;FERRETERIA MR01;0;;;FERRETERIA;ADHESIVOS/SELLADORES/LUBRICANT;?;0;0;KG;0;0;216942,25;;;;1;;;1;;
2;02-MENOR A PUNTO DE PEDIDO;1016920;ZSSD;SOGA NAUTICA 12MM;MR01;0341;;V1;60;HB;75;50;0;0;0;0;C27;FERRETERIA MR01;0;;MÚLT. 100 MTS;FERRETERIA;FERRETERIA;8-VARIOS;0;0;KG;0;0;47520,5;;1;;;;;1;;
2;02-MENOR A PUNTO DE PEDIDO;1016939;ZSSD;DESODORANTE LIQUIDO P PISO X5LT;MR01;0341;;V1;9;HB;14;7;0;0;0;0;C17;INSUMOS A;24272,76;;;LIMPIEZA;LIMPIEZA /SEGURIDAD;?;0;0;KG;0;0;28672,78;;1;;;;;1;;
3;03-MAYOR A PUNTO DE PEDIDO;1016946;ZSSD;TALO LIBRETA DE MAQUINISTA 50H X DUPLICA;MR01;0341;;V1;48;HB;60;57;0;0;0;0;C17;INSUMOS A;503796,21;;;LIBRERIA;TALONARIOS;?;0;0;KG;0;0;503796,14;;;;1;;;1;;
4;04-MAYOR A STOCK MAXIMO;1016948;ZSSD;AEROSOL DESINFECTANTE ANTIBACT 360ML;MR01;0341;;V1;12;HB;15;21;0;0;0;0;C17;INSUMOS A;0;;;LIMPIEZA;LIMPIEZA /SEGURIDAD;?;0;0;KG;0;0;100000;;;;;1;;1;;
3;03-MAYOR A PUNTO DE PEDIDO;1016952;ZSSD;CUTTER C GUIA METAL 18MM;MR01;0341;;V1;7;HB;10;9;0;0;0;0;C17;INSUMOS A;34226,91;;;FERRETERIA;INSUMOS;?;0;0;KG;0;0;34226,94;;;;1;;;1;;
3;03-MAYOR A PUNTO DE PEDIDO;1016959;ZSSD;SACABROCHES METAL;MR01;0341;;V1;1;HB;2;2;0;0;0;0;C17;INSUMOS A;1506,7;;;LIBRERIA;ACCESORIOS;?;0;0;KG;0;0;1506,7;;;;1;;;1;;
2;02-MENOR A PUNTO DE PEDIDO;1016961;ZSSD;RESALTADOR ROSA PUNTA CHANFLEADA;MR01;0341;;V1;3;HB;5;3;0;0;0;0;C17;INSUMOS A;0;;MÚLT. 10U;LIBRERIA;ESCRITURA;?;0;0;KG;0;0;8448,96;;1;;;;;1;;
2;02-MENOR A PUNTO DE PEDIDO;1016962;ZSSD;RESALTADOR NARANJA PUNTA CHANFLEADA;MR01;0341;;V1;3;HB;5;3;0;0;0;0;C17;INSUMOS A;1065,36;;MÚLT. 10U;LIBRERIA;ESCRITURA;?;0;0;KG;0;0;1065,35;;1;;;;;1;;
3;03-MAYOR A PUNTO DE PEDIDO;1016964;ZSSD;RESALTADOR AMARILLO PUNTA CHANFLEADA;MR01;0341;;V1;3;HB;5;5;0;0;0;0;C17;INSUMOS A;1424,1;;MÚLT. 10U;LIBRERIA;ESCRITURA;?;0;0;KG;0;0;1424,08;;;;1;;;1;;
2;02-MENOR A PUNTO DE PEDIDO;1016965;ZSSD;PORTABLOCK ACRILICO C CLIP SUPERIOR;MR01;0341;;V1;3;HB;5;2;0;0;0;0;C17;INSUMOS A;11066,42;;;LIBRERIA;ACCESORIOS;?;0;0;KG;0;0;11066,41;;1;;;;;1;;
4;04-MAYOR A STOCK MAXIMO;1016970;ZSSD;NOTAS ADHESIVAS (POST IT) 49X74 MM;MR01;0341;;V1;3;HB;5;6;0;0;0;0;C17;INSUMOS A;2796,36;;MÚLT. 12U;LIBRERIA;PAPEL;?;0;0;KG;0;0;2796,34;;;;;1;;1;;
2;02-MENOR A PUNTO DE PEDIDO;1016971;ZSSD;NOTAS ADHESIVAS (POST IT) 38X54 MM;MR01;0341;;V1;4;HB;6;4;0;0;0;0;C17;INSUMOS A;1820,84;;MÚLT. 12U;LIBRERIA;PAPEL;?;0;0;KG;0;0;1820,84;;1;;;;;1;;
3;03-MAYOR A PUNTO DE PEDIDO;1016975;ZSSD;MARCADOR P PIZARRA ROJO;MR01;0341;;V1;3;HB;5;5;0;0;0;0;C17;INSUMOS A;3128,36;;MÚLT. 10U;LIBRERIA;ESCRITURA;?;0;0;KG;0;0;6834,73;;;;1;;;1;;
3;03-MAYOR A PUNTO DE PEDIDO;1016976;ZSSD;MARCADOR P PIZARRA NEGRO;MR01;0341;;V1;3;HB;5;5;0;0;0;0;C17;INSUMOS A;2123,31;;MÚLT. 10U;LIBRERIA;ESCRITURA;?;0;0;KG;0;0;9410,28;;;;1;;;1;;
4;04-MAYOR A STOCK MAXIMO;1016977;ZSSD;MARCADOR P PIZARRA AZUL;MR01;0341;;V1;3;HB;5;6;0;0;0;0;C17;INSUMOS A;2371,05;;MÚLT. 10U;LIBRERIA;ESCRITURA;?;0;0;KG;0;0;13490,09;;;;;1;;1;;
3;03-MAYOR A PUNTO DE PEDIDO;1016982;ZSSD;FOLIO A4 ST X100;MR01;0341;;V1;2;HB;3;3;0;0;0;0;C17;INSUMOS A;16209,54;;;LIBRERIA;PAPEL;?;0;0;KG;0;0;16209,55;;;;1;;;1;;
3;03-MAYOR A PUNTO DE PEDIDO;1016995;ZSSD;BROCHES FLEX CON FILO N50 X1000;MR01;0341;;V1;2;HB;4;3;0;0;0;0;C17;INSUMOS A;2866,92;;;LIBRERIA;LIBRERIA;?;0;0;KG;0;0;2866,93;;;;1;;;1;;
4;04-MAYOR A STOCK MAXIMO;1016996;ZSSD;BROCHES CLIPS N5 X50;MR01;0341;;V1;1;HB;2;3;0;0;0;0;C17;INSUMOS A;1184,73;;;LIBRERIA;ACCESORIOS;?;0;0;KG;0;0;1184,73;;;;;1;;1;;
4;04-MAYOR A STOCK MAXIMO;1016998;ZSSD;BOLIGRAFO TRAZO GRUESO NEGRO;MR01;0341;;V1;120;HB;150;200;0;0;0;0;C17;INSUMOS A;45318;;MÚLT. 50U;LIBRERIA;ESCRITURA;?;0;0;KG;0;0;45318,48;;;;;1;;1;;
3;03-MAYOR A PUNTO DE PEDIDO;1017001;ZSSD;ABROCHADORA PINZA N50;MR01;0341;;V1;1;HB;2;2;0;0;0;0;C17;INSUMOS A;31789,66;;;LIBRERIA;?;?;0;0;KG;0;0;31789,65;;;;1;;;1;;
4;04-MAYOR A STOCK MAXIMO;1017002;ZSSD;PILA ALCALINA AAA;MR01;0341;;V1;12;HB;15;20;0;0;0;0;C27;FERRETERIA MR01;0;;;FERRETERIA;INSUMOS;?;0;0;KG;0;0;36363,6;;;;;1;;1;;
4;04-MAYOR A STOCK MAXIMO;1017003;ZSSD;BATERIA 9V;MR01;0341;;V1;2;HB;3;4;0;0;0;0;C27;FERRETERIA MR01;26450,52;;;FERRETERIA;BATERIAS;?;0;0;KG;0;0;46285,24;;;;;1;;1;;
4;04-MAYOR A STOCK MAXIMO;1017005;ZSSD;CADENA PLASTICA ROJA Y BLANCA X ML;MR01;0341;;V1;24;HB;30;45;0;0;0;0;C28;SEGURIDAD/ROPA/EPP;56035,35;;MÚLT. 50/100 MTS;SEGURIDAD;SEGURIDAD;?;0;0;KG;0;0;56035,43;;;;;1;;1;;
3;03-MAYOR A PUNTO DE PEDIDO;1017006;ZSSD;APRIETAPAPEL 32MM;MR01;0341;;V1;36;HB;45;40;0;0;0;0;C17;INSUMOS A;5747,6;;MÚLT. 12U;LIBRERIA;ACCESORIOS;?;0;0;KG;0;0;5747,74;;;;1;;;1;;
3;03-MAYOR A PUNTO DE PEDIDO;1017007;ZSSD;APRIETAPAPEL 51MM;MR01;0341;;V1;2;HB;3;3;0;0;0;0;C17;INSUMOS A;856,23;;MÚLT. 12U;LIBRERIA;ACCESORIOS;?;0;0;KG;0;0;856,24;;;;1;;;1;;
2;02-MENOR A PUNTO DE PEDIDO;1017009;ZSSD;BLOCK A5 ESPIRAL CUADRIC 70HS;MR01;0341;;V1;6;HB;8;2;0;0;0;0;C17;INSUMOS A;3604,84;;;LIBRERIA;LIBRERIA;?;0;0;KG;0;0;3604,83;;1;;;;;1;;
2;02-MENOR A PUNTO DE PEDIDO;1017010;ZSSD;BOLIGRAFO TRAZO FINO AZUL;MR01;0341;;V1;120;HB;150;100;0;0;0;0;C17;INSUMOS A;48539;;MÚLT. 24U;LIBRERIA;ESCRITURA;?;0;0;KG;0;0;48539,14;;1;;;;;1;;
4;04-MAYOR A STOCK MAXIMO;1017011;ZSSD;CUADERNO ESPIRAL RAY A4 T.SEMIDURA 80 HJ;MR01;0341;;V1;3;HB;5;6;0;0;0;0;C17;INSUMOS A;13718,01;;;LIBRERIA;PAPEL;?;0;0;KG;0;0;32384,89;;;;;1;;1;;
4;04-MAYOR A STOCK MAXIMO;1017013;ZSSD;CORRECTOR LAPIZ 7MM;MR01;0341;;V1;6;HB;8;11;0;0;0;0;C17;INSUMOS A;3988,49;;;LIBRERIA;ACCESORIOS;?;0;0;KG;0;0;3988,5;;;;;1;;1;;
4;04-MAYOR A STOCK MAXIMO;1017016;ZSSD;MARCADOR PERMANENTE NEGRO;MR01;0341;;V1;7;HB;9;10;0;0;0;0;C17;INSUMOS A;3635,82;;MÚLT. 10U;LIBRERIA;ESCRITURA;?;0;0;KG;0;0;13714,2;;;;;1;;1;;
4;04-MAYOR A STOCK MAXIMO;1017022;ZSSD;CUADERNO ESPIRAL CUAD A4 T.SEMIDURA 80HJ;MR01;0341;;V1;3;HB;5;7;0;0;0;0;C17;INSUMOS A;27368,65;;;LIBRERIA;PAPEL;?;0;0;KG;0;0;38434,94;;;;;1;;1;;
3;03-MAYOR A PUNTO DE PEDIDO;1017033;ZSSD;PERFORADORA MET MIT 20-25 HJ C REGLA;MR01;0341;;V1;1;HB;2;2;0;0;0;0;C17;INSUMOS A;32537,18;;;LIBRERIA;ACCESORIOS;?;0;0;KG;0;0;32537,16;;;;1;;;1;;
2;02-MENOR A PUNTO DE PEDIDO;1017034;ZSSD;TIJERA 17 CM C MANGO PLASTICO;MR01;0341;;V1;2;HB;3;2;0;0;0;0;C17;INSUMOS A;3658,94;;;LIBRERIA;ACCESORIOS;?;0;0;KG;0;0;3658,94;;1;;;;;1;;
2;02-MENOR A PUNTO DE PEDIDO;1017039;ZSSD;LAPIZ A MINA 05 MM 2B;MR01;0341;;V1;6;HB;8;5;0;0;0;0;C17;INSUMOS A;5360,3;;;LIBRERIA;ESCRITURA;?;0;0;KG;0;0;5360,27;;1;;;;;1;;
3;03-MAYOR A PUNTO DE PEDIDO;1017041;ZSSD;MINAS 0.5MM B X12;MR01;0341;;V1;4;HB;6;5;0;0;0;0;C17;INSUMOS A;121,94;;;LIBRERIA;ESCRITURA;?;0;0;KG;0;0;3478,42;;;;1;;;1;;
3;03-MAYOR A PUNTO DE PEDIDO;1017042;ZSSD;LAVANDINA X5LT;MR01;0341;;V1;7;HB;9;8;0;0;0;0;C17;INSUMOS A;27863,44;;;LIMPIEZA;LIMPIEZA /SEGURIDAD;?;0;0;KG;0;0;27863,44;;;;1;;;1;;
3;03-MAYOR A PUNTO DE PEDIDO;1017044;ZSSD;LIMPIAMANOS EN GEL P MECANICOS XKG;MR01;0341;;V1;4;HB;6;6;0;0;0;0;C17;INSUMOS A;23700;;;LIMPIEZA;LIMPIEZA /SEGURIDAD;?;0;0;KG;0;0;23700;;;;1;;;1;;
4;04-MAYOR A STOCK MAXIMO;1017049;ZSSD;TRAPO DE PISO REFORZADO;MR01;0341;;V1;3;HB;5;7;0;0;0;0;C17;INSUMOS A;0;;;LIMPIEZA;LIMPIEZA /SEGURIDAD;?;0;0;KG;0;0;10300;;;;;1;;1;;
2;02-MENOR A PUNTO DE PEDIDO;1017050;ZSSD;BOBINA PAPEL 25CM 400MT;MR01;0341;;V1;7;HB;10;4;0;0;0;0;C17;INSUMOS A;55957,96;;;LIMPIEZA;LIMPIEZA /SEGURIDAD;?;0;0;KG;0;0;55957,95;;1;;;;;1;;
3;03-MAYOR A PUNTO DE PEDIDO;1017066;ZSSD;BALIZA TIPO DESTELLANTE 1000HS;MR01;0341;;V1;4;HB;6;6;0;0;0;0;C28;SEGURIDAD/ROPA/EPP;0;;;SEGURIDAD;?;?;0;0;KG;0;0;223140,48;;;;1;;;1;;
4;04-MAYOR A STOCK MAXIMO;1017067;ZSSD;BATERIA P BALIZA 1000HS;MR01;0341;;V1;4;HB;6;8;0;0;0;0;C28;SEGURIDAD/ROPA/EPP;49192,01;;;SEGURIDAD;?;?;0;0;KG;0;0;65720,96;;;;;1;;1;;
4;04-MAYOR A STOCK MAXIMO;1017068;ZSSD;CINTA REFLECTIVA BLANCA XMT;MR01;0341;;V1;48;HB;72;80;0;0;0;0;C28;SEGURIDAD/ROPA/EPP;153202,8;;MÚLT. 45,7 MTS;SEGURIDAD;SEÑALIZACION;?;0;0;KG;0;0;194525,24;;;;;1;;1;;
4;04-MAYOR A STOCK MAXIMO;1017069;ZSSD;CINTA REFLECTIVA ROJA XMT;MR01;0341;;V1;48;HB;72;80;0;0;0;0;C28;SEGURIDAD/ROPA/EPP;100036,2;;MÚLT. 45,7 MTS;SEGURIDAD;SEÑALIZACION;?;0;0;KG;0;0;150449,4;;;;;1;;1;;
4;04-MAYOR A STOCK MAXIMO;1017081;ZSSD;PRECINTOS NYLON 7.6 X 300 MM NEGROS X100;MR01;0341;;V1;4;HB;6;8;0;0;0;0;C27;FERRETERIA MR01;0;;MÚLT. 100U;FERRETERIA;INSUMOS;?;0;0;KG;0;0;90909,8;;;;;1;;1;;
3;03-MAYOR A PUNTO DE PEDIDO;1017083;ZSSD;PILA ALCALINA AA;MR01;0341;;V1;12;HB;15;14;0;0;0;0;C27;FERRETERIA MR01;0;;;FERRETERIA;INSUMOS;?;0;0;KG;0;0;25454,52;;;;1;;;1;;
3;03-MAYOR A PUNTO DE PEDIDO;1017220;ZSSD;REGLA PLASTICA 30 CM;MR01;0341;;V1;2;HB;3;3;0;0;0;0;C17;INSUMOS A;262,41;;;LIBRERIA;ACCESORIOS;?;0;0;KG;0;0;2488,85;;;;1;;;1;;
3;03-MAYOR A PUNTO DE PEDIDO;1017230;ZSSD;BROCHES MIT Nº4 X CAJA 50 UN;MR01;0341;;V1;1;HB;2;2;0;0;0;0;C17;INSUMOS A;926,6;;;LIBRERIA;ACCESORIOS;?;0;0;KG;0;0;926,6;;;;1;;;1;;
3;03-MAYOR A PUNTO DE PEDIDO;1017231;ZSSD;BROCHES MIT Nº6 X CAJA 50 UN;MR01;0341;;V1;1;HB;2;2;0;0;0;0;C17;INSUMOS A;1189,1;;;LIBRERIA;ACCESORIOS;?;0;0;KG;0;0;1189,1;;;;1;;;1;;
2;02-MENOR A PUNTO DE PEDIDO;1017233;ZSSD;PAPEL HIGIENICO X72UN XUN;MR01;0341;;V1;4;HB;6;3;0;0;0;0;C17;INSUMOS A;0;;;LIMPIEZA;LIMPIEZA /SEGURIDAD;?;0;0;KG;0;0;123000;;1;;;;;1;;
4;04-MAYOR A STOCK MAXIMO;1017235;ZSSD;JABON LIQUIDO PARA MANOS XUN;MR01;0341;;V1;12;HB;15;39;0;0;0;0;C17;INSUMOS A;30147,87;;;LIMPIEZA;LIMPIEZA /SEGURIDAD;?;0;0;KG;0;0;62147,94;;;;;1;;1;;
2;02-MENOR A PUNTO DE PEDIDO;1017237;ZSSD;DESENGRASANTE MULTIPROP. WOHR 5LT XUN;MR01;0341;;V1;4;HB;6;3;0;0;0;0;C17;INSUMOS A;117990;;;LIMPIEZA;LIMPIEZA /SEGURIDAD;?;0;0;KG;0;0;117990;;1;;;;;1;;
3;03-MAYOR A PUNTO DE PEDIDO;1017974;ZSTO;LIMPIACONTACTOS AEROSOL X240ML;MR01;0341;;V1;18;HB;30;29;0;0;0;0;C27;FERRETERIA MR01;302170,96;;440CC 350G DELTA;INSUMOS;INFORMATICA;8-VARIOS;227;0;KG;157;15;550104,97;;;;1;;;1;;
2;02-MENOR A PUNTO DE PEDIDO;1025947;ZSSD;ESCOBA DE PLASTICO;MR01;0341;;V1;2;HB;4;2;0;0;0;0;C17;INSUMOS A;0;;;LIMPIEZA;LIMPIEZA /SEGURIDAD;?;0;0;KG;0;15;5900;;1;;;;;1;;
2;02-MENOR A PUNTO DE PEDIDO;1026411;ZSCD;DEKASOL KAISER XLT;MR01;0341;;V1;12;HB;15;3;0;0;0;0;C17;INSUMOS A;26362,38;;;LIMPIEZA;LIMPIEZA /SEGURIDAD;?;0;0;KG;0;22;26362,39;;1;;;;;1;;
3;03-MAYOR A PUNTO DE PEDIDO;1027149;ZSSD;DISCO FLAP TYROLIT 115x22 GRANO 80;MR01;0341;;V1;4;HB;6;6;0;0;0;0;C27;FERRETERIA MR01;0;;;FERRETERIA;?;?;0;0;KG;0;15;18595,02;;;;1;;;1;;
3;03-MAYOR A PUNTO DE PEDIDO;1036100;ZSTO;CONO FLEX. C/REFLECT. Y BASE CAUCHO 70CM;MR01;0341;;V1;9;HB;12;11;0;0;0;0;C28;SEGURIDAD/ROPA/EPP;130326,79;;NARANJA DE PVC FLEXIBLE CON MEMORIA-70CM;SEGURIDAD;SEÑALIZACION;?;1;0;KG;88078,5;15;130326,76;;;;1;;;1;;
4;04-MAYOR A STOCK MAXIMO;1042513;ZSCD;BOTIN CONW 53 BAF MARRON P.ACER N38;MR01;0341;;V1;1;HB;2;4;0;0;0;0;C28;SEGURIDAD/ROPA/EPP;92940,28;;;SEGURIDAD;CALZADO;?;0;0;KG;0;15;197760,27;;;;;1;;1;;
3;03-MAYOR A PUNTO DE PEDIDO;1000003;ZSTO;BULON CUCHILLAS LATERALES;MM01;0035;;V1;4;HB;6;6;0;0;0;0;G05;AJUSTE;2045,34;CATERPILLA;5F8933;REPUESTOS;CAT 140K;7-PESADO;0,21;0;KG;63,585;25;2045,35;;;;1;;;1;;
2;02-MENOR A PUNTO DE PEDIDO;1000010;ZSTO;FILTRO AIRE;MM01;0035;;V1;1;HB;2;1;0;0;0;0;F04;FILTRO AIRE;8133,14;MOTORCRAFT;B69X9601;FILTROS;F-100 INT 86577 - 578;8-VARIOS;1,19;0;KG;13284;15;8133,14;;1;;;;;1;;
4;04-MAYOR A STOCK MAXIMO;1000037;ZSTO;FILTRO VENTILACION TANQUE HIDRAULICO;MM01;0035;;V1;2;HB;3;4;0;0;0;0;F04;FILTRO AIRE;57340,44;VOLVO CONS;VOE11707077;FILTROS;CARGADORA VOLVO L220G;8-VARIOS;0,16;0;KG;1728;15;57340,46;;;;;1;;1;;
4;04-MAYOR A STOCK MAXIMO;1001783;ZSTO;ACEITE HIDRAULICO X 205L;MM01;0035;;V1;1;HB;2;3;0;0;0;0;L01;ACEITES;1533325,59;YPF S.A. // YPF S.A.;ATF // 125492;LUBRICANTES;ACEITES;2-TACHO;193;0;KG;233705,49;15;1533325,59;;;;;1;;1;;
4;04-MAYOR A STOCK MAXIMO;1001786;ZSTO;ACEITE ISO 46 HIDRAULICO  X 205L;MM01;0035;;V1;3;HB;6;7;0;0;0;0;L01;ACEITES;3791200,98;YPF S.A. // YPF S.A.;BP46 // 135392;LUBRICANTES;ACEITES;2-TACHO;193;0;KG;233705,49;15;3791200,97;;;;;1;;1;;
2;02-MENOR A PUNTO DE PEDIDO;1001787;ZSTO;ACEITE ISO 68 HIDRAULICO X 205L;MM01;0035;;V1;3;HB;6;2;0;0;0;0;L01;ACEITES;1142947,8;YPF S.A. // YPF S.A.;BP68 // 135592;LUBRICANTES;ACEITES;2-TACHO;193;0;KG;233705,49;15;1142947,8;;1;;;;;1;;
3;03-MAYOR A PUNTO DE PEDIDO;1001788;ZSTO;ACEITE SAE  10W X 205L;MM01;0035;;V1;1;HB;2;2;0;0;0;0;L01;ACEITES;1653436,24;YPF S.A. // YPF S.A.;10W // 151592;LUBRICANTES;ACEITES;2-TACHO;192,5;0;KG;235025,86;15;1653436,24;;;;1;;;1;;
2;02-MENOR A PUNTO DE PEDIDO;1001790;ZSTO;ACEITE 15W40  X 205L;MM01;0035;;V1;6;HB;8;6;0;0;0;0;L01;ACEITES;4181162,22;YPF S.A. // EXXON MOBI // CATERPILLA // SHELL PLC. // VOLVO MAQU // YPF S.A.;EXTRAVIDA XV300 // DELVAC MX 15W40 APICI4 // DEO 15W40 // R4 15W40 APICI4 ACEAE5E7 // VDS3 // 189292;LUBRICANTES;ACEITES;2-TACHO;193;0;KG;232385,12;15;4181162,23;;1;;;;;1;;
3;03-MAYOR A PUNTO DE PEDIDO;1001791;ZSTO;ACEITE SAE 30 X 205L;MM01;0035;;V1;1;HB;2;2;0;0;0;0;L01;ACEITES;1640522,52;YPF S.A. // YPF S.A. // YPF S.A.;FT SUPER 30 TR // 151692;LUBRICANTES;ACEITES;2-TACHO;193;0;KG;233705,49;15;1640522,52;;;;1;;;1;;
3;03-MAYOR A PUNTO DE PEDIDO;1001792;ZSTO;ACEITE SAE 50  X 205L;MM01;0035;;V1;2;HB;3;3;0;0;0;0;L01;ACEITES;2407922,85;YPF S.A.;;LUBRICANTES;ACEITES;2-TACHO;193;0;KG;233705,49;15;2407922,86;;;;1;;;1;;
3;03-MAYOR A PUNTO DE PEDIDO;1001795;ZSTO;ACEITE 85W140 X 205L;MM01;0035;;V1;1;HB;3;2;0;0;0;0;L01;ACEITES;843063;YPF S.A. // YPF S.A.;85W140 // 123192;LUBRICANTES;ACEITES;2-TACHO;193;0;KG;233705,49;15;843063,01;;;;1;;;1;;
3;03-MAYOR A PUNTO DE PEDIDO;1001797;ZSTO;ACEITE AIR TOOL 208L;MM01;0035;;V1;1;HB;2;2;0;0;0;0;C29;FILTROS/RESPUESTOS;1325629;;S2A100 (TORCULA100);LUBRICANTES;ACEITE;2-TACHO;0;0;KG;0;15;1325629;;;;1;;;1;;
3;03-MAYOR A PUNTO DE PEDIDO;1001801;ZSTO;ACEITE 80W X 205L;MM01;0035;;V1;2;HB;3;3;0;0;0;0;L01;ACEITES;254499,39;M-LUBE;GXA;LUBRICANTES;ACEITES;2-TACHO;195;0;KG;224462,9;15;254499,39;;;;1;;;1;;
2;02-MENOR A PUNTO DE PEDIDO;1001804;ZSTO;GRASA LITIO LIMIT MO-2 (NEGRA) X 180 KG;MM01;0035;;V1;2;HB;3;2;0;0;0;0;L03;GRASAS;3066661,64;YPF S.A. // // YPF S.A.;LIMIT MO-2 // GADUS S2 V220 // 628793;LUBRICANTES;GRASA;2-TACHO;180;0;KG;299396;15;3066661,63;;1;;;;;1;;
3;03-MAYOR A PUNTO DE PEDIDO;1001810;ZSTO;VOLVO WET BRAKE TRANSAXLEOIL WB101 X205L;MM01;0035;;V1;3;HB;6;4;0;0;0;0;L02;FLUIDOS;3698624,52;VOLVO CONS;WB101;LUBRICANTES;A40F;2-TACHO;186,5;0;KG;224462,9;15;3698624,52;;;;1;;;1;;
3;03-MAYOR A PUNTO DE PEDIDO;1001812;ZSTO;REFRIGERANTE ANTICONG. X20 LT;MM01;0035;;V1;3;HB;5;5;0;0;0;0;L02;FLUIDOS;427636,1;YPF S.A. // YPF S.A.;KRIOX 3 INORGANICO // 185280;LUBRICANTES;ADITIVOS;6-PESADO Y FRAGIL;23,75;0;KG;37246,7;15;427636,1;;;;1;;;1;;
3;03-MAYOR A PUNTO DE PEDIDO;1001813;ZSTO;REFRIGERANTE CATERPILLAR X20L;MM01;0035;;V1;2;HB;5;4;0;0;0;0;L02;FLUIDOS;778972,64;CATERPILLA // CATERPILLA;2154246 // 2388649;LUBRICANTES;ADITIVOS;6-PESADO Y FRAGIL;21,8;0;KG;36210,48;15;778972,64;;;;1;;;1;;
3;03-MAYOR A PUNTO DE PEDIDO;1001814;ZSTO;LIQUIDO FRENO X1LT;MM01;0035;;V1;1;HB;2;2;0;0;0;0;L02;FLUIDOS;17178,32;WAGNER;;LUBRICANTES;ADITIVOS;6-PESADO Y FRAGIL;1,12;0;KG;1680;15;17178,32;;;;1;;;1;;
3;03-MAYOR A PUNTO DE PEDIDO;1001815;ZSTO;AGUA DESMINERALIZADA X 20L;MM01;0035;;V1;9;HB;12;12;0;0;0;0;L02;FLUIDOS;132414,12;;;LUBRICANTES;ADITIVOS;6-PESADO Y FRAGIL;20,031;0;KG;24700;15;132414,16;;;;1;;;1;;
3;03-MAYOR A PUNTO DE PEDIDO;1001819;ZSTO;REFRIGERANTE VOLVO VCS X20LT;MM01;0035;;V1;9;HB;12;11;0;0;0;0;L02;FLUIDOS;2741004,42;VOLVO CONS // VOLVO CONS // // // VOLVO CONS;VCS // 24078856 // 11715729 // 22567335 // 54486166;LUBRICANTES;VOLVO EC 480D - PL 3005D;6-PESADO Y FRAGIL;22,5;0;KG;24640;15;2741004,39;;;;1;;;1;;
3;03-MAYOR A PUNTO DE PEDIDO;1001821;ZSTO;ACEITE 75W 90  X 20 LT;MM01;0035;;V1;1;HB;2;2;0;0;0;0;L01;ACEITES;848935,18;YPF S.A.;75W 90 ;LUBRICANTES;ACEITES;6-PESADO Y FRAGIL;20;0;KG;27727,77;15;848935,18;;;;1;;;1;;
3;03-MAYOR A PUNTO DE PEDIDO;1001823;ZSTO;ACEITE F50 5W40 X 20 L;MM01;0035;;V1;3;HB;5;5;0;0;0;0;L01;ACEITES;1164492;ELAION // ELAION // YPF S.A.;F50 5W40 // FS540 // 151792;LUBRICANTES;AMAROK-HILUX;6-PESADO Y FRAGIL;18;0;KG;27727,77;15;1164492,01;;;;1;;;1;;
4;04-MAYOR A STOCK MAXIMO;1001824;ZSTO;CUBIERTA 295 80 R22.5;MM01;0035;;V1;7;HB;9;12;0;0;0;0;C48;CUBIERTAS CAMIONES;6462726;PIRELLI NE // GOOD YEAR // GOOD YEAR // FATE SAICI // PIRELLI NE // GOOD YEAR // BRIDGESTON // // MICHELIN A;TG01/TG02 // ARMOR MAX MSA GEN2 // ARMOR MAX MSD // FATECARGO DO-820 // G02 // G677MSD // M 745 // T831 // XDY+;CUBIERTAS;VW 31320 (3 JUEGOS;5-CUBIERTAS;69;0;KG;250984,125;15;6462726,02;;;;;1;;1;;
4;04-MAYOR A STOCK MAXIMO;1001826;ZSTO;CUBIERTA 265 70 R16;MM01;0035;;V1;2;HB;6;10;0;0;0;0;C47;CUBIERTAS AUTOMOTR;2099684,4;BRIDGESTON // PIRELLI NE // PIRELLI NE // PIRELLI NE // GOOD YEAR // GOOD YEAR // MICHELIN A;HT840 // HT // S-HT // SCORPION STR // WRANGLER SUV // WRL ALL TERRAIN // XLT A/S;CUBIERTAS;HILUX;5-CUBIERTAS;17;0;KG;117888,16;20;2099684,41;;;;;1;;1;;
2;02-MENOR A PUNTO DE PEDIDO;1001828;ZSTO;CUBIERTA 12.00 R20 TG85 (TRACCION);MM01;0035;;V1;3;HB;5;2;0;0;0;0;C48;CUBIERTAS CAMIONES;1362917,58;PIRELLI NE // GOOD YEAR // GOOD YEAR // GOOD YEAR // GOOD YEAR // MICHELIN A;TG85 // G-677 MSD // G677 // G677MSD. // G677OTR // XDY;CUBIERTAS;CUBIERTAS;5-CUBIERTAS;80;0;KG;275717,12;15;1362917,58;;1;;;;;1;;
4;04-MAYOR A STOCK MAXIMO;1001830;ZSTO;CUBIERTA 295 80 R22.5;MM01;0035;;V1;3;HB;5;7;0;0;0;0;C48;CUBIERTAS CAMIONES;3531035,06;GOOD YEAR // PIRELLI NE // // GOOD YEAR // FIRESTONE;G686 MSS PLUS GOODYEAR // ARMOR MAX MSS 152K // FG01 // G386 MSS // G686 MSS PLUS // T822;CUBIERTAS;STRALIS // VW 31-320;5-CUBIERTAS;64;0;KG;254714,8;15;3531035,04;;;;;1;;1;;
3;03-MAYOR A PUNTO DE PEDIDO;1001834;ZSTO;CUBIERTA 265 65 17 DUELER A T 693;MM01;0035;;V1;4;HB;8;8;0;0;0;0;C47;CUBIERTAS AUTOMOTR;1743727,12;BRIDGESTON // BRIDGESTON // PIRELLI NE // PIRELLI NE // GOOD YEAR;DUELER A T 693 // AT REVO 2 // S MTR // SCORPION ATR // WRANGLER WORKHORSE;CUBIERTAS;hilux hasta 2016;5-CUBIERTAS;17;0;KG;114806,25;15;1743727,15;;;;1;;;1;;
3;03-MAYOR A PUNTO DE PEDIDO;1001840;ZSTO;CUBIERTA 17.5-25 VIAL SP 16 TELAS L2;MM01;0035;;V1;1;HB;2;2;0;0;0;0;C49;CUBIERTAS INDUSTRI;1609143,16;FIRESTONE // PIRELLI NE // GOOD YEAR // TITAN ARGE // MICHELIN A;L2 // PN-L2 // SGL-L2 // TITAN L2 // XTLA;CUBIERTAS;MOTONIVELADORA CAT Y JD;5-CUBIERTAS;116,5;0;KG;569756,925;15;1609143,15;;;;1;;;1;;
2;02-MENOR A PUNTO DE PEDIDO;1001842;ZSTO;PROTECTOR P CAMARA 12.00;MM01;0035;;V1;4;HB;8;2;0;0;0;0;C52;CAMARAS;37012,32;;;CUBIERTAS;CUBIERTAS;7-PESADO;1,94;0;KG;912;25;37012,33;;1;;;;;1;;
3;03-MAYOR A PUNTO DE PEDIDO;1002113;ZSTO;CORREA DISTRIBUCION ORIG TORRE WACK;MM01;0035;;V1;1;HB;2;2;0;0;0;0;C29;FILTROS/RESPUESTOS;83016,84;;WAN5000155697;CORREAS;TORRE ILUMINACION DAYCO113;8-VARIOS;0,13;0;KG;1300;15;83016,84;;;;1;;;1;;
3;03-MAYOR A PUNTO DE PEDIDO;1002114;ZSTO;CORREA ALTERNADOR 850MM ORIG;MM01;0035;;V1;1;HB;2;2;0;0;0;0;C29;FILTROS/RESPUESTOS;123603,98;LOMBARDINI;WAN5200002703;CORREAS;TORRE WACKER;8-VARIOS;0,08;0;KG;74;25;123603,99;;;;1;;;1;;
3;03-MAYOR A PUNTO DE PEDIDO;1002164;ZSTO;CORREA MOTOR VW 31-320 CONSTELATION XUN;MM01;0035;;V1;1;HB;2;2;0;0;0;0;C29;FILTROS/RESPUESTOS;52162,96;CONTINENTA;8PK1980;CORREAS;VW 31-320 CONSTELATION;8-VARIOS;0,33;0;KG;1836;15;52162,96;;;;1;;;1;;
3;03-MAYOR A PUNTO DE PEDIDO;1002177;ZSTO;CORREA;MM01;0035;;V1;1;HB;2;2;0;0;0;0;C29;FILTROS/RESPUESTOS;50147,48;TOYOTA ARG;90916T200600;CORREAS;CORREA HILUX 3.00;8-VARIOS;0,17;0;KG;1680;15;50147,48;;;;1;;;1;;
3;03-MAYOR A PUNTO DE PEDIDO;1002186;ZSTO;CORREA VENTILADOR;MM01;0035;;V1;1;HB;2;2;0;0;0;0;C29;FILTROS/RESPUESTOS;311733,34;VOLVO CONS;VOE20459311;CORREAS;VOLVO EC 480D;8-VARIOS;0,277;0;KG;590,4;15;311733,34;;;;1;;;1;;
4;04-MAYOR A STOCK MAXIMO;1002187;ZSTO;CORREA ALTERNADOR;MM01;0035;;V1;1;HB;1;2;0;0;0;0;C29;FILTROS/RESPUESTOS;3017,22;VOLVO CONS;VOE15142467;CORREAS;VOLVO EC 480D;8-VARIOS;0,22;0;KG;960;15;3017,22;;;;;1;;1;;
3;03-MAYOR A PUNTO DE PEDIDO;1002202;ZSTO;CORREA PRINCIPAL;MM01;0035;;V1;1;HB;2;2;0;0;0;0;C29;FILTROS/RESPUESTOS;217063,14;CATERPILLA;3508742;CORREAS;CORREAS;8-VARIOS;0,244;0;KG;973,5;15;217063,14;;;;1;;;1;;
3;03-MAYOR A PUNTO DE PEDIDO;1002203;ZSTO;CORREA POLI-V;MM01;0035;;V1;1;HB;2;2;0;0;0;0;C03;EQUIPOS;152005,88;;90916T2033;CORREAS;HILUX 2019;8-VARIOS;0,226;0;KG;3300;15;152005,89;;;;1;;;1;;
4;04-MAYOR A STOCK MAXIMO;1002211;ZSTO;CORREA VENTILADOR;MM01;0035;;V1;3;HB;5;6;0;0;0;0;C29;FILTROS/RESPUESTOS;400665,6;;10PK1448-20712530 // 10PK1448-24635977;CORREAS;PLATAFORMA DE MANTENIMIENTO VE;8-VARIOS;0,282;0;KG;1350;15;400665,62;;;;;1;;1;;
3;03-MAYOR A PUNTO DE PEDIDO;1002212;ZSTO;CORREA DE ALTERNADOR;MM01;0035;;V1;3;HB;5;4;0;0;0;0;C29;FILTROS/RESPUESTOS;146954,24;CATERPILLA // // No aplica;8PK1537 // 22275091 // 8PK-1540 // 8PK1535;CORREAS;PLATAFORMA DE MANTENIMIENTO VE;8-VARIOS;0,228;0;KG;663;15;146954,24;;;;1;;;1;;
4;04-MAYOR A STOCK MAXIMO;1002229;ZSTO;TUERCA CUCHILLA CORTE LATERAL;MM01;0035;;V1;7;HB;28;48;0;0;0;0;G05;AJUSTE;36084,96;CATERPILLA // CATERPILLA;2J3507 // 8J2933;DESGASTE;938HG,D9T, 324DL, 330,336,988;7-PESADO;0,11;0;KG;25,12;25;36085,07;;;;;1;;1;;
3;03-MAYOR A PUNTO DE PEDIDO;1002236;ZSTO;BULON PARA CUCHILLA XUN;MM01;0035;;V1;1;HB;135;114;0;0;0;0;G05;AJUSTE;184339,14;CATERPILLA;5J4773;DESGASTE;CAT 140K // CAT 988H // CAT D6T;7-PESADO;0,15;0;KG;49,455;25;184339,23;;;;1;;;1;;
3;03-MAYOR A PUNTO DE PEDIDO;1002239;ZSTO;RETEN. RIPPER;MM01;0035;;V1;4;HB;7;7;0;0;0;0;G03;RIPPER;11788,77;CATERPILLA // CATERPILLA;1140359 // 8E6359;DESGASTE;D6T, 140K, 988H;8-VARIOS;0,03;0;KG;12,56;25;11788,76;;;;1;;;1;;
3;03-MAYOR A PUNTO DE PEDIDO;1002269;ZSTO;PATIN INFERIOR CIRC;MM01;0035;;V1;4;HB;6;6;0;0;0;0;G01;CUCHILLAS;58576,26;CATERPILLA // CATERPILLA;1289656 // 3330960;DESGASTE;CAT 140H;7-PESADO;0,3;0;KG;1152;25;58576,25;;;;1;;;1;;
3;03-MAYOR A PUNTO DE PEDIDO;1002270;ZSTO;PATIN CENTRAL DE VERTEDERA;MM01;0035;;V1;1;HB;2;2;0;0;0;0;G01;CUCHILLAS;32382,68;CATERPILLA // CATERPILLA;1781685 // 4461527;DESGASTE;CAT 140H;7-PESADO;2,1;0;KG;762,5;25;32382,68;;;;1;;;1;;
3;03-MAYOR A PUNTO DE PEDIDO;1002271;ZSTO;PLACA DE CIERRE;MM01;0035;;V1;7;HB;10;10;0;0;0;0;G02;LATERALES;78734,5;CATERPILLA;8W1749;DESGASTE;CAT 140H;7-PESADO;0,21;0;KG;31,2;15;78734,53;;;;1;;;1;;
3;03-MAYOR A PUNTO DE PEDIDO;1002274;ZSTO;CUCHILLA 7′ X 8″ X 5/8″ X 3/4″;MM01;0035;;V1;8;HB;10;10;0;0;0;0;C29;FILTROS/RESPUESTOS;1493076,6;FERNANDEZ;7D1158;DESGASTE;CAT 140K;4-CUCHILLAS;47,5;0;KG;63900;15;1493076,6;;;;1;;;1;;
4;04-MAYOR A STOCK MAXIMO;1002276;ZSTO;PROTECTOR LATERAL BALDE;MM01;0035;;V1;4;HB;6;7;0;0;0;0;G04;UÑAS;2852428,6;VOLVO CONS // VOLVO CONS;VOE14537759 // 22E158;DESGASTE;VOLVO EC 480D;3-DESGASTE;0;0;KG;0;25;2852428,6;;;;;1;;1;;
2;02-MENOR A PUNTO DE PEDIDO;1002297;ZSTO;PLACA INTERNO DE PROTECTOR DE BALDE;MM01;0035;;V1;4;HB;8;4;0;0;0;0;G02;LATERALES;341879,64;VOLVO CONS;VOE14537760;DESGASTE;VOLVO;6-PESADO Y FRAGIL;2,13;0;KG;352,8;25;341879,63;;1;;;;;1;;
3;03-MAYOR A PUNTO DE PEDIDO;1002298;ZSTO;TRABA PROT. RIPPER XUN;MM01;0035;;V1;6;HB;9;9;0;0;0;0;G05;AJUSTE;7473,6;CATERPILLA;1368308;DESGASTE;CAT 140K;7-PESADO;0,18;0;KG;26,69;25;7473,59;;;;1;;;1;;
3;03-MAYOR A PUNTO DE PEDIDO;1002299;ZSTO;UNA RIPPER X UN;MM01;0035;;V1;3;HB;5;5;0;0;0;0;G04;UÑAS;154268,35;CATERPILLA;6Y0309;DESGASTE;CAT 140K;3-DESGASTE;5,38;0;KG;2552;25;154268,33;;;;1;;;1;;
3;03-MAYOR A PUNTO DE PEDIDO;1002300;ZSTO;CANTONERAS X UN;MM01;0035;;V1;1;HB;2;2;0;0;0;0;G02;LATERALES;15004,72;CATERPILLA;8E5529;DESGASTE;CAT 140K;3-DESGASTE;7,16;0;KG;1410;25;15004,72;;;;1;;;1;;
3;03-MAYOR A PUNTO DE PEDIDO;1002309;ZSTO;PROTECTOR ESCARIFICADOR X UN;MM01;0035;;V1;6;HB;9;9;0;0;0;0;G04;UÑAS;69737,4;CATERPILLA;6Y5230;DESGASTE;JD670 CAT 140K;3-DESGASTE;0;0;KG;0;25;69737,4;;;;1;;;1;;
3;03-MAYOR A PUNTO DE PEDIDO;1002322;ZSTO;TUERCA X UN;MM01;0035;;V1;24;HB;135;120;0;0;0;0;G05;AJUSTE;69258;CATERPILLA;2J3506;DESGASTE;CAT 980H, 140K;7-PESADO;0,055;0;KG;10,598;15;69258,14;;;;1;;;1;;
2;02-MENOR A PUNTO DE PEDIDO;1002349;ZSTO;TRABA P UNA XUN;MM01;0035;;V1;9;HB;16;4;0;0;0;0;G05;AJUSTE;42073,36;CATERPILLA;2209090;DESGASTE;CAT324DL, 980H;7-PESADO;0,117;0;KG;36;25;42073,35;;1;;;;;1;;
3;03-MAYOR A PUNTO DE PEDIDO;1002358;ZSTO;CORTADOR LATERAL;MM01;0035;;V1;1;HB;2;2;0;0;0;0;G02;LATERALES;17030,74;JOHN DEERE;T202876;DESGASTE;JD 670G;3-DESGASTE;7,765;0;KG;5231,25;25;17030,74;;;;1;;;1;;
4;04-MAYOR A STOCK MAXIMO;1002360;ZSTO;UÑA BALDE PENETRACION - 65PPE;MM01;0035;;V1;1;HB;23;27;0;0;0;0;G04;UÑAS;5142474,54;VOLVO CONS // VOLVO CONS;VOE14526517 // 65PPE;DESGASTE;VOLVO EC 480D;3-DESGASTE;16,08;0;KG;10800;15;5142474,47;;;;;1;;1;;
3;03-MAYOR A PUNTO DE PEDIDO;1002361;ZSTO;SEGURO UÑA BALDE  - 65P;MM01;0035;;V1;3;HB;23;23;0;0;0;0;G04;UÑAS;1124546,82;VOLVO CONS // VOLVO CONS;VOE14524710 // 65P;DESGASTE;VOLVO EC 480D;7-PESADO;0,42;0;KG;57,5;15;1124546,89;;;;1;;;1;;
3;03-MAYOR A PUNTO DE PEDIDO;1002404;ZSTO;PORTA UNAS CENTRALES;MM01;0035;;V1;4;HB;6;6;0;0;0;0;G04;UÑAS;174022,38;CATERPILLA;2221087;DESGASTE;CAT 950;3-DESGASTE;14,68;0;KG;4961;15;174022,35;;;;1;;;1;;
4;04-MAYOR A STOCK MAXIMO;1002405;ZSTO;PORTA UNAS IZQUIERDOS;MM01;0035;;V1;1;HB;2;3;0;0;0;0;G04;UÑAS;112771,77;CATERPILLA;2221089;DESGASTE;CAT 950;3-DESGASTE;20,82;0;KG;13104;15;112771,77;;;;;1;;1;;
4;04-MAYOR A STOCK MAXIMO;1002406;ZSTO;SEGMENTOS DE CORTES CENTRALES LATERALES;MM01;0035;;V1;1;HB;2;4;0;0;0;0;G04;UÑAS;160167,56;CATERPILLA;2571762;DESGASTE;CAT 950;3-DESGASTE;19,56;0;KG;2940;15;160167,56;;;;;1;;1;;
3;03-MAYOR A PUNTO DE PEDIDO;1002407;ZSTO;PUNTA DESGARRADOR;MM01;0035;;V1;9;HB;16;12;0;0;0;0;G03;RIPPER;236665,08;CATERPILLA //;4755473 // 2209089;DESGASTE;CAT 950;3-DESGASTE;5,165;0;KG;2362,5;15;236665,02;;;;1;;;1;;
3;03-MAYOR A PUNTO DE PEDIDO;1002408;ZSTO;SEGMENTOS DE CORTE CENTRAL;MM01;0035;;V1;4;HB;7;7;0;0;0;0;G04;UÑAS;406549,71;CATERPILLA;1324715;DESGASTE;CAT 950;3-DESGASTE;20,7;0;KG;2940;15;406549,74;;;;1;;;1;;
4;04-MAYOR A STOCK MAXIMO;1002409;ZSTO;PORTA UNAS DERECHOS;MM01;0035;;V1;1;HB;2;4;0;0;0;0;G04;UÑAS;175510,92;CATERPILLA;2221088;DESGASTE;CAT 950;3-DESGASTE;21,21;0;KG;14514;15;175510,89;;;;;1;;1;;
3;03-MAYOR A PUNTO DE PEDIDO;1002410;ZSTO;BULONES PARA SEGMENTOS DE CORTE;MM01;0035;;V1;18;HB;26;26;0;0;0;0;G05;AJUSTE;28546,96;CATERPILLA;4F4042;DESGASTE;CAT 950;7-PESADO;0,33;0;KG;94,2;15;28546,93;;;;1;;;1;;
4;04-MAYOR A STOCK MAXIMO;1002436;ZSTO;TRABA UÑA BALDE - 55/65R;MM01;0035;;V1;24;HB;30;38;0;0;0;0;G04;UÑAS;212598,6;VOLVO CONS;VOE11417318;DESGASTE;VOLVO;3-DESGASTE;0;0;KG;0;20;212598,77;;;;;1;;1;;
3;03-MAYOR A PUNTO DE PEDIDO;1002445;ZSTO;CUCHILLAS LATERALES;MM01;0035;;V1;1;HB;2;2;0;0;0;0;G01;CUCHILLAS;52802,36;CATERPILLA;6Y2805;DESGASTE;CAT 140K;4-CUCHILLAS;11;0;KG;2420,5;15;52802,35;;;;1;;;1;;
4;04-MAYOR A STOCK MAXIMO;1002455;ZSTO;BULONES P SEGMENTO DE CORTE;MM01;0035;;V1;4;HB;6;8;0;0;0;0;G05;AJUSTE;47429,68;CATERPILLA // CATERPILLA;6V6535 // 5P8823;DESGASTE;CAT 988;7-PESADO;0,7;0;KG;1,766;15;47429,67;;;;;1;;1;;
2;02-MENOR A PUNTO DE PEDIDO;1002491;ZSTO;FILTRO ACEITE MOTOR;MM01;0035;;V1;2;HB;3;1;0;0;0;0;F03;FILTRO ACEITE;41450,15;CATERPILLA // No aplica;2698325 // 4621171;FILTROS;CAT 938H;7-PESADO;0,61;0;KG;1271,7;25;41450,15;;1;;;;;1;;
2;02-MENOR A PUNTO DE PEDIDO;1002524;ZSTO;FILTRO ACEITE MOTOR;MM01;0035;;V1;1;HB;2;1;0;0;0;0;F03;FILTRO ACEITE;237,1;MANN // // BALDWIN // FLEETGUARD;W962 // 0986B01027 // B236 // LF4054;FILTROS;FILTROS;7-PESADO;0,71;0;KG;1335,285;15;237,1;;1;;;;;1;;
2;02-MENOR A PUNTO DE PEDIDO;1002544;ZSTO;FILTRO TRAMPA AGUA;MM01;0035;;V1;2;HB;3;2;0;0;0;0;F13;FILTRO TRAMPA DE A;168791,34;PARKER RAC // PARKER RAC;2R000127177J // R120LJ10MAQII;FILTROS;VW31-3;7-PESADO;0,892;0;KG;2042,178;25;168791,33;;1;;;;;1;;
3;03-MAYOR A PUNTO DE PEDIDO;1002580;ZSTO;FILTRO X UN;MM01;0035;;V1;1;HB;2;2;0;0;0;0;F14;GENERICOS FILTROS;7917,8;FLEETGUARD // DONALDSON // DONALDSON //;WF2071 // P552070 // P552071 // WF2070;FILTROS;FILTROS;7-PESADO;0,5;0;KG;785;15;7917,79;;;;1;;;1;;
3;03-MAYOR A PUNTO DE PEDIDO;1002611;ZSTO;FILTRO CABINA;MM01;0035;;V1;1;HB;2;2;0;0;0;0;F05;FILTRO AIRE CABINA;199293,54;CATERPILLA;7T7358;FILTROS;CAT 140K;9-FRAGIL;1,26;0;KG;9800;25;199293,54;;;;1;;;1;;
3;03-MAYOR A PUNTO DE PEDIDO;1002639;ZSTO;FILTRO DEPOSITO DIRECCION HIDRAULICA;MM01;0035;;V1;1;HB;2;2;0;0;0;0;F07;FILTRO FLUIDO HIDR;1948,1;CNH INDUST // DONALDSON // No aplica // No aplica;1902137 // P550309 // T1100145397 // V600;FILTROS;VOLVO 330 // VW26310/IVECO/26280-19360;9-FRAGIL;0,149;0;KG;464,75;15;1948,09;;;;1;;;1;;
2;02-MENOR A PUNTO DE PEDIDO;1002673;ZSTO;FILTRO AIRE 1;MM01;0035;;V1;1;HB;2;1;0;0;0;0;F04;FILTRO AIRE;41412,67;MANITOU;563416;FILTROS;MANITOU;9-FRAGIL;0,98;0;KG;11664;15;41412,67;;1;;;;;1;;
3;03-MAYOR A PUNTO DE PEDIDO;1002674;ZSTO;FILTRO AIRE 2;MM01;0035;;V1;1;HB;2;2;0;0;0;0;F04;FILTRO AIRE;41084,48;MANITOU // MANITOU;563415 // RPMA52853815;FILTROS;MANITOU;9-FRAGIL;0,27;0;KG;4477;29;41084,48;;;;1;;;1;;
3;03-MAYOR A PUNTO DE PEDIDO;1002675;ZSTO;FILTRO COMBUSTIBLE;MM01;0035;;V1;1;HB;2;2;0;0;0;0;F06;FILTRO COMBUSTIBLE;32988,76;PERKINS // // PARKER // // // HAULOTTE G // PERKINS // PERKINS // MANITOU;26560201 // FS20009 // REC-154 // SN40645 // TCE1804I // 2427003070 // 26560201 // 4816636 // 605013;FILTROS;MANITOU/HAULOTTE;9-FRAGIL;0,236;0;KG;1336,5;15;32988,76;;;;1;;;1;;
3;03-MAYOR A PUNTO DE PEDIDO;1002676;ZSTO;FILTRO HIDRAULICO DE RETORNO;MM01;0035;;V1;1;HB;2;2;0;0;0;0;F07;FILTRO FLUIDO HIDR;8018,82;MANITOU;221174;FILTROS;MANITOU;8-VARIOS;0,32;0;KG;1344;15;8018,82;;;;1;;;1;;
3;03-MAYOR A PUNTO DE PEDIDO;1002677;ZSTO;TAPA DE FILTRO DE LLENADO;MM01;0035;;V1;1;HB;2;2;0;0;0;0;F14;GENERICOS FILTROS;4696,48;MANITOU;62415;FILTROS;MANITOU;8-VARIOS;0,13;0;KG;440;15;4696,47;;;;1;;;1;;
3;03-MAYOR A PUNTO DE PEDIDO;1002678;ZSTO;FILTRO MOTOR;MM01;0035;;V1;1;HB;2;2;0;0;0;0;F03;FILTRO ACEITE;13772,44;MANITOU;476954;FILTROS;MANITOU;8-VARIOS;0,5;0;KG;1413;15;13772,42;;;;1;;;1;;
3;03-MAYOR A PUNTO DE PEDIDO;1002679;ZSTO;FILTRO TRANSMISION;MM01;0035;;V1;1;HB;2;2;0;0;0;0;F03;FILTRO ACEITE;16134,08;MANITOU;561749;FILTROS;MANITOU;8-VARIOS;0,45;0;KG;703,36;25;16134,08;;;;1;;;1;;
3;03-MAYOR A PUNTO DE PEDIDO;1002685;ZSTO;ARE ACONDICIONADO CABINA;MM01;0035;;V1;2;HB;4;3;0;0;0;0;F10;FILTRO HVAC;127336,26;VOLKSWAGEN // // No aplica // DONALDSON //;2R2819429 // MAH312 // MP5582 // P750019 // TAC5427;FILTROS;VW 31-320-19360;9-FRAGIL;0,13;0;KG;2668;15;127336,25;;;;1;;;1;;
3;03-MAYOR A PUNTO DE PEDIDO;1002708;ZSTO;FILTRO AIRE X UN;MM01;0035;;V1;2;HB;3;3;0;0;0;0;F04;FILTRO AIRE;80668,23;VOLKSWAGEN // VOLKSWAGEN // VOLKSWAGEN // // // FLEETGUARD;2S0129620B // CA-5626 // FLI6120 // P618941 // S3003 // AF2599700;FILTROS;VW;9-FRAGIL;2,544;0;KG;32928;15;80668,23;;;;1;;;1;;
4;04-MAYOR A STOCK MAXIMO;1002709;ZSTO;CARTUCHO PARA FILTRO AIRE;MM01;0035;;V1;2;HB;3;4;0;0;0;0;F01;CARTUCHO;83102,92;VOLKSWAGEN // // // MONZA // FLEETGUARD;2S0129620CA // AB3406 // CA5626 // FLI9141 // AF26211;FILTROS;WV;9-FRAGIL;0,687;0;KG;11008;15;83102,92;;;;;1;;1;;
3;03-MAYOR A PUNTO DE PEDIDO;1002722;ZSTO;FILTRO COMBUSTIBLE;MM01;0035;;V1;2;HB;4;4;0;0;0;0;F06;FILTRO COMBUSTIBLE;233192,48;CATERPILLA //;1R0749 // P551311;FILTROS;CAT;7-PESADO;0,91;0;KG;1842,003;20;233192,49;;;;1;;;1;;
3;03-MAYOR A PUNTO DE PEDIDO;1002733;ZSTO;FILTRO AIRE CABINA XUN;MM01;0035;;V1;2;HB;4;4;0;0;0;0;F05;FILTRO AIRE CABINA;153731,48;CATERPILLA // CATERPILLA;2321732 // 2314487;FILTROS;CAT;9-FRAGIL;0,85;0;KG;6360;25;153731,48;;;;1;;;1;;
3;03-MAYOR A PUNTO DE PEDIDO;1002734;ZSTO;FILTRO AIRE SECUNDARIO;MM01;0035;;V1;1;HB;2;2;0;0;0;0;F04;FILTRO AIRE;173929,9;CATERPILLA // DONALDSON;2456376 // P782108;FILTROS;CAT 140K;9-FRAGIL;0,6;0;KG;14592;25;173929,9;;;;1;;;1;;
3;03-MAYOR A PUNTO DE PEDIDO;1002735;ZSTO;FILTRO AIRE PRIMARIO XUN;MM01;0035;;V1;1;HB;2;2;0;0;0;0;F04;FILTRO AIRE;259755,32;CATERPILLA // DONALDSON;2456375 // P782105;FILTROS;CAT;9-FRAGIL;2,9;0;KG;32805;25;259755,32;;;;1;;;1;;
3;03-MAYOR A PUNTO DE PEDIDO;1002736;ZSTO;FILTRO TANQUE HIDRAULICO XUN;MM01;0035;;V1;1;HB;2;2;0;0;0;0;F07;FILTRO FLUIDO HIDR;61240,32;CATERPILLA;1R0774;FILTROS;CAT 416E // 140K;7-PESADO;0,64;0;KG;5488;20;61240,31;;;;1;;;1;;
3;03-MAYOR A PUNTO DE PEDIDO;1002742;ZSTO;FILTRO ACEITE XUN;MM01;0035;;V1;3;HB;6;6;0;0;0;0;F03;FILTRO ACEITE;541678,44;CATERPILLA // CATERPILLA // CATERPILLA;1R1808 // 1R0716 // 1R1808;FILTROS;CAT 755G;7-PESADO;1,68;0;KG;4291,988;25;541678,44;;;;1;;;1;;
2;02-MENOR A PUNTO DE PEDIDO;1002761;ZSTO;FILTRO DE COMBUSTIBLE;MM01;0035;;V1;1;HB;2;1;0;0;0;0;F06;FILTRO COMBUSTIBLE;36101,84;CATERPILLA;1R0751;FILTROS;FILTROS;7-PESADO;0,54;0;KG;157,25;15;36101,84;;1;;;;;1;;
3;03-MAYOR A PUNTO DE PEDIDO;1002771;ZSTO;FILTRO DE ACEITE;MM01;0035;;V1;1;HB;2;2;0;0;0;0;F03;FILTRO ACEITE;87662,24;CATERPILLA;1R1807;FILTROS;CAT;7-PESADO;0,98;0;KG;2469,61;25;87662,23;;;;1;;;1;;
3;03-MAYOR A PUNTO DE PEDIDO;1002779;ZSTO;BOCA DE CARGA GRANDE C FILTRO X UN;MM01;0035;;V1;1;HB;2;2;0;0;0;0;F14;GENERICOS FILTROS;1316,74;HYDROLINE //;FSB25 // TR-2E;FILTROS;FILTROS;9-FRAGIL;0,32;0;KG;1296;30;1316,74;;;;1;;;1;;
3;03-MAYOR A PUNTO DE PEDIDO;1002836;ZSTO;FILTRO AIRE XUN;MM01;0035;;V1;1;HB;2;2;0;0;0;0;F04;FILTRO AIRE;111292,64;TOYOTA ARG;178010C01000;FILTROS;HILUX 3.00;9-FRAGIL;0,715;0;KG;7153,313;15;111292,63;;;;1;;;1;;
3;03-MAYOR A PUNTO DE PEDIDO;1002837;ZSTO;FILTRO COMBUSTIBLE;MM01;0035;;V1;1;HB;2;2;0;0;0;0;F06;FILTRO COMBUSTIBLE;115348,54;TOYOTA ARG // TOYOTA ARG;233900L04100 // 233920L0100;FILTROS;PARA HILUX 3.00;9-FRAGIL;0,129;0;KG;729;15;115348,54;;;;1;;;1;;
3;03-MAYOR A PUNTO DE PEDIDO;1002838;ZSTO;FILTRO ACEITE;MM01;0035;;V1;7;HB;9;9;0;0;0;0;F03;FILTRO ACEITE;119688,93;TOYOTA ARG // TOYOTA ARG;909152000300 // 90915YZZD2;FILTROS;PARA HILUX;8-VARIOS;0,27;0;KG;576;15;119688,91;;;;1;;;1;;
3;03-MAYOR A PUNTO DE PEDIDO;1002852;ZSTO;FILTRO TRANSMISION XUN;MM01;0035;;V1;1;HB;2;2;0;0;0;0;F03;FILTRO ACEITE;94192,7;CATERPILLA // CATERPILLA;3283655 // 1R1809;FILTROS;CAT D6T, 980H;7-PESADO;1,28;0;KG;4901;25;94192,7;;;;1;;;1;;
3;03-MAYOR A PUNTO DE PEDIDO;1002899;ZSTO;FILTRO COMBUSTIBLE;MM01;0035;;V1;1;HB;2;2;0;0;0;0;F06;FILTRO COMBUSTIBLE;12365,22;FLEETGUARD // DONALDSON;FF5488 // P550774;FILTROS;VW 31-320-19360;7-PESADO;0,62;0;KG;1204,386;15;12365,22;;;;1;;;1;;
3;03-MAYOR A PUNTO DE PEDIDO;1002901;ZSTO;FILTRO ACEITE;MM01;0035;;V1;1;HB;2;2;0;0;0;0;F03;FILTRO ACEITE;65189,34;FLEETGUARD // DONALDSON // KOMATSU HO;LF9009 // P553000 // 6742014540;FILTROS;VW 31-320 - 19360;7-PESADO;1,53;0;KG;3391,2;15;65189,34;;;;1;;;1;;
3;03-MAYOR A PUNTO DE PEDIDO;1002902;ZSTO;FILTRO HABITACULO XUN;MM01;0035;;V1;1;HB;2;2;0;0;0;0;F05;FILTRO AIRE CABINA;69183,1;TOYOTA ARG;871390K010;FILTROS;HILUX;9-FRAGIL;0,078;0;KG;1414,5;15;69183,1;;;;1;;;1;;
3;03-MAYOR A PUNTO DE PEDIDO;1002909;ZSTO;FILTRO TR. AGUA CAT 988H;MM01;0035;;V1;1;HB;6;6;0;0;0;0;F13;FILTRO TRAMPA DE A;618996,9;CATERPILLA // CATERPILLA;3261643 // 1R0771;FILTROS;CAT 988H,390,988K,336;7-PESADO;0,89;0;KG;2279,64;15;618996,9;;;;1;;;1;;
3;03-MAYOR A PUNTO DE PEDIDO;1002910;ZSTO;FILTRO AIRE CABINA ATL. COPCO XUN;MM01;0035;;V1;1;HB;2;2;0;0;0;0;C29;FILTROS/RESPUESTOS;44340,56;HIFI FILTE;3222 3253 76 // SC 90273;FILTROS;ATLAS COPCO ROC F9-11;9-FRAGIL;0,929;0;KG;4680;15;44340,56;;;;1;;;1;;
3;03-MAYOR A PUNTO DE PEDIDO;1002913;ZSTO;FILTRO SEPARADOR DE ACEITE;MM01;0035;;V1;2;HB;9;8;0;0;0;0;C29;FILTROS/RESPUESTOS;449154,8;EPIROC JAP // No aplica;8231044410 // 6060016680 // 8231101804;FILTROS;ATLAS COPCO ROC F9-11;8-VARIOS;0,288;0;KG;2496;15;449154,77;;;;1;;;1;;
3;03-MAYOR A PUNTO DE PEDIDO;1002931;ZSTO;FILTRO ACEITE;MM01;0035;;V1;28;HB;50;42;0;0;0;0;F03;FILTRO ACEITE;1668936,78;VOLVO CONS // VOLVO MAQU // FLEETGUARD // VOLVO CONS // VOLVO CONS;P21707133 // 17533660 // LF667 // VOE478736 // 23658092;FILTROS;VOLVO 330 // VOLVO L260H;7-PESADO;1,215;0;KG;2469,61;20;1668936,85;;;;1;;;1;;
3;03-MAYOR A PUNTO DE PEDIDO;1002932;ZSTO;FILTRO ACEITE;MM01;0035;;V1;12;HB;15;15;0;0;0;0;F03;FILTRO ACEITE;629520;VOLVO CONS // VOLVO CONS;P21707132 // VOE477556;FILTROS;VOLVO L260H;7-PESADO;1,152;0;KG;2699,223;20;629520,03;;;;1;;;1;;
2;02-MENOR A PUNTO DE PEDIDO;1002934;ZSTO;FILTRO PRIMARIO COMBUSTIBLE;MM01;0035;;V1;2;HB;4;2;0;0;0;0;F06;FILTRO COMBUSTIBLE;181584,1;VOLVO CONS;VOE11110683;FILTROS;EC 480D - L220G - PL 3005D;7-PESADO;0,94;0;KG;2089,67;20;181584,1;;1;;;;;1;;
3;03-MAYOR A PUNTO DE PEDIDO;1002935;ZSTO;FILTRO AIRE COMBUSTIBLE;MM01;0035;;V1;2;HB;8;8;0;0;0;0;F04;FILTRO AIRE;282184,16;VOLVO CONS // DONALDSON;VOE11172907 // P528708;FILTROS;EC 480D - L220G - PL 3005D;8-VARIOS;0,24;0;KG;810;20;282184,14;;;;1;;;1;;
4;04-MAYOR A STOCK MAXIMO;1002936;ZSTO;FILTRO AIRE CABINA;MM01;0035;;V1;2;HB;8;11;0;0;0;0;F05;FILTRO AIRE CABINA;601529,61;VOLVO CONS // No aplica;VOE11703979 // 150522786;FILTROS;VOLVO EC 480D;9-FRAGIL;0,4;0;KG;3510;20;601529,59;;;;;1;;1;;
3;03-MAYOR A PUNTO DE PEDIDO;1002937;ZSTO;FILTRO AIRE ACONDICIONADO CABINA EX;MM01;0035;;V1;3;HB;5;5;0;0;0;0;F10;FILTRO HVAC;410343,6;VOLVO CONS // VOLVO CONS;VOE14689735 // 14506997;FILTROS;VOLVO EC 480D - PL 3005D;9-FRAGIL;0,52;0;KG;5208;20;410343,58;;;;1;;;1;;
2;02-MENOR A PUNTO DE PEDIDO;1002938;ZSTO;FILTRO HIDRAULICO RETORNO;MM01;0035;;V1;2;HB;2;2;0;0;0;0;F07;FILTRO FLUIDO HIDR;492742,24;VOLVO CONS //;VOE14569658 // 14690316;FILTROS;VOLVO EC 480D;7-PESADO;3,86;0;KG;16967;20;492742,24;;1;;;;;1;;
3;03-MAYOR A PUNTO DE PEDIDO;1002951;ZSTO;FILTRO DE COMBUSTIBLE ALTERNATIVO;MM01;0035;;V1;3;HB;5;5;0;0;0;0;F06;FILTRO COMBUSTIBLE;60437,8;DONALDSON // FLEETGUARD // DONALDSON;P550345 // FF5040 // P555095;FILTROS;TORRE WACKER;8-VARIOS;0,3;0;KG;401,92;20;60437,83;;;;1;;;1;;
2;02-MENOR A PUNTO DE PEDIDO;1002954;ZSTO;FILTRO ACEITE ORIGINAL;MM01;0035;;V1;3;HB;5;3;0;0;0;0;F03;FILTRO ACEITE;157369,47;KOHLER;WAN5000155736;FILTROS;TORRE WACKER;8-VARIOS;0,3;0;KG;567;15;157369,47;;1;;;;;1;;
2;02-MENOR A PUNTO DE PEDIDO;1002955;ZSTO;FILTRO AIRE WEGA ALTER;MM01;0035;;V1;3;HB;5;2;0;0;0;0;F04;FILTRO AIRE;25166,74;MANN // MANN // WEGA //;FA134S // C2420 // JFA134 // WA48095;FILTROS;TORRE DE ILUMINACION;9-FRAGIL;0,2;0;KG;1440;15;25166,73;;1;;;;;1;;
3;03-MAYOR A PUNTO DE PEDIDO;1002956;ZSTO;FILTRO DE TANQUE;MM01;0035;;V1;1;HB;2;2;0;0;0;0;C29;FILTROS/RESPUESTOS;41079,6;;3222 3098 48;FILTROS;ATLAS COPCO ROC F9-11;8-VARIOS;0,435;0;KG;2004,75;25;41079,6;;;;1;;;1;;
3;03-MAYOR A PUNTO DE PEDIDO;1002971;ZSTO;FILTRO DE TRANSMISION CAT;MM01;0035;;V1;1;HB;2;2;0;0;0;0;F03;FILTRO ACEITE;363533,1;CATERPILLA //;3375270 // 5715253;FILTROS;CAT D8,D9,336,775,390,988;8-VARIOS;0,68;0;KG;5070;25;363533,1;;;;1;;;1;;
3;03-MAYOR A PUNTO DE PEDIDO;1002998;ZSTO;FILTRO COMBUSTIBLE;MM01;0035;;V1;1;HB;2;2;0;0;0;0;F06;FILTRO COMBUSTIBLE;18925,24;PERKINS // FLEETGUARD // DONALDSON // // MANN;4415122 // FF5788 // P502420 // P556245 // P917X;FILTROS;HAULOTTE;9-FRAGIL;0,12;0;KG;900;15;18925,24;;;;1;;;1;;
3;03-MAYOR A PUNTO DE PEDIDO;1003047;ZSTO;FILTRO AIRE CABINA SECUNDARIO;MM01;0035;;V1;2;HB;4;3;0;0;0;0;F05;FILTRO AIRE CABINA;295390,17;VOLVO CONS;VOE11703980;FILTROS;CARGADORA VOLVO L220G;9-FRAGIL;1,15;0;KG;10920;20;295390,18;;;;1;;;1;;
3;03-MAYOR A PUNTO DE PEDIDO;1003069;ZSTO;SECANTE CSA 2018;MM01;0035;;V1;1;HB;2;2;0;0;0;0;F14;GENERICOS FILTROS;310913,5;CATERPILLA //;2032389 // 5879321;FILTROS;CAT 140 K;8-VARIOS;2,75;0;KG;4913;15;310913,5;;;;1;;;1;;
3;03-MAYOR A PUNTO DE PEDIDO;1003074;ZSTO;COLADOR TANQUE HIDRAULICO;MM01;0035;;V1;1;HB;2;2;0;0;0;0;F07;FILTRO FLUIDO HIDR;0;MANITOU;"259500&#160;";FILTROS;MANI MT 1440;8-VARIOS;0,367;0;KG;4427,5;15;0;;;;1;;;1;;
3;03-MAYOR A PUNTO DE PEDIDO;1003087;ZSTO;FILTRO COMBUSTIBLE;MM01;0035;;V1;4;HB;6;5;0;0;0;0;F06;FILTRO COMBUSTIBLE;411196;TOYOTA ARG //;233900L07000 // 233900L100;FILTROS;HILUX 2017;8-VARIOS;0,184;0;KG;1150;15;411196,01;;;;1;;;1;;
2;02-MENOR A PUNTO DE PEDIDO;1003088;ZSTO;FILTRO AIRE;MM01;0035;;V1;4;HB;6;4;0;0;0;0;F04;FILTRO AIRE;215860,88;TOYOTA ARG // TOYOTA ARG;178010L04000 // 178010E030;FILTROS;HILUX 2017;9-FRAGIL;0,57;0;KG;5443,75;15;215860,89;;1;;;;;1;;
2;02-MENOR A PUNTO DE PEDIDO;1003089;ZSTO;FILTRO DE CABINA;MM01;0035;;V1;4;HB;6;3;0;0;0;0;F05;FILTRO AIRE CABINA;72520,98;TOYOTA ARG;871390K080;FILTROS;HILUX 2017;9-FRAGIL;0,08;0;KG;1383,75;15;72520,98;;1;;;;;1;;
3;03-MAYOR A PUNTO DE PEDIDO;1003093;ZSTO;FILTRO DE COMBUSTIBLE;MM01;0035;;V1;1;HB;15;9;0;0;0;0;F06;FILTRO COMBUSTIBLE;383082,84;VOLVO CONS // VOLVO CONS;P22480372 // VOE15126069;FILTROS;VOLVO FM460;7-PESADO;1,15;0;KG;2469,61;15;383082,82;;;;1;;;1;;
3;03-MAYOR A PUNTO DE PEDIDO;1003094;ZSTO;FILTRO DE DRENAJE BOMBA;MM01;0035;;V1;6;HB;8;7;0;0;0;0;F07;FILTRO FLUIDO HIDR;180876,22;VOLVO CONS // // No aplica;21392404 // 20580233 // 7632141111;FILTROS;VOLVO 330 // VOLVO FM460;9-FRAGIL;0,105;0;KG;282,6;15;180876,23;;;;1;;;1;;
2;02-MENOR A PUNTO DE PEDIDO;1003095;ZSTO;FILTRO TRAMPA DE AGUA COMBUSTIBLE;MM01;0035;;V1;4;HB;6;3;0;0;0;0;F13;FILTRO TRAMPA DE A;145821,96;PARKER RAC //;21925732 // 23662435;FILTROS;VOLVO FM460;7-PESADO;0,72;0;KG;1329,79;15;145821,96;;1;;;;;1;;
3;03-MAYOR A PUNTO DE PEDIDO;1003096;ZSTO;FILTRO DE AIRE TANQUE DE COMBUSTIBLE;MM01;0035;;V1;24;HB;30;25;0;0;0;0;F06;FILTRO COMBUSTIBLE;886100;VOLVO CONS // DONALDSON;21743197 // P954869;FILTROS;VOLVO 330 // VOLVO FM460;9-FRAGIL;0,09;0;KG;480,42;15;886100,12;;;;1;;;1;;
3;03-MAYOR A PUNTO DE PEDIDO;1003097;ZSTO;FILTRO DE AIRE PRIMARIO;MM01;0035;;V1;4;HB;6;6;0;0;0;0;F04;FILTRO AIRE;1171268,76;VOLVO CONS;21337557;FILTROS;VOLVO FM460;9-FRAGIL;3,39;0;KG;49940,125;30;1171268,75;;;;1;;;1;;
2;02-MENOR A PUNTO DE PEDIDO;1003102;ZSTO;FILTRO DE COMBUSTIBLE;MM01;0035;;V1;2;HB;3;2;0;0;0;0;F06;FILTRO COMBUSTIBLE;80511,52;VOLKSWAGEN // HENGST // VOLKSWAGEN;2V5201512 // E422KP D98 // FF 5629;FILTROS;FILTROS;7-PESADO;0,26;0;KG;1800;15;80511,52;;1;;;;;1;;
3;03-MAYOR A PUNTO DE PEDIDO;1003103;ZSTO;FILTRO ACEITE MOTOR;MM01;0035;;V1;2;HB;3;3;0;0;0;0;F03;FILTRO ACEITE;51561,84;MANN // HENGST // MANN // DONALDSON // PARKER;07W115436 // E161H01 D28 // HU947/2 2X // P550451 // REL-814;FILTROS;FILTROS;9-FRAGIL;0,16;0;KG;1782;15;51561,83;;;;1;;;1;;
3;03-MAYOR A PUNTO DE PEDIDO;1003119;ZSTO;FILTRO DE AIRE PRIMARIO;MM01;0035;;V1;1;HB;14;9;0;0;0;0;C03;EQUIPOS;1052778,96;VOLVO MAQU;21436535;FILTROS;VOLVO 330;9-FRAGIL;3,2;0;KG;43120;20;1052778,97;;;;1;;;1;;
4;04-MAYOR A STOCK MAXIMO;1003120;ZSTO;FILTRO DE COMBUSTIBLE;MM01;0035;;V1;1;HB;14;15;0;0;0;0;F06;FILTRO COMBUSTIBLE;603105,15;VOLVO CONS;22095097;FILTROS;VOLVO 330;7-PESADO;0,95;0;KG;1899,7;20;603105,14;;;;;1;;1;;
4;04-MAYOR A STOCK MAXIMO;1003121;ZSTO;FILTRO DE UREA;MM01;0035;;V1;6;HB;8;11;0;0;0;0;F09;FILTRO DE UREA;692921,24;VOLVO CONS;82269261;FILTROS;VOLVO 330;9-FRAGIL;0,07;0;KG;238,64;20;692921,28;;;;;1;;1;;
3;03-MAYOR A PUNTO DE PEDIDO;1003124;ZSTO;FILTRO DE TRANSMISION CAJA DE CAMBIOS;MM01;0035;;V1;1;HB;3;3;0;0;0;0;F03;FILTRO ACEITE;59555,4;VOLVO CONS;21479106;FILTROS;VOLVO 330;8-VARIOS;0,21;0;KG;1683;20;59555,4;;;;1;;;1;;
4;04-MAYOR A STOCK MAXIMO;1003125;ZSTO;FILTRO SECADOR DE AIRE;MM01;0035;;V1;1;HB;6;7;0;0;0;0;F11;FILTRO SECADOR DE;589501,22;VOLVO CONS;21620181;FILTROS;VOLVO 330;7-PESADO;2,304;0;KG;2058;20;589501,19;;;;;1;;1;;
3;03-MAYOR A PUNTO DE PEDIDO;1003126;ZSTO;FILTRO SECADO DE AIRE;MM01;0035;;V1;1;HB;2;2;0;0;0;0;F11;FILTRO SECADOR DE;339183,4;VOLVO CONS // VOLVO CONS // VOLVO CONS //;21412848 // 22223804 // 23260134 // 23690622;FILTROS;VOLVO FM460;7-PESADO;1,38;0;KG;4913;25;339183,4;;;;1;;;1;;
3;03-MAYOR A PUNTO DE PEDIDO;1003144;ZSTO;FILTRO HIDRAULICO PILOTO;MM01;0035;;V1;1;HB;2;2;0;0;0;0;F07;FILTRO FLUIDO HIDR;80841,18;VOLVO CONS;14711981;FILTROS;VOLVO EC300D;9-FRAGIL;0,06;0;KG;113,04;30;80841,18;;;;1;;;1;;
4;04-MAYOR A STOCK MAXIMO;1003163;ZSTO;FILTRO DE SISTEMA DE INYECCION DE UREA;MM01;0035;;V1;1;HB;6;7;0;0;0;0;F09;FILTRO DE UREA;55007,96;VOLVO CONS;21333097;FILTROS;VOLVO VM 330;9-FRAGIL;0,17;0;KG;972;20;55007,96;;;;;1;;1;;
4;04-MAYOR A STOCK MAXIMO;1003164;ZSTO;FILTRO DE BOMBA SIST. UREA;MM01;0035;;V1;1;HB;3;4;0;0;0;0;F09;FILTRO DE UREA;64565,44;VOLVO CONS;20877958;FILTROS;VOLVO 330;9-FRAGIL;0,03;0;KG;0,006;15;64565,44;;;;;1;;1;;
4;04-MAYOR A STOCK MAXIMO;1003169;ZSTO;FILTRO TRAMPA DE AGUA;MM01;0035;;V1;2;HB;14;16;0;0;0;0;F13;FILTRO TRAMPA DE A;679291,04;SUDAMERICA // //;24226451 // 22752360 // 24226451;FILTROS;VOLVO 330;9-FRAGIL;0,17;0;KG;1100;15;679291,09;;;;;1;;1;;
2;02-MENOR A PUNTO DE PEDIDO;1003174;ZSTO;FILTRO DE AIRE SECUNDARIO;MM01;0035;;V1;2;HB;3;1;0;0;0;0;F04;FILTRO AIRE;268016,55;CATERPILLA //;3862097 // 5771433;FILTROS;CAT 950;9-FRAGIL;2,82;0;KG;40950;15;268016,55;;1;;;;;1;;
3;03-MAYOR A PUNTO DE PEDIDO;1003175;ZSTO;FILTRO DE COMBUSTIBLE;MM01;0035;;V1;2;HB;4;4;0;0;0;0;F06;FILTRO COMBUSTIBLE;225715,52;CATERPILLA;3608960;FILTROS;CAT 950;8-VARIOS;0,24;0;KG;1377;15;225715,52;;;;1;;;1;;
2;02-MENOR A PUNTO DE PEDIDO;1003177;ZSTO;FILTRO TRAMPA DE AGUA;MM01;0035;;V1;1;HB;2;1;0;0;0;0;F13;FILTRO TRAMPA DE A;113292,44;CATERPILLA;4238524;FILTROS;CAT 950;7-PESADO;0,97;0;KG;2659,58;15;113292,44;;1;;;;;1;;
3;03-MAYOR A PUNTO DE PEDIDO;1003178;ZSTO;FILTRO HIDRAULICO;MM01;0035;;V1;1;HB;2;2;0;0;0;0;F07;FILTRO FLUIDO HIDR;280800,66;CATERPILLA;4363443;FILTROS;CAT 950;7-PESADO;0,22;0;KG;900;15;280800,66;;;;1;;;1;;
3;03-MAYOR A PUNTO DE PEDIDO;1003179;ZSTO;FILTRO DE TRANSMISION (CARTUCHO);MM01;0035;;V1;1;HB;2;2;0;0;0;0;F03;FILTRO ACEITE;395784,44;CATERPILLA;3761288;FILTROS;CAT 950;7-PESADO;2,639;0;KG;12160;15;395784,44;;;;1;;;1;;
3;03-MAYOR A PUNTO DE PEDIDO;1003206;ZSTO;FILTRO TRAMPA DE AGUA;MM01;0035;;V1;1;HB;2;2;0;0;0;0;F13;FILTRO TRAMPA DE A;20882,1;VOLKSWAGEN // //;2T2201847 // FS19727 // FS20047;FILTROS;VW 19-360;8-VARIOS;0,45;0;KG;2500;30;20882,09;;;;1;;;1;;
2;02-MENOR A PUNTO DE PEDIDO;1003217;ZSTO;FILTRO DE COMBUSTIBLE;MM01;0035;;V1;1;HB;2;1;0;0;0;0;F06;FILTRO COMBUSTIBLE;207438,15;CATERPILLA;3608958;FILTROS;CAT 815 K;7-PESADO;0,52;0;KG;1300;15;207438,15;;1;;;;;1;;
2;02-MENOR A PUNTO DE PEDIDO;1003219;ZSTO;FILTRO VENTILACION DE CARTER;MM01;0035;;V1;2;HB;3;2;0;0;0;0;F04;FILTRO AIRE;82245,42;CATERPILLA;2735711;FILTROS;CAT 815 K;7-PESADO;0,74;0;KG;1980;15;82245,43;;1;;;;;1;;
3;03-MAYOR A PUNTO DE PEDIDO;1003230;ZSTO;FILTRO DE COMBUSTIBLE;MM01;0035;;V1;1;HB;2;2;0;0;0;0;F06;FILTRO COMBUSTIBLE;2612,32;FLEETGUARD;FS53028;FILTROS;F4000;8-VARIOS;0,124;0;KG;698,336;15;2612,32;;;;1;;;1;;
3;03-MAYOR A PUNTO DE PEDIDO;1003232;ZSTO;FILTRO DE VENTEO HIDRAULICO;MM01;0035;;V1;1;HB;2;2;0;0;0;0;F04;FILTRO AIRE;128329,12;CATERPILLA;3468340;FILTROS;CAT 950L;8-VARIOS;0,06;0;KG;251,2;15;128329,12;;;;1;;;1;;
3;03-MAYOR A PUNTO DE PEDIDO;1003238;ZSTO;FILTRO TRAMPA DE AGUA;MM01;0035;;V1;1;HB;2;2;0;0;0;0;F13;FILTRO TRAMPA DE A;184915,06;CATERPILLA //;4367077 // SN40863;FILTROS;CAT 140K;8-VARIOS;0,54;0;KG;3456;20;184915,05;;;;1;;;1;;
3;03-MAYOR A PUNTO DE PEDIDO;1003241;ZSTO;MANN CF1651;MM01;0035;;V1;1;HB;8;5;0;0;0;0;F14;GENERICOS FILTROS;208483,5;MANN //;CF1651 // P750003;FILTROS;VOLVO 330;9-FRAGIL;0,81;0;KG;15606;15;208483,51;;;;1;;;1;;
2;02-MENOR A PUNTO DE PEDIDO;1003245;ZSTO;FILTRO DE AIRE PRIMARIO;MM01;0035;;V1;1;HB;2;1;0;0;0;0;F04;FILTRO AIRE;60482,95;VOLKSWAGEN // MANN // FRAMM;2S2129620 // C21470 // CA-9369;FILTROS;VW 13-180;9-FRAGIL;2,04;0;KG;37867,5;15;60482,95;;1;;;;;1;;
3;03-MAYOR A PUNTO DE PEDIDO;1003247;ZSTO;FILTRO DE VENTEO TANQUE HIDRAULICO;MM01;0035;;V1;1;HB;2;2;0;0;0;0;F07;FILTRO FLUIDO HIDR;59881,78;FILPLUS // No aplica;MSA07 // TAP0126;FILTROS;VOLCADORA OMBU;8-VARIOS;0,095;0;KG;340,298;15;59881,78;;;;1;;;1;;
3;03-MAYOR A PUNTO DE PEDIDO;1003275;ZSTO;FILTRO TRANSMISION ACEITE;MM01;0035;;V1;1;HB;2;2;0;0;0;0;F03;FILTRO ACEITE;266573,52;CATERPILLA;3891079;FILTROS;CAT 950;8-VARIOS;0,336;0;KG;1863;15;266573,52;;;;1;;;1;;
3;03-MAYOR A PUNTO DE PEDIDO;1003276;ZSTO;FILTRO TANQUE HIDRAULICO;MM01;0035;;V1;4;HB;6;6;0;0;0;0;F07;FILTRO FLUIDO HIDR;10407,6;PARKER // No aplica //;921999 // K22001 // P551551;FILTROS;VOLCADORA MILICIC // VOLVO 330;7-PESADO;0,48;0;KG;858,398;15;10407,58;;;;1;;;1;;
3;03-MAYOR A PUNTO DE PEDIDO;1003291;ZSTO;UTILIZAR 1003069;MM01;0035;;V1;1;HB;2;2;0;0;0;0;F11;FILTRO SECADOR DE;183088,34;CATERPILLA;5879321;FILTROS;CAT 140K;8-VARIOS;2,567;0;KG;6120;15;183088,34;;;;1;;;1;;
4;04-MAYOR A STOCK MAXIMO;1003299;ZSTO;FILTRO RETORNO TANQUE HIDRAULICO;MM01;0035;;V1;1;HB;2;3;0;0;0;0;F07;FILTRO FLUIDO HIDR;13368,81;UFI FILTER // DONALDSON;ESE11NCC // P565243;FILTROS;VOLCADORA BACO;8-VARIOS;0,526;0;KG;1359,822;20;13368,81;;;;;1;;1;;
4;04-MAYOR A STOCK MAXIMO;1003300;ZSTO;FILTRO DOSIFICACION DE UREA (COLADOR);MM01;0035;;V1;2;HB;3;5;0;0;0;0;F09;FILTRO DE UREA;75736,4;VOLVO CONS;21954674;FILTROS;VOLVO 460 FMX;9-FRAGIL;0,01;0;KG;90;20;94316,76;;;;;1;;1;;
4;04-MAYOR A STOCK MAXIMO;1003301;ZSTO;FILTRO DE TANQUE;MM01;0035;;V1;2;HB;3;5;0;0;0;0;F06;FILTRO COMBUSTIBLE;232604,6;VOLVO CONS // VOLVO CONS;21516229 // 23381562;FILTROS;VOLVO 460 FMX;9-FRAGIL;0,1;0;KG;735;20;285691,4;;;;;1;;1;;
3;03-MAYOR A PUNTO DE PEDIDO;1003302;ZSTO;FILTRO ACEITE CAJA DE CAMBIO;MM01;0035;;V1;2;HB;3;3;0;0;0;0;F03;FILTRO ACEITE;95638,92;VOLVO CONS // VOLVO CONS;20779040 // 24283117;FILTROS;VOLVO 460 FMX;8-VARIOS;0,09;0;KG;784;15;95638,93;;;;1;;;1;;
3;03-MAYOR A PUNTO DE PEDIDO;1003303;ZSTO;FILTRO RETORNO;MM01;0035;;V1;2;HB;4;4;0;0;0;0;C29;FILTROS/RESPUESTOS;496591,32;VOLVO CONS // VOLVO CONS // VOLVO CONS;VOE11445024 // VOE17410277 // VOE17410278;FILTROS;CAMION ARTICULADO;9-FRAGIL;0,638;0;KG;495,3;15;496591,3;;;;1;;;1;;
3;03-MAYOR A PUNTO DE PEDIDO;1003304;ZSTO;FILTRO HIDRAULICO CARTUCHO;MM01;0035;;V1;2;HB;4;4;0;0;0;0;F07;FILTRO FLUIDO HIDR;148459,36;VOLVO CONS // VOLVO CONS;VOE11119882 // VOE17410282;FILTROS;CAMION ARTICULADO;8-VARIOS;0,658;0;KG;5070;15;148459,38;;;;1;;;1;;
3;03-MAYOR A PUNTO DE PEDIDO;1003305;ZSTO;FILTRO DE PRESION DE ACEITE;MM01;0035;;V1;2;HB;4;4;0;0;0;0;F03;FILTRO ACEITE;74746,8;VOLVO CONS;VOE17410286;FILTROS;CAMION ARTICULADO;8-VARIOS;0,14;0;KG;654,875;15;74746,8;;;;1;;;1;;
2;02-MENOR A PUNTO DE PEDIDO;1003306;ZSTO;FILTRO DE AIRE PRIMARIO;MM01;0035;;V1;2;HB;4;1;0;0;0;0;F04;FILTRO AIRE;569383,29;VOLVO CONS // HIFI FILTE;VOE15013668 // SA 16666;FILTROS;CAMION ARTICULADO;9-FRAGIL;7,975;0;KG;131820;15;569383,29;;1;;;;;1;;
3;03-MAYOR A PUNTO DE PEDIDO;1003307;ZSTO;FILTRO AIRE SECUNDARIO;MM01;0035;;V1;2;HB;4;3;0;0;0;0;F04;FILTRO AIRE;382198,41;VOLVO CONS;VOE11110533;FILTROS;CAMION ARTICULADO;9-FRAGIL;2,341;0;KG;35190;15;382198,41;;;;1;;;1;;
4;04-MAYOR A STOCK MAXIMO;1003308;ZSTO;FILTRO DE LUBRICAICON;MM01;0035;;V1;1;HB;2;3;0;0;0;0;F03;FILTRO ACEITE;122219,85;VOLVO CONS;VOE11448509;FILTROS;CAMION ARTICULADO;8-VARIOS;1,288;0;KG;2701,125;15;122219,85;;;;;1;;1;;
3;03-MAYOR A PUNTO DE PEDIDO;1003316;ZSTO;FILTRO TANQUE HIDRAULICO;MM01;0035;;V1;1;HB;2;2;0;0;0;0;F07;FILTRO FLUIDO HIDR;333415,48;VOLVO CONS // VOLVO CONS;VOE14530989 // VOE14531154;FILTROS;VOLVO EC 480D;8-VARIOS;1,338;0;KG;6355;15;333415,48;;;;1;;;1;;
3;03-MAYOR A PUNTO DE PEDIDO;1003334;ZSTO;FILTRO ACEITE F100 ELECTRONICA;MM01;0035;;V1;1;HB;2;2;0;0;0;0;F03;FILTRO ACEITE;40446,32;FLEETGUARD // No aplica // //;LF16015 // P550011 // P551100. // W950/26;FILTROS;F-100;7-PESADO;0,72;0;KG;1458;15;40446,32;;;;1;;;1;;
2;02-MENOR A PUNTO DE PEDIDO;1003341;ZSTO;FILTRO SECADOR AIRE;MM01;0035;;V1;1;HB;2;1;0;0;0;0;F11;FILTRO SECADOR DE;27102,89;WABCO // FLEETGUARD // // HENGST //;4324100202 // AF27817 // P781466 // T250W // TB1374X;FILTROS;VW (WACO);7-PESADO;2,66;0;KG;3570;15;27102,89;;1;;;;;1;;
2;02-MENOR A PUNTO DE PEDIDO;1003343;ZSTO;FILTRO COMBUSTIBLE;MM01;0035;;V1;1;HB;2;1;0;0;0;0;F06;FILTRO COMBUSTIBLE;17665,75;VOLKSWAGEN // // // // FORD // MWM INTERN;90541150027 // P551523 // WK 962/13 // 2R0127177N // 6L5Z7A508AB // 905411510042;FILTROS;VW 26.260;7-PESADO;0,84;0;KG;2200;15;17665,75;;1;;;;;1;;
2;02-MENOR A PUNTO DE PEDIDO;1003356;ZSTO;FILTRO SEPAR ACEITE;MM01;0035;;V1;2;HB;3;2;0;0;0;0;F03;FILTRO ACEITE;902620,72;ATLAS COPC;2911011201 // 2911011203;FILTROS;FILTROS;8-VARIOS;4,858;0;KG;40227;15;902620,72;;1;;;;;1;;
3;03-MAYOR A PUNTO DE PEDIDO;1003373;ZSTO;FILTROAIREACONDCABINAEXTERIORINTERIOR;MM01;0035;;V1;3;HB;5;4;0;0;0;0;F10;FILTRO HVAC;131563,6;VOLVO CONS;21758906;FILTROS;VOLVO FM460;9-FRAGIL;0,22;0;KG;2420;15;131563,61;;;;1;;;1;;
3;03-MAYOR A PUNTO DE PEDIDO;1003376;ZSTO;GRASA P/BARRAS X UN;MM01;0035;;V1;6;HB;8;7;0;0;0;0;L03;GRASAS;1294320,44;;90002915;LUBRICANTES;MARTILLO HIDRAULICO;6-PESADO Y FRAGIL;0;0;KG;0;15;1294320,44;;;;1;;;1;;
3;03-MAYOR A PUNTO DE PEDIDO;1003428;ZSTO;TENSOR CORREA AUXILIAR;MM01;0035;;V1;1;HB;2;2;0;0;0;0;C29;FILTROS/RESPUESTOS;38545,38;TOYOTA ARG // TOYOTA ARG;166200L02000K // 1662030031;REPUESTOS;HILUX;8-VARIOS;2,52;0;KG;7938;15;38545,38;;;;1;;;1;;
2;02-MENOR A PUNTO DE PEDIDO;1003429;ZSTO;POLEA CORREA AUXILIAR;MM01;0035;;V1;2;HB;2;2;0;0;0;0;C29;FILTROS/RESPUESTOS;227174,74;TOYOTA ARG;884400K172;REPUESTOS;HILUX 3.0 2010;8-VARIOS;0,57;0;KG;1008;15;227174,74;;1;;;;;1;;
3;03-MAYOR A PUNTO DE PEDIDO;1003433;ZSTO;BOMBA DE AGUA;MM01;0035;;V1;1;HB;2;2;0;0;0;0;C29;FILTROS/RESPUESTOS;376146;TOYOTA ARG;16100-69357;REPUESTOS;HILUX 3.0 2010;7-PESADO;2,44;0;KG;5940;15;376146;;;;1;;;1;;
3;03-MAYOR A PUNTO DE PEDIDO;1003466;ZSTO;PERTIGA 3.4M-3.7MC/LED/BANDSOP12/24v xUN;MM01;0035;;V1;2;HB;3;3;0;0;0;0;C03;EQUIPOS;332154;MAXWHIP;CON LED Y BANDERILLA C/SOPORTE 12V;REPUESTOS;AUTOMOTOR;8-VARIOS;1,5;0;KG;46,998;15;332154;;;;1;;;1;;
3;03-MAYOR A PUNTO DE PEDIDO;1003467;ZSTO;FARO ROJO AMBAR x UN;MM01;0035;;V1;4;HB;6;6;0;0;0;0;C29;FILTROS/RESPUESTOS;28308;BAIML;6156342;REPUESTOS;CAMIONES;9-FRAGIL;0,33;0;KG;2160;15;28307,99;;;;1;;;1;;
3;03-MAYOR A PUNTO DE PEDIDO;1003468;ZSTO;FARO VERDE AMBAR x UN - B070F75;MM01;0035;;V1;4;HB;6;5;0;0;0;0;C29;FILTROS/RESPUESTOS;28395;BAIML;6156342;REPUESTOS;CAMIONES;9-FRAGIL;0,32;0;KG;2400;15;28395;;;;1;;;1;;
3;03-MAYOR A PUNTO DE PEDIDO;1003470;ZSTO;VALVULA OLEOHIDRAULICA N 1799 XUN;MM01;0035;;V1;1;HB;2;2;0;0;0;0;C29;FILTROS/RESPUESTOS;246897,74;;;REPUESTOS;CAJA VOLCADORA;7-PESADO;6,35;0;KG;4800;15;246897,73;;;;1;;;1;;
3;03-MAYOR A PUNTO DE PEDIDO;1003484;ZSTO;BULON MAZA DELANTERA;MM01;0035;;V1;9;HB;18;15;0;0;0;0;C29;FILTROS/RESPUESTOS;0;;;REPUESTOS;IVECO TRAKKER T380;7-PESADO;0,31;0;KG;90;15;0;;;;1;;;1;;
3;03-MAYOR A PUNTO DE PEDIDO;1003504;ZSTO;TOMA FUERZA NEUM. MULT. C PLATO;MM01;0035;;V1;1;HB;2;2;0;0;0;0;C29;FILTROS/RESPUESTOS;1007047,74;TER APLICA;ZF16s1301650;REPUESTOS;VW 31-320;7-PESADO;12,07;0;KG;13000;15;1007047,72;;;;1;;;1;;
3;03-MAYOR A PUNTO DE PEDIDO;1003507;ZSTO;FARO TRASERO IZQUIERDO;MM01;0035;;V1;2;HB;4;4;0;0;0;0;C29;FILTROS/RESPUESTOS;429458,68;VOLKSWAGEN // No aplica // No aplica //;2RD00945095 // F185 // F186 // 1900;REPUESTOS;VW;9-FRAGIL;0,53;0;KG;3344;15;429458,68;;;;1;;;1;;
3;03-MAYOR A PUNTO DE PEDIDO;1003508;ZSTO;PULMON DE FRENO;MM01;0035;;V1;1;HB;2;2;0;0;0;0;C03;EQUIPOS;0;CNH // CNH;503349909 // 500092970;REPUESTOS;IVECO TRAKKER T380;7-PESADO;10,9;0;KG;36190;15;0;;;;1;;;1;;
3;03-MAYOR A PUNTO DE PEDIDO;1003534;ZSTO;TUERCA DE RUEDA - IVECO ASTRA;MM01;0035;;V1;2;HB;45;39;0;0;0;0;C03;EQUIPOS;158740,53;CNH // CNH INDUST;41031725 // 5801644126;REPUESTOS;CAMIONES;7-PESADO;0,14;0;KG;50,625;15;158740,68;;;;1;;;1;;
3;03-MAYOR A PUNTO DE PEDIDO;1003555;ZSTO;CILINDRO DE FRENO;MM01;0035;;V1;1;HB;2;2;0;0;0;0;C29;FILTROS/RESPUESTOS;3580923,78;CNH;503349910;REPUESTOS;IVECO TRAKKER T380;7-PESADO;11,8;0;KG;39072;15;3580923,79;;;;1;;;1;;
3;03-MAYOR A PUNTO DE PEDIDO;1003736;ZSTO;"ESCOBILLA LIMPIAPARABRISA 24""-609MM X2UN";MM01;0035;;V1;2;HB;4;4;0;0;0;0;C03;EQUIPOS;97005,28;;APLICA A AMAROK 2.0 TDI 4X2 // 7H1955425F;REPUESTOS;AMAROK 2.0 TDI 4X2;8-VARIOS;0,191;0;KG;1012,5;15;97005,26;;;;1;;;1;;
2;02-MENOR A PUNTO DE PEDIDO;1003835;ZSTO;BROCAXUN;MM01;0035;;V1;1;HB;2;1;0;0;0;0;C29;FILTROS/RESPUESTOS;98575,86;;90510344137;REPUESTOS;?;?;5,94;0;KG;1868,692;35;98575,86;;1;;;;;1;;
2;02-MENOR A PUNTO DE PEDIDO;1003843;ZSTO;KIT MUESTRA LUBRICANTE C ACOPLE RAP XUN;MM01;0035;;V1;1;HB;2;1;0;0;0;0;C29;FILTROS/RESPUESTOS;199381,4;CATERPILLA;9Z0006;EQUIPOS;CAT;8-VARIOS;0;0;KG;0;20;199381,39;;1;;;;;1;;
2;02-MENOR A PUNTO DE PEDIDO;1003854;ZSTO;BULON MAZA TRASERA P TRAKKER;MM01;0035;;V1;1;HB;2;1;0;0;0;0;C29;FILTROS/RESPUESTOS;0;CNH // CNH;42064826 // 42117455;REPUESTOS;MAQUINARIA PESADA;7-PESADO;0,36;0;KG;108;25;0;;1;;;;;1;;
4;04-MAYOR A STOCK MAXIMO;1003856;ZSTO;TRABA ESC.;MM01;0035;;V1;6;HB;9;13;0;0;0;0;C29;FILTROS/RESPUESTOS;32175,78;CATERPILLA;5K1459;REPUESTOS;CAT 140K;7-PESADO;0,3;0;KG;55;30;32175,77;;;;;1;;1;;
3;03-MAYOR A PUNTO DE PEDIDO;1003864;ZSTO;CORREA VENTILADOR xUN (jgox3);MM01;0035;;V1;2;HB;3;3;0;0;0;0;C29;FILTROS/RESPUESTOS;2335,53;CATERPILLA;3196293;REPUESTOS;CAT 140K;8-VARIOS;0,57;0;KG;1640;15;2335,53;;;;1;;;1;;
4;04-MAYOR A STOCK MAXIMO;1003904;ZSTO;SUPLEMENTO GUIA;MM01;0035;;V1;1;HB;4;6;0;0;0;0;C29;FILTROS/RESPUESTOS;167145,06;CATERPILLA // // CATERPILLA;5T8366 // 4461524 // 4461524;REPUESTOS;CAT 140H;7-PESADO;0,89;0;KG;300;25;167145,08;;;;;1;;1;;
3;03-MAYOR A PUNTO DE PEDIDO;1003905;ZSTO;SUPLEMENTO CIRC.;MM01;0035;;V1;1;HB;9;9;0;0;0;0;C29;FILTROS/RESPUESTOS;97663,41;CATERPILLA //;1289654 // 3807417;REPUESTOS;CAT 140H;8-VARIOS;0,12;0;KG;216;20;97663,44;;;;1;;;1;;
3;03-MAYOR A PUNTO DE PEDIDO;1003929;ZSTO;TORNILLO P PUNTERA XUN;MM01;0035;;V1;1;HB;2;2;0;0;0;0;C29;FILTROS/RESPUESTOS;1349,96;KOMATSU HO // No aplica;1987121720 // 6V8360;REPUESTOS;KMS 375D;6-PESADO Y FRAGIL;0,775;0;KG;215,985;15;1349,95;;;;1;;;1;;
2;02-MENOR A PUNTO DE PEDIDO;1003953;ZSTO;BATERIA 12V 75AMP;MM01;0035;;V1;2;HB;3;2;0;0;0;0;C03;EQUIPOS;278322,84;MOURA;M30LD;REPUESTOS;hilux 2017 en adelante;7-PESADO;16,5;0;KG;9044;15;278322,84;;1;;;;;1;;
3;03-MAYOR A PUNTO DE PEDIDO;1003954;ZSTO;BATERIA 12V 180AMP;MM01;0035;;V1;2;HB;4;3;0;0;0;0;C29;FILTROS/RESPUESTOS;690635,04;;25 PLACAS POR ELEMENTO;REPUESTOS;MAQUINARIA PESADA;7-PESADO;43;0;KG;23126,475;15;690635,02;;;;1;;;1;;
3;03-MAYOR A PUNTO DE PEDIDO;1003957;ZSTO;BATERIA 12V 110 AMP  318X162X220;MM01;0035;;V1;4;HB;8;7;0;0;0;0;C29;FILTROS/RESPUESTOS;1387927,03;MOURA;ME100HA;REPUESTOS;BOMAG;7-PESADO;24,5;0;KG;11781;15;1387927,03;;;;1;;;1;;
2;02-MENOR A PUNTO DE PEDIDO;1003990;ZSTO;KITSEGURAIRECOMPRATLCOPCOXU;MM01;0035;;V1;2;HB;3;1;0;0;0;0;C29;FILTROS/RESPUESTOS;176857,11;;3222188142;REPUESTOS;?;?;4,248;0;KG;48510;15;176857,11;;1;;;;;1;;
2;02-MENOR A PUNTO DE PEDIDO;1003993;ZSTO;KITSEGURAIREMOTORATLCOPCOXUN;MM01;0035;;V1;2;HB;3;2;0;0;0;0;C29;FILTROS/RESPUESTOS;719271,3;;3222188152;REPUESTOS;?;?;4,963;0;KG;59325,615;15;719271,3;;1;;;;;1;;
3;03-MAYOR A PUNTO DE PEDIDO;1003995;ZSTO;TENSOR CORREA DISTRIBUCION6;MM01;0035;;V1;1;HB;2;2;0;0;0;0;C29;FILTROS/RESPUESTOS;541804,3;;159284;REPUESTOS;TORRE WACKER;8-VARIOS;0,29;0;KG;294;15;541804,3;;;;1;;;1;;
4;04-MAYOR A STOCK MAXIMO;1004011;ZSTO;LAMPARA 12V-5W S CULOTE X UN;MM01;0035;;V1;4;HB;15;17;0;0;0;0;C03;EQUIPOS;8076,53;;PHILIPS-OSRAM;REPUESTOS;ELECTRICIDAD AUTOMOTOR;9-FRAGIL;0,001;0;KG;1,257;15;8076,52;;;;;1;;1;;
4;04-MAYOR A STOCK MAXIMO;1004014;ZSTO;LAMPARA 12V-H7 55W X UN;MM01;0035;;V1;4;HB;8;9;0;0;0;0;C03;EQUIPOS;34011,18;;PX26D;REPUESTOS;ELECTRICIDAD AUTOMOTOR;9-FRAGIL;0,015;0;KG;63,525;15;34011,15;;;;;1;;1;;
3;03-MAYOR A PUNTO DE PEDIDO;1004015;ZSTO;LAMPARA 12V-H3 55W X UN;MM01;0035;;V1;6;HB;11;10;0;0;0;0;C03;EQUIPOS;26905,5;;PK22S;REPUESTOS;ELECTRICIDAD AUTOMOTOR;9-FRAGIL;0,01;0;KG;40,625;15;26905,5;;;;1;;;1;;
2;02-MENOR A PUNTO DE PEDIDO;1004017;ZSTO;BROCA 4B FFCONCAV;MM01;0035;;V1;1;HB;1;1;0;0;0;0;C29;FILTROS/RESPUESTOS;48962,7;;90510343137-6102-49-20;REPUESTOS;?;?;0;0;KG;0;15;48962,7;;1;;;;;1;;
3;03-MAYOR A PUNTO DE PEDIDO;1004020;ZSTO;LAMPARA 12V-H4 P43T X UN;MM01;0035;;V1;1;HB;15;13;0;0;0;0;C29;FILTROS/RESPUESTOS;33829,77;;P43T38;REPUESTOS;ELECTRICIDAD AUTOMOTOR;9-FRAGIL;0,03;0;KG;154,63;15;33829,72;;;;1;;;1;;
4;04-MAYOR A STOCK MAXIMO;1004030;ZSTO;LAMPARA 24V-5W S CULOTE XUN;MM01;0035;;V1;12;HB;75;109;0;0;0;0;C29;FILTROS/RESPUESTOS;92658,72;;PHILIPS-OSRAM;REPUESTOS;ELECTRICIDAD AUTOMOTOR;9-FRAGIL;0,001;0;KG;1,257;15;92658,4;;;;;1;;1;;
4;04-MAYOR A STOCK MAXIMO;1004031;ZSTO;LAMPARA 24V-21 5W PATA PAREJ. X UN;MM01;0035;;V1;6;HB;11;13;0;0;0;0;C29;FILTROS/RESPUESTOS;1015,43;;BA15D;REPUESTOS;ELECTRICIDAD AUTOMOTOR;9-FRAGIL;0,005;0;KG;22,089;15;1015,48;;;;;1;;1;;
3;03-MAYOR A PUNTO DE PEDIDO;1004032;ZSTO;LAMPARA 24V-21 5W PATA DESP. X UN;MM01;0035;;V1;12;HB;22;16;0;0;0;0;C29;FILTROS/RESPUESTOS;3283,36;;;REPUESTOS;ELECTRICIDAD AUTOMOTOR;9-FRAGIL;0,009;0;KG;28,125;15;3283,29;;;;1;;;1;;
4;04-MAYOR A STOCK MAXIMO;1004038;ZSTO;LAMPARA 24V-21W P PAREJA XUN;MM01;0035;;V1;12;HB;22;33;0;0;0;0;C29;FILTROS/RESPUESTOS;27427,95;;BA15S;REPUESTOS;ELECTRICIDAD AUTOMOTOR;9-FRAGIL;0,008;0;KG;2,454;15;27427,81;;;;;1;;1;;
3;03-MAYOR A PUNTO DE PEDIDO;1004039;ZSTO;LAMPARA 24V-H1 70W X UN;MM01;0035;;V1;36;HB;45;42;0;0;0;0;C29;FILTROS/RESPUESTOS;156078,72;;P145S;REPUESTOS;ELECTRICIDAD AUTOMOTOR;9-FRAGIL;0,01;0;KG;40,625;15;156078,61;;;;1;;;1;;
4;04-MAYOR A STOCK MAXIMO;1004040;ZSTO;LAMPARA 24V-H3 70W X UN;MM01;0035;;V1;36;HB;45;54;0;0;0;0;C29;FILTROS/RESPUESTOS;326236,68;;PK22S;REPUESTOS;ELECTRICIDAD AUTOMOTOR;9-FRAGIL;0,007;0;KG;35;15;326236,53;;;;;1;;1;;
2;02-MENOR A PUNTO DE PEDIDO;1004042;ZSTO;LAMPARA 24V-H7 70W X UN;MM01;0035;;V1;12;HB;15;12;0;0;0;0;C29;FILTROS/RESPUESTOS;138315,24;;PX26D-PHILIPS-OSRAM;REPUESTOS;ELECTRICIDAD AUTOMOTOR;9-FRAGIL;0,014;0;KG;73,5;15;138315,22;;1;;;;;1;;
4;04-MAYOR A STOCK MAXIMO;1004043;ZSTO;LAMPARA 24V-75 70W P43T X UN;MM01;0035;;V1;12;HB;15;18;0;0;0;0;C29;FILTROS/RESPUESTOS;29485,8;;P43T38;REPUESTOS;ELECTRICIDAD AUTOMOTOR;9-FRAGIL;0,03;0;KG;141,75;15;29485,87;;;;;1;;1;;
3;03-MAYOR A PUNTO DE PEDIDO;1004044;ZSTO;ALARMA RETROCESO (INTELIGENTE);MM01;0035;;V1;2;HB;3;3;0;0;0;0;C29;FILTROS/RESPUESTOS;36766,41;;B250 // BOC 12505 DZE;REPUESTOS;ELECTRICIDAD DE TALLER;9-FRAGIL;0,24;0;KG;425,88;15;36766,42;;;;1;;;1;;
4;04-MAYOR A STOCK MAXIMO;1004046;ZSTO;BATERIA 12V 200 AMP;MM01;0035;;V1;2;HB;3;5;0;0;0;0;C29;FILTROS/RESPUESTOS;2050580,4;LEVAS BOSC // LEVAS BOSC // LEVAS BOSC // VOLVO CONS;4180E12VOL180AH1390 // BAT BOSCH S4200E // S5X 220E BOSCH // 22813727;REPUESTOS;VOLVO FMX HID VOLCADORA;7-PESADO;58,5;0;KG;26574;15;2050580,38;;;;;1;;1;;
3;03-MAYOR A PUNTO DE PEDIDO;1004172;ZSTO;LAMPARA TORRE DE ILUMINACION;MM01;0035;;V1;2;HB;4;4;0;0;0;0;C29;FILTROS/RESPUESTOS;82554,16;WACKER NEU;5000160191;REPUESTOS;TORRE DE ILUMINACION;9-FRAGIL;0,406;0;KG;4464;15;82554,16;;;;1;;;1;;
4;04-MAYOR A STOCK MAXIMO;1004244;ZSTO;ADAPTADOR XUN;MM01;0035;;V1;1;HB;2;3;0;0;0;0;C29;FILTROS/RESPUESTOS;3625260;;90516220T51 // 06F-07-6499;REPUESTOS;?;?;0;0;KG;0;15;3625260;;;;;1;;1;;
3;03-MAYOR A PUNTO DE PEDIDO;1004251;ZSTO;ESCOBILLALIMPIAPARABRIZASTOYOTAHILUXJGO;MM01;0035;;V1;2;HB;3;3;0;0;0;0;C03;EQUIPOS;39569,76;TOYOTA ARG;;REPUESTOS;HILUX;8-VARIOS;0,4;0;KG;1652;15;39569,77;;;;1;;;1;;
3;03-MAYOR A PUNTO DE PEDIDO;1004261;ZSTO;BATERIA12V80 90A30X20X17CM DERECHOPHILUX;MM01;0035;;V1;2;HB;3;3;0;0;0;0;C29;FILTROS/RESPUESTOS;468042,03;MOURA;ME90TD;REPUESTOS;hilux hasta 2016;7-PESADO;22,5;0;KG;10200;15;468042,02;;;;1;;;1;;
2;02-MENOR A PUNTO DE PEDIDO;1004264;ZSTO;BULON DE RUEDA;MM01;0035;;V1;16;HB;30;10;0;0;0;0;C29;FILTROS/RESPUESTOS;282840;VOLVO CONS //;21147687 // 24076067;REPUESTOS;VOLVO 460 FMX;7-PESADO;0,444;0;KG;118,279;15;282840,03;;1;;;;;1;;
4;04-MAYOR A STOCK MAXIMO;1004265;ZSTO;KIT DE 6 MUESTRAS DE ACEITE CON MANGUERA;MM01;0035;;V1;9;HB;12;21;0;0;0;0;C29;FILTROS/RESPUESTOS;4106479,44;CATERPILLA;9Z0009100;REPUESTOS;KIT MUESTRA;9-FRAGIL;0,904;0;KG;13852,875;15;4106479,4;;;;;1;;1;;
3;03-MAYOR A PUNTO DE PEDIDO;1004268;ZSTO;KIT DISTRIBUCION HILUX 3.0;MM01;0035;;V1;1;HB;2;2;0;0;0;0;C29;FILTROS/RESPUESTOS;719582,54;TOYOTA ARG;1356839016 + 1350567042 + 1354067020;REPUESTOS;TOYOTA HILUX 3.0;8-VARIOS;0,69;0;KG;3528;15;719582,54;;;;1;;;1;;
3;03-MAYOR A PUNTO DE PEDIDO;1004313;ZSTO;ACEITE TRANSMISSION OIL AT102 X 200LTS;MM01;0035;;V1;2;HB;4;3;0;0;0;0;C29;FILTROS/RESPUESTOS;4825133,22;VOLVO CONS;VOE15143389 / 97342;LUBRICANTES;LUBRICANTES;2-TACHO;0;0;KG;0;15;4825133,22;;;;1;;;1;;
3;03-MAYOR A PUNTO DE PEDIDO;1004317;ZSTO;ACEITE CAJA DE CAMBIOS x 205LTS;MM01;0035;;V1;2;HB;4;3;0;0;0;0;L01;ACEITES;10700725,83;VOLVO CONS // //;97307//85136284 // TRAXIUM GEAR 8 75W80 // 97315;LUBRICANTES;VOLVO;2-TACHO;180;0;KG;235025,86;15;10700725,83;;;;1;;;1;;
3;03-MAYOR A PUNTO DE PEDIDO;1004411;ZSTO;BOMBA P MUESTRA XUN;MM01;0035;;V1;1;HB;2;2;0;0;0;0;C03;EQUIPOS;3654,7;;590-7889;REPUESTOS;KIT MUESTRA;8-VARIOS;0,158;0;KG;663;15;3654,7;;;;1;;;1;;
3;03-MAYOR A PUNTO DE PEDIDO;1004459;ZSTO;EXTREMO DIRECCION IZQ/DER XUN;MM01;0035;;V1;1;HB;2;2;0;0;0;0;C29;FILTROS/RESPUESTOS;0;CATERPILLA;1313736;REPUESTOS;CAT;8-VARIOS;1,936;0;KG;3808;15;0;;;;1;;;1;;
3;03-MAYOR A PUNTO DE PEDIDO;1004652;ZSTO;DIAFRAG.XUN;MM01;0035;;V1;1;HB;2;2;0;0;0;0;C29;FILTROS/RESPUESTOS;322266,1;;3115 1822 01;REPUESTOS;MARTILLO ATLAS COP-CO;8-VARIOS;0;0;KG;0;15;322266,1;;;;1;;;1;;
2;02-MENOR A PUNTO DE PEDIDO;1009535;ZSTO;FILTRO AIRE SIST COMB ATL COPCO;MM01;0035;;V1;2;HB;3;2;0;0;0;0;C29;FILTROS/RESPUESTOS;112141,44;;3222118000;FILTROS;ATLAS COPCO ROC F9-11;8-VARIOS;0,111;0;KG;821,008;15;112141,44;;1;;;;;1;;
4;04-MAYOR A STOCK MAXIMO;1009536;ZSTO;FILTRO AIRE SIST HIDR ATL COPCO;MM01;0035;;V1;1;HB;2;3;0;0;0;0;C29;FILTROS/RESPUESTOS;29155,98;;3222318729 // 3222345625;FILTROS;ATLAS COPCO ROC F9-11;8-VARIOS;0,127;0;KG;326,56;15;29155,97;;;;;1;;1;;
3;03-MAYOR A PUNTO DE PEDIDO;1009537;ZSTO;PREFILTRO AIRE CABINA ATL COPCO X;MM01;0035;;V1;1;HB;2;2;0;0;0;0;C29;FILTROS/RESPUESTOS;11259,98;;3222986146;FILTROS;ATLAS COPCO ROC F9-11;9-FRAGIL;0,032;0;KG;804,1;15;11259,98;;;;1;;;1;;
3;03-MAYOR A PUNTO DE PEDIDO;1009538;ZSTO;FILTRO A/A TECHO CABINA ATL COPCO;MM01;0035;;V1;1;HB;2;2;0;0;0;0;C29;FILTROS/RESPUESTOS;110216,56;;3222324642;FILTROS;ATLAS COPCO ROC F9-11;9-FRAGIL;0,051;0;KG;658,49;15;110216,56;;;;1;;;1;;
3;03-MAYOR A PUNTO DE PEDIDO;1009539;ZSTO;FILTRO A/A PISO CAB ATL COPCO XU;MM01;0035;;V1;1;HB;2;2;0;0;0;0;C29;FILTROS/RESPUESTOS;78880,74;;3222325378;FILTROS;ATLAS COPCO ROC F9-11;9-FRAGIL;0,029;0;KG;235,872;15;78880,74;;;;1;;;1;;
4;04-MAYOR A STOCK MAXIMO;1009540;ZSTO;FILTRO CAPTADOR POLVO ATL COPCO x;MM01;0035;;V1;12;HB;15;17;0;0;0;0;C29;FILTROS/RESPUESTOS;3895817,07;DONALDSON //;3222318933 // P783648 // 3222321295;FILTROS;ATLAS COPCO ROC F9-11;8-VARIOS;1,023;0;KG;9843,12;15;3895817,07;;;;;1;;1;;
2;02-MENOR A PUNTO DE PEDIDO;1009541;ZSTO;FILTRO HIDRAU COMPR ATL COPCO x;MM01;0035;;V1;4;HB;6;3;0;0;0;0;C29;FILTROS/RESPUESTOS;351449,22;ATLAS COPC;1202804002 // 6060011168;FILTROS;ATLAS COPCO ROC F9-11;8-VARIOS;0;0;KG;0;15;351449,22;;1;;;;;1;;
3;03-MAYOR A PUNTO DE PEDIDO;1013521;ZSCD;ACEITE CAJA TRANSMISION VOLVO97307x205LT;MM01;0035;;V1;1;HB;2;2;0;0;0;0;C29;FILTROS/RESPUESTOS;3539719,44;SHELL PLC.;SPIRAX S6 GXME 75W80;LUBRICANTES;LUBRICANTES;?;0;0;KG;0;15;3539719,44;;;;1;;;1;;
3;03-MAYOR A PUNTO DE PEDIDO;1013522;ZSCD;ACEITE DIFERENCIALES VOLVO97312 x 205LTS;MM01;0035;;V1;1;HB;2;2;0;0;0;0;C29;FILTROS/RESPUESTOS;5311394,98;SHELL PLC.;SPIRAX S6 GXME 75W90;LUBRICANTES;LUBRICANTES;?;0;0;KG;0;15;5311394,98;;;;1;;;1;;
2;02-MENOR A PUNTO DE PEDIDO;1013571;ZSSD;GASOIL DIESEL 500;MM01;0035;;V1;12000;HB;24000;3340;0;0;0;816000;C21;COMBUSTIBLE;0;;MÚLT. 36000 LTS;COMBUSTIBLE;COMBUSTIBLE;?;0;0;KG;0;15;5949842,6;;1;;;;;1;;
4;04-MAYOR A STOCK MAXIMO;1013576;ZSSD;FUSIBLE PLANO 5AMP. XUN;MM01;0035;;V1;24;HB;30;39;0;0;0;0;C29;FILTROS/RESPUESTOS;3129,36;;;REPUESTOS;ELECTRICIDAD AUTOMOTOR;?;0;0;KG;0;15;3129,27;;;;;1;;1;;
4;04-MAYOR A STOCK MAXIMO;1013577;ZSSD;FUSIBLE PLANO 7.5AMP. XUN;MM01;0035;;V1;24;HB;30;36;0;0;0;0;C29;FILTROS/RESPUESTOS;2199,96;;;REPUESTOS;ELECTRICIDAD AUTOMOTOR;?;0;0;KG;0;15;2199,8;;;;;1;;1;;
2;02-MENOR A PUNTO DE PEDIDO;1013578;ZSSD;FUSIBLE PLANO 10AMP. XUN;MM01;0035;;V1;24;HB;30;19;0;0;0;0;C29;FILTROS/RESPUESTOS;2545,05;;;REPUESTOS;ELECTRICIDAD AUTOMOTOR;?;0;0;KG;0;15;2545,09;;1;;;;;1;;
3;03-MAYOR A PUNTO DE PEDIDO;1013579;ZSSD;FUSIBLE PLANO 20AMP. XUN;MM01;0035;;V1;24;HB;30;30;0;0;0;0;C03;EQUIPOS;2292,6;;;REPUESTOS;ELECTRICIDAD AUTOMOTOR;?;0;0;KG;0;15;2292,69;;;;1;;;1;;
2;02-MENOR A PUNTO DE PEDIDO;1013633;ZSSD;0021303956000 TUERCA DE RUEDA;MM01;0035;;V1;24;HB;30;22;0;0;0;0;C29;FILTROS/RESPUESTOS;572727,54;;;REPUESTOS;?;?;0;0;KG;0;15;572727,59;;1;;;;;1;;
4;04-MAYOR A STOCK MAXIMO;1013718;ZSSD;T51-RND54 SP BARRA 3700MM MF T51 ALT;MM01;0035;;V1;8;HB;12;16;16;0;0;10;C29;FILTROS/RESPUESTOS;22241682,72;;;REPUESTOS;?;?;0;0;KG;0;15;22241682,67;;;;;1;;;;1
3;03-MAYOR A PUNTO DE PEDIDO;1015792;ZSSD;FUSIBLE PLANO 15AMP. X1UN;MM01;0035;;V1;24;HB;40;37;0;0;0;0;C03;EQUIPOS;3594,18;;;REPUESTOS;ELECTRICIDAD AUTOMOTOR;?;0;0;KG;0;15;3594,32;;;;1;;;1;;
2;02-MENOR A PUNTO DE PEDIDO;1015793;ZSSD;FUSIBLE PLANO 25AMP. XUN;MM01;0035;;V1;24;HB;30;24;0;0;0;0;C03;EQUIPOS;2707,2;;;REPUESTOS;ELECTRICIDAD AUTOMOTOR;?;0;0;KG;0;15;2707,28;;1;;;;;1;;
2;02-MENOR A PUNTO DE PEDIDO;1015794;ZSSD;FUSIBLE PLANO 30AMP. XUN;MM01;0035;;V1;24;HB;30;22;0;0;0;0;C03;EQUIPOS;4493,5;;;REPUESTOS;ELECTRICIDAD AUTOMOTOR;?;0;0;KG;0;15;4493,5;;1;;;;;1;;
4;04-MAYOR A STOCK MAXIMO;1015795;ZSSD;FUSIBLE PLANO 3AMP. XUN;MM01;0035;;V1;24;HB;30;41;0;0;0;0;C03;EQUIPOS;5793,71;;;REPUESTOS;ELECTRICIDAD AUTOMOTOR;?;0;0;KG;0;15;5793,75;;;;;1;;1;;
4;04-MAYOR A STOCK MAXIMO;1015928;ZSCD;ACEITE 80W90 YPF HIPOIDAL x 205L;MM01;0035;;V1;1;HB;2;3;0;0;0;0;C29;FILTROS/RESPUESTOS;1769467,86;;;LUBRICANTES;?;?;0;0;KG;0;15;1769467,84;;;;;1;;1;;
2;02-MENOR A PUNTO DE PEDIDO;1016074;ZSTO;UÑA BALDE HEAVY DUTY  - 66ARXE;MM01;0035;;V1;7;HB;9;2;0;0;0;0;G04;UÑAS;506578,96;VOLVO CONS;VOE14732402;DESGASTE;VOLVO EC 480D;3-DESGASTE;23;0;KG;3856,705;25;506578,96;;1;;;;;1;;
4;04-MAYOR A STOCK MAXIMO;1016075;ZSTO;TRABA UÑA BALDE - 66P;MM01;0035;;V1;7;HB;9;26;0;0;0;0;G05;AJUSTE;1921577,06;VOLVO CONS;VOE17473106;DESGASTE;VOLVO EC 480D;7-PESADO;0;0;KG;0;25;1921577,06;;;;;1;;1;;
4;04-MAYOR A STOCK MAXIMO;1016076;ZSTO;SEGMENTO E/ PORTAUÑAS BALDE-50/60BPE120;MM01;0035;;V1;6;HB;10;11;0;0;0;0;G04;UÑAS;175164,77;VOLVO CONS // VOLVO CONS;VOE14619306 // 50/60BPE120;DESGASTE;VOLVO EC 480D;3-DESGASTE;0;0;KG;0;25;175164,73;;;;;1;;1;;
3;03-MAYOR A PUNTO DE PEDIDO;1016098;ZSTO;FILTRO DE AIRE PRIMARIO;MM01;0035;;V1;3;HB;5;5;0;0;0;0;F04;FILTRO AIRE;905754,95;VOLVO MAQU;17500260;FILTROS;VOLVO EC 480D;8-VARIOS;3,816;0;KG;46734,975;20;905754,95;;;;1;;;1;;
2;02-MENOR A PUNTO DE PEDIDO;1016099;ZSTO;FILTRO DE AIRE SECUNDARIO;MM01;0035;;V1;3;HB;5;3;0;0;0;0;F04;FILTRO AIRE;381120,18;VOLVO MAQU;17500263;FILTROS;VOLVO EC 480D;8-VARIOS;1,43;0;KG;25801,088;20;381120,18;;1;;;;;1;;
3;03-MAYOR A PUNTO DE PEDIDO;1016163;ZSTO;FILTRO TRAMPA DE AGUA;MM01;0035;;V1;3;HB;5;4;0;0;0;0;F13;FILTRO TRAMPA DE A;797104,04;VOLVO MAQU;17515206;FILTROS;VOLVO EC 480D;8-VARIOS;1,197;0;KG;8139,194;20;797104,04;;;;1;;;1;;
3;03-MAYOR A PUNTO DE PEDIDO;1016164;ZSTO;FILTRO DE BOMBA SERVO-SISTEMA;MM01;0035;;V1;1;HB;2;2;0;0;0;0;F07;FILTRO FLUIDO HIDR;147648,74;VOLVO MAQU;14750655;FILTROS;VOLVO EC 480D;8-VARIOS;0,832;0;KG;3141,6;20;147648,74;;;;1;;;1;;
3;03-MAYOR A PUNTO DE PEDIDO;1016168;ZSTO;FILTRO LINEA MARTILLO HIDRAULICO;MM01;0035;;V1;1;HB;2;2;0;0;0;0;F07;FILTRO FLUIDO HIDR;121397,06;VOLVO MAQU // VOLVO MAQU;14510898 // 14776943;FILTROS;VOLVO EC 480D;8-VARIOS;0,649;0;KG;2384,25;20;121397,06;;;;1;;;1;;
4;04-MAYOR A STOCK MAXIMO;1016195;ZSTO;CUBIERTA DELANTERO 13 R 22.5 I;MM01;0035;;V1;2;HB;4;6;0;0;0;0;C48;CUBIERTAS CAMIONES;4028949,24;PIRELLI NE //;FG:01 // S811;CUBIERTAS;CAMION;5-CUBIERTAS;75;0;KG;77715;15;4028949,23;;;;;1;;1;;
4;04-MAYOR A STOCK MAXIMO;1016196;ZSTO;CUBIERTA TRASERO 13 R 22.5;MM01;0035;;V1;3;HB;5;7;0;0;0;0;C48;CUBIERTAS CAMIONES;3870900,18;PIRELLI NE // TRIANGLE T;TQ:01 // TR918 18PR;CUBIERTAS;CAMION;5-CUBIERTAS;78;0;KG;295411,2;15;3870900,15;;;;;1;;1;;
3;03-MAYOR A PUNTO DE PEDIDO;1016292;ZSTO;Porta uñas Centrales;MM01;0035;;V1;4;HB;6;6;0;0;0;0;G04;UÑAS;198365,64;CATERPILLA;5054029;DESGASTE;CAT 950L;3-DESGASTE;15;0;KG;0;15;198365,64;;;;1;;;1;;
3;03-MAYOR A PUNTO DE PEDIDO;1016293;ZSTO;Porta uñas Izquierdos;MM01;0035;;V1;1;HB;2;2;0;0;0;0;G04;UÑAS;124852,42;CATERPILLA;5054032;DESGASTE;CAT 950L;3-DESGASTE;21;0;KG;9720;15;124852,42;;;;1;;;1;;
3;03-MAYOR A PUNTO DE PEDIDO;1016294;ZSTO;Porta uñas Derechos;MM01;0035;;V1;1;HB;2;2;0;0;0;0;G04;UÑAS;669503,8;CATERPILLA;5054033;DESGASTE;CAT 950L;3-DESGASTE;21;0;KG;9720;15;669503,8;;;;1;;;1;;
4;04-MAYOR A STOCK MAXIMO;1016296;ZSTO;Tuerca de Portauñas izq/ der;MM01;0035;;V1;2;HB;4;6;0;0;0;0;G05;AJUSTE;50603,16;CATERPILLA;2J5997;DESGASTE;CAT 950L;7-PESADO;0,241;0;KG;54,95;15;50603,19;;;;;1;;1;;
4;04-MAYOR A STOCK MAXIMO;1016297;ZSTO;Tornillo de Portauñas centrales;MM01;0035;;V1;9;HB;14;21;0;0;0;0;G05;AJUSTE;15034,74;CATERPILLA;5P8136;DESGASTE;CAT 950L;8-VARIOS;4,384;0;KG;2197;15;15034,69;;;;;1;;1;;
3;03-MAYOR A PUNTO DE PEDIDO;1016298;ZSTO;UÑAS;MM01;0035;;V1;9;HB;12;12;0;0;0;0;G04;UÑAS;981873,48;CATERPILLA // // CATERPILLA;5053982 // CA982HD-INSUA // 505-4083;DESGASTE;CAT 950L;3-DESGASTE;7,5;0;KG;2592;15;981873,44;;;;1;;;1;;
4;04-MAYOR A STOCK MAXIMO;1017892;ZSTO;PORTA UÑA BALDE - EA66TLW50;MM01;0035;;V1;4;HB;6;8;0;0;0;0;G04;UÑAS;2662542;VOLVO MAQU;VOE14732191;DESGASTE;VOLVO EC 480D;3-DESGASTE;37;0;KG;17010;25;2662542,04;;;;;1;;1;;
4;04-MAYOR A STOCK MAXIMO;1017948;ZSTO;Conjunto Respiradero;MM01;0035;;V1;2;HB;3;4;0;0;0;0;F04;FILTRO AIRE;123760,52;CATERPILLA;1833873;REPUESTOS;140K;8-VARIOS;0,25;0;KG;48,08;15;123760,5;;;;;1;;1;;
3;03-MAYOR A PUNTO DE PEDIDO;1017975;ZSTO;LAMPARA HB4 12V 55W;MM01;0035;;V1;3;HB;5;4;0;0;0;0;C29;FILTROS/RESPUESTOS;42319,84;;9006;REPUESTOS;TOYOTA HILUX CD SR 2.8 TDI 6 MT 4X4 // HILUX;9-FRAGIL;0,27;0;KG;94,2;15;42319,84;;;;1;;;1;;
3;03-MAYOR A PUNTO DE PEDIDO;1018128;ZSTO;Filtro Cabina Exterior;MM01;0035;;V1;1;HB;2;2;0;0;0;0;F05;FILTRO AIRE CABINA;59555,28;VOLVO MAQU;84425617;FILTROS;VOLVO 460 FMX;8-VARIOS;270;0;KG;2898;25;59555,26;;;;1;;;1;;
2;02-MENOR A PUNTO DE PEDIDO;1022713;ZSTO;COMPRESOR A/A;MM01;0035;;V1;1;HB;2;1;0;0;0;0;C03;EQUIPOS;3057837,25;;14659238;REPUESTOS;?;?;0;0;KG;0;0;3057837,25;;1;;;;;1;;
2;02-MENOR A PUNTO DE PEDIDO;1027333;ZSTO;UÑA BALDE PENETRACION  - 66PPE;MM01;0035;;V1;12;HB;24;6;0;0;0;0;C29;FILTROS/RESPUESTOS;1269072,9;ESCANDINAV;VOE14732403;DESGASTE;VOLVO EC 480D;3-DESGASTE;16,08;0;KG;10800;15;1269072,92;;1;;;;;1;;
4;04-MAYOR A STOCK MAXIMO;1027427;ZSCD;ACEITE CORENA S4 R46 X 20LTS;MM01;0035;;V1;2;HB;3;4;0;0;0;0;C29;FILTROS/RESPUESTOS;1839158,32;;;LUBRICANTES;ACEITES;?;1;0;KG;1;15;1839158,3;;;;;1;;1;;
2;02-MENOR A PUNTO DE PEDIDO;1028006;ZSTO;KIT DE EMBRAGUE VW;MM01;0035;;V1;1;HB;2;1;0;0;0;0;C03;EQUIPOS;2025000;;2T2-141-025 + 2T2-141-031 + 2T2-141-165;REPUESTO;VW 31-280;?;0;0;KG;0;0;2025000;;1;;;;;1;;
4;04-MAYOR A STOCK MAXIMO;1036621;ZSTO;KIT DE SELLOS - CILINDRO DE TOLVA;MM01;0035;;RE;1;HB;2;3;0;0;0;0;C03;EQUIPOS;1689589,59;;VOE15153996;DESGASTE;VOLVO;?;0;0;KG;0;0;1689589,59;;;;;1;;1;;
4;04-MAYOR A STOCK MAXIMO;1036623;ZSTO;CRUCETA CARDAN;MM01;0035;;RE;2;HB;4;6;0;0;0;0;C03;EQUIPOS;2291744,94;;VOE23469624;DESGASTE;VOLVO;?;0;0;KG;0;0;2291744,91;;;;;1;;1;;
4;04-MAYOR A STOCK MAXIMO;1036624;ZSTO;COJINETE DE GOMA;MM01;0035;;RE;0;HB;1;2;0;0;0;0;C03;EQUIPOS;1130752,28;;VOE16873214;DESGASTE;VOLVO;?;0;0;KG;0;0;1130752,28;;;;;1;;1;;
4;04-MAYOR A STOCK MAXIMO;1036625;ZSTO;CONEXION;MM01;0035;;RE;0;HB;1;2;0;0;0;0;C03;EQUIPOS;403791,12;;VOE16920959;DESGASTE;VOLVO;?;0;0;KG;0;0;403791,12;;;;;1;;1;;
4;04-MAYOR A STOCK MAXIMO;1036626;ZSTO;COJINETE DE GOMA;MM01;0035;;RE;0;HB;1;2;0;0;0;0;C03;EQUIPOS;1895477,02;;VOE16901141;DESGASTE;VOLVO;?;0;0;KG;0;0;1895477,02;;;;;1;;1;;
4;04-MAYOR A STOCK MAXIMO;1036628;ZSTO;TORNILLO;MM01;0035;;RE;0;HB;1;2;0;0;0;0;C03;EQUIPOS;202385,36;;VOE60113674;DESGASTE;VOLVO;?;0;0;KG;0;0;202385,36;;;;;1;;1;;
3;03-MAYOR A PUNTO DE PEDIDO;1036629;ZSTO;TUERCA;MM01;0035;;RE;0;HB;2;2;0;0;0;0;C03;EQUIPOS;23988;;VOE948836;DESGASTE;VOLVO;?;0;0;KG;0;0;23988;;;;1;;;1;;
3;03-MAYOR A PUNTO DE PEDIDO;1036706;ZSSD;"BROCA T51 89MM 3 1/2"" RETRACTIL";MM01;0035;;V1;7;HB;16;16;0;0;0;0;C29;FILTROS/RESPUESTOS;6243530,24;;90510341;DESGASTE;ATLAS COPCO ROC F9-11;?;0;0;KG;0;0;6243530,16;;;;1;;;1;;
2;02-MENOR A PUNTO DE PEDIDO;1000033;ZSTO;FILTRO TRAMPA DE AGUA;U365;0365;;V1;2;HB;2;2;0;0;0;0;C29;FILTROS/RESPUESTOS;32949,9;FLEETGUARD;FS1212;FILTROS;TRASH MASTER;7-PESADO;0,71;0;KG;2000;0;32949,9;;1;;;;;;;
3;03-MAYOR A PUNTO DE PEDIDO;1000041;ZSTO;BOTIQUIN 1ROS. AUXILIOS N 10;U365;0365;;V1;6;HB;9;8;0;0;0;0;C28;SEGURIDAD/ROPA/EPP;0;;;SEGURIDAD;BOTIQUIN;7-PESADO;3,128;0;KG;9855;0;409958,52;;;;1;;;;;
4;04-MAYOR A STOCK MAXIMO;1000043;ZSTO;BOTIQUIN 1ROS. AUXILIOS N 2;U365;0365;;V1;6;HB;9;10;0;0;0;0;C28;SEGURIDAD/ROPA/EPP;0;;;SEGURIDAD;BOTIQUIN;8-VARIOS;0,267;0;KG;972;0;136437,36;;;;;1;;;;
4;04-MAYOR A STOCK MAXIMO;1001678;ZSTO;FICHA T.STECK HEMBRA 220V 16A 2P T X UN;U365;0365;;V1;8;HB;13;57;0;0;0;0;C11;ELECTRICIDAD;513194,24;;;ELECTRICIDAD;FICHAS;8-VARIOS;0,12;0;KG;308,701;0;567952,19;;;;;1;;;;
2;02-MENOR A PUNTO DE PEDIDO;1001679;ZSTO;FICHA T.STECK MACHO 220V 16A 2P T XUN;U365;0365;;V1;8;HB;13;2;0;0;0;0;C11;ELECTRICIDAD;0;;;ELECTRICIDAD;FICHAS;8-VARIOS;0,09;0;KG;206,651;0;13710,9;;1;;;;;;;
2;02-MENOR A PUNTO DE PEDIDO;1001680;ZSTO;FICHA T.STECK HEMBRA 380V 32A T N XUN;U365;0365;;V1;3;HB;5;2;0;0;0;0;C11;ELECTRICIDAD;3299,2;;;ELECTRICIDAD;FICHAS;8-VARIOS;0,28;0;KG;576,975;0;3299,2;;1;;;;;;;
4;04-MAYOR A STOCK MAXIMO;1001693;ZSTO;MENTONERA BANDA ELASTICA;U365;0365;;V1;27;HB;47;91;0;0;0;0;C28;SEGURIDAD/ROPA/EPP;34909,12;LIBUS // 3M // MSA // STEELPRO;902003 // BARBIQUEJO H-700 4PUNTOS // CHINSTRAP V-GARD // BARBIQUEJO STEELPRO 4PTO;SEGURIDAD;ACCESORIO SEGURIDAD;8-VARIOS;0,01;0;KG;52,5;0;57659,12;;;;;1;;;;
2;02-MENOR A PUNTO DE PEDIDO;1001694;ZSTO;PASAMONTANAS PARA -10 GRADOS;U365;0365;;V1;40;HB;71;36;0;0;0;0;C28;SEGURIDAD/ROPA/EPP;0;;;SEGURIDAD;INDUMENTARIA;8-VARIOS;0,069;0;KG;1080;0;219184;;1;;;;;;;
3;03-MAYOR A PUNTO DE PEDIDO;1001699;ZSTO;CASCO CARCAZA BLANCO;U365;0365;;V1;11;HB;19;12;0;0;0;0;C28;SEGURIDAD/ROPA/EPP;0;LIBUS // 3M // MSA // STEELPRO;MILENIUM // H-700 BLANCO // V-GARD BLANCO // STEELPRO SAFETY BLANCO;SEGURIDAD;ACCESORIO SEGURIDAD;8-VARIOS;0,285;0;KG;8700;0;41621,61;;;;1;;;;;
4;04-MAYOR A STOCK MAXIMO;1001700;ZSTO;CASCO CARCAZA AMARILLO;U365;0365;;V1;15;HB;25;46;0;0;0;0;C28;SEGURIDAD/ROPA/EPP;0;LIBUS // 3M // MSA // STEELPRO;MILENIUM // H-700 AMARILLO // V-GARD AMARILLO // STEELPRO SAFETY AMARILLO;SEGURIDAD;ACCESORIO SEGURIDAD;8-VARIOS;0,285;0;KG;9900;0;153251,3;;;;;1;;;;
2;02-MENOR A PUNTO DE PEDIDO;1001701;ZSTO;GUANTE NITRILO AZUL PUÑO ELASTIZADO;U365;0365;;V1;45;HB;78;36;0;0;0;0;C28;SEGURIDAD/ROPA/EPP;0;;;SEGURIDAD;GUANTE;8-VARIOS;0,113;0;KG;156,25;0;86650,55;;1;;;;;;;
2;02-MENOR A PUNTO DE PEDIDO;1001704;ZSTO;PROTECTORFACIALSOPORTEARNESCREMALLERA;U365;0365;;V1;14;HB;24;4;0;0;0;0;C28;SEGURIDAD/ROPA/EPP;0;LIBUS;901383;SEGURIDAD;ACCESORIO SEGURIDAD;8-VARIOS;0,155;0;KG;6864;0;140000;;1;;;;;;;
2;02-MENOR A PUNTO DE PEDIDO;1001706;ZSTO;GUANTE LATEX USO MEDICINAL CAJA X 100 UN;U365;0365;;V1;3;HB;5;1;0;0;0;0;C28;SEGURIDAD/ROPA/EPP;0;;;SEGURIDAD;GUANTE;8-VARIOS;0,625;0;KG;1320;0;4050;;1;;;;;;;
2;02-MENOR A PUNTO DE PEDIDO;1001707;ZSTO;CHALECOGRAFANARANJACONREFLETIVOT.XLC2;U365;0365;;V1;58;HB;102;40;0;0;0;0;C28;SEGURIDAD/ROPA/EPP;0;;MÚLT. 12U;SEGURIDAD;INDUMENTARIA;8-VARIOS;0,302;0;KG;608;0;471840;;1;;;;;;;
4;04-MAYOR A STOCK MAXIMO;1001727;ZSTO;PROTECTOR AUDITIVO COPA P/CASCO;U365;0365;;V1;27;HB;47;57;0;0;0;0;C28;SEGURIDAD/ROPA/EPP;0;LIBUS // 3M // MSA // STEELPRO;L300 // PELTOR X4P3E // LEFT/RIGHT CAP MOUNTED // CM-502 CASCO;SEGURIDAD;ACCESORIO SEGURIDAD;9-FRAGIL;0,244;0;KG;2185;0;2047582,83;;;;;1;;;;
3;03-MAYOR A PUNTO DE PEDIDO;1001740;ZSTO;BARBIJOS 3 CAPAS DE TELA;U365;0365;;V1;27;HB;47;31;0;0;0;0;C28;SEGURIDAD/ROPA/EPP;0;;;SEGURIDAD;SEGURIDAD;8-VARIOS;0,003;0;KG;0,3;0;2083,82;;;;1;;;;;
3;03-MAYOR A PUNTO DE PEDIDO;1001778;ZSTO;YERBA MATE X 500GRS X UN;U365;0365;;V1;72;HB;125;104;0;0;0;0;C17;INSUMOS A;0;;;ALIMENTOS;?;8-VARIOS;0;0;KG;0;0;249170,48;;;;1;;;;;
3;03-MAYOR A PUNTO DE PEDIDO;1001786;ZSTO;ACEITE ISO 46 HIDRAULICO  X 205L;U365;0365;;V1;1;HB;2;2;0;0;0;0;C29;FILTROS/RESPUESTOS;0;YPF S.A. // YPF S.A.;BP46 // 135392;LUBRICANTES;ACEITES;2-TACHO;193;0;KG;233705,49;0;1204557,1;;;;1;;;;;
3;03-MAYOR A PUNTO DE PEDIDO;1001787;ZSTO;ACEITE ISO 68 HIDRAULICO X 205L;U365;0365;;V1;1;HB;2;2;0;0;0;0;C29;FILTROS/RESPUESTOS;0;YPF S.A. // YPF S.A.;BP68 // 135592;LUBRICANTES;ACEITES;2-TACHO;193;0;KG;233705,49;0;1136374,62;;;;1;;;;;
3;03-MAYOR A PUNTO DE PEDIDO;1001790;ZSTO;ACEITE 15W40  X 205L;U365;0365;;V1;9;HB;16;12;0;0;0;0;C29;FILTROS/RESPUESTOS;0;YPF S.A. // EXXON MOBI // CATERPILLA // SHELL PLC. // VOLVO MAQU // YPF S.A.;EXTRAVIDA XV300 // DELVAC MX 15W40 APICI4 // DEO 15W40 // R4 15W40 APICI4 ACEAE5E7 // VDS3 // 189292;LUBRICANTES;ACEITES;2-TACHO;193;0;KG;232385,12;0;12175088,88;;;;1;;;;;
3;03-MAYOR A PUNTO DE PEDIDO;1001791;ZSTO;ACEITE SAE 30 X 205L;U365;0365;;V1;3;HB;5;5;0;0;0;0;C29;FILTROS/RESPUESTOS;0;YPF S.A. // YPF S.A. // YPF S.A.;FT SUPER 30 TR // 151692;LUBRICANTES;ACEITES;2-TACHO;193;0;KG;233705,49;0;4134909,1;;;;1;;;;;
2;02-MENOR A PUNTO DE PEDIDO;1001792;ZSTO;ACEITE SAE 50  X 205L;U365;0365;;V1;1;HB;2;1;0;0;0;0;C29;FILTROS/RESPUESTOS;0;YPF S.A.;;LUBRICANTES;ACEITES;2-TACHO;193;0;KG;233705,49;0;842400;;1;;;;;;;
2;02-MENOR A PUNTO DE PEDIDO;1001794;ZSTO;ACEITE HIPOIDAL X 205L;U365;0365;;V1;2;HB;3;1;0;0;0;0;C29;FILTROS/RESPUESTOS;0;YPF S.A. // YPF S.A.;80W90 // 123092;LUBRICANTES;ACEITES;2-TACHO;193;0;KG;232385,12;0;731280,99;;1;;;;;;;
4;04-MAYOR A STOCK MAXIMO;1001798;ZSTO;ACEITE HIDRAULICO X 20 LTS;U365;0365;;V1;2;HB;3;7;0;0;0;0;C29;FILTROS/RESPUESTOS;309352,45;TOTAL;AZOLLA32;LUBRICANTES;ACEITES;6-PESADO Y FRAGIL;21,8;0;KG;36210,48;0;420922,69;;;;;1;;;;
2;02-MENOR A PUNTO DE PEDIDO;1001800;ZSTO;ACEITE SAE 30 X 200LTS;U365;0365;;V1;2;HB;3;1;0;0;0;0;C29;FILTROS/RESPUESTOS;0;CATERPILLA;7X2888;LUBRICANTES;CATERPILLAR;2-TACHO;193,5;0;KG;235025,86;0;863100,83;;1;;;;;;;
2;02-MENOR A PUNTO DE PEDIDO;1001804;ZSTO;GRASA LITIO LIMIT MO-2 (NEGRA) X 180 KG;U365;0365;;V1;2;HB;3;2;0;0;0;0;C29;FILTROS/RESPUESTOS;0;YPF S.A. // // YPF S.A.;LIMIT MO-2 // GADUS S2 V220 // 628793;LUBRICANTES;GRASA;2-TACHO;180;0;KG;299396;0;3348911,3;;1;;;;;;;
4;04-MAYOR A STOCK MAXIMO;1001812;ZSTO;REFRIGERANTE ANTICONG. X20 LT;U365;0365;;V1;3;HB;5;30;0;0;0;0;C29;FILTROS/RESPUESTOS;3240541,8;YPF S.A. // YPF S.A.;KRIOX 3 INORGANICO // 185280;LUBRICANTES;ADITIVOS;6-PESADO Y FRAGIL;23,75;0;KG;37246,7;0;3240541,65;;;;;1;;;;
3;03-MAYOR A PUNTO DE PEDIDO;1001815;ZSTO;AGUA DESMINERALIZADA X 20L;U365;0365;;V1;23;HB;39;30;0;0;0;0;C29;FILTROS/RESPUESTOS;319871,7;;;LUBRICANTES;ADITIVOS;6-PESADO Y FRAGIL;20,031;0;KG;24700;0;319871,62;;;;1;;;;;
3;03-MAYOR A PUNTO DE PEDIDO;1001819;ZSTO;REFRIGERANTE VOLVO VCS X20LT;U365;0365;;V1;14;HB;24;22;0;0;0;0;C29;FILTROS/RESPUESTOS;5533636,02;VOLVO CONS // VOLVO CONS // // // VOLVO CONS;VCS // 24078856 // 11715729 // 22567335 // 54486166;LUBRICANTES;VOLVO EC 480D - PL 3005D;6-PESADO Y FRAGIL;22,5;0;KG;24640;0;5533636,07;;;;1;;;;;
3;03-MAYOR A PUNTO DE PEDIDO;1001823;ZSTO;ACEITE F50 5W40 X 20 L;U365;0365;;V1;1;HB;2;2;0;0;0;0;C29;FILTROS/RESPUESTOS;0;ELAION // ELAION // YPF S.A.;F50 5W40 // FS540 // 151792;LUBRICANTES;AMAROK-HILUX;6-PESADO Y FRAGIL;18;0;KG;27727,77;0;459386,84;;;;1;;;;;
4;04-MAYOR A STOCK MAXIMO;1001824;ZSTO;CUBIERTA 295 80 R22.5;U365;0365;;V1;2;HB;3;6;0;0;0;0;C03;EQUIPOS;2207892,56;PIRELLI NE // GOOD YEAR // GOOD YEAR // FATE SAICI // PIRELLI NE // GOOD YEAR // BRIDGESTON // // MICHELIN A;TG01/TG02 // ARMOR MAX MSA GEN2 // ARMOR MAX MSD // FATECARGO DO-820 // G02 // G677MSD // M 745 // T831 // XDY+;CUBIERTAS;VW 31320 (3 JUEGOS;5-CUBIERTAS;69;0;KG;250984,125;0;3023884,3;;;;;1;;;;
4;04-MAYOR A STOCK MAXIMO;1001826;ZSTO;CUBIERTA 265 70 R16;U365;0365;;V1;9;HB;16;23;0;0;0;0;C03;EQUIPOS;4949028,26;BRIDGESTON // PIRELLI NE // PIRELLI NE // PIRELLI NE // GOOD YEAR // GOOD YEAR // MICHELIN A;HT840 // HT // S-HT // SCORPION STR // WRANGLER SUV // WRL ALL TERRAIN // XLT A/S;CUBIERTAS;HILUX;5-CUBIERTAS;17;0;KG;117888,16;0;5201920,89;;;;;1;;;;
3;03-MAYOR A PUNTO DE PEDIDO;1001827;ZSTO;CUBIERTA 12.00 R20 FG85 (lineal);U365;0365;;V1;12;HB;20;18;0;0;0;0;C03;EQUIPOS;5137792,48;PIRELLI NE // GOOD YEAR // MICHELIN A;FG85 // G686MSS // XZY3;CUBIERTAS;IVECO TRAKKER;5-CUBIERTAS;74;0;KG;242491,21;0;11340562,48;;;;1;;;;;
4;04-MAYOR A STOCK MAXIMO;1001828;ZSTO;CUBIERTA 12.00 R20 TG85 (TRACCION);U365;0365;;V1;15;HB;25;26;0;0;0;0;C03;EQUIPOS;9490952,66;PIRELLI NE // GOOD YEAR // GOOD YEAR // GOOD YEAR // GOOD YEAR // MICHELIN A;TG85 // G-677 MSD // G677 // G677MSD. // G677OTR // XDY;CUBIERTAS;CUBIERTAS;5-CUBIERTAS;80;0;KG;275717,12;0;17710280,62;;;;;1;;;;
2;02-MENOR A PUNTO DE PEDIDO;1001834;ZSTO;CUBIERTA 265 65 17 DUELER A T 693;U365;0365;;V1;11;HB;19;8;0;0;0;0;C03;EQUIPOS;1848845,36;BRIDGESTON // BRIDGESTON // PIRELLI NE // PIRELLI NE // GOOD YEAR;DUELER A T 693 // AT REVO 2 // S MTR // SCORPION ATR // WRANGLER WORKHORSE;CUBIERTAS;hilux hasta 2016;5-CUBIERTAS;17;0;KG;114806,25;0;1848845,33;;1;;;;;;;
3;03-MAYOR A PUNTO DE PEDIDO;1001840;ZSTO;CUBIERTA 17.5-25 VIAL SP 16 TELAS L2;U365;0365;;V1;6;HB;10;7;0;0;0;0;C03;EQUIPOS;2041785,12;FIRESTONE // PIRELLI NE // GOOD YEAR // TITAN ARGE // MICHELIN A;L2 // PN-L2 // SGL-L2 // TITAN L2 // XTLA;CUBIERTAS;MOTONIVELADORA CAT Y JD;5-CUBIERTAS;116,5;0;KG;569756,925;0;4802115,69;;;;1;;;;;
4;04-MAYOR A STOCK MAXIMO;1001841;ZSTO;CAMARA 12.00 R20;U365;0365;;V1;14;HB;24;27;0;0;0;0;C03;EQUIPOS;1230686,73;;MARCA DONGAH // MARCA PIRELLI;CUBIERTAS;CUBIERTAS;7-PESADO;3,053;0;KG;6200;0;1230686,73;;;;;1;;;;
3;03-MAYOR A PUNTO DE PEDIDO;1001842;ZSTO;PROTECTOR P CAMARA 12.00;U365;0365;;V1;27;HB;47;45;0;0;0;0;C03;EQUIPOS;857830,05;;;CUBIERTAS;CUBIERTAS;7-PESADO;1,94;0;KG;912;0;857830,27;;;;1;;;;;
3;03-MAYOR A PUNTO DE PEDIDO;1001845;ZSTO;CUBIERTA 400 80-24 20 PR162A8 18TELY4750;U365;0365;;V1;4;HB;6;6;0;0;0;0;C03;EQUIPOS;5295640,5;MICHELIN A // FIRESTONE // SAMSON MAC // BALKRISHNA // CAMSO USA;POWERCL(15,5/80/R24) // S8000 // 400/80 R24 TL IND R-4E // 400/80-24 BKT MP522 RAD // 400/80-24 TM R4 20 PR TL;CUBIERTAS;HAULOTTE HTL 4014 - HTL 4017;5-CUBIERTAS;85;0;KG;437213,6;0;5295640,51;;;;1;;;;;
2;02-MENOR A PUNTO DE PEDIDO;1001848;ZSTO;KIT TECLADO MOUSE USB;U365;0365;;V1;4;HB;6;4;0;0;0;0;C05;INFORMÁT.-HARDWARE;0;;;INFORMATICA;HARDWARE;9-FRAGIL;0,79;0;KG;3888;0;167420,32;;1;;;;;;;
4;04-MAYOR A STOCK MAXIMO;1001866;ZSTO;MARCADOR INDUSTRIAL-NEGROXUN;U365;0365;;V1;18;HB;31;67;0;0;0;0;C17;INSUMOS A;0;UNIPAINT;MÚLT. 10U;LIBRERIA;ESCRITURA;8-VARIOS;0,023;0;KG;10,99;0;210418,86;;;;;1;;;;
2;02-MENOR A PUNTO DE PEDIDO;1001867;ZSTO;MARCADOR INDUSTRIAL-BLANCOXUN;U365;0365;;V1;18;HB;31;13;0;0;0;0;C17;INSUMOS A;0;UNIPAINT;MÚLT. 10U;LIBRERIA;ESCRITURA;8-VARIOS;0,023;0;KG;10,99;0;57200;;1;;;;;;;
4;04-MAYOR A STOCK MAXIMO;1001868;ZSTO;FILMSTRECHMANUALXBOBINAx2,70KG;U365;0365;;V1;4;HB;6;8;0;0;0;0;C17;INSUMOS A;0;;MEDIDAS 0,50X200METROSX2;LIBRERIA;CINTAS ADHESIVAS;8-VARIOS;2,5;0;KG;4817,545;0;80348,94;;;;;1;;;;
2;02-MENOR A PUNTO DE PEDIDO;1001871;ZSTO;RESMA DE HOJA A4 70GR. X UN;U365;0365;;V1;36;HB;63;28;0;0;0;0;C17;INSUMOS A;0;;;LIBRERIA;PAPEL;7-PESADO;2,27;0;KG;3150;0;118643,56;;1;;;;;;;
3;03-MAYOR A PUNTO DE PEDIDO;1001872;ZSTO;RESMA DE HOJA A3 75GR. X UN;U365;0365;;V1;1;HB;2;2;0;0;0;0;C17;INSUMOS A;0;;;LIBRERIA;PAPEL;7-PESADO;5,11;0;KG;7012,5;0;25454,54;;;;1;;;;;
2;02-MENOR A PUNTO DE PEDIDO;1001876;ZSTO;CINTA EMBALAR TRANSPARENTE 48MM X 100 MT;U365;0365;;V1;15;HB;25;13;0;0;0;0;C17;INSUMOS A;0;SCOTCH;;LIBRERIA;CINTAS ADHESIVAS;8-VARIOS;0,197;0;KG;474,925;0;19427,85;;1;;;;;;;
2;02-MENOR A PUNTO DE PEDIDO;1001878;ZSTO;CINTA DE ENMASCARAR 48MM X ROLLO;U365;0365;;V1;3;HB;5;3;0;0;0;0;C17;INSUMOS A;0;SCOTCH;;LIBRERIA;CINTAS ADHESIVAS;8-VARIOS;0,177;0;KG;474,925;0;11147,31;;1;;;;;;;
3;03-MAYOR A PUNTO DE PEDIDO;1001879;ZSTO;CINTA DE ENMASCARAR 24 MM XROLLO;U365;0365;;V1;3;HB;5;5;0;0;0;0;C17;INSUMOS A;0;;;LIBRERIA;CINTAS ADHESIVAS;8-VARIOS;0,088;0;KG;237,463;0;7759,05;;;;1;;;;;
3;03-MAYOR A PUNTO DE PEDIDO;1001881;ZSTO;MARCADOR INDUSTRIAL - ROJO UNIPAINT X UN;U365;0365;;V1;18;HB;31;31;0;0;0;0;C17;INSUMOS A;0;UNIPAINT;MÚLT. 10U;LIBRERIA;ESCRITURA;8-VARIOS;0,023;0;KG;10,99;0;135520;;;;1;;;;;
3;03-MAYOR A PUNTO DE PEDIDO;1001885;ZSTO;BOLSAS RESIDUOS XUN 102X130 VERDE;U365;0365;;V1;533;HB;940;848;0;0;0;0;C17;INSUMOS A;0;;;LIMPIEZA;LIMPIEZA /SEGURIDAD;8-VARIOS;0,195;0;KG;1534;0;697572,39;;;;1;;;;;
3;03-MAYOR A PUNTO DE PEDIDO;1001886;ZSTO;BOLSAS RESIDUOS XUN 102X130 AZUL;U365;0365;;V1;533;HB;940;881;0;0;0;0;C17;INSUMOS A;0;;;LIMPIEZA;LIMPIEZA /SEGURIDAD;8-VARIOS;0,195;0;KG;1534;0;706049,24;;;;1;;;;;
4;04-MAYOR A STOCK MAXIMO;1001887;ZSTO;BOLSAS RESIDUOS XUN 102X130 AMARILLA;U365;0365;;V1;533;HB;940;1175;0;0;0;0;C17;INSUMOS A;0;;;LIMPIEZA;LIMPIEZA /SEGURIDAD;8-VARIOS;0,195;0;KG;1534;0;970103,5;;;;;1;;;;
2;02-MENOR A PUNTO DE PEDIDO;1001888;ZSTO;BOLSAS RESIDUOS XUN 102X130 NEGRA;U365;0365;;V1;533;HB;940;200;0;0;0;0;C17;INSUMOS A;0;;;LIMPIEZA;LIMPIEZA /SEGURIDAD;8-VARIOS;0,195;0;KG;1534;0;165124;;1;;;;;;;
4;04-MAYOR A STOCK MAXIMO;1001890;ZSTO;ABSORBENTE MINERAL DE HIDROCARBUROS X KG;U365;0365;;V1;89;HB;157;389;0;0;0;0;C17;INSUMOS A;0;;MÚLT. 10/20/30 KG;SEGURIDAD;ABSORVENTE;7-PESADO;20,07;0;KG;2125;0;311161,19;;;;;1;;;;
3;03-MAYOR A PUNTO DE PEDIDO;1001891;ZSTO;PANOABSORVENTE PARAHIDROCARBUROXPAQ100;U365;0365;;V1;9;HB;16;14;0;0;0;0;C17;INSUMOS A;0;;;LIMPIEZA;MANTENIMIENTO TALLER;7-PESADO;3,488;0;KG;57792;0;1200265,15;;;;1;;;;;
3;03-MAYOR A PUNTO DE PEDIDO;1001893;ZSTO;BOLSARESIDUPLASTICA60X90NEGRAXROLLOX10UN;U365;0365;;V1;46;HB;80;79;0;0;0;0;C17;INSUMOS A;0;;;LIMPIEZA;BOLSAS;8-VARIOS;0,296;0;KG;550;0;155530,46;;;;1;;;;;
3;03-MAYOR A PUNTO DE PEDIDO;1001894;ZSTO;ALCOHOL EN GEL X LITRO;U365;0365;;V1;13;HB;22;21;0;0;0;0;C17;INSUMOS A;0;;;LIMPIEZA;ALCOHOL EN GEL;6-PESADO Y FRAGIL;4,65;0;KG;7056;0;114296,67;;;;1;;;;;
3;03-MAYOR A PUNTO DE PEDIDO;1001896;ZSTO;PULVERIZADOR P ALCOHOL LIQUIDO 500 ML;U365;0365;;V1;27;HB;47;38;0;0;0;0;C17;INSUMOS A;0;;;LIMPIEZA;DIFUSOR;9-FRAGIL;0,05;0;KG;826,998;0;89968,57;;;;1;;;;;
3;03-MAYOR A PUNTO DE PEDIDO;1001898;ZSTO;BOBINA DE PAPEL 25 X 400MTS X UN;U365;0365;;V1;23;HB;40;32;0;0;0;0;C17;INSUMOS A;0;ELEGANTE // ELITE;1003 (MÚLT. 2U) // 6264;LIMPIEZA;INSUMOS;8-VARIOS;3,25;0;KG;15844,44;0;492956,98;;;;1;;;;;
3;03-MAYOR A PUNTO DE PEDIDO;1001927;ZSTO;DISCO CORTE 178X1.6X22 SECUR EXTRA  x UN;U365;0365;;V1;15;HB;25;18;0;0;0;0;C27;FERRETERIA MR01;0;TYROLIT;178X16X222;FERRETERIA;ABRASIVOS/DISCOS;6-PESADO Y FRAGIL;0,095;0;KG;50,868;0;62931,42;;;;1;;;;;
3;03-MAYOR A PUNTO DE PEDIDO;1001929;ZSTO;DISCO 178X4,8X22,23TYROLIT OASECUR XUN;U365;0365;;V1;15;HB;25;19;0;0;0;0;C27;FERRETERIA MR01;55905,69;TYROLIT;178X48X222;FERRETERIA;ABRASIVOS/DISCOS;6-PESADO Y FRAGIL;3,69;0;KG;127,17;0;60753,25;;;;1;;;;;
3;03-MAYOR A PUNTO DE PEDIDO;1001934;ZSTO;DISCO C D O A 114X4.8X22.2 SECUR x UN;U365;0365;;V1;15;HB;25;18;0;0;0;0;C27;FERRETERIA MR01;0;TYROLIT;114X48X222;FERRETERIA;ABRASIVOS/DISCOS;6-PESADO Y FRAGIL;0,11;0;KG;56,52;0;60979,68;;;;1;;;;;
2;02-MENOR A PUNTO DE PEDIDO;1001944;ZSTO;ADHESIVO TRANSPARENTE X70ML XUN;U365;0365;;V1;2;HB;3;1;0;0;0;0;C27;FERRETERIA MR01;0;POXIPOL;;FERRETERIA;ADHESIVOS;9-FRAGIL;0,03;0;KG;72;0;5848;;1;;;;;;;
4;04-MAYOR A STOCK MAXIMO;1001945;ZSTO;ADHESIVO FASTIX BLANCO 100ML XUN;U365;0365;;V1;4;HB;6;14;0;0;0;0;C27;FERRETERIA MR01;51054,5;;;FERRETERIA;ADHESIVOS;9-FRAGIL;0;0;KG;0;0;51054,5;;;;;1;;;;
4;04-MAYOR A STOCK MAXIMO;1001949;ZSTO;CANDADO 30MM XUN;U365;0365;;V1;2;HB;3;12;0;0;0;0;C27;FERRETERIA MR01;0;;;FERRETERIA;ACCESORIOS;8-VARIOS;0,103;0;KG;174;0;75134,64;;;;;1;;;;
4;04-MAYOR A STOCK MAXIMO;1001950;ZSTO;CANDADO 38-40MM XUN;U365;0365;;V1;2;HB;3;22;0;0;0;0;C27;FERRETERIA MR01;0;;;FERRETERIA;ACCESORIOS;8-VARIOS;0,148;0;KG;465;0;189585,44;;;;;1;;;;
4;04-MAYOR A STOCK MAXIMO;1001951;ZSTO;CANDADO 50MM XUN;U365;0365;;V1;2;HB;3;19;0;0;0;0;C27;FERRETERIA MR01;33760,58;;;FERRETERIA;ACCESORIOS;8-VARIOS;0,259;0;KG;100;0;291278,45;;;;;1;;;;
2;02-MENOR A PUNTO DE PEDIDO;1001952;ZSTO;TRAPO LIMPIO (BOLSAX10KG) XUN;U365;0365;;V1;14;HB;24;5;0;0;0;0;C27;FERRETERIA MR01;0;;MÚLT. 10 KG;FERRETERIA;ACCESORIOS;7-PESADO;10;0;KG;71456;0;460000;;1;;;;;;;
4;04-MAYOR A STOCK MAXIMO;1001957;ZSTO;SILICONA UNIVERSAL XUN;U365;0365;;V1;1;HB;2;8;0;0;0;0;C27;FERRETERIA MR01;110353,4;;BLANCA/TRANSPARENTE X110ML;FERRETERIA;ADHESIVOS;9-FRAGIL;0,13;0;KG;400;0;127994,42;;;;;1;;;;
3;03-MAYOR A PUNTO DE PEDIDO;1001959;ZSTO;CINTA TEFLON 3/4 X 20MT;U365;0365;;V1;5;HB;8;6;0;0;0;0;C27;FERRETERIA MR01;0;;;FERRETERIA;INSUMOS;8-VARIOS;0,01;0;KG;70,65;0;7524;;;;1;;;;;
4;04-MAYOR A STOCK MAXIMO;1001960;ZSTO;CINTA AISLADORA AMARILLO X10MT;U365;0365;;V1;27;HB;47;236;0;0;0;0;C27;FERRETERIA MR01;0;;;FERRETERIA;INSUMOS;8-VARIOS;0,04;0;KG;56,52;0;256776,4;;;;;1;;;;
3;03-MAYOR A PUNTO DE PEDIDO;1001961;ZSTO;CINTA AISLADORA NEGRA X10MT;U365;0365;;V1;27;HB;47;37;0;0;0;0;C27;FERRETERIA MR01;0;;;FERRETERIA;INSUMOS;8-VARIOS;0,04;0;KG;56,52;0;57182,9;;;;1;;;;;
4;04-MAYOR A STOCK MAXIMO;1001962;ZSTO;CINTA AISLADORA ROJA X10MT;U365;0365;;V1;27;HB;47;279;0;0;0;0;C27;FERRETERIA MR01;0;;;FERRETERIA;INSUMOS;8-VARIOS;0,04;0;KG;56,52;0;308660,41;;;;;1;;;;
2;02-MENOR A PUNTO DE PEDIDO;1001963;ZSTO;CINTA AISLADORA VERDE X10MT;U365;0365;;V1;27;HB;47;27;0;0;0;0;C27;FERRETERIA MR01;0;;;FERRETERIA;INSUMOS;8-VARIOS;0,04;0;KG;56,52;0;15578,46;;1;;;;;;;
4;04-MAYOR A STOCK MAXIMO;1001964;ZSTO;CINTA AISLADORA BLANCA;U365;0365;;V1;27;HB;47;232;0;0;0;0;C27;FERRETERIA MR01;0;;;FERRETERIA;INSUMOS;8-VARIOS;0,04;0;KG;56,52;0;243608,8;;;;;1;;;;
4;04-MAYOR A STOCK MAXIMO;1001968;ZSTO;ESMALTE SINT. AEROSOL AMARILLO X440CC;U365;0365;;V1;14;HB;24;77;0;0;0;0;C22;INSUMOS C;0;;KUWAIT-SINTEPLAST;PINTURAS;PINTURA AEROSOL;6-PESADO Y FRAGIL;0,39;0;KG;663,325;0;458643,8;;;;;1;;;;
4;04-MAYOR A STOCK MAXIMO;1001969;ZSTO;ESMALTE SINT. AEROSOL BLANCO X440CC;U365;0365;;V1;9;HB;16;24;0;0;0;0;C22;INSUMOS C;0;;KUWAIT-SINTEPLAST;PINTURAS;PINTURA AEROSOL;6-PESADO Y FRAGIL;0,38;0;KG;663,325;0;146363,52;;;;;1;;;;
2;02-MENOR A PUNTO DE PEDIDO;1001971;ZSTO;ESMALTE SINT. AEROSOL ROJO X 440CC;U365;0365;;V1;107;HB;188;51;0;0;0;0;C22;INSUMOS C;0;;KUWAIT-SINTEPLAST;PINTURAS;PINTURA AEROSOL;6-PESADO Y FRAGIL;0,39;0;KG;663,325;0;291722,21;;1;;;;;;;
4;04-MAYOR A STOCK MAXIMO;1001982;ZSTO;VIDRIOP CARETASOLDADOR50X105MMTINTE10;U365;0365;;V1;4;HB;6;34;0;0;0;0;C27;FERRETERIA MR01;9640,36;;;SOLDADURA;ACCESORIOS;9-FRAGIL;0,045;0;KG;10,5;0;9640,36;;;;;1;;;;
4;04-MAYOR A STOCK MAXIMO;1001983;ZSTO;VIDRIOP CARETASOLDADOR50X105MMTINTE11;U365;0365;;V1;4;HB;6;63;0;0;0;0;C27;FERRETERIA MR01;6488,37;;;SOLDADURA;ACCESORIOS;9-FRAGIL;0,035;0;KG;10,5;0;6488,37;;;;;1;;;;
4;04-MAYOR A STOCK MAXIMO;1001984;ZSTO;CARETA PARA SOLDADOR X UN;U365;0365;;V1;1;HB;2;7;0;0;0;0;C27;FERRETERIA MR01;0;;;SOLDADURA;ACCESORIOS;9-FRAGIL;0,545;0;KG;15640;0;156797,73;;;;;1;;;;
4;04-MAYOR A STOCK MAXIMO;1001985;ZSTO;VIDRIOP CARETASOLDADOR50X105MMINCOLORO;U365;0365;;V1;8;HB;13;15;0;0;0;0;C27;FERRETERIA MR01;1788;;;SOLDADURA;ACCESORIOS;9-FRAGIL;0,025;0;KG;10,5;0;1788;;;;;1;;;;
4;04-MAYOR A STOCK MAXIMO;1001987;ZSTO;ELECTRODO 3,25 MM X KG;U365;0365;;V1;9;HB;16;40;0;0;0;0;C27;FERRETERIA MR01;0;CONARCO;AWS6010;SOLDADURA;ELECTRODOS;7-PESADO;1;0;KG;336,569;0;476965,66;;;;;1;;;;
4;04-MAYOR A STOCK MAXIMO;1001988;ZSTO;ELECTRODO AWS6013 X 3,25MM X KG;U365;0365;;V1;9;HB;16;20;0;0;0;0;C27;FERRETERIA MR01;214098;CONARCO;AWS6013;SOLDADURA;ELECTRODOS;7-PESADO;1;0;KG;336,569;0;214098;;;;;1;;;;
4;04-MAYOR A STOCK MAXIMO;1001992;ZSTO;ELECTRODO AWS7018 X 4,00 MM X KG;U365;0365;;V1;9;HB;16;51;0;0;0;0;C27;FERRETERIA MR01;397625,07;CONARCO;AWS7018;SOLDADURA;ELECTRODOS;7-PESADO;1;0;KG;317,925;0;397625,07;;;;;1;;;;
3;03-MAYOR A PUNTO DE PEDIDO;1001993;ZSTO;ELECTRODO AWS7018 X 3,25 MM X KG;U365;0365;;V1;9;HB;16;15;0;0;0;0;C27;FERRETERIA MR01;0;CONARCO;AWS7018;SOLDADURA;ELECTRODOS;7-PESADO;1;0;KG;336,569;0;154382,23;;;;1;;;;;
3;03-MAYOR A PUNTO DE PEDIDO;1001994;ZSTO;ELECTRODO AWS7018 X 2,50 MM X KG;U365;0365;;V1;9;HB;16;12;0;0;0;0;C27;FERRETERIA MR01;126816;CONARCO;AWS7018;SOLDADURA;ELECTRODOS;7-PESADO;1;0;KG;336,569;0;126816;;;;1;;;;;
4;04-MAYOR A STOCK MAXIMO;1001995;ZSTO;ELECTRODO 1400 X 3,25 MM X KG;U365;0365;;V1;9;HB;16;60;0;0;0;0;C27;FERRETERIA MR01;641580;CONARCO;1400;SOLDADURA;ELECTRODOS;7-PESADO;1;0;KG;336,569;0;641580;;;;;1;;;;
4;04-MAYOR A STOCK MAXIMO;1001996;ZSTO;ELECTRODO 6010 X 2.5 MM X KG;U365;0365;;V1;9;HB;16;34;0;0;0;0;C27;FERRETERIA MR01;406120,82;CONARCO;AWS6010;SOLDADURA;ELECTRODOS;7-PESADO;1;0;KG;247,275;0;406120,82;;;;;1;;;;
4;04-MAYOR A STOCK MAXIMO;1001997;ZSTO;ELECTRODO 6013 X 2 MM X KG;U365;0365;;V1;9;HB;16;60;0;0;0;0;C27;FERRETERIA MR01;0;CONARCO;AWSE6013;SOLDADURA;ELECTRODOS;7-PESADO;1;0;KG;288,487;0;861234,6;;;;;1;;;;
4;04-MAYOR A STOCK MAXIMO;1002043;ZSTO;CAMISETA PRIMERA PIEL T.S;U365;0365;;V1;18;HB;31;53;0;0;0;0;C28;SEGURIDAD/ROPA/EPP;0;;;SEGURIDAD;INDUMENTARIA;8-VARIOS;0,309;0;KG;1750;0;46788;;;;;1;;;;
3;03-MAYOR A PUNTO DE PEDIDO;1002044;ZSTO;CAMISETA PRIMERA PIEL T.M;U365;0365;;V1;24;HB;41;36;0;0;0;0;C28;SEGURIDAD/ROPA/EPP;0;;;SEGURIDAD;INDUMENTARIA;8-VARIOS;0,173;0;KG;1000;0;251307,5;;;;1;;;;;
2;02-MENOR A PUNTO DE PEDIDO;1002045;ZSTO;CAMISETA PRIMERA PIEL T.L;U365;0365;;V1;40;HB;71;18;0;0;0;0;C28;SEGURIDAD/ROPA/EPP;0;;;SEGURIDAD;INDUMENTARIA;8-VARIOS;0,158;0;KG;1344;0;127857,25;;1;;;;;;;
2;02-MENOR A PUNTO DE PEDIDO;1002046;ZSTO;CAMISETA PRIMERA PIEL T.XL;U365;0365;;V1;40;HB;71;40;0;0;0;0;C28;SEGURIDAD/ROPA/EPP;0;;;SEGURIDAD;INDUMENTARIA;8-VARIOS;0,181;0;KG;1056;0;290936,5;;1;;;;;;;
3;03-MAYOR A PUNTO DE PEDIDO;1002047;ZSTO;CAMISETA PRIMERA PIEL T.XXL;U365;0365;;V1;29;HB;50;41;0;0;0;0;C28;SEGURIDAD/ROPA/EPP;0;;;SEGURIDAD;INDUMENTARIA;8-VARIOS;0,17;0;KG;536,5;0;295324,35;;;;1;;;;;
3;03-MAYOR A PUNTO DE PEDIDO;1002048;ZSTO;CAMISETA PRIMERA PIEL T.XXXL;U365;0365;;V1;29;HB;50;39;0;0;0;0;C28;SEGURIDAD/ROPA/EPP;0;;;SEGURIDAD;INDUMENTARIA;8-VARIOS;0,24;0;KG;2200;0;289720,8;;;;1;;;;;
3;03-MAYOR A PUNTO DE PEDIDO;1002063;ZSTO;CAMPERA DESCARNE T.XL;U365;0365;;V1;6;HB;10;9;0;0;0;0;C28;SEGURIDAD/ROPA/EPP;0;;;SEGURIDAD;INDUMENTARIA;8-VARIOS;1,433;0;KG;7623;0;327191,2;;;;1;;;;;
4;04-MAYOR A STOCK MAXIMO;1002064;ZSTO;PANTALON PRIMERA PIEL T.S;U365;0365;;V1;18;HB;31;40;0;0;0;0;C28;SEGURIDAD/ROPA/EPP;0;;;SEGURIDAD;INDUMENTARIA;8-VARIOS;0,179;0;KG;1292;0;23394;;;;;1;;;;
4;04-MAYOR A STOCK MAXIMO;1002065;ZSTO;PANTALON PRIMERA PIEL T.M;U365;0365;;V1;24;HB;41;69;0;0;0;0;C28;SEGURIDAD/ROPA/EPP;0;;;SEGURIDAD;INDUMENTARIA;8-VARIOS;0,127;0;KG;1144;0;502895;;;;;1;;;;
2;02-MENOR A PUNTO DE PEDIDO;1002066;ZSTO;PANTALON PRIMERA PIEL T.L;U365;0365;;V1;40;HB;71;35;0;0;0;0;C28;SEGURIDAD/ROPA/EPP;0;;;SEGURIDAD;INDUMENTARIA;8-VARIOS;0,225;0;KG;1424,5;0;251924,48;;1;;;;;;;
3;03-MAYOR A PUNTO DE PEDIDO;1002067;ZSTO;PANTALON PRIMERA PIEL T.XL;U365;0365;;V1;40;HB;71;48;0;0;0;0;C28;SEGURIDAD/ROPA/EPP;0;;;SEGURIDAD;INDUMENTARIA;8-VARIOS;0,158;0;KG;1600;0;351451,25;;;;1;;;;;
4;04-MAYOR A STOCK MAXIMO;1002068;ZSTO;PANTALON PRIMERA PIEL T.XXL;U365;0365;;V1;29;HB;50;57;0;0;0;0;C28;SEGURIDAD/ROPA/EPP;0;;;SEGURIDAD;INDUMENTARIA;8-VARIOS;0,156;0;KG;2070;0;405720;;;;;1;;;;
3;03-MAYOR A PUNTO DE PEDIDO;1002069;ZSTO;PANTALON PRIMERA PIEL T.XXXL;U365;0365;;V1;29;HB;50;47;0;0;0;0;C28;SEGURIDAD/ROPA/EPP;0;;;SEGURIDAD;INDUMENTARIA;8-VARIOS;0,235;0;KG;1764;0;352691,36;;;;1;;;;;
2;02-MENOR A PUNTO DE PEDIDO;1002071;ZSTO;CAMPERA DESCARNE T.XXXL;U365;0365;;V1;6;HB;10;5;0;0;0;0;C28;SEGURIDAD/ROPA/EPP;0;;;SEGURIDAD;INDUMENTARIA;8-VARIOS;0;0;KG;0;0;197350,24;;1;;;;;;;
3;03-MAYOR A PUNTO DE PEDIDO;1002101;ZSTO;CORREA ALTERNADOR STRAL;U365;0365;;V1;4;HB;6;6;0;0;0;0;C03;EQUIPOS;345959,46;CNH // CNH;5801361410 // 500341810;CORREAS;AUTOMOTOR;8-VARIOS;0,365;0;KG;3307,5;0;345959,46;;;;1;;;;;
4;04-MAYOR A STOCK MAXIMO;1002123;ZSTO;CORREA;U365;0365;;RE;2;HB;3;4;0;0;0;0;C29;FILTROS/RESPUESTOS;319015,56;JOHN DEERE // JOHN DEERE;T197521 // T428724;CORREAS;JD 544J;8-VARIOS;0,178;0;KG;94,5;0;319015,56;;;;;1;;;;
2;02-MENOR A PUNTO DE PEDIDO;1002171;ZSTO;B25-EA VENTILADOR XUN;U365;0365;;V1;4;HB;6;4;0;0;0;0;C29;FILTROS/RESPUESTOS;1476445,6;BOMAG GMBH;05715360;CORREAS;BOMAG;8-VARIOS;0,291;0;KG;735;0;1476445,6;;1;;;;;;;
2;02-MENOR A PUNTO DE PEDIDO;1002186;ZSTO;CORREA VENTILADOR;U365;0365;;V1;1;HB;2;1;0;0;0;0;C29;FILTROS/RESPUESTOS;0;VOLVO CONS;VOE20459311;CORREAS;VOLVO EC 480D;8-VARIOS;0,277;0;KG;590,4;0;216916;;1;;;;;;;
2;02-MENOR A PUNTO DE PEDIDO;1002190;ZSTO;CORREA AIRE ACONDICIONADO;U365;0365;;V1;6;HB;9;5;0;0;0;0;C29;FILTROS/RESPUESTOS;327286,85;BOMAG GMBH;6312244;CORREAS;BOMAG 213 HD4;8-VARIOS;0,119;0;KG;47;0;327286,84;;1;;;;;;;
2;02-MENOR A PUNTO DE PEDIDO;1002198;ZSTO;CORREA DE MOTOR;U365;0365;;V1;2;HB;3;1;0;0;0;0;C29;FILTROS/RESPUESTOS;268352,5;CATERPILLA;3572637;CORREAS;CAT;8-VARIOS;0,415;0;KG;2754;0;268352,5;;1;;;;;;;
4;04-MAYOR A STOCK MAXIMO;1002203;ZSTO;CORREA POLI-V;U365;0365;;V1;4;HB;6;23;0;0;0;0;C03;EQUIPOS;1419809,55;;90916T2033;CORREAS;HILUX 2019;8-VARIOS;0,226;0;KG;3300;0;1419809,63;;;;;1;;;;
3;03-MAYOR A PUNTO DE PEDIDO;1002204;ZSTO;CORREA ALTERNADOR;U365;0365;;V1;4;HB;6;6;0;0;0;0;C03;EQUIPOS;53772,48;;3032915 // AV 13X890;CORREAS;HIMOINSA LTA 8 V LED;8-VARIOS;0,115;0;KG;357;0;53772,48;;;;1;;;;;
3;03-MAYOR A PUNTO DE PEDIDO;1002207;ZSTO;CORREA ALTERNADOR;U365;0365;;V1;4;HB;6;5;0;0;0;0;C29;FILTROS/RESPUESTOS;1869957,25;HAULOTTE G // CONTINENTA // No aplica;4000053460 // AVX 13X1188 // 2614B543;CORREAS;HAULOTTE 4014 /4017;8-VARIOS;0,286;0;KG;583;0;1869957,25;;;;1;;;;;
2;02-MENOR A PUNTO DE PEDIDO;1002211;ZSTO;CORREA VENTILADOR;U365;0365;;V1;14;HB;24;11;0;0;0;0;C29;FILTROS/RESPUESTOS;680510,6;;10PK1448-20712530 // 10PK1448-24635977;CORREAS;PLATAFORMA DE MANTENIMIENTO VE;8-VARIOS;0,282;0;KG;1350;0;680510,61;;1;;;;;;;
2;02-MENOR A PUNTO DE PEDIDO;1002212;ZSTO;CORREA DE ALTERNADOR;U365;0365;;V1;14;HB;24;8;0;0;0;0;C29;FILTROS/RESPUESTOS;398289,52;CATERPILLA // // No aplica;8PK1537 // 22275091 // 8PK-1540 // 8PK1535;CORREAS;PLATAFORMA DE MANTENIMIENTO VE;8-VARIOS;0,228;0;KG;663;0;398289,5;;1;;;;;;;
4;04-MAYOR A STOCK MAXIMO;1002229;ZSTO;TUERCA CUCHILLA CORTE LATERAL;U365;0365;;V1;8;HB;13;692;0;0;0;0;C29;FILTROS/RESPUESTOS;23396886,76;CATERPILLA // CATERPILLA;2J3507 // 8J2933;DESGASTE;938HG,D9T, 324DL, 330,336,988;7-PESADO;0,11;0;KG;25,12;0;23396883,81;;;;;1;;;;
3;03-MAYOR A PUNTO DE PEDIDO;1002230;ZSTO;CUCHILLA XUN;U365;0365;;V1;2;HB;3;3;0;0;0;0;C29;FILTROS/RESPUESTOS;0;CATERPILLA;9W1878;DESGASTE;D6T;4-CUCHILLAS;41,5;0;KG;6247,5;0;455599,35;;;;1;;;;;
4;04-MAYOR A STOCK MAXIMO;1002231;ZSTO;TACOP T204018(TRABAESCARIFICADOR)XUN;U365;0365;;V1;16;HB;28;54;0;0;0;0;C29;FILTROS/RESPUESTOS;329185,08;JOHN DEERE;T150347;DESGASTE;770D;7-PESADO;0,001;0;KG;7,359;0;329185,2;;;;;1;;;;
3;03-MAYOR A PUNTO DE PEDIDO;1002235;ZSTO;CANTONERA DERECHAXUN;U365;0365;;V1;1;HB;2;2;0;0;0;0;C29;FILTROS/RESPUESTOS;0;CATERPILLA // JOHN DEERE;9W8874 // T160425;DESGASTE;D6T JD850J;3-DESGASTE;18,5;0;KG;2300;0;139966,1;;;;1;;;;;
3;03-MAYOR A PUNTO DE PEDIDO;1002236;ZSTO;BULON PARA CUCHILLA XUN;U365;0365;;V1;86;HB;150;97;0;0;0;0;C29;FILTROS/RESPUESTOS;3186026,11;CATERPILLA;5J4773;DESGASTE;CAT 140K // CAT 988H // CAT D6T;7-PESADO;0,15;0;KG;49,455;0;3186025,88;;;;1;;;;;
3;03-MAYOR A PUNTO DE PEDIDO;1002237;ZSTO;CANTONERA IZQQUIERDA XUN;U365;0365;;V1;1;HB;2;2;0;0;0;0;C29;FILTROS/RESPUESTOS;0;CATERPILLA // JOHN DEERE;9W8875 // T160426;DESGASTE;D6T JD850J;3-DESGASTE;18,5;0;KG;3588;0;134908,1;;;;1;;;;;
4;04-MAYOR A STOCK MAXIMO;1002239;ZSTO;RETEN. RIPPER;U365;0365;;V1;11;HB;19;24;0;0;0;0;C29;FILTROS/RESPUESTOS;526422;CATERPILLA // CATERPILLA;1140359 // 8E6359;DESGASTE;D6T, 140K, 988H;8-VARIOS;0,03;0;KG;12,56;0;526421,95;;;;;1;;;;
3;03-MAYOR A PUNTO DE PEDIDO;1002240;ZSTO;TRABA RIPPER XUN;U365;0365;;V1;3;HB;5;5;0;0;0;0;C29;FILTROS/RESPUESTOS;0;CATERPILLA;1140358;DESGASTE;D6T;7-PESADO;0,23;0;KG;34,54;0;16579;;;;1;;;;;
4;04-MAYOR A STOCK MAXIMO;1002269;ZSTO;PATIN INFERIOR CIRC;U365;0365;;V1;6;HB;9;21;0;0;0;0;C29;FILTROS/RESPUESTOS;361494;CATERPILLA // CATERPILLA;1289656 // 3330960;DESGASTE;CAT 140H;7-PESADO;0,3;0;KG;1152;0;361494;;;;;1;;;;
4;04-MAYOR A STOCK MAXIMO;1002270;ZSTO;PATIN CENTRAL DE VERTEDERA;U365;0365;;V1;1;HB;2;8;0;0;0;0;C29;FILTROS/RESPUESTOS;330193,28;CATERPILLA // CATERPILLA;1781685 // 4461527;DESGASTE;CAT 140H;7-PESADO;2,1;0;KG;762,5;0;330193,28;;;;;1;;;;
2;02-MENOR A PUNTO DE PEDIDO;1002274;ZSTO;CUCHILLA 7′ X 8″ X 5/8″ X 3/4″;U365;0365;;V1;6;HB;9;6;0;0;0;0;C29;FILTROS/RESPUESTOS;927738;FERNANDEZ;7D1158;DESGASTE;CAT 140K;4-CUCHILLAS;47,5;0;KG;63900;0;927738;;1;;;;;;;
2;02-MENOR A PUNTO DE PEDIDO;1002276;ZSTO;PROTECTOR LATERAL BALDE;U365;0365;;V1;3;HB;4;2;0;0;0;0;C29;FILTROS/RESPUESTOS;0;VOLVO CONS // VOLVO CONS;VOE14537759 // 22E158;DESGASTE;VOLVO EC 480D;3-DESGASTE;0;0;KG;0;0;1056784,13;;1;;;;;;;
3;03-MAYOR A PUNTO DE PEDIDO;1002295;ZSTO;TORNILLO P CANTONTERA CAT XUN;U365;0365;;V1;8;HB;13;13;0;0;0;0;C29;FILTROS/RESPUESTOS;57894,98;CATERPILLA // CATERPILLA;4J9208 // 1D4635;DESGASTE;CAT D9R, 324DL, 988H;7-PESADO;0,43;0;KG;125,6;0;57894,92;;;;1;;;;;
4;04-MAYOR A STOCK MAXIMO;1002298;ZSTO;TRABA PROT. RIPPER XUN;U365;0365;;V1;7;HB;12;13;0;0;0;0;C29;FILTROS/RESPUESTOS;45667,83;CATERPILLA;1368308;DESGASTE;CAT 140K;7-PESADO;0,18;0;KG;26,69;0;45667,77;;;;;1;;;;
3;03-MAYOR A PUNTO DE PEDIDO;1002299;ZSTO;UNA RIPPER X UN;U365;0365;;V1;8;HB;13;12;0;0;0;0;C29;FILTROS/RESPUESTOS;417961,08;CATERPILLA;6Y0309;DESGASTE;CAT 140K;3-DESGASTE;5,38;0;KG;2552;0;417961,02;;;;1;;;;;
3;03-MAYOR A PUNTO DE PEDIDO;1002300;ZSTO;CANTONERAS X UN;U365;0365;;V1;2;HB;3;3;0;0;0;0;C29;FILTROS/RESPUESTOS;146582,4;CATERPILLA;8E5529;DESGASTE;CAT 140K;3-DESGASTE;7,16;0;KG;1410;0;175370,85;;;;1;;;;;
3;03-MAYOR A PUNTO DE PEDIDO;1002302;ZSTO;BRAZO ESCARIFICADOR CAT;U365;0365;;V1;6;HB;9;9;0;0;0;0;C29;FILTROS/RESPUESTOS;126000;CATERPILLA // No aplica // CATERPILLA;9F5124 // 19572189 // 1957218;DESGASTE;DIENTES/UÑAS/CUCHILLAS;3-DESGASTE;5,25;0;KG;1050;0;310233;;;;1;;;;;
3;03-MAYOR A PUNTO DE PEDIDO;1002309;ZSTO;PROTECTOR ESCARIFICADOR X UN;U365;0365;;V1;24;HB;42;32;0;0;0;0;C29;FILTROS/RESPUESTOS;184140;CATERPILLA;6Y5230;DESGASTE;JD670 CAT 140K;3-DESGASTE;0;0;KG;0;0;288340,6;;;;1;;;;;
2;02-MENOR A PUNTO DE PEDIDO;1002314;ZSTO;BRAZO DE RIPPER X UN;U365;0365;;V1;5;HB;8;5;0;0;0;0;C29;FILTROS/RESPUESTOS;0;CATERPILLA;9J6586;DESGASTE;CAT 140K // JD670 CAT 140K;3-DESGASTE;22,5;0;KG;5830;0;954000;;1;;;;;;;
2;02-MENOR A PUNTO DE PEDIDO;1002322;ZSTO;TUERCA X UN;U365;0365;;V1;121;HB;213;51;0;0;0;0;C29;FILTROS/RESPUESTOS;37236,12;CATERPILLA;2J3506;DESGASTE;CAT 980H, 140K;7-PESADO;0,055;0;KG;10,598;0;37236,07;;1;;;;;;;
2;02-MENOR A PUNTO DE PEDIDO;1002324;ZSTO;CUCHILLA 15 AGUJEROS;U365;0365;;V1;2;HB;3;2;0;0;0;0;C29;FILTROS/RESPUESTOS;238143,54;CATERPILLA // JOHN DEERE;5D9554 // T66707;DESGASTE;JD770;4-CUCHILLAS;33;0;KG;6390;0;238143,54;;1;;;;;;;
4;04-MAYOR A STOCK MAXIMO;1002329;ZSTO;ARANDELA P BULON CUCHILLA;U365;0365;;V1;21;HB;36;112;0;0;0;0;C29;FILTROS/RESPUESTOS;295245,44;JOHN DEERE;24M7241;DESGASTE;JD310J;8-VARIOS;0,018;0;KG;1,414;0;295244,88;;;;;1;;;;
3;03-MAYOR A PUNTO DE PEDIDO;1002338;ZSTO;RIPPER UNA X UN;U365;0365;;V1;3;HB;5;5;0;0;0;0;C29;FILTROS/RESPUESTOS;0;CATERPILLA;6Y0359;DESGASTE;D6T;3-DESGASTE;9,66;0;KG;5544;0;259152,25;;;;1;;;;;
3;03-MAYOR A PUNTO DE PEDIDO;1002340;ZSTO;BULON 5/8 X 21/2;U365;0365;;V1;17;HB;30;24;0;0;0;0;C29;FILTROS/RESPUESTOS;94716;CATERPILLA // No aplica;3F5108 // PB510;DESGASTE;JD 770D/CAT 140K;7-PESADO;0,093;0;KG;29,438;0;94716;;;;1;;;;;
3;03-MAYOR A PUNTO DE PEDIDO;1002349;ZSTO;TRABA P UNA XUN;U365;0365;;V1;4;HB;6;6;0;0;0;0;C29;FILTROS/RESPUESTOS;183480,48;CATERPILLA;2209090;DESGASTE;CAT324DL, 980H;7-PESADO;0,117;0;KG;36;0;183480,48;;;;1;;;;;
2;02-MENOR A PUNTO DE PEDIDO;1002353;ZSTO;TUERCA 5 8;U365;0365;;V1;32;HB;56;18;0;0;0;0;C29;FILTROS/RESPUESTOS;83267,1;JOHN DEERE // JOHN DEERE // CATERPILLA;14H1095 // NP158 // 4K0367;DESGASTE;JD 770 670 CAT 140H;7-PESADO;0,041;0;KG;12,25;0;83267,01;;1;;;;;;;
3;03-MAYOR A PUNTO DE PEDIDO;1002355;ZSTO;SEGURO TRABA RIPPER X UN;U365;0365;;V1;15;HB;25;25;0;0;0;0;C29;FILTROS/RESPUESTOS;45591,75;CATERPILLA;5K1458;DESGASTE;140K;7-PESADO;0,003;0;KG;1,963;0;45591,75;;;;1;;;;;
4;04-MAYOR A STOCK MAXIMO;1002358;ZSTO;CORTADOR LATERAL;U365;0365;;V1;2;HB;3;7;0;0;0;0;C29;FILTROS/RESPUESTOS;407051,12;JOHN DEERE;T202876;DESGASTE;JD 670G;3-DESGASTE;7,765;0;KG;5231,25;0;407051,11;;;;;1;;;;
3;03-MAYOR A PUNTO DE PEDIDO;1002366;ZSTO;CORTADOR LATERAL DERECHO;U365;0365;;V1;1;HB;2;2;0;0;0;0;C29;FILTROS/RESPUESTOS;240004,84;CATERPILLA // CATERPILLA;3572696 // 5226333;DESGASTE;CAT;3-DESGASTE;22,5;0;KG;19305;0;240004,83;;;;1;;;;;
3;03-MAYOR A PUNTO DE PEDIDO;1002367;ZSTO;CORTADOR LATERAL IZQUIERDO;U365;0365;;V1;1;HB;2;2;0;0;0;0;C29;FILTROS/RESPUESTOS;240818,14;CATERPILLA // CATERPILLA;3572697 // 5226334;DESGASTE;CAT;3-DESGASTE;22,5;0;KG;19305;0;240818,13;;;;1;;;;;
3;03-MAYOR A PUNTO DE PEDIDO;1002368;ZSTO;UÑA;U365;0365;;V1;4;HB;6;6;0;0;0;0;C29;FILTROS/RESPUESTOS;563942,22;CATERPILLA // CATERPILLA;2209093 // 4755482;DESGASTE;CAT;3-DESGASTE;6,85;0;KG;3220;0;563942,22;;;;1;;;;;
4;04-MAYOR A STOCK MAXIMO;1002416;ZSTO;ARANDELA ACE 3/4 X UN;U365;0365;;V1;54;HB;94;126;0;0;0;0;C29;FILTROS/RESPUESTOS;271691,28;CATERPILLA;5P8248;DESGASTE;CAT 815 K;7-PESADO;0,015;0;KG;2,885;0;271691,28;;;;;1;;;;
3;03-MAYOR A PUNTO DE PEDIDO;1002418;ZSTO;SEGMENTOS DE CORTE CENTRAL;U365;0365;;V1;2;HB;3;3;0;0;0;0;C29;FILTROS/RESPUESTOS;0;CATERPILLA;4T3012;DESGASTE;CAT 815 K;3-DESGASTE;40;0;KG;6000;0;541922,55;;;;1;;;;;
3;03-MAYOR A PUNTO DE PEDIDO;1002419;ZSTO;SEGMENTOS DE CORTE DERECHO;U365;0365;;V1;1;HB;2;2;0;0;0;0;C29;FILTROS/RESPUESTOS;0;CATERPILLA;4T3045;DESGASTE;CAT 815 K;3-DESGASTE;9,45;0;KG;1537,5;0;74521,2;;;;1;;;;;
3;03-MAYOR A PUNTO DE PEDIDO;1002420;ZSTO;SEGMENTOS DE CORTE IZQUIERDO;U365;0365;;V1;1;HB;2;2;0;0;0;0;C29;FILTROS/RESPUESTOS;0;CATERPILLA;4T3046;DESGASTE;CAT 815 K;3-DESGASTE;9,495;0;KG;1558;0;74521,2;;;;1;;;;;
3;03-MAYOR A PUNTO DE PEDIDO;1002444;ZSTO;CUCHILLA;U365;0365;;V1;3;HB;4;4;0;0;0;0;C29;FILTROS/RESPUESTOS;308305,96;CATERPILLA;7D1576;DESGASTE;CAT 140K;4-CUCHILLAS;50;0;KG;7482,5;0;566741,55;;;;1;;;;;
3;03-MAYOR A PUNTO DE PEDIDO;1002445;ZSTO;CUCHILLAS LATERALES;U365;0365;;V1;3;HB;4;4;0;0;0;0;C29;FILTROS/RESPUESTOS;158580;CATERPILLA;6Y2805;DESGASTE;CAT 140K;4-CUCHILLAS;11;0;KG;2420,5;0;158580;;;;1;;;;;
4;04-MAYOR A STOCK MAXIMO;1002474;ZSTO;ELEMENTO FILTRO XUN;U365;0365;;V1;2;HB;3;4;0;0;0;0;C29;FILTROS/RESPUESTOS;0;SULLAIR AR // // SULLAIR AR;250028032 // P565149 // 250026-982;FILTROS;SULLAIR 185;7-PESADO;0,67;0;KG;1500;0;318008,24;;;;;1;;;;
3;03-MAYOR A PUNTO DE PEDIDO;1002476;ZSTO;FILTRO HIDRAULICO;U365;0365;;V1;6;HB;9;8;0;0;0;0;C29;FILTROS/RESPUESTOS;1509633,65;BOMAG GMBH // DONALDSON;7993014 // P566212;FILTROS;BOMAG 213/219;7-PESADO;0,51;0;KG;2025;0;2256837,67;;;;1;;;;;
3;03-MAYOR A PUNTO DE PEDIDO;1002480;ZSTO;FILTRO ACEITE;U365;0365;;V1;9;HB;16;14;0;0;0;0;C29;FILTROS/RESPUESTOS;0;BOMAG GMBH // DONALDSON;5710640 // P553771;FILTROS;BOMAG 213/219;7-PESADO;0,76;0;KG;1985,5;0;237956,4;;;;1;;;;;
2;02-MENOR A PUNTO DE PEDIDO;1002491;ZSTO;FILTRO ACEITE MOTOR;U365;0365;;V1;2;HB;2;2;0;0;0;0;C29;FILTROS/RESPUESTOS;72574,46;CATERPILLA // No aplica;2698325 // 4621171;FILTROS;CAT 938H;7-PESADO;0,61;0;KG;1271,7;0;72574,46;;1;;;;;;;
3;03-MAYOR A PUNTO DE PEDIDO;1002506;ZSTO;FILTRO AIRE DARMET P SULLEIR;U365;0365;;V1;3;HB;5;4;0;0;0;0;C29;FILTROS/RESPUESTOS;94056;DARMET;V728;FILTROS;185Q;9-FRAGIL;1,09;0;KG;10693;0;94056;;;;1;;;;;
3;03-MAYOR A PUNTO DE PEDIDO;1002511;ZSTO;FILTRO AIRE DARMET P SULLAIR;U365;0365;;V1;3;HB;5;4;0;0;0;0;C29;FILTROS/RESPUESTOS;51264;DARMET //;V728S // P777524;FILTROS;185Q;9-FRAGIL;0,33;0;KG;3600;0;51264;;;;1;;;;;
4;04-MAYOR A STOCK MAXIMO;1002514;ZSTO;FILTRO ACEITE;U365;0365;;V1;3;HB;5;6;0;0;0;0;C29;FILTROS/RESPUESTOS;155800,86;JOHN DEERE // JOHN DEERE;RE541420 // RE504836;FILTROS;J.D. 544K/310J;7-PESADO;0,619;0;KG;1550;0;155800,83;;;;;1;;;;
2;02-MENOR A PUNTO DE PEDIDO;1002515;ZSTO;FILTRO ACEITE XUN;U365;0365;;V1;2;HB;3;2;0;0;0;0;C29;FILTROS/RESPUESTOS;68820,78;JOHN DEERE // JOHN DEERE //;RE521420 // DZ101884 // DZ118283;FILTROS;JD 850J;7-PESADO;1,13;0;KG;3724;0;68820,78;;1;;;;;;;
4;04-MAYOR A STOCK MAXIMO;1002527;ZSTO;FILTRO AIRE CABINA;U365;0365;;V1;2;HB;3;5;0;0;0;0;C29;FILTROS/RESPUESTOS;535037,5;CATERPILLA // CATERPILLA;2457823 // 5460006;FILTROS;CAT 324DL;9-FRAGIL;0,074;0;KG;924,5;0;535037,5;;;;;1;;;;
4;04-MAYOR A STOCK MAXIMO;1002532;ZSTO;FILTRO RESPIRADERO XUN;U365;0365;;V1;2;HB;3;8;0;0;0;0;C29;FILTROS/RESPUESTOS;166077,28;JOHN DEERE;AT223493;FILTROS;J.D.544K;9-FRAGIL;0,09;0;KG;302,5;0;166077,28;;;;;1;;;;
3;03-MAYOR A PUNTO DE PEDIDO;1002541;ZSTO;FILTRO DE LINEA XUN;U365;0365;;V1;5;HB;8;7;0;0;0;0;C29;FILTROS/RESPUESTOS;86672,6;JOHN DEERE;AT101565;FILTROS;JOHN DEERE;9-FRAGIL;0,09;0;KG;490;0;86672,59;;;;1;;;;;
2;02-MENOR A PUNTO DE PEDIDO;1002543;ZSTO;FILTRO AIRE X UN;U365;0365;;V1;4;HB;6;2;0;0;0;0;C29;FILTROS/RESPUESTOS;0;JOHN DEERE;AT191102;FILTROS;CABINA J.D. 544K;9-FRAGIL;0,321;0;KG;3536;0;105140;;1;;;;;;;
4;04-MAYOR A STOCK MAXIMO;1002544;ZSTO;FILTRO TRAMPA AGUA;U365;0365;;V1;4;HB;6;12;0;0;0;0;C29;FILTROS/RESPUESTOS;961200;PARKER RAC // PARKER RAC;2R000127177J // R120LJ10MAQII;FILTROS;VW31-3;7-PESADO;0,892;0;KG;2042,178;0;961200;;;;;1;;;;
3;03-MAYOR A PUNTO DE PEDIDO;1002546;ZSTO;FILTRO HIDRAULICO;U365;0365;;V1;4;HB;6;5;0;0;0;0;C29;FILTROS/RESPUESTOS;715423,7;JOHN DEERE //;AT308274 // AT367840;FILTROS;FILTROS;7-PESADO;2,77;0;KG;5915;0;715423,71;;;;1;;;;;
3;03-MAYOR A PUNTO DE PEDIDO;1002547;ZSTO;FILTRO HIDRAULICO X UN;U365;0365;;V1;3;HB;5;5;0;0;0;0;C29;FILTROS/RESPUESTOS;971086,95;CATERPILLA // CATERPILLA;1262081 // 1799806;FILTROS;CAT 336 DLME, 390;7-PESADO;1,98;0;KG;12032;0;971086,96;;;;1;;;;;
4;04-MAYOR A STOCK MAXIMO;1002557;ZSTO;FILTRO COMBUSTIBLE XUN;U365;0365;;V1;4;HB;6;9;0;0;0;0;C29;FILTROS/RESPUESTOS;226352,97;JOHN DEERE;RE62418;FILTROS;JD 6615;7-PESADO;0,26;0;KG;1134;0;226353;;;;;1;;;;
3;03-MAYOR A PUNTO DE PEDIDO;1002566;ZSTO;FILTRO LINEA COMBUSTIBLE;U365;0365;;V1;9;HB;16;12;0;0;0;0;C29;FILTROS/RESPUESTOS;0;FLEETGUARD // FLEETGUARD // FLEETGUARD // DONALDSON // // FLEETGUARD;FF5079 // FF5006 // FS5288 // P550090 // P550974 // 4080720;FILTROS;FILTROS;9-FRAGIL;0,118;0;KG;432;0;107041,8;;;;1;;;;;
2;02-MENOR A PUNTO DE PEDIDO;1002606;ZSTO;FILTRO COMBUSTIBLE X UN;U365;0365;;V1;6;HB;9;5;0;0;0;0;C29;FILTROS/RESPUESTOS;228917,45;JOHN DEERE;AT365869;FILTROS;JD 850J;7-PESADO;0,96;0;KG;2975,625;0;228917,45;;1;;;;;;;
3;03-MAYOR A PUNTO DE PEDIDO;1002610;ZSTO;FILTRO AIRE SECUNDARIO;U365;0365;;V1;6;HB;9;7;0;0;0;0;C29;FILTROS/RESPUESTOS;441329,21;JOHN DEERE;AT175224;FILTROS;JD 850J;9-FRAGIL;0,92;0;KG;21200;0;441329,21;;;;1;;;;;
4;04-MAYOR A STOCK MAXIMO;1002611;ZSTO;FILTRO CABINA;U365;0365;;V1;5;HB;8;11;0;0;0;0;C29;FILTROS/RESPUESTOS;1188202,18;CATERPILLA;7T7358;FILTROS;CAT 140K;9-FRAGIL;1,26;0;KG;9800;0;1188202,15;;;;;1;;;;
4;04-MAYOR A STOCK MAXIMO;1002618;ZSTO;FILTRO AIRE;U365;0365;;V1;2;HB;3;4;0;0;0;0;AGV;COMPRAS AGV;0;FLEETGUARD // JOHN DEERE;AF2555800 // AT171854;FILTROS;JOHN DEERE;9-FRAGIL;0,31;0;KG;4477;0;80667,9;;;;;1;;;;
3;03-MAYOR A PUNTO DE PEDIDO;1002620;ZSTO;FILTRO LINEA XUN;U365;0365;;V1;2;HB;3;3;0;0;0;0;C29;FILTROS/RESPUESTOS;0;GOLD FILTE // DONALDSON;6511393 // P550094;FILTROS;BOBCAT S185;9-FRAGIL;0,03;0;KG;310,86;0;20899,58;;;;1;;;;;
2;02-MENOR A PUNTO DE PEDIDO;1002624;ZSTO;FILTRO GASOIL;U365;0365;;V1;2;HB;2;2;0;0;0;0;C29;FILTROS/RESPUESTOS;54116,8;ATLAS COPC // FLEETGUARD // DONALDSON // No aplica // No aplica;2657828816 // FS19732 // P550848 // 219659 // 9414101756;FILTROS;GROVE RT540E;7-PESADO;0,8;0;KG;1648,5;0;105691,2;;1;;;;;;;
2;02-MENOR A PUNTO DE PEDIDO;1002628;ZSTO;FILTRO AIRE CABINA XUN;U365;0365;;V1;3;HB;5;2;0;0;0;0;C29;FILTROS/RESPUESTOS;46459,3;JOHN DEERE;AT307501;FILTROS;JD 544K;9-FRAGIL;0,31;0;KG;4137,25;0;46459,29;;1;;;;;;;
4;04-MAYOR A STOCK MAXIMO;1002666;ZSTO;FILTRO AIRE;U365;0365;;V1;2;HB;3;5;0;0;0;0;AGV;COMPRAS AGV;0;JOHN DEERE // FLEETGUARD;KV16429 // AF2555700;FILTROS;JD;8-VARIOS;1,153;0;KG;11560;0;158420,2;;;;;1;;;;
3;03-MAYOR A PUNTO DE PEDIDO;1002675;ZSTO;FILTRO COMBUSTIBLE;U365;0365;;V1;2;HB;3;3;0;0;0;0;C29;FILTROS/RESPUESTOS;125511,42;PERKINS // // PARKER // // // HAULOTTE G // PERKINS // PERKINS // MANITOU;26560201 // FS20009 // REC-154 // SN40645 // TCE1804I // 2427003070 // 26560201 // 4816636 // 605013;FILTROS;MANITOU/HAULOTTE;9-FRAGIL;0,236;0;KG;1336,5;0;125511,42;;;;1;;;;;
2;02-MENOR A PUNTO DE PEDIDO;1002682;ZSTO;FILTRO ACEITE MOTOR XUN;U365;0365;;V1;9;HB;16;8;0;0;0;0;C29;FILTROS/RESPUESTOS;679189,04;CNH INDUST;2992544;FILTROS;IVECO;7-PESADO;1,402;0;KG;3269,808;0;679189,06;;1;;;;;;;
3;03-MAYOR A PUNTO DE PEDIDO;1002700;ZSTO;FILTRO DE ACEITE MOTOR;U365;0365;;V1;3;HB;5;5;0;0;0;0;C29;FILTROS/RESPUESTOS;98627,4;FLEETGUARD;LF670;FILTROS;OBSOLETO;7-PESADO;1,227;0;KG;2882,52;0;98627,4;;;;1;;;;;
2;02-MENOR A PUNTO DE PEDIDO;1002703;ZSTO;FILTRO DE ACEITE MOTOR;U365;0365;;V1;2;HB;2;2;0;0;0;0;C29;FILTROS/RESPUESTOS;51222,22;FLEETGUARD;LF777;FILTROS;FILTROS;7-PESADO;1,375;0;KG;2826;0;51222,22;;1;;;;;;;
3;03-MAYOR A PUNTO DE PEDIDO;1002704;ZSTO;FILTRO AIRE XUN;U365;0365;;V1;3;HB;5;4;0;0;0;0;C29;FILTROS/RESPUESTOS;274475,26;CATERPILLA;6I2501;FILTROS;FILTROS;9-FRAGIL;2,59;0;KG;32400;0;660106,13;;;;1;;;;;
2;02-MENOR A PUNTO DE PEDIDO;1002705;ZSTO;FILTRO AIRE XUN;U365;0365;;V1;3;HB;5;3;0;0;0;0;C29;FILTROS/RESPUESTOS;378047,19;CATERPILLA;6I2502;FILTROS;FILTROS;9-FRAGIL;0,76;0;KG;9248;0;378047,19;;1;;;;;;;
3;03-MAYOR A PUNTO DE PEDIDO;1002710;ZSTO;FILTRO DE AIRE;U365;0365;;V1;5;HB;8;6;0;0;0;0;C29;FILTROS/RESPUESTOS;0;KOMATSU HO // // DARMET;6001855110 // P532503 // VP-3722;FILTROS;KOMATSU D65EX12;9-FRAGIL;2,982;0;KG;36366;0;597265,5;;;;1;;;;;
4;04-MAYOR A STOCK MAXIMO;1002716;ZSTO;FILTRO TRAMPA AGUA;U365;0365;;V1;2;HB;3;5;0;0;0;0;C29;FILTROS/RESPUESTOS;264651,35;CNH INDUST // CNH INDUST;7147701 // 503103529;FILTROS;STRALIS/TRAKKER // VOLVO 330;7-PESADO;0,78;0;KG;2057;0;264651,35;;;;;1;;;;
4;04-MAYOR A STOCK MAXIMO;1002722;ZSTO;FILTRO COMBUSTIBLE;U365;0365;;V1;6;HB;9;26;0;0;0;0;C29;FILTROS/RESPUESTOS;1500384,86;CATERPILLA //;1R0749 // P551311;FILTROS;CAT;7-PESADO;0,91;0;KG;1842,003;0;1500384,92;;;;;1;;;;
3;03-MAYOR A PUNTO DE PEDIDO;1002732;ZSTO;FILTRO DE AIRE DE CABINA;U365;0365;;V1;2;HB;3;3;0;0;0;0;C29;FILTROS/RESPUESTOS;282136,26;CATERPILLA;2314486;FILTROS;CAT;9-FRAGIL;0,017;0;KG;560;0;282136,25;;;;1;;;;;
3;03-MAYOR A PUNTO DE PEDIDO;1002733;ZSTO;FILTRO AIRE CABINA XUN;U365;0365;;V1;7;HB;11;8;0;0;0;0;C29;FILTROS/RESPUESTOS;692021,04;CATERPILLA // CATERPILLA;2321732 // 2314487;FILTROS;CAT;9-FRAGIL;0,85;0;KG;6360;0;692021,02;;;;1;;;;;
3;03-MAYOR A PUNTO DE PEDIDO;1002734;ZSTO;FILTRO AIRE SECUNDARIO;U365;0365;;V1;6;HB;9;7;0;0;0;0;C29;FILTROS/RESPUESTOS;774071,48;CATERPILLA // DONALDSON;2456376 // P782108;FILTROS;CAT 140K;9-FRAGIL;0,6;0;KG;14592;0;774071,5;;;;1;;;;;
2;02-MENOR A PUNTO DE PEDIDO;1002735;ZSTO;FILTRO AIRE PRIMARIO XUN;U365;0365;;V1;5;HB;8;4;0;0;0;0;C29;FILTROS/RESPUESTOS;769713,04;CATERPILLA // DONALDSON;2456375 // P782105;FILTROS;CAT;9-FRAGIL;2,9;0;KG;32805;0;769713,05;;1;;;;;;;
3;03-MAYOR A PUNTO DE PEDIDO;1002736;ZSTO;FILTRO TANQUE HIDRAULICO XUN;U365;0365;;V1;4;HB;6;6;0;0;0;0;C29;FILTROS/RESPUESTOS;655262,88;CATERPILLA;1R0774;FILTROS;CAT 416E // 140K;7-PESADO;0,64;0;KG;5488;0;655262,89;;;;1;;;;;
3;03-MAYOR A PUNTO DE PEDIDO;1002738;ZSTO;Filtro Aceite Motor;U365;0365;;V1;6;HB;9;9;0;0;0;0;C29;FILTROS/RESPUESTOS;0;FLEETGUARD // DONALDSON;LF3345 // P558616;FILTROS;ONAN 40DGCA;7-PESADO;0,46;0;KG;956,424;0;106329,37;;;;1;;;;;
3;03-MAYOR A PUNTO DE PEDIDO;1002740;ZSTO;FILTRO HIDRAULICO;U365;0365;;V1;2;HB;3;3;0;0;0;0;C29;FILTROS/RESPUESTOS;349271,7;CATERPILLA;937521;FILTROS;CAT 330;7-PESADO;0,77;0;KG;2280;0;349271,69;;;;1;;;;;
3;03-MAYOR A PUNTO DE PEDIDO;1002745;ZSTO;FILTRO AIRE CABINA;U365;0365;;V1;3;HB;5;5;0;0;0;0;C29;FILTROS/RESPUESTOS;323361,9;CATERPILLA // CATERPILLA // CATERPILLA;2931183 // 3050329 // 4I1278;FILTROS;CAT 336 DLME;9-FRAGIL;0,48;0;KG;4995;0;323361,92;;;;1;;;;;
3;03-MAYOR A PUNTO DE PEDIDO;1002746;ZSTO;UNIDAD SELLO FILTRO HIDRAULICO;U365;0365;;V1;3;HB;5;4;0;0;0;0;C29;FILTROS/RESPUESTOS;487974,32;CATERPILLA;5I8670;FILTROS;CAT 330;7-PESADO;0,92;0;KG;1700;0;487974,32;;;;1;;;;;
4;04-MAYOR A STOCK MAXIMO;1002754;ZSTO;FILTRO A. U. COMPRESORA SULLAIR 185;U365;0365;;V1;2;HB;3;4;0;0;0;0;C29;FILTROS/RESPUESTOS;2216499,8;SULLAIR AR // // FLEETGUARD;2250078031 // OS 5194 // SE-1721;FILTROS;FILTROS;9-FRAGIL;2,38;0;KG;11132;0;2216499,8;;;;;1;;;;
4;04-MAYOR A STOCK MAXIMO;1002755;ZSTO;FILTRO COMBUSTIBLE XUN;U365;0365;;V1;3;HB;5;14;0;0;0;0;C29;FILTROS/RESPUESTOS;1369949,84;CATERPILLA // CATERPILLA // CATERPILLA;3261644 // 1R0770 // 4238525;FILTROS;CAT;7-PESADO;0,789;0;KG;1852,208;0;1369949,79;;;;;1;;;;
3;03-MAYOR A PUNTO DE PEDIDO;1002771;ZSTO;FILTRO DE ACEITE;U365;0365;;V1;5;HB;8;6;0;0;0;0;C29;FILTROS/RESPUESTOS;277799,4;CATERPILLA;1R1807;FILTROS;CAT;7-PESADO;0,98;0;KG;2469,61;0;277799,37;;;;1;;;;;
3;03-MAYOR A PUNTO DE PEDIDO;1002780;ZSTO;FILTRO AIRE 1;U365;0365;;V1;7;HB;11;11;0;0;0;0;C29;FILTROS/RESPUESTOS;395115,71;MANN // // MANN;5821149 // AB3006 // C23610;FILTROS;BOMAG 213/219;9-FRAGIL;1,52;0;KG;34496;0;395115,74;;;;1;;;;;
3;03-MAYOR A PUNTO DE PEDIDO;1002809;ZSTO;FILTRO CABINA XUN;U365;0365;;V1;1;HB;2;2;0;0;0;0;C29;FILTROS/RESPUESTOS;118934,08;CATERPILLA;6T0988;FILTROS;CAT D6;9-FRAGIL;1,13;0;KG;7752;0;259767,68;;;;1;;;;;
3;03-MAYOR A PUNTO DE PEDIDO;1002810;ZSTO;FILTRO CABINA CAT D6 XUN;U365;0365;;V1;1;HB;2;2;0;0;0;0;C29;FILTROS/RESPUESTOS;74184,18;CATERPILLA;6T5068;FILTROS;CAT D6;9-FRAGIL;0,22;0;KG;1728;0;157843,69;;;;1;;;;;
3;03-MAYOR A PUNTO DE PEDIDO;1002812;ZSTO;CF600 1;U365;0365;;V1;7;HB;11;11;0;0;0;0;F01;CARTUCHO;297114,95;MANN // DARMET;CF6001 // VP1740SC;FILTROS;BOMAG;9-FRAGIL;0,54;0;KG;6760;0;297114,92;;;;1;;;;;
3;03-MAYOR A PUNTO DE PEDIDO;1002818;ZSTO;FILTRO GASOIL;U365;0365;;V1;3;HB;5;4;0;0;0;0;C29;FILTROS/RESPUESTOS;0;LEVAS BOSC // DONALDSON // PARKER RAC // LEVAS BOSC // BOMAG GMBH;5825010 // P551026 // R160T // 5825010 // 5825015;FILTROS;FILTROS;7-PESADO;1,21;0;KG;2662;0;104738,8;;;;1;;;;;
4;04-MAYOR A STOCK MAXIMO;1002819;ZSTO;FILTRO CABINA FIAT STRALIS 420;U365;0365;;V1;5;HB;8;20;0;0;0;0;C29;FILTROS/RESPUESTOS;605093,88;CNH //;2995964 // CU4594;FILTROS;STRALIS;9-FRAGIL;0,21;0;KG;4800;0;1027421,07;;;;;1;;;;
3;03-MAYOR A PUNTO DE PEDIDO;1002822;ZSTO;FILTRO COMBUSTIBLE VOLVO;U365;0365;;V1;7;HB;11;10;0;0;0;0;C29;FILTROS/RESPUESTOS;270825,4;VOLVO CONS // VOLVO CONS // DONALDSON // VOLVO CONS;FL8193841 // O5717966 // P550372 // 20805349;FILTROS;FILTROS - VOLVO PL 3005D- FMX;7-PESADO;0,79;0;KG;1648,5;0;270825,43;;;;1;;;;;
3;03-MAYOR A PUNTO DE PEDIDO;1002832;ZSTO;FILTRO COMBUSTIBLE;U365;0365;;V1;7;HB;11;8;0;0;0;0;C29;FILTROS/RESPUESTOS;0;FLEETGUARD // // FLEETGUARD // DONALDSON // MANN;2RK127177A // DB0519 // FF5052 // P553004 // WK723;FILTROS;VW 26260 - ONAN;7-PESADO;0,393;0;KG;704;0;115417,6;;;;1;;;;;
4;04-MAYOR A STOCK MAXIMO;1002838;ZSTO;FILTRO ACEITE;U365;0365;;V1;1;HB;2;6;0;0;0;0;C29;FILTROS/RESPUESTOS;144255,48;TOYOTA ARG // TOYOTA ARG;909152000300 // 90915YZZD2;FILTROS;PARA HILUX;8-VARIOS;0,27;0;KG;576;0;144255,46;;;;;1;;;;
3;03-MAYOR A PUNTO DE PEDIDO;1002853;ZSTO;FILTRO HIDRAULICO;U365;0365;;V1;1;HB;2;2;0;0;0;0;C29;FILTROS/RESPUESTOS;108255,55;CATERPILLA // DONALDSON;1R0777 // P550523;FILTROS;CAT D6T;7-PESADO;0,47;0;KG;3724;0;227439,94;;;;1;;;;;
3;03-MAYOR A PUNTO DE PEDIDO;1002859;ZSTO;FILTRO ACEITE DIRECCION;U365;0365;;V1;1;HB;2;2;0;0;0;0;C29;FILTROS/RESPUESTOS;200450,9;CATERPILLA // // CATERPILLA;1560214 // P164378 // 3321871;FILTROS;CAT D6;7-PESADO;1,2;0;KG;2600;0;421146,25;;;;1;;;;;
3;03-MAYOR A PUNTO DE PEDIDO;1002878;ZSTO;FILTRO RESPIRADERO TRANSMISION XUN;U365;0365;;V1;3;HB;5;5;0;0;0;0;C29;FILTROS/RESPUESTOS;299962,05;KOMATSU HO //;0703000252 // FS 127;FILTROS;KMS 155AX6;8-VARIOS;0,1;0;KG;62,8;0;299962,04;;;;1;;;;;
3;03-MAYOR A PUNTO DE PEDIDO;1002889;ZSTO;FILTRO COMBUSTIBLE;U365;0365;;V1;4;HB;6;6;0;0;0;0;C29;FILTROS/RESPUESTOS;1068322,98;BOMAG GMBH // HIFI FILTE;5717961 // SN909110;FILTROS;BOMAG;7-PESADO;1,005;0;KG;2057;0;1068322,99;;;;1;;;;;
3;03-MAYOR A PUNTO DE PEDIDO;1002901;ZSTO;FILTRO ACEITE;U365;0365;;V1;5;HB;8;7;0;0;0;0;C29;FILTROS/RESPUESTOS;0;FLEETGUARD // DONALDSON // KOMATSU HO;LF9009 // P553000 // 6742014540;FILTROS;VW 31-320 - 19360;7-PESADO;1,53;0;KG;3391,2;0;300755,7;;;;1;;;;;
3;03-MAYOR A PUNTO DE PEDIDO;1002920;ZSTO;FILTRO TRAMPA DE AGUA;U365;0365;;V1;5;HB;8;7;0;0;0;0;C29;FILTROS/RESPUESTOS;350687,4;CNH INDUST;2992662;FILTROS;DAILY;8-VARIOS;0,657;0;KG;2000;0;350687,4;;;;1;;;;;
3;03-MAYOR A PUNTO DE PEDIDO;1002922;ZSTO;FILTRO ACEITE TRANSMISIÓN DIFERENCIAL;U365;0365;;V1;5;HB;8;8;0;0;0;0;C29;FILTROS/RESPUESTOS;1486684,4;JOHN DEERE;AT335492;FILTROS;JD 644K, 544K;7-PESADO;2,59;0;KG;5915;0;1486684,38;;;;1;;;;;
2;02-MENOR A PUNTO DE PEDIDO;1002923;ZSTO;FILTRO COMBUSTIBLE;U365;0365;;V1;4;HB;6;4;0;0;0;0;C29;FILTROS/RESPUESTOS;0;BOMAG GMBH // DONALDSON;5716779 // P554620;FILTROS;BW24RH;8-VARIOS;0,66;0;KG;1500;0;77457,1;;1;;;;;;;
2;02-MENOR A PUNTO DE PEDIDO;1002925;ZSTO;FILTRO AIRE PRIMARIO;U365;0365;;V1;4;HB;6;1;0;0;0;0;C29;FILTROS/RESPUESTOS;0;BOMAG GMBH // // DONALDSON // DONALDSON // BALDWIN;5821147 // C20500 // P778994 // P779894 // RS3992;FILTROS;BW24RH;9-FRAGIL;1,17;0;KG;18081;0;46978;;1;;;;;;;
3;03-MAYOR A PUNTO DE PEDIDO;1002926;ZSTO;FILTRO AIRE SECUNDARIO;U365;0365;;V1;4;HB;6;5;0;0;0;0;C29;FILTROS/RESPUESTOS;245405,76;BOMAG GMBH // // DONALDSON // BALDWIN;5821148 // CF5001 // P780036 // RS3993;FILTROS;BOMAG BW24 RH;9-FRAGIL;0,37;0;KG;4840;0;331848,97;;;;1;;;;;
2;02-MENOR A PUNTO DE PEDIDO;1002931;ZSTO;FILTRO ACEITE;U365;0365;;V1;36;HB;63;29;0;0;0;0;C29;FILTROS/RESPUESTOS;32925,74;VOLVO CONS // VOLVO MAQU // FLEETGUARD // VOLVO CONS // VOLVO CONS;P21707133 // 17533660 // LF667 // VOE478736 // 23658092;FILTROS;VOLVO 330 // VOLVO L260H;7-PESADO;1,215;0;KG;2469,61;0;836399,14;;1;;;;;;;
2;02-MENOR A PUNTO DE PEDIDO;1002932;ZSTO;FILTRO ACEITE;U365;0365;;V1;16;HB;27;16;0;0;0;0;C29;FILTROS/RESPUESTOS;687526,56;VOLVO CONS // VOLVO CONS;P21707132 // VOE477556;FILTROS;VOLVO L260H;7-PESADO;1,152;0;KG;2699,223;0;687526,52;;1;;;;;;;
3;03-MAYOR A PUNTO DE PEDIDO;1002935;ZSTO;FILTRO AIRE COMBUSTIBLE;U365;0365;;V1;2;HB;3;3;0;0;0;0;C29;FILTROS/RESPUESTOS;73451,18;VOLVO CONS // DONALDSON;VOE11172907 // P528708;FILTROS;EC 480D - L220G - PL 3005D;8-VARIOS;0,24;0;KG;810;0;91642,06;;;;1;;;;;
4;04-MAYOR A STOCK MAXIMO;1002936;ZSTO;FILTRO AIRE CABINA;U365;0365;;V1;2;HB;3;4;0;0;0;0;C29;FILTROS/RESPUESTOS;248647,2;VOLVO CONS // No aplica;VOE11703979 // 150522786;FILTROS;VOLVO EC 480D;9-FRAGIL;0,4;0;KG;3510;0;248647,18;;;;;1;;;;
4;04-MAYOR A STOCK MAXIMO;1002937;ZSTO;FILTRO AIRE ACONDICIONADO CABINA EX;U365;0365;;V1;2;HB;3;5;0;0;0;0;C29;FILTROS/RESPUESTOS;408973,05;VOLVO CONS // VOLVO CONS;VOE14689735 // 14506997;FILTROS;VOLVO EC 480D - PL 3005D;9-FRAGIL;0,52;0;KG;5208;0;408973,07;;;;;1;;;;
4;04-MAYOR A STOCK MAXIMO;1002938;ZSTO;FILTRO HIDRAULICO RETORNO;U365;0365;;V1;3;HB;5;7;0;0;0;0;C29;FILTROS/RESPUESTOS;2057803,79;VOLVO CONS //;VOE14569658 // 14690316;FILTROS;VOLVO EC 480D;7-PESADO;3,86;0;KG;16967;0;2057803,81;;;;;1;;;;
3;03-MAYOR A PUNTO DE PEDIDO;1002971;ZSTO;FILTRO DE TRANSMISION CAT;U365;0365;;V1;5;HB;8;7;0;0;0;0;C29;FILTROS/RESPUESTOS;1380352,12;CATERPILLA //;3375270 // 5715253;FILTROS;CAT D8,D9,336,775,390,988;8-VARIOS;0,68;0;KG;5070;0;1380352,09;;;;1;;;;;
2;02-MENOR A PUNTO DE PEDIDO;1002988;ZSTO;FILTRO DE ACEITE (HIDRAULICO);U365;0365;;V1;1;HB;2;1;0;0;0;0;C29;FILTROS/RESPUESTOS;0;KOEHRING // FLEETGUARD;7086449 // HF7538;FILTROS;GRUA TEREX;7-PESADO;1,75;0;KG;11849;0;150116,47;;1;;;;;;;
4;04-MAYOR A STOCK MAXIMO;1002994;ZSTO;PERKINS FILTRO ACEITE;U365;0365;;V1;2;HB;3;15;0;0;0;0;C29;FILTROS/RESPUESTOS;0;HAULOTTE G // DONALDSON // PERKINS;2427003080 // P554407 // 2654407;FILTROS;HAULOTTE HTL 4014/4017/4010;7-PESADO;0,58;0;KG;1800;0;0;;;;;1;;;;
4;04-MAYOR A STOCK MAXIMO;1002995;ZSTO;FILTRO HIDRAULICO DE PRESION;U365;0365;;V1;1;HB;2;4;0;0;0;0;C29;FILTROS/RESPUESTOS;0;HAULOTTE G // // DONALDSON;2427002910 // P564860 // P783753;FILTROS;HAULOTTE HTL 4014/4017/4010;9-FRAGIL;0,2;0;KG;1152;0;231907,32;;;;;1;;;;
4;04-MAYOR A STOCK MAXIMO;1002996;ZSTO;FILTRO RESP DE TANQUE;U365;0365;;V1;2;HB;3;4;0;0;0;0;C29;FILTROS/RESPUESTOS;345420;HAULOTTE G;2505003370;FILTROS;HAULOTTE HTL 4014/4017/4010;9-FRAGIL;0,24;0;KG;904,32;0;462313,7;;;;;1;;;;
4;04-MAYOR A STOCK MAXIMO;1002997;ZSTO;FILTRO CABINA INTERIOR;U365;0365;;V1;2;HB;3;4;0;0;0;0;C29;FILTROS/RESPUESTOS;282555;HAULOTTE G // HIFI FILTE // DIECI;2820301610 // SC 70087 // 2I094123;FILTROS;HAULOTTE HTL 4014/4017/4010;9-FRAGIL;0,27;0;KG;1680;0;282555;;;;;1;;;;
4;04-MAYOR A STOCK MAXIMO;1002998;ZSTO;FILTRO COMBUSTIBLE;U365;0365;;V1;2;HB;3;7;0;0;0;0;C29;FILTROS/RESPUESTOS;7565;PERKINS // FLEETGUARD // DONALDSON // // MANN;4415122 // FF5788 // P502420 // P556245 // P917X;FILTROS;HAULOTTE;9-FRAGIL;0,12;0;KG;900;0;85100;;;;;1;;;;
4;04-MAYOR A STOCK MAXIMO;1003000;ZSTO;FILTRO HIDRAULICO DE RETORNO;U365;0365;;V1;2;HB;3;5;0;0;0;0;C29;FILTROS/RESPUESTOS;2563678,5;HAULOTTE G //;2505001940 // 16782 ELEVAMUNDO;FILTROS;HAULOTTE HTL 4014/4017;8-VARIOS;0,66;0;KG;2000;0;2563678,5;;;;;1;;;;
4;04-MAYOR A STOCK MAXIMO;1003001;ZSTO;FILTRO DE AIRE PRIMARIO;U365;0365;;V1;2;HB;3;9;0;0;0;0;C29;FILTROS/RESPUESTOS;227430;FLEETGUARD // FLEETGUARD // DONALDSON;2324005070 // AF25557 // P828889;FILTROS;HAULOTTE HTL 4014/4017/4010;9-FRAGIL;1,04;0;KG;12996;0;283710;;;;;1;;;;
4;04-MAYOR A STOCK MAXIMO;1003002;ZSTO;FILTRO DE AIRE SECUNDARIO;U365;0365;;V1;2;HB;3;13;0;0;0;0;C29;FILTROS/RESPUESTOS;229680;HAULOTTE G // DONALDSON;2326001910 // P829333;FILTROS;HAULOTTE HTL 4014/4017/4010;9-FRAGIL;0,38;0;KG;5328;0;260274,2;;;;;1;;;;
3;03-MAYOR A PUNTO DE PEDIDO;1003016;ZSTO;FILTRO DE ACEITE MOTOR;U365;0365;;V1;1;HB;2;2;0;0;0;0;C29;FILTROS/RESPUESTOS;37005,9;HAULOTTE G // // DONALDSON //;4000076270 // LF 3311 // P550939 // 5741616;FILTROS;HAULOTTE;8-VARIOS;0,42;0;KG;508,68;0;37005,9;;;;1;;;;;
4;04-MAYOR A STOCK MAXIMO;1003024;ZSTO;ELEMENTO FILTRO AIRE;U365;0365;;V1;3;HB;5;7;0;0;0;0;C29;FILTROS/RESPUESTOS;1313208,19;FLEETGUARD // No aplica // No aplica;AF26094 // 8200651 // A034P660;FILTROS;ONAN C66D5;9-FRAGIL;1,5;0;KG;11664;0;1313208,19;;;;;1;;;;
3;03-MAYOR A PUNTO DE PEDIDO;1003025;ZSTO;ELEMENTO FILTRO AIRE;U365;0365;;V1;3;HB;5;5;0;0;0;0;C29;FILTROS/RESPUESTOS;197029,4;FLEETGUARD // // No aplica // No aplica;AF26093 // P131394 // 8200650 // A034P656;FILTROS;ONAN C66D5;9-FRAGIL;0,48;0;KG;4176;0;197029,4;;;;1;;;;;
3;03-MAYOR A PUNTO DE PEDIDO;1003026;ZSTO;FILTRO SEPARADOR DE AGUA;U365;0365;;V1;11;HB;19;13;0;0;0;0;C29;FILTROS/RESPUESTOS;0;FLEETGUARD // FLEETGUARD // DONALDSON;FS19652 // FS1280 // P551329;FILTROS;ONAN C66D5;7-PESADO;0,65;0;KG;1256;0;226785,35;;;;1;;;;;
3;03-MAYOR A PUNTO DE PEDIDO;1003027;ZSTO;ELEMENTO FILTRO DE ACEITE;U365;0365;;V1;11;HB;19;13;0;0;0;0;C29;FILTROS/RESPUESTOS;0;FLEETGUARD // BALDWIN // // // No aplica;LF16061 // B7362 // DBL7349 // LF3806 // P556615;FILTROS;ONAN C66D5;8-VARIOS;0,75;0;KG;1800;0;296737,33;;;;1;;;;;
4;04-MAYOR A STOCK MAXIMO;1003031;ZSTO;FILTRO DE COMBUSTIBLE;U365;0365;;V1;6;HB;9;12;0;0;0;0;C29;FILTROS/RESPUESTOS;488485,36;CATERPILLA;1R1804;FILTROS;CAT;7-PESADO;0,24;0;KG;1080,945;0;542652,93;;;;;1;;;;
2;02-MENOR A PUNTO DE PEDIDO;1003032;ZSTO;FILTRO TRAMPA DE AGUA;U365;0365;;V1;4;HB;6;4;0;0;0;0;C29;FILTROS/RESPUESTOS;606883,32;CATERPILLA;4385386;FILTROS;CAT;7-PESADO;2,12;0;KG;7875;0;606883,32;;1;;;;;;;
2;02-MENOR A PUNTO DE PEDIDO;1003033;ZSTO;FILTRO DE ACEITE MOTOR;U365;0365;;V1;4;HB;6;4;0;0;0;0;C29;FILTROS/RESPUESTOS;202758,8;CATERPILLA;3223155;FILTROS;CAT 323;7-PESADO;0,37;0;KG;2904;0;202758,8;;1;;;;;;;
3;03-MAYOR A PUNTO DE PEDIDO;1003057;ZSTO;ELEMENTO FILTRO DE AIRE PRIMARIO;U365;0365;;V1;6;HB;9;9;0;0;0;0;C29;FILTROS/RESPUESTOS;1269513,54;JOHN DEERE;AT175223;FILTROS;MOTONIVELADORA JD 770 G;9-FRAGIL;3,337;0;KG;41552;0;1269513,52;;;;1;;;;;
2;02-MENOR A PUNTO DE PEDIDO;1003058;ZSTO;KIT FILTRO COMBUSTIBLE COMPLETO;U365;0365;;V1;6;HB;9;6;0;0;0;0;C29;FILTROS/RESPUESTOS;799635,72;JOHN DEERE // JOHN DEERE;RE525523 // RE52090652323;FILTROS;MOTONIVELADORA JD 770 G;7-PESADO;1,09;0;KG;4968;0;799635,7;;1;;;;;;;
3;03-MAYOR A PUNTO DE PEDIDO;1003069;ZSTO;SECANTE CSA 2018;U365;0365;;V1;5;HB;8;8;0;0;0;0;C29;FILTROS/RESPUESTOS;4403286,72;CATERPILLA //;2032389 // 5879321;FILTROS;CAT 140 K;8-VARIOS;2,75;0;KG;4913;0;4403286,67;;;;1;;;;;
2;02-MENOR A PUNTO DE PEDIDO;1003081;ZSTO;FILTRO DE AIRE;U365;0365;;V1;8;HB;13;8;0;0;0;0;C29;FILTROS/RESPUESTOS;151624,2;FLEETGUARD // No aplica // // No aplica;AF25910 // MSA25910 // P500955 // P50955;FILTROS;GRUPO ELECTROGENO CUMMINS C110;8-VARIOS;1,85;0;KG;13200;0;959476;;1;;;;;;;
3;03-MAYOR A PUNTO DE PEDIDO;1003084;ZSTO;FILTRO HABITACULO MB SPRINTER;U365;0365;;V1;1;HB;2;2;0;0;0;0;C29;FILTROS/RESPUESTOS;111896,4;MERCEDES B // MERCEDES B // MANN //;a9068300318 // A9068300318 // CU3569 // LA307;FILTROS;MB SPRINTER;9-FRAGIL;0,54;0;KG;3456;0;111896,4;;;;1;;;;;
2;02-MENOR A PUNTO DE PEDIDO;1003087;ZSTO;FILTRO COMBUSTIBLE;U365;0365;;V1;1;HB;2;1;0;0;0;0;C29;FILTROS/RESPUESTOS;94554,35;TOYOTA ARG //;233900L07000 // 233900L100;FILTROS;HILUX 2017;8-VARIOS;0,184;0;KG;1150;0;94554,35;;1;;;;;;;
4;04-MAYOR A STOCK MAXIMO;1003088;ZSTO;FILTRO AIRE;U365;0365;;V1;1;HB;2;6;0;0;0;0;C29;FILTROS/RESPUESTOS;65891,16;TOYOTA ARG // TOYOTA ARG;178010L04000 // 178010E030;FILTROS;HILUX 2017;9-FRAGIL;0,57;0;KG;5443,75;0;65891,16;;;;;1;;;;
4;04-MAYOR A STOCK MAXIMO;1003089;ZSTO;FILTRO DE CABINA;U365;0365;;V1;1;HB;2;18;0;0;0;0;C29;FILTROS/RESPUESTOS;310872,96;TOYOTA ARG;871390K080;FILTROS;HILUX 2017;9-FRAGIL;0,08;0;KG;1383,75;0;310873,03;;;;;1;;;;
2;02-MENOR A PUNTO DE PEDIDO;1003093;ZSTO;FILTRO DE COMBUSTIBLE;U365;0365;;V1;15;HB;25;14;0;0;0;0;C29;FILTROS/RESPUESTOS;540107,26;VOLVO CONS // VOLVO CONS;P22480372 // VOE15126069;FILTROS;VOLVO FM460;7-PESADO;1,15;0;KG;2469,61;0;540107,25;;1;;;;;;;
4;04-MAYOR A STOCK MAXIMO;1003094;ZSTO;FILTRO DE DRENAJE BOMBA;U365;0365;;V1;11;HB;19;23;0;0;0;0;C29;FILTROS/RESPUESTOS;602817,81;VOLVO CONS // // No aplica;21392404 // 20580233 // 7632141111;FILTROS;VOLVO 330 // VOLVO FM460;9-FRAGIL;0,105;0;KG;282,6;0;602817,81;;;;;1;;;;
2;02-MENOR A PUNTO DE PEDIDO;1003095;ZSTO;FILTRO TRAMPA DE AGUA COMBUSTIBLE;U365;0365;;V1;15;HB;25;15;0;0;0;0;C29;FILTROS/RESPUESTOS;682945,8;PARKER RAC //;21925732 // 23662435;FILTROS;VOLVO FM460;7-PESADO;0,72;0;KG;1329,79;0;682945,82;;1;;;;;;;
3;03-MAYOR A PUNTO DE PEDIDO;1003096;ZSTO;FILTRO DE AIRE TANQUE DE COMBUSTIBLE;U365;0365;;V1;22;HB;38;29;0;0;0;0;C29;FILTROS/RESPUESTOS;940088,65;VOLVO CONS // DONALDSON;21743197 // P954869;FILTROS;VOLVO 330 // VOLVO FM460;9-FRAGIL;0,09;0;KG;480,42;0;940088,53;;;;1;;;;;
3;03-MAYOR A PUNTO DE PEDIDO;1003097;ZSTO;FILTRO DE AIRE PRIMARIO;U365;0365;;V1;16;HB;28;18;0;0;0;0;C29;FILTROS/RESPUESTOS;3316409,1;VOLVO CONS;21337557;FILTROS;VOLVO FM460;9-FRAGIL;3,39;0;KG;49940,125;0;3316409,02;;;;1;;;;;
4;04-MAYOR A STOCK MAXIMO;1003099;ZSTO;FILTRO COMBUSTIBLE BOMAG;U365;0365;;V1;3;HB;5;13;0;0;0;0;C29;FILTROS/RESPUESTOS;468819;BOMAG GMBH //;O5718626 // SN70366;FILTROS;213 PDH-5 // BOMAG &#160;7-PESADO;1,06;0;KG;2736;0;468819;;;;;1;;;;
3;03-MAYOR A PUNTO DE PEDIDO;1003106;ZSTO;FILTRO DE AIRE SECUNDARIO;U365;0365;;V1;6;HB;9;8;0;0;0;0;C29;FILTROS/RESPUESTOS;0;FLEETGUARD // //;AF25911 // P500956 // SA18138;FILTROS;C110D5;8-VARIOS;0,49;0;KG;4752;0;516984,4;;;;1;;;;;
3;03-MAYOR A PUNTO DE PEDIDO;1003119;ZSTO;FILTRO DE AIRE PRIMARIO;U365;0365;;V1;4;HB;6;6;0;0;0;0;C29;FILTROS/RESPUESTOS;520707,6;VOLVO MAQU;21436535;FILTROS;VOLVO 330;9-FRAGIL;3,2;0;KG;43120;0;520707,61;;;;1;;;;;
3;03-MAYOR A PUNTO DE PEDIDO;1003120;ZSTO;FILTRO DE COMBUSTIBLE;U365;0365;;V1;4;HB;6;6;0;0;0;0;C29;FILTROS/RESPUESTOS;185069,64;VOLVO CONS;22095097;FILTROS;VOLVO 330;7-PESADO;0,95;0;KG;1899,7;0;185069,61;;;;1;;;;;
3;03-MAYOR A PUNTO DE PEDIDO;1003121;ZSTO;FILTRO DE UREA;U365;0365;;V1;9;HB;16;14;0;0;0;0;C29;FILTROS/RESPUESTOS;839633,06;VOLVO CONS;82269261;FILTROS;VOLVO 330;9-FRAGIL;0,07;0;KG;238,64;0;839633,03;;;;1;;;;;
3;03-MAYOR A PUNTO DE PEDIDO;1003126;ZSTO;FILTRO SECADO DE AIRE;U365;0365;;V1;13;HB;22;16;0;0;0;0;C29;FILTROS/RESPUESTOS;2558185,92;VOLVO CONS // VOLVO CONS // VOLVO CONS //;21412848 // 22223804 // 23260134 // 23690622;FILTROS;VOLVO FM460;7-PESADO;1,38;0;KG;4913;0;2558185,97;;;;1;;;;;
4;04-MAYOR A STOCK MAXIMO;1003144;ZSTO;FILTRO HIDRAULICO PILOTO;U365;0365;;V1;3;HB;5;7;0;0;0;0;C29;FILTROS/RESPUESTOS;274863,89;VOLVO CONS;14711981;FILTROS;VOLVO EC300D;9-FRAGIL;0,06;0;KG;113,04;0;274863,87;;;;;1;;;;
3;03-MAYOR A PUNTO DE PEDIDO;1003148;ZSTO;FILTRO DE LINEA COMBUSTIBLE;U365;0365;;V1;1;HB;2;2;0;0;0;0;C29;FILTROS/RESPUESTOS;19440,56;BOMAG GMBH // DONALDSON;5727894 // P550012;FILTROS;BOMAG BW100 AD-10;8-VARIOS;0,05;0;KG;275;0;19440,55;;;;1;;;;;
3;03-MAYOR A PUNTO DE PEDIDO;1003161;ZSTO;FILTRO DE RETORNO;U365;0365;;V1;3;HB;5;4;0;0;0;0;C29;FILTROS/RESPUESTOS;576900;PALFINGER // HIFI FILTE // HIFI FILTE // MAHLE FILT //;EA5811 // SF FILTER HY9784‑SET // SH55186 // D176945RN2010V17 // MDH8165;FILTROS;PALFINGER PK23500B (S406-SKA);8-VARIOS;0,33;0;KG;1280;0;576900;;;;1;;;;;
2;02-MENOR A PUNTO DE PEDIDO;1003162;ZSTO;FILTRO EN LINEA DE PRESION;U365;0365;;V1;2;HB;3;1;0;0;0;0;C29;FILTROS/RESPUESTOS;136174,5;PALFINGER;EA4923;FILTROS;PALFINGER PK23500B (S406-SKA);8-VARIOS;0,3;0;KG;864;0;136174,5;;1;;;;;;;
2;02-MENOR A PUNTO DE PEDIDO;1003167;ZSTO;FILTRO TRAMPA DE AGUA;U365;0365;;V1;2;HB;2;2;0;0;0;0;C29;FILTROS/RESPUESTOS;200994,56;CATERPILLA;4395037;FILTROS;CHIEFTAIN 2100 X;7-PESADO;1,08;0;KG;3600;0;200994,54;;1;;;;;;;
3;03-MAYOR A PUNTO DE PEDIDO;1003170;ZSTO;FILTRO DE AIRE PRIMARIO;U365;0365;;V1;3;HB;5;4;0;0;0;0;C29;FILTROS/RESPUESTOS;97002,66;FLEETGUARD // // FILPLUS;AF26085 // FAI6085 // MSA26085;FILTROS;FILTRO AIRE;9-FRAGIL;0,49;0;KG;4752;0;192404,47;;;;1;;;;;
3;03-MAYOR A PUNTO DE PEDIDO;1003171;ZSTO;FILTRO DE AIRE SECUNDARIO;U365;0365;;V1;3;HB;5;4;0;0;0;0;C29;FILTROS/RESPUESTOS;561024;FLEETGUARD // FILPLUS;AF26086 // MSA26086;FILTROS;FILTRO AIRE;9-FRAGIL;2,1;0;KG;16000;0;561024;;;;1;;;;;
4;04-MAYOR A STOCK MAXIMO;1003172;ZSTO;Filtro Aceite Motor;U365;0365;;V1;3;HB;5;9;0;0;0;0;C29;FILTROS/RESPUESTOS;0;FLEETGUARD // DONALDSON // DONALDSON;LF16011 // P550335 // P551132;FILTROS;CAT 950;7-PESADO;0,29;0;KG;452,16;0;46307,44;;;;;1;;;;
2;02-MENOR A PUNTO DE PEDIDO;1003179;ZSTO;FILTRO DE TRANSMISION (CARTUCHO);U365;0365;;V1;1;HB;2;1;0;0;0;0;C29;FILTROS/RESPUESTOS;251379,7;CATERPILLA;3761288;FILTROS;CAT 950;7-PESADO;2,639;0;KG;12160;0;251379,7;;1;;;;;;;
4;04-MAYOR A STOCK MAXIMO;1003180;ZSTO;FILTRO DE AIRE;U365;0365;;V1;2;HB;3;22;0;0;0;0;C29;FILTROS/RESPUESTOS;65089,86;DBT S.A. // DONALDSON // DARMET;3025127 // P822686 // VP-2735;FILTROS;HIMOINSA LTA 8 V LED;9-FRAGIL;0,27;0;KG;2662;0;65089,95;;;;;1;;;;
3;03-MAYOR A PUNTO DE PEDIDO;1003181;ZSTO;FILTRO DE COMBUSTIBLE;U365;0365;;V1;8;HB;14;14;0;0;0;0;C29;FILTROS/RESPUESTOS;58108,05;DBT S.A. // FLEETGUARD // DONALDSON // HIFI FILTE;3048841 // FF 5259 // P502166 // SN 21590;FILTROS;HIMOINSA LTA 8 V LED;9-FRAGIL;0,05;0;KG;144;0;128607,4;;;;1;;;;;
4;04-MAYOR A STOCK MAXIMO;1003182;ZSTO;FILTRO GASOIL;U365;0365;;V1;2;HB;3;11;0;0;0;0;C29;FILTROS/RESPUESTOS;138254,82;DBT S.A. // DONALDSON // VER // HIMOINSA S;3024206 // P502406 // 17108155910 // 3082015;FILTROS;HIMOINSA LTA 8 V LED;9-FRAGIL;0,04;0;KG;144;0;138254,8;;;;;1;;;;
4;04-MAYOR A STOCK MAXIMO;1003183;ZSTO;FILTRO DE ACEITE MOTOR;U365;0365;;V1;2;HB;3;7;0;0;0;0;C29;FILTROS/RESPUESTOS;97424,81;DBT S.A. // // FLEETGUARD // DONALDSON // // //;3035098 // LF3925 // LF3925 // P502067 // T 600 // W67/1 // W671;FILTROS;HIMOINSA LTA 8 V LED;7-PESADO;0,23;0;KG;343;0;97424,83;;;;;1;;;;
4;04-MAYOR A STOCK MAXIMO;1003196;ZSTO;FILTRO SEPARADOR;U365;0365;;V1;2;HB;3;5;0;0;0;0;C29;FILTROS/RESPUESTOS;0;MANN // DONALDSON;LB9622 // P783499;FILTROS;IS VENTEC 6TK/2TB/AY/TECEL/11,;8-VARIOS;1,011;0;KG;2370,375;0;875689,2;;;;;1;;;;
4;04-MAYOR A STOCK MAXIMO;1003197;ZSTO;FILTRO AIRE;U365;0365;;V1;1;HB;2;11;0;0;0;0;C29;FILTROS/RESPUESTOS;0;FILPLUS;A8116;FILTROS;IS VENTEC 6TK/2TB/AY/TECEL/11,;9-FRAGIL;0;0;KG;0;0;0;;;;;1;;;;
3;03-MAYOR A PUNTO DE PEDIDO;1003198;ZSTO;FILTRO ACEITE HIDRAULICO;U365;0365;;V1;4;HB;6;5;0;0;0;0;C29;FILTROS/RESPUESTOS;0;DONALDSON;P556005;FILTROS;IS VENTEC 6TK/2TB/AY/TECEL/11,;9-FRAGIL;0,48;0;KG;890,19;0;113443,8;;;;1;;;;;
4;04-MAYOR A STOCK MAXIMO;1003199;ZSTO;FILTRO AIRE;U365;0365;;V1;2;HB;3;5;0;0;0;0;C29;FILTROS/RESPUESTOS;40297,38;DONALDSON;C065003;FILTROS;IS VENTEC 6TK/2TB/AY/TECEL/11,;7-PESADO;0,59;0;KG;5202;0;230776,18;;;;;1;;;;
4;04-MAYOR A STOCK MAXIMO;1003200;ZSTO;FILTRO HIDRAULICO;U365;0365;;V1;1;HB;2;11;0;0;0;0;C29;FILTROS/RESPUESTOS;313933,08;DONALDSON;P567075;FILTROS;IS VENTEC 6TK/2TB/AY/TECEL/11,;7-PESADO;0,48;0;KG;2106;0;857632,26;;;;;1;;;;
4;04-MAYOR A STOCK MAXIMO;1003201;ZSTO;FILTRO ACEITE HIDRAULICO;U365;0365;;V1;2;HB;3;10;0;0;0;0;C29;FILTROS/RESPUESTOS;0;DONALDSON;P550940;FILTROS;CAMION VOLVO FMX 460;7-PESADO;0,422;0;KG;637,616;0;128382,86;;;;;1;;;;
4;04-MAYOR A STOCK MAXIMO;1003202;ZSTO;FILTRO DE COMBUSTIBLE;U365;0365;;V1;8;HB;13;20;0;0;0;0;C29;FILTROS/RESPUESTOS;86986,62;LEVAS BOSC //;986450694 // P556287;FILTROS;IS VENTEC 6TK/2TB/AY/TECEL/11,;9-FRAGIL;0,24;0;KG;972;0;270682,37;;;;;1;;;;
4;04-MAYOR A STOCK MAXIMO;1003203;ZSTO;FILTRO ACEITE;U365;0365;;V1;2;HB;3;5;0;0;0;0;C29;FILTROS/RESPUESTOS;0;MANN // MAHLE FILT // DONALDSON;W6103 // OC 195 // P502007;FILTROS;IS VENTEC 6TK/2TB/AY/TECEL/11,;7-PESADO;0,253;0;KG;465,5;0;21634,39;;;;;1;;;;
4;04-MAYOR A STOCK MAXIMO;1003205;ZSTO;SILICAGEL AZUL X KG SILICONA;U365;0365;;V1;3;HB;5;16;0;0;0;0;C17;INSUMOS A;0;;MP000040;FILTROS;IS VENTEC 6TK/2TB/AY/TECEL/11,;6-PESADO Y FRAGIL;0;0;KG;0;0;621780,05;;;;;1;;;;
4;04-MAYOR A STOCK MAXIMO;1003214;ZSTO;FILTRO A A CABINA;U365;0365;;V1;1;HB;2;6;0;0;0;0;C29;FILTROS/RESPUESTOS;607096,24;CATERPILLA;4405316;FILTROS;CAT 815 K;9-FRAGIL;1,26;0;KG;12288;0;950645,16;;;;;1;;;;
2;02-MENOR A PUNTO DE PEDIDO;1003215;ZSTO;FILTRO DE AIRE PRIMARIO;U365;0365;;V1;2;HB;2;2;0;0;0;0;C29;FILTROS/RESPUESTOS;568371,84;CATERPILLA //;3862099 // 5771435;FILTROS;CAT 815 K;9-FRAGIL;3,3;0;KG;45600;0;568371,84;;1;;;;;;;
2;02-MENOR A PUNTO DE PEDIDO;1003216;ZSTO;FILTRO DE AIRE SECUNDARIO;U365;0365;;V1;2;HB;2;2;0;0;0;0;C29;FILTROS/RESPUESTOS;216810,58;CATERPILLA;3318108;FILTROS;CAT 815 K;9-FRAGIL;0,92;0;KG;14739;0;216810,58;;1;;;;;;;
2;02-MENOR A PUNTO DE PEDIDO;1003217;ZSTO;FILTRO DE COMBUSTIBLE;U365;0365;;V1;2;HB;2;2;0;0;0;0;C29;FILTROS/RESPUESTOS;341307,12;CATERPILLA;3608958;FILTROS;CAT 815 K;7-PESADO;0,52;0;KG;1300;0;341307,12;;1;;;;;;;
4;04-MAYOR A STOCK MAXIMO;1003219;ZSTO;FILTRO VENTILACION DE CARTER;U365;0365;;V1;1;HB;2;4;0;0;0;0;C29;FILTROS/RESPUESTOS;0;CATERPILLA;2735711;FILTROS;CAT 815 K;7-PESADO;0,74;0;KG;1980;0;0;;;;;1;;;;
3;03-MAYOR A PUNTO DE PEDIDO;1003221;ZSTO;FILTRO DE AIRE SECUNDARIO;U365;0365;;V1;1;HB;2;2;0;0;0;0;C29;FILTROS/RESPUESTOS;0;CNH;5801440583;FILTROS;IVECO TRAKKER 410 T 44 EUROTRO;9-FRAGIL;0,81;0;KG;14416;0;81635,4;;;;1;;;;;
3;03-MAYOR A PUNTO DE PEDIDO;1003237;ZSTO;FILTRO DE COMBUSTIBLE;U365;0365;;V1;6;HB;9;9;0;0;0;0;C29;FILTROS/RESPUESTOS;462593,34;CATERPILLA;5000480;FILTROS;CAT 140K;7-PESADO;0,46;0;KG;2904;0;462593,36;;;;1;;;;;
3;03-MAYOR A PUNTO DE PEDIDO;1003238;ZSTO;FILTRO TRAMPA DE AGUA;U365;0365;;V1;4;HB;6;6;0;0;0;0;C29;FILTROS/RESPUESTOS;577434,48;CATERPILLA //;4367077 // SN40863;FILTROS;CAT 140K;8-VARIOS;0,54;0;KG;3456;0;577434,48;;;;1;;;;;
4;04-MAYOR A STOCK MAXIMO;1003241;ZSTO;MANN CF1651;U365;0365;;V1;4;HB;6;9;0;0;0;0;C29;FILTROS/RESPUESTOS;133937,61;MANN //;CF1651 // P750003;FILTROS;VOLVO 330;9-FRAGIL;0,81;0;KG;15606;0;385901,24;;;;;1;;;;
2;02-MENOR A PUNTO DE PEDIDO;1003246;ZSTO;FILTRO DE TANQUE HIDRAULICO;U365;0365;;V1;6;HB;9;6;0;0;0;0;C29;FILTROS/RESPUESTOS;2791834,38;REMOLQUES // HIFI FILTE;14896990 // SH 93214;FILTROS;VOLCADORA OMBU;8-VARIOS;0,199;0;KG;807,765;0;2791834,4;;1;;;;;;;
3;03-MAYOR A PUNTO DE PEDIDO;1003247;ZSTO;FILTRO DE VENTEO TANQUE HIDRAULICO;U365;0365;;V1;6;HB;9;9;0;0;0;0;C29;FILTROS/RESPUESTOS;301808,52;FILPLUS // No aplica;MSA07 // TAP0126;FILTROS;VOLCADORA OMBU;8-VARIOS;0,095;0;KG;340,298;0;301808,5;;;;1;;;;;
2;02-MENOR A PUNTO DE PEDIDO;1003278;ZSTO;FILTRO DE ACEITE MOTOR;U365;0365;;V1;2;HB;2;1;0;0;0;0;C29;FILTROS/RESPUESTOS;13998,41;TEREX // BALDWIN // //;RPTX07049700120 // B7177 // LF3970 // NRPSANB222100000303;FILTROS;TEREX RT 35;8-VARIOS;0;0;KG;0;0;13998,41;;1;;;;;;;
2;02-MENOR A PUNTO DE PEDIDO;1003284;ZSTO;FILTRO DE AIRE PRIMARIO;U365;0365;;V1;2;HB;2;1;0;0;0;0;C29;FILTROS/RESPUESTOS;249342,4;FLEETGUARD // DONALDSON;AF55014 // DBA5292;FILTROS;GRUA TEREX 780;6-PESADO Y FRAGIL;2,08;0;KG;19743,75;0;249342,4;;1;;;;;;;
2;02-MENOR A PUNTO DE PEDIDO;1003285;ZSTO;FILTRO DE AIRE SECUNDARIO;U365;0365;;V1;2;HB;2;1;0;0;0;0;C29;FILTROS/RESPUESTOS;110849,09;FLEETGUARD // DONALDSON;AF55308 // P633483;FILTROS;GRUA TEREX 780;8-VARIOS;0,45;0;KG;2700;0;110849,09;;1;;;;;;;
3;03-MAYOR A PUNTO DE PEDIDO;1003299;ZSTO;FILTRO RETORNO TANQUE HIDRAULICO;U365;0365;;V1;3;HB;5;4;0;0;0;0;C29;FILTROS/RESPUESTOS;74030;UFI FILTER // DONALDSON;ESE11NCC // P565243;FILTROS;VOLCADORA BACO;8-VARIOS;0,526;0;KG;1359,822;0;124547,44;;;;1;;;;;
2;02-MENOR A PUNTO DE PEDIDO;1003300;ZSTO;FILTRO DOSIFICACION DE UREA (COLADOR);U365;0365;;V1;8;HB;14;8;0;0;0;0;C29;FILTROS/RESPUESTOS;147784,64;VOLVO CONS;21954674;FILTROS;VOLVO 460 FMX;9-FRAGIL;0,01;0;KG;90;0;147784,67;;1;;;;;;;
3;03-MAYOR A PUNTO DE PEDIDO;1003301;ZSTO;FILTRO DE TANQUE;U365;0365;;V1;12;HB;20;17;0;0;0;0;C29;FILTROS/RESPUESTOS;1063232,53;VOLVO CONS // VOLVO CONS;21516229 // 23381562;FILTROS;VOLVO 460 FMX;9-FRAGIL;0,1;0;KG;735;0;1063232,59;;;;1;;;;;
3;03-MAYOR A PUNTO DE PEDIDO;1003302;ZSTO;FILTRO ACEITE CAJA DE CAMBIO;U365;0365;;V1;11;HB;19;15;0;0;0;0;C29;FILTROS/RESPUESTOS;451846,5;VOLVO CONS // VOLVO CONS;20779040 // 24283117;FILTROS;VOLVO 460 FMX;8-VARIOS;0,09;0;KG;784;0;451846,55;;;;1;;;;;
4;04-MAYOR A STOCK MAXIMO;1003316;ZSTO;FILTRO TANQUE HIDRAULICO;U365;0365;;V1;2;HB;3;5;0;0;0;0;C29;FILTROS/RESPUESTOS;850812,75;VOLVO CONS // VOLVO CONS;VOE14530989 // VOE14531154;FILTROS;VOLVO EC 480D;8-VARIOS;1,338;0;KG;6355;0;850812,74;;;;;1;;;;
4;04-MAYOR A STOCK MAXIMO;1003334;ZSTO;FILTRO ACEITE F100 ELECTRONICA;U365;0365;;V1;2;HB;3;8;0;0;0;0;C29;FILTROS/RESPUESTOS;58792,66;FLEETGUARD // No aplica // //;LF16015 // P550011 // P551100. // W950/26;FILTROS;F-100;7-PESADO;0,72;0;KG;1458;0;226581,8;;;;;1;;;;
4;04-MAYOR A STOCK MAXIMO;1003341;ZSTO;FILTRO SECADOR AIRE;U365;0365;;V1;2;HB;3;6;0;0;0;0;C29;FILTROS/RESPUESTOS;99238;WABCO // FLEETGUARD // // HENGST //;4324100202 // AF27817 // P781466 // T250W // TB1374X;FILTROS;VW (WACO);7-PESADO;2,66;0;KG;3570;0;286152,6;;;;;1;;;;
4;04-MAYOR A STOCK MAXIMO;1003348;ZSTO;FILTRO ACEITE GE.AMAN (BAJO);U365;0365;;V1;2;HB;3;4;0;0;0;0;C29;FILTROS/RESPUESTOS;60193,04;FLEETGUARD //;LF699 // OB1028;FILTROS;AMAN;8-VARIOS;0;0;KG;0;0;60193,01;;;;;1;;;;
3;03-MAYOR A PUNTO DE PEDIDO;1003373;ZSTO;FILTROAIREACONDCABINAEXTERIORINTERIOR;U365;0365;;V1;9;HB;16;11;0;0;0;0;C29;FILTROS/RESPUESTOS;380942,76;VOLVO CONS;21758906;FILTROS;VOLVO FM460;9-FRAGIL;0,22;0;KG;2420;0;380942,75;;;;1;;;;;
4;04-MAYOR A STOCK MAXIMO;1003393;ZSTO;ORING PARA TAPA BLOW BY;U365;0365;;V1;2;HB;2;6;0;0;0;0;C29;FILTROS/RESPUESTOS;185786,76;CNH INDUST;2996234;REPUESTOS;IVECO;9-FRAGIL;0,02;0;KG;0;0;185786,77;;;;;1;;;;
4;04-MAYOR A STOCK MAXIMO;1003534;ZSTO;TUERCA DE RUEDA - IVECO ASTRA;U365;0365;;V1;17;HB;30;57;0;0;0;0;C03;EQUIPOS;518971,32;CNH // CNH INDUST;41031725 // 5801644126;REPUESTOS;CAMIONES;7-PESADO;0,14;0;KG;50,625;0;518971,59;;;;;1;;;;
4;04-MAYOR A STOCK MAXIMO;1003718;ZSTO;BULON DE CUCHILLAS LATERALES M.;U365;0365;;V1;34;HB;60;79;0;0;0;0;C29;FILTROS/RESPUESTOS;152421,81;CATERPILLA;1J6762;REPUESTOS;CAT 140K;7-PESADO;0,18;0;KG;56,549;0;152421,81;;;;;1;;;;
4;04-MAYOR A STOCK MAXIMO;1003856;ZSTO;TRABA ESC.;U365;0365;;V1;16;HB;27;38;0;0;0;0;C29;FILTROS/RESPUESTOS;278866,8;CATERPILLA;5K1459;REPUESTOS;CAT 140K;7-PESADO;0,3;0;KG;55;0;344866,8;;;;;1;;;;
3;03-MAYOR A PUNTO DE PEDIDO;1003904;ZSTO;SUPLEMENTO GUIA;U365;0365;;V1;5;HB;8;8;0;0;0;0;C29;FILTROS/RESPUESTOS;162029,1;CATERPILLA // // CATERPILLA;5T8366 // 4461524 // 4461524;REPUESTOS;CAT 140H;7-PESADO;0,89;0;KG;300;0;416304,61;;;;1;;;;;
2;02-MENOR A PUNTO DE PEDIDO;1003905;ZSTO;SUPLEMENTO CIRC.;U365;0365;;V1;13;HB;22;10;0;0;0;0;C29;FILTROS/RESPUESTOS;6610,51;CATERPILLA //;1289654 // 3807417;REPUESTOS;CAT 140H;8-VARIOS;0,12;0;KG;216;0;57370,51;;1;;;;;;;
3;03-MAYOR A PUNTO DE PEDIDO;1003953;ZSTO;BATERIA 12V 75AMP;U365;0365;;RE;9;HB;16;12;0;0;0;0;C03;EQUIPOS;1690144,08;MOURA;M30LD;REPUESTOS;hilux 2017 en adelante;7-PESADO;16,5;0;KG;9044;0;1690144,06;;;;1;;;;;
2;02-MENOR A PUNTO DE PEDIDO;1003954;ZSTO;BATERIA 12V 180AMP;U365;0365;;RE;9;HB;16;8;0;0;0;0;C29;FILTROS/RESPUESTOS;1917355,36;;25 PLACAS POR ELEMENTO;REPUESTOS;MAQUINARIA PESADA;7-PESADO;43;0;KG;23126,475;0;1917355,36;;1;;;;;;;
3;03-MAYOR A PUNTO DE PEDIDO;1003957;ZSTO;BATERIA 12V 110 AMP  318X162X220;U365;0365;;RE;11;HB;19;12;0;0;0;0;C29;FILTROS/RESPUESTOS;2373277,92;MOURA;ME100HA;REPUESTOS;BOMAG;7-PESADO;24,5;0;KG;11781;0;2373277,91;;;;1;;;;;
4;04-MAYOR A STOCK MAXIMO;1004006;ZSTO;BULON DE CUCHILLA;U365;0365;;V1;21;HB;36;82;0;0;0;0;C29;FILTROS/RESPUESTOS;692041,46;JOHN DEERE // CATERPILLA // No aplica;09H1759 // 4F3656 // 09H1776;DESGASTE;JD 310J;7-PESADO;0,91;0;KG;38,8;0;692041,66;;;;;1;;;;
4;04-MAYOR A STOCK MAXIMO;1004009;ZSTO;LAMPARA 12V-10W X UN;U365;0365;;V1;5;HB;8;12;0;0;0;0;C29;FILTROS/RESPUESTOS;3372;;BA15S;REPUESTOS;ELECTRICIDAD AUTOMOTOR;9-FRAGIL;0,005;0;KG;10,996;0;3372;;;;;1;;;;
4;04-MAYOR A STOCK MAXIMO;1004010;ZSTO;LAMPARA 12V-10W TUBULAR X UN;U365;0365;;V1;5;HB;8;18;0;0;0;0;C29;FILTROS/RESPUESTOS;7433,28;;SV85;REPUESTOS;ELECTRICIDAD AUTOMOTOR;9-FRAGIL;0,02;0;KG;3,534;0;7433,28;;;;;1;;;;
4;04-MAYOR A STOCK MAXIMO;1004011;ZSTO;LAMPARA 12V-5W S CULOTE X UN;U365;0365;;V1;5;HB;8;18;0;0;0;0;C03;EQUIPOS;3355,74;;PHILIPS-OSRAM;REPUESTOS;ELECTRICIDAD AUTOMOTOR;9-FRAGIL;0,001;0;KG;1,257;0;3355,74;;;;;1;;;;
4;04-MAYOR A STOCK MAXIMO;1004012;ZSTO;LAMPARA 12V-5W C CULOTE X UN;U365;0365;;V1;5;HB;8;33;0;0;0;0;C29;FILTROS/RESPUESTOS;9136,38;;BA15S;REPUESTOS;ELECTRICIDAD AUTOMOTOR;9-FRAGIL;0,005;0;KG;10,996;0;9136,38;;;;;1;;;;
4;04-MAYOR A STOCK MAXIMO;1004013;ZSTO;LAMPARA 12V-5W TUBULAR X UN;U365;0365;;V1;5;HB;8;46;0;0;0;0;C29;FILTROS/RESPUESTOS;14073,7;;C5W;REPUESTOS;ELECTRICIDAD AUTOMOTOR;9-FRAGIL;0,001;0;KG;2,985;0;14073,7;;;;;1;;;;
3;03-MAYOR A PUNTO DE PEDIDO;1004014;ZSTO;LAMPARA 12V-H7 55W X UN;U365;0365;;V1;18;HB;31;25;0;0;0;0;C03;EQUIPOS;187912,5;;PX26D;REPUESTOS;ELECTRICIDAD AUTOMOTOR;9-FRAGIL;0,015;0;KG;63,525;0;187912,42;;;;1;;;;;
4;04-MAYOR A STOCK MAXIMO;1004015;ZSTO;LAMPARA 12V-H3 55W X UN;U365;0365;;V1;9;HB;16;22;0;0;0;0;C03;EQUIPOS;76457,7;;PK22S;REPUESTOS;ELECTRICIDAD AUTOMOTOR;9-FRAGIL;0,01;0;KG;40,625;0;76457,78;;;;;1;;;;
4;04-MAYOR A STOCK MAXIMO;1004016;ZSTO;LAMPARA 12V-H1 55W X UN;U365;0365;;V1;5;HB;8;50;0;0;0;0;C29;FILTROS/RESPUESTOS;71706,5;;P145S;REPUESTOS;ELECTRICIDAD AUTOMOTOR;9-FRAGIL;0,005;0;KG;32,5;0;71706,5;;;;;1;;;;
4;04-MAYOR A STOCK MAXIMO;1004018;ZSTO;LAMPARA 12V-4W X UN;U365;0365;;V1;5;HB;8;18;0;0;0;0;C29;FILTROS/RESPUESTOS;4388,58;;BA9S;REPUESTOS;ELECTRICIDAD AUTOMOTOR;9-FRAGIL;0,001;0;KG;1,964;0;4388,58;;;;;1;;;;
4;04-MAYOR A STOCK MAXIMO;1004019;ZSTO;LAMPARA 12V-21 4W X UN;U365;0365;;V1;5;HB;8;19;0;0;0;0;C29;FILTROS/RESPUESTOS;12534,3;;BAZ15d;REPUESTOS;ELECTRICIDAD AUTOMOTOR;9-FRAGIL;0,01;0;KG;22,089;0;12534,3;;;;;1;;;;
4;04-MAYOR A STOCK MAXIMO;1004020;ZSTO;LAMPARA 12V-H4 P43T X UN;U365;0365;;V1;5;HB;8;12;0;0;0;0;C29;FILTROS/RESPUESTOS;37057,32;;P43T38;REPUESTOS;ELECTRICIDAD AUTOMOTOR;9-FRAGIL;0,03;0;KG;154,63;0;37057,35;;;;;1;;;;
4;04-MAYOR A STOCK MAXIMO;1004021;ZSTO;LAMPARA 12V-H4 P45T X UN;U365;0365;;V1;5;HB;8;28;0;0;0;0;C29;FILTROS/RESPUESTOS;85618,4;;P45T41;REPUESTOS;ELECTRICIDAD AUTOMOTOR;9-FRAGIL;0,035;0;KG;154,63;0;85618,4;;;;;1;;;;
4;04-MAYOR A STOCK MAXIMO;1004022;ZSTO;LAMPARA 12V-21 5W X UN;U365;0365;;V1;5;HB;8;20;0;0;0;0;C03;EQUIPOS;8099,2;;PATADESPBAY15D;REPUESTOS;ELECTRICIDAD AUTOMOTOR;9-FRAGIL;0,01;0;KG;22,089;0;8099,2;;;;;1;;;;
4;04-MAYOR A STOCK MAXIMO;1004023;ZSTO;LAMPARA 12V-21 5 X UN;U365;0365;;V1;5;HB;8;40;0;0;0;0;C29;FILTROS/RESPUESTOS;24720;;PATAPAREJABA15D;REPUESTOS;ELECTRICIDAD AUTOMOTOR;9-FRAGIL;0,05;0;KG;22,089;0;24720;;;;;1;;;;
4;04-MAYOR A STOCK MAXIMO;1004024;ZSTO;LAMPARA 12V-21W X UN;U365;0365;;V1;5;HB;8;58;0;0;0;0;C29;FILTROS/RESPUESTOS;21570,2;;BA15S;REPUESTOS;ELECTRICIDAD AUTOMOTOR;9-FRAGIL;0,01;0;KG;22,089;0;21570,2;;;;;1;;;;
4;04-MAYOR A STOCK MAXIMO;1004025;ZSTO;LAMPARA 12V-1,2W S CULOTE X UN;U365;0365;;V1;5;HB;8;29;0;0;0;0;C03;EQUIPOS;6388,7;;PHILIPS-OSRAM;REPUESTOS;ELECTRICIDAD AUTOMOTOR;9-FRAGIL;0,001;0;KG;0,393;0;6388,7;;;;;1;;;;
4;04-MAYOR A STOCK MAXIMO;1004026;ZSTO;LAMPARA 12V-27 7W E1 2HB X UN;U365;0365;;V1;5;HB;8;27;0;0;0;0;C29;FILTROS/RESPUESTOS;40688,19;;SYL3157;REPUESTOS;ELECTRICIDAD AUTOMOTOR;9-FRAGIL;0,005;0;KG;24,544;0;40688,19;;;;;1;;;;
4;04-MAYOR A STOCK MAXIMO;1004027;ZSTO;LAMPARA 12V-21W AMBAR X UN;U365;0365;;V1;14;HB;24;39;0;0;0;0;C29;FILTROS/RESPUESTOS;20805,96;;BAU15S;REPUESTOS;ELECTRICIDAD AUTOMOTOR;9-FRAGIL;0,005;0;KG;22,089;0;32376,21;;;;;1;;;;
4;04-MAYOR A STOCK MAXIMO;1004028;ZSTO;LAMPARA 12V-16W S CULOTE X UN;U365;0365;;V1;5;HB;8;20;0;0;0;0;C29;FILTROS/RESPUESTOS;10743,8;;W16W;REPUESTOS;ELECTRICIDAD AUTOMOTOR;9-FRAGIL;0,001;0;KG;6,185;0;10743,8;;;;;1;;;;
4;04-MAYOR A STOCK MAXIMO;1004029;ZSTO;LAMPARA 12V-1,2W C PORTALAMPARA X UN;U365;0365;;V1;5;HB;8;25;0;0;0;0;C29;FILTROS/RESPUESTOS;24793,5;;BAX10S;REPUESTOS;ELECTRICIDAD AUTOMOTOR;9-FRAGIL;0,001;0;KG;1,571;0;24793,5;;;;;1;;;;
3;03-MAYOR A PUNTO DE PEDIDO;1004030;ZSTO;LAMPARA 24V-5W S CULOTE XUN;U365;0365;;V1;5;HB;8;8;0;0;0;0;C29;FILTROS/RESPUESTOS;5257,04;;PHILIPS-OSRAM;REPUESTOS;ELECTRICIDAD AUTOMOTOR;9-FRAGIL;0,001;0;KG;1,257;0;5257,04;;;;1;;;;;
4;04-MAYOR A STOCK MAXIMO;1004031;ZSTO;LAMPARA 24V-21 5W PATA PAREJ. X UN;U365;0365;;V1;5;HB;8;32;0;0;0;0;C29;FILTROS/RESPUESTOS;13388,49;;BA15D;REPUESTOS;ELECTRICIDAD AUTOMOTOR;9-FRAGIL;0,005;0;KG;22,089;0;22272,79;;;;;1;;;;
4;04-MAYOR A STOCK MAXIMO;1004032;ZSTO;LAMPARA 24V-21 5W PATA DESP. X UN;U365;0365;;V1;5;HB;8;35;0;0;0;0;C29;FILTROS/RESPUESTOS;13500;;;REPUESTOS;ELECTRICIDAD AUTOMOTOR;9-FRAGIL;0,009;0;KG;28,125;0;23004,15;;;;;1;;;;
2;02-MENOR A PUNTO DE PEDIDO;1004033;ZSTO;LAMPARA 24V-5W C CULOTE X UN;U365;0365;;V1;5;HB;8;1;0;0;0;0;C29;FILTROS/RESPUESTOS;306,23;;BA15S;REPUESTOS;ELECTRICIDAD AUTOMOTOR;9-FRAGIL;0,004;0;KG;12;0;306,23;;1;;;;;;;
4;04-MAYOR A STOCK MAXIMO;1004034;ZSTO;LAMPARA 24V-1.2W C PORTA LAMPARA X UN;U365;0365;;V1;5;HB;8;13;0;0;0;0;C29;FILTROS/RESPUESTOS;8528,96;;B85D;REPUESTOS;ELECTRICIDAD AUTOMOTOR;9-FRAGIL;0,001;0;KG;2,262;0;18446,31;;;;;1;;;;
4;04-MAYOR A STOCK MAXIMO;1004035;ZSTO;LAMPARA 24V-5W TUBULAR XUN;U365;0365;;V1;5;HB;8;37;0;0;0;0;C29;FILTROS/RESPUESTOS;11625,92;;;REPUESTOS;ELECTRICIDAD AUTOMOTOR;9-FRAGIL;0,001;0;KG;4,911;0;18650,72;;;;;1;;;;
4;04-MAYOR A STOCK MAXIMO;1004036;ZSTO;LAMPARA 24V-1.2W S CULOTE X UN;U365;0365;;V1;5;HB;8;12;0;0;0;0;C03;EQUIPOS;2260,44;;BAY15D;REPUESTOS;ELECTRICIDAD AUTOMOTOR;9-FRAGIL;0,001;0;KG;0,163;0;8045,53;;;;;1;;;;
4;04-MAYOR A STOCK MAXIMO;1004037;ZSTO;LAMPARA 24V-4W X UN;U365;0365;;V1;5;HB;8;12;0;0;0;0;C29;FILTROS/RESPUESTOS;4702,53;;BA9S;REPUESTOS;ELECTRICIDAD AUTOMOTOR;9-FRAGIL;0,001;0;KG;1,964;0;13380,24;;;;;1;;;;
4;04-MAYOR A STOCK MAXIMO;1004038;ZSTO;LAMPARA 24V-21W P PAREJA XUN;U365;0365;;V1;5;HB;8;10;0;0;0;0;C29;FILTROS/RESPUESTOS;4091,1;;BA15S;REPUESTOS;ELECTRICIDAD AUTOMOTOR;9-FRAGIL;0,008;0;KG;2,454;0;4091,1;;;;;1;;;;
4;04-MAYOR A STOCK MAXIMO;1004039;ZSTO;LAMPARA 24V-H1 70W X UN;U365;0365;;V1;5;HB;8;37;0;0;0;0;C29;FILTROS/RESPUESTOS;60545,69;;P145S;REPUESTOS;ELECTRICIDAD AUTOMOTOR;9-FRAGIL;0,01;0;KG;40,625;0;60545,69;;;;;1;;;;
3;03-MAYOR A PUNTO DE PEDIDO;1004040;ZSTO;LAMPARA 24V-H3 70W X UN;U365;0365;;V1;14;HB;24;21;0;0;0;0;C29;FILTROS/RESPUESTOS;86671,2;;PK22S;REPUESTOS;ELECTRICIDAD AUTOMOTOR;9-FRAGIL;0,007;0;KG;35;0;157332,31;;;;1;;;;;
4;04-MAYOR A STOCK MAXIMO;1004041;ZSTO;LAMPARA 24V-75 70W P45T X UN;U365;0365;;V1;5;HB;8;23;0;0;0;0;C29;FILTROS/RESPUESTOS;94509,99;;P45T41;REPUESTOS;ELECTRICIDAD AUTOMOTOR;9-FRAGIL;0,03;0;KG;154,63;0;94509,99;;;;;1;;;;
3;03-MAYOR A PUNTO DE PEDIDO;1004042;ZSTO;LAMPARA 24V-H7 70W X UN;U365;0365;;V1;9;HB;16;10;0;0;0;0;C29;FILTROS/RESPUESTOS;0;;PX26D-PHILIPS-OSRAM;REPUESTOS;ELECTRICIDAD AUTOMOTOR;9-FRAGIL;0,014;0;KG;73,5;0;170247,9;;;;1;;;;;
3;03-MAYOR A PUNTO DE PEDIDO;1004043;ZSTO;LAMPARA 24V-75 70W P43T X UN;U365;0365;;V1;5;HB;8;8;0;0;0;0;C29;FILTROS/RESPUESTOS;26115,76;;P43T38;REPUESTOS;ELECTRICIDAD AUTOMOTOR;9-FRAGIL;0,03;0;KG;141,75;0;26115,76;;;;1;;;;;
3;03-MAYOR A PUNTO DE PEDIDO;1004046;ZSTO;BATERIA 12V 200 AMP;U365;0365;;RE;8;HB;13;9;0;0;0;0;C29;FILTROS/RESPUESTOS;3682545,93;LEVAS BOSC // LEVAS BOSC // LEVAS BOSC // VOLVO CONS;4180E12VOL180AH1390 // BAT BOSCH S4200E // S5X 220E BOSCH // 22813727;REPUESTOS;VOLVO FMX HID VOLCADORA;7-PESADO;58,5;0;KG;26574;0;3682545,94;;;;1;;;;;
4;04-MAYOR A STOCK MAXIMO;1004051;ZSTO;ARANDELA P 1D-4635 4J-9208 X UN;U365;0365;;V1;8;HB;13;26;0;0;0;0;C29;FILTROS/RESPUESTOS;192422,36;CATERPILLA;3K5234;REPUESTOS;CAT 324/330;8-VARIOS;0,055;0;KG;8,675;0;192422,24;;;;;1;;;;
3;03-MAYOR A PUNTO DE PEDIDO;1004163;ZSTO;ORING DE BALDE;U365;0365;;V1;4;HB;6;6;0;0;0;0;C29;FILTROS/RESPUESTOS;42144,18;CATERPILLA;3678467;REPUESTOS;CAT 320;8-VARIOS;0,046;0;KG;201,062;0;42144,19;;;;1;;;;;
4;04-MAYOR A STOCK MAXIMO;1004264;ZSTO;BULON DE RUEDA;U365;0365;;V1;17;HB;30;93;0;0;0;0;C29;FILTROS/RESPUESTOS;2705812,68;VOLVO CONS //;21147687 // 24076067;REPUESTOS;VOLVO 460 FMX;7-PESADO;0,444;0;KG;118,279;0;2705813,03;;;;;1;;;;
3;03-MAYOR A PUNTO DE PEDIDO;1004265;ZSTO;KIT DE 6 MUESTRAS DE ACEITE CON MANGUERA;U365;0365;;V1;8;HB;13;12;0;0;0;0;C29;FILTROS/RESPUESTOS;3304600,92;CATERPILLA;9Z0009100;REPUESTOS;KIT MUESTRA;9-FRAGIL;0,904;0;KG;13852,875;0;3304600,96;;;;1;;;;;
3;03-MAYOR A PUNTO DE PEDIDO;1004317;ZSTO;ACEITE CAJA DE CAMBIOS x 205LTS;U365;0365;;RE;1;HB;2;2;0;0;0;0;C29;FILTROS/RESPUESTOS;11355525,72;VOLVO CONS // //;97307//85136284 // TRAXIUM GEAR 8 75W80 // 97315;LUBRICANTES;VOLVO;2-TACHO;180;0;KG;235025,86;0;11355525,72;;;;1;;;;;
3;03-MAYOR A PUNTO DE PEDIDO;1004687;ZSTO;TUERCA DE RUEDA VOLVO;U365;0365;;V1;17;HB;30;27;0;0;0;0;C29;FILTROS/RESPUESTOS;727532,01;VOLVO CONS;21303956;REPUESTOS;VOLVO 460 FMX;7-PESADO;0,173;0;KG;4768,875;0;727532,08;;;;1;;;;;
4;04-MAYOR A STOCK MAXIMO;1009474;ZSTO;"PANTALON TERMICO ""ROJO"" T S";U365;0365;;V1;24;HB;41;53;0;0;0;0;C28;SEGURIDAD/ROPA/EPP;896515,14;;;ROPA;INDUMENTARIA -15;8-VARIOS;0;0;KG;0;0;896515,14;;;;;1;;;;
2;02-MENOR A PUNTO DE PEDIDO;1009475;ZSTO;"PANTALON TERMICO ""ROJO"" T M";U365;0365;;V1;24;HB;41;18;0;0;0;0;C28;SEGURIDAD/ROPA/EPP;236815,32;;;ROPA;INDUMENTARIA -15;8-VARIOS;0;0;KG;0;0;382509,82;;1;;;;;;;
3;03-MAYOR A PUNTO DE PEDIDO;1009478;ZSTO;"PANTALON TERMICO ""ROJO"" T XXL";U365;0365;;V1;24;HB;41;33;0;0;0;0;C28;SEGURIDAD/ROPA/EPP;16915,38;;;ROPA;INDUMENTARIA -15;8-VARIOS;0;0;KG;0;0;1183255,38;;;;1;;;;;
4;04-MAYOR A STOCK MAXIMO;1009479;ZSTO;"PANTALON TERMICO ""ROJO"" T XXXL";U365;0365;;V1;24;HB;41;44;0;0;0;0;C28;SEGURIDAD/ROPA/EPP;236815,32;;;ROPA;INDUMENTARIA -15;8-VARIOS;0;0;KG;0;0;1329944,07;;;;;1;;;;
3;03-MAYOR A PUNTO DE PEDIDO;1013522;ZSCD;ACEITE DIFERENCIALES VOLVO97312 x 205LTS;U365;0365;;V1;1;HB;2;2;0;0;0;0;C29;FILTROS/RESPUESTOS;9781143,86;SHELL PLC.;SPIRAX S6 GXME 75W90;LUBRICANTES;LUBRICANTES;?;0;0;KG;0;0;9781143,84;;;;1;;;;;
4;04-MAYOR A STOCK MAXIMO;1013523;ZSCD;"ACEITE ISO&#160; HIDRAULICO BP32 x 205L";U365;0365;;V1;1;HB;2;3;0;0;0;0;C29;FILTROS/RESPUESTOS;0;;;LUBRICANTES;?;?;220;0;KG;232385,12;0;1094056,25;;;;;1;;;;
4;04-MAYOR A STOCK MAXIMO;1013535;ZSCD;CUBIERTA 295/80 R22.5 FG85/FG01 DELANT;U365;0365;;V1;2;HB;3;5;0;0;0;0;C21;COMBUSTIBLE;1524156,18;;;CUBIERTAS;AUTOMOTOR;?;0;0;KG;0;0;2167131,38;;;;;1;;;;
3;03-MAYOR A PUNTO DE PEDIDO;1015782;ZSSD;CINTA REFLECTIVA BLANCA X MTS;U365;0365;;V1;356;HB;627;625;0;0;0;0;C27;FERRETERIA MR01;0;;;SEGURIDAD;SEÑALIZACION;?;0;0;KG;0;0;1250275,04;;;;1;;;;;
3;03-MAYOR A PUNTO DE PEDIDO;1015783;ZSSD;CINTA REFLECTIVA ROJA X MTS;U365;0365;;V1;356;HB;627;624;0;0;0;0;C27;FERRETERIA MR01;0;;;SEGURIDAD;SEÑALIZACION;?;0;0;KG;0;0;1362858,6;;;;1;;;;;
3;03-MAYOR A PUNTO DE PEDIDO;1015787;ZSSD;DESODORANTE EN AEROSOL X UN;U365;0365;;V1;9;HB;16;13;0;0;0;0;C17;INSUMOS A;0;;;LIMPIEZA;INSUMO;?;0;0;KG;0;0;38749,58;;;;1;;;;;
4;04-MAYOR A STOCK MAXIMO;1015789;ZSSD;DETERGENTE X 5 LTS;U365;0365;;V1;5;HB;8;9;0;0;0;0;C17;INSUMOS A;0;;;LIMPIEZA;LIMPIEZA /SEGURIDAD;?;0;0;KG;0;0;57762,79;;;;;1;;;;
3;03-MAYOR A PUNTO DE PEDIDO;1015800;ZSSD;GUANTE VAQUETA MEDIO PASEO FORRADO X PAR;U365;0365;;V1;267;HB;470;319;0;0;0;0;C28;SEGURIDAD/ROPA/EPP;0;;MÚLT. 12U;SEGURIDAD;GUANTE;?;0;0;KG;0;0;1172193,05;;;;1;;;;;
2;02-MENOR A PUNTO DE PEDIDO;1015809;ZSSD;LIMPIA VIDRIOS X 5 LTS;U365;0365;;V1;6;HB;9;3;0;0;0;0;C17;INSUMOS A;0;;;LIMPIEZA;INSUMOS;?;0;0;KG;0;0;24295,05;;1;;;;;;;
3;03-MAYOR A PUNTO DE PEDIDO;1015810;ZSSD;LIMPIACONTACTO EN AEROSOL X UN;U365;0365;;V1;18;HB;31;27;0;0;0;0;C27;FERRETERIA MR01;0;;;LIMPIEZA;LIMPIEZA /SEGURIDAD;?;0;0;KG;0;0;241920;;;;1;;;;;
4;04-MAYOR A STOCK MAXIMO;1015811;ZSSD;LIMPIAMANOS EN GEL P/MECÁNICO X UN;U365;0365;;V1;6;HB;9;18;0;0;0;0;C17;INSUMOS A;37592,1;;;LIMPIEZA;?;?;0;0;KG;0;0;277753,26;;;;;1;;;;
3;03-MAYOR A PUNTO DE PEDIDO;1015925;ZSCD;KRIOX 3 - REFRIGERANTE ANTICONG. X20 LT;U365;0365;;V1;23;HB;39;25;0;0;0;0;C29;FILTROS/RESPUESTOS;0;;;INSUMOS;?;?;0;0;KG;0;0;2281272;;;;1;;;;;
4;04-MAYOR A STOCK MAXIMO;1015933;ZSCD;ACEITE ISO 46 HIDRAULICO BP46 x 205L;U365;0365;;V1;2;HB;3;6;0;0;0;0;C29;FILTROS/RESPUESTOS;185916,42;;;LUBRICANTES;ACEITES;?;0;0;KG;0;0;185916,43;;;;;1;;;;
2;02-MENOR A PUNTO DE PEDIDO;1015963;ZSCD;ANTEOJO LIBUS ECOLINE GRIS HC;U365;0365;;V1;89;HB;157;28;0;0;0;0;C28;SEGURIDAD/ROPA/EPP;0;;MÚLT. 10U;SEGURIDAD;EPP;?;0;0;KG;0;0;32640,58;;1;;;;;;;
4;04-MAYOR A STOCK MAXIMO;1015964;ZSCD;ANTEOJO LIBUS ECOLINE INCOLORO HC;U365;0365;;V1;29;HB;50;64;0;0;0;0;C28;SEGURIDAD/ROPA/EPP;0;;MÚLT. 10U;SEGURIDAD;EPP;?;0;0;KG;0;0;71680;;;;;1;;;;
3;03-MAYOR A PUNTO DE PEDIDO;1016017;ZSCD;BOTIN CONW 53 BAF MARRON FLOR P.ACER N36;U365;0365;;V1;3;HB;4;4;0;0;0;0;C28;SEGURIDAD/ROPA/EPP;0;;;SEGURIDAD;CALZADO;?;0;0;KG;0;0;182787,44;;;;1;;;;;
2;02-MENOR A PUNTO DE PEDIDO;1016074;ZSTO;UÑA BALDE HEAVY DUTY  - 66ARXE;U365;0365;;V1;6;HB;9;5;0;0;0;0;C29;FILTROS/RESPUESTOS;1614504,2;VOLVO CONS;VOE14732402;DESGASTE;VOLVO EC 480D;3-DESGASTE;23;0;KG;3856,705;0;1614504,18;;1;;;;;;;
2;02-MENOR A PUNTO DE PEDIDO;1016075;ZSTO;TRABA UÑA BALDE - 66P;U365;0365;;V1;6;HB;9;5;0;0;0;0;C29;FILTROS/RESPUESTOS;407724,8;VOLVO CONS;VOE17473106;DESGASTE;VOLVO EC 480D;7-PESADO;0;0;KG;0;0;407724,8;;1;;;;;;;
2;02-MENOR A PUNTO DE PEDIDO;1016076;ZSTO;SEGMENTO E/ PORTAUÑAS BALDE-50/60BPE120;U365;0365;;V1;3;HB;5;3;0;0;0;0;C29;FILTROS/RESPUESTOS;0;VOLVO CONS // VOLVO CONS;VOE14619306 // 50/60BPE120;DESGASTE;VOLVO EC 480D;3-DESGASTE;0;0;KG;0;0;410344,8;;1;;;;;;;
3;03-MAYOR A PUNTO DE PEDIDO;1016080;ZSCD;BOTIN CONW 53 BAF MARRON FLOR P.ACER N39;U365;0365;;V1;6;HB;10;10;0;0;0;0;C28;SEGURIDAD/ROPA/EPP;0;;;SEGURIDAD;CALZADO;?;0;0;KG;0;0;456968,6;;;;1;;;;;
2;02-MENOR A PUNTO DE PEDIDO;1016098;ZSTO;FILTRO DE AIRE PRIMARIO;U365;0365;;V1;3;HB;5;2;0;0;0;0;C29;FILTROS/RESPUESTOS;381258,06;VOLVO MAQU;17500260;FILTROS;VOLVO EC 480D;8-VARIOS;3,816;0;KG;46734,975;0;381258,07;;1;;;;;;;
2;02-MENOR A PUNTO DE PEDIDO;1016163;ZSTO;FILTRO TRAMPA DE AGUA;U365;0365;;V1;3;HB;5;2;0;0;0;0;C29;FILTROS/RESPUESTOS;404395,06;VOLVO MAQU;17515206;FILTROS;VOLVO EC 480D;8-VARIOS;1,197;0;KG;8139,194;0;404395,05;;1;;;;;;;
3;03-MAYOR A PUNTO DE PEDIDO;1016164;ZSTO;FILTRO DE BOMBA SERVO-SISTEMA;U365;0365;;V1;3;HB;5;5;0;0;0;0;C29;FILTROS/RESPUESTOS;1100951,55;VOLVO MAQU;14750655;FILTROS;VOLVO EC 480D;8-VARIOS;0,832;0;KG;3141,6;0;1100951,56;;;;1;;;;;
3;03-MAYOR A PUNTO DE PEDIDO;1016168;ZSTO;FILTRO LINEA MARTILLO HIDRAULICO;U365;0365;;V1;3;HB;5;4;0;0;0;0;C29;FILTROS/RESPUESTOS;1868166,56;VOLVO MAQU // VOLVO MAQU;14510898 // 14776943;FILTROS;VOLVO EC 480D;8-VARIOS;0,649;0;KG;2384,25;0;1868166,57;;;;1;;;;;
3;03-MAYOR A PUNTO DE PEDIDO;1016195;ZSTO;CUBIERTA DELANTERO 13 R 22.5 I;U365;0365;;V1;4;HB;6;6;0;0;0;0;C03;EQUIPOS;3448532,04;PIRELLI NE //;FG:01 // S811;CUBIERTAS;CAMION;5-CUBIERTAS;75;0;KG;77715;0;3448532,06;;;;1;;;;;
3;03-MAYOR A PUNTO DE PEDIDO;1016196;ZSTO;CUBIERTA TRASERO 13 R 22.5;U365;0365;;V1;8;HB;13;10;0;0;0;0;C03;EQUIPOS;1354782,28;PIRELLI NE // TRIANGLE T;TQ:01 // TR918 18PR;CUBIERTAS;CAMION;5-CUBIERTAS;78;0;KG;295411,2;0;8759740,92;;;;1;;;;;
4;04-MAYOR A STOCK MAXIMO;1016299;ZSTO;Filtro Combustible;U365;0365;;V1;2;HB;2;7;0;0;0;0;C29;FILTROS/RESPUESTOS;728870,45;CATERPILLA;436-7075;FILTROS;CAT 950L;7-PESADO;0,523;0;KG;3671,875;0;728870,45;;;;;1;;;;
2;02-MENOR A PUNTO DE PEDIDO;1016479;ZSCD;PROTECTOR SOLAR (CREMA) FACT 60 X 120ML;U365;0365;;V1;178;HB;313;151;0;0;0;0;C28;SEGURIDAD/ROPA/EPP;0;;;SEGURIDAD;INSUMO;?;0;0;KG;2185;0;3307023,82;;1;;;;;;;
3;03-MAYOR A PUNTO DE PEDIDO;1016480;ZSCD;PROTECTOR SOLAR DE LABIO x UN;U365;0365;;V1;143;HB;251;148;0;0;0;0;C28;SEGURIDAD/ROPA/EPP;0;;;SEGURIDAD;INSUMO;?;0;0;KG;2,185;0;683734,84;;;;1;;;;;
3;03-MAYOR A PUNTO DE PEDIDO;1016495;ZSSD;CASCO CARCAZA VERDE OSCURO;U365;0365;;V1;18;HB;31;21;0;0;0;0;C28;SEGURIDAD/ROPA/EPP;0;;;SEGURIDAD;ACCESORIO SEGURIDAD;?;0;0;KG;0;0;84632,4;;;;1;;;;;
4;04-MAYOR A STOCK MAXIMO;1016496;ZSSD;GUANTE DE ALTO IMPACTO;U365;0365;;V1;86;HB;150;230;0;0;0;0;C28;SEGURIDAD/ROPA/EPP;0;;MÚLT. 12U;SEGURIDAD;ACCESORIO SEGURIDAD;?;0;0;KG;0;0;1124574,08;;;;;1;;;;
4;04-MAYOR A STOCK MAXIMO;1016645;ZSSD;CMASTRA FILTRO DE AIRE PRIMARIO;U365;0365;;V1;6;HB;9;11;0;0;0;0;AGV;COMPRAS AGV;0;DONALDSON;P777871/CNH 98128075AS/FAMEL FSR8075;REPUESTOS;FILTROS;?;0;0;KG;0;0;1525374,29;;;;;1;;;;
4;04-MAYOR A STOCK MAXIMO;1016646;ZSSD;CMASTRA FILTRO DE AIRE SECUNDARIO;U365;0365;;V1;6;HB;9;10;0;0;0;0;AGV;COMPRAS AGV;0;CNH INDUST;DONALDSON P777875/CNH 98128076AS;REPUESTOS;FILTROS;?;0;0;KG;0;0;764182,75;;;;;1;;;;
3;03-MAYOR A PUNTO DE PEDIDO;1016647;ZSSD;CMASTRA TRAMPA DE AGUA;U365;0365;;V1;6;HB;9;7;0;0;0;0;AGV;COMPRAS AGV;0;MAHLE FILT; FPT 5801586769;REPUESTOS;FILTROS;?;0;0;KG;0;0;821018,11;;;;1;;;;;
3;03-MAYOR A PUNTO DE PEDIDO;1016648;ZSSD;CMASTRA TRAMPA DE AGUA (CUADRADO);U365;0365;;V1;6;HB;9;7;0;0;0;0;AGV;COMPRAS AGV;0;DONALDSON;P550904;REPUESTOS;FILTROS;?;0;0;KG;0;0;246894,69;;;;1;;;;;
3;03-MAYOR A PUNTO DE PEDIDO;1016649;ZSSD;CMASTRA FILTRO DE COMBUSTIBLE;U365;0365;;V1;6;HB;9;7;0;0;0;0;AGV;COMPRAS AGV;0;DONALDSON;FPT 5801586769/MAHLE KC171/P763995;REPUESTOS;FILTROS;?;0;0;KG;0;0;339175,2;;;;1;;;;;
3;03-MAYOR A PUNTO DE PEDIDO;1016650;ZSSD;CMASTRA FILTRO ACEITE DE MOTOR;U365;0365;;V1;6;HB;9;9;0;0;0;0;AGV;COMPRAS AGV;0;DONALDSON;IVECO 2992544/MAHLE OC474/DONAL P551037;REPUESTOS;FILTROS;?;0;0;KG;0;0;350612,7;;;;1;;;;;
3;03-MAYOR A PUNTO DE PEDIDO;1016651;ZSSD;CMASTRA FILTRO HIDRAULICO;U365;0365;;V1;5;HB;8;6;0;0;0;0;AGV;COMPRAS AGV;0;SERVICIOS;P171534;REPUESTOS;FILTROS;?;0;0;KG;0;0;206479,75;;;;1;;;;;
2;02-MENOR A PUNTO DE PEDIDO;1016653;ZSSD;CMASTRA FILTRO SECADOR DE AIRE;U365;0365;;V1;5;HB;8;5;0;0;0;0;AGV;COMPRAS AGV;0;MAHLE FILT; AL12/AL24.;REPUESTOS;FILTROS;?;0;0;KG;0;0;206978,12;;1;;;;;;;
2;02-MENOR A PUNTO DE PEDIDO;1016655;ZSSD;CMASTRA CORREA ALTERNADOR;U365;0365;;V1;4;HB;6;3;0;0;0;0;AGV;COMPRAS AGV;0;REPUESTOS;12PK1815;REPUESTOS;CORREAS;?;0;0;KG;0;0;409695,04;;1;;;;;;;
3;03-MAYOR A PUNTO DE PEDIDO;1016657;ZSSD;CMASTRA CUBIERTA DELANTERA;U365;0365;;V1;2;HB;3;3;0;0;0;0;AGV;COMPRAS AGV;1;GOOD YEAR;235/95 R24;CUBIERTAS;CUBIERTAS;?;0;0;KG;0;0;1321488,6;;;;1;;;;;
2;02-MENOR A PUNTO DE PEDIDO;1016658;ZSSD;CMASTRA CUBIERTA TRASERA;U365;0365;;V1;3;HB;5;3;0;0;0;0;AGV;COMPRAS AGV;3;GOOD YEAR;235/95 R24;CUBIERTAS;CUBIERTAS;?;0;0;KG;0;0;3;;1;;;;;;;
2;02-MENOR A PUNTO DE PEDIDO;1016689;ZSSD;HC119FILTRO DE AIRE PRIMARIO;U365;0365;;V1;3;HB;5;3;0;0;0;0;AGV;COMPRAS AGV;0;DONALDSON;P61333 / FLEETGUARD - AF25962;REPUESTOS;FILTROS;?;0;0;KG;0;0;275007,76;;1;;;;;;;
2;02-MENOR A PUNTO DE PEDIDO;1016702;ZSTO;Filtro de Aire Primario;U365;0365;;V1;11;HB;19;11;0;0;0;0;C29;FILTROS/RESPUESTOS;925384,57;SANY HEAVY // DARMET;RPSAN160602020020A // EAP-1848;FILTROS;CAMION FUERA DE RUTA SANY SKT 90S;6-PESADO Y FRAGIL;6,24;0;KG;86975;0;925384,62;;1;;;;;;;
3;03-MAYOR A PUNTO DE PEDIDO;1016703;ZSTO;Filtro de Aire Secundario;U365;0365;;V1;11;HB;19;14;0;0;0;0;C29;FILTROS/RESPUESTOS;282724,4;SANY HEAVY // DARMET;RPSAN160602030016A // EAP-1849;FILTROS;CAMION FUERA DE RUTA SANY SKT 90S;8-VARIOS;1,629;0;KG;22796,4;0;282724,33;;;;1;;;;;
3;03-MAYOR A PUNTO DE PEDIDO;1016705;ZSTO;Filtro de Combustible;U365;0365;;V1;11;HB;19;12;0;0;0;0;C29;FILTROS/RESPUESTOS;441497,9;SANY HEAVY //;RPSAN160604020018 // P550529;FILTROS;CAMION FUERA DE RUTA SANY SKT 90S;7-PESADO;1,147;0;KG;2469,61;0;610776,12;;;;1;;;;;
2;02-MENOR A PUNTO DE PEDIDO;1016706;ZSTO;Filtro Secador de Aire - Frenos;U365;0365;;V1;3;HB;4;2;0;0;0;0;C29;FILTROS/RESPUESTOS;32487,36;SANY HEAVY //;RPSAN152599000112A001 // P951413;FILTROS;CAMION FUERA DE RUTA SANY SKT 90S;8-VARIOS;2,619;0;KG;2461,76;0;123580,36;;1;;;;;;;
2;02-MENOR A PUNTO DE PEDIDO;1016707;ZSTO;Filtro Aceite Retorno Hidraulico;U365;0365;;V1;3;HB;4;2;0;0;0;0;C29;FILTROS/RESPUESTOS;84425,52;SANY HEAVY //;RPSAN60101256 // SH85029;FILTROS;CAMION FUERA DE RUTA SANY SKT 90S;8-VARIOS;3,384;0;KG;16096,75;0;84425,52;;1;;;;;;;
2;02-MENOR A PUNTO DE PEDIDO;1016708;ZSTO;Filtro A/A Cabina Interior;U365;0365;;V1;6;HB;9;5;0;0;0;0;C29;FILTROS/RESPUESTOS;123949,4;SANY HEAVY;RPSAN141502000077;FILTROS;CAMION FUERA DE RUTA SANY SKT 90S;9-FRAGIL;0,051;0;KG;118,5;0;123949,38;;1;;;;;;;
3;03-MAYOR A PUNTO DE PEDIDO;1016709;ZSTO;Filtro A/A Cabina Exterior;U365;0365;;V1;6;HB;9;7;0;0;0;0;C29;FILTROS/RESPUESTOS;112037,8;SANY HEAVY;RPSAN141502000017;FILTROS;CAMION FUERA DE RUTA SANY SKT 90S;9-FRAGIL;0,052;0;KG;1852,5;0;112037,83;;;;1;;;;;
3;03-MAYOR A PUNTO DE PEDIDO;1016711;ZSTO;Filtro Trampa de Agua;U365;0365;;V1;12;HB;20;14;0;0;0;0;C29;FILTROS/RESPUESTOS;0;SANY HEAVY //;RPSAN160603020024A // P550778;FILTROS;CAMION FUERA DE RUTA SANY SKT 90S;8-VARIOS;1,159;0;KG;3099,25;0;507832,44;;;;1;;;;;
2;02-MENOR A PUNTO DE PEDIDO;1016712;ZSTO;Filtro Combustible c/ Sensor;U365;0365;;V1;11;HB;19;5;0;0;0;0;C29;FILTROS/RESPUESTOS;313706,85;SANY HEAVY //;RPSAN160604020017 // P 550778;FILTROS;CAMION FUERA DE RUTA SANY SKT 90S;8-VARIOS;1,157;0;KG;2843,5;0;313706,85;;1;;;;;;;
2;02-MENOR A PUNTO DE PEDIDO;1016713;ZSTO;Filtro Aceite Motor;U365;0365;;V1;11;HB;19;6;0;0;0;0;C29;FILTROS/RESPUESTOS;103772,76;SANY HEAVY // // // MANN;RPSAN60327523 // SO6193 // WP1169 // WP1169;FILTROS;CAMION FUERA DE RUTA SANY SKT 90S;7-PESADO;0,939;0;KG;2178;0;103772,76;;1;;;;;;;
2;02-MENOR A PUNTO DE PEDIDO;1016714;ZSTO;Filtro de Transmision;U365;0365;;V1;3;HB;4;2;0;0;0;0;C29;FILTROS/RESPUESTOS;273626,54;SANY HEAVY;RPSAN130202000093A023;FILTROS;CAMION FUERA DE RUTA SANY SKT 90S;8-VARIOS;0,381;0;KG;1912,848;0;273626,54;;1;;;;;;;
2;02-MENOR A PUNTO DE PEDIDO;1016715;ZSTO;Filtro Hidraulico Direccion;U365;0365;;V1;3;HB;4;1;0;0;0;0;C29;FILTROS/RESPUESTOS;65867,84;SANY HEAVY //;RPSAN60345316 // SH75010;FILTROS;CAMION FUERA DE RUTA SANY SKT 90S;8-VARIOS;0,219;0;KG;238,443;0;65867,84;;1;;;;;;;
2;02-MENOR A PUNTO DE PEDIDO;1016717;ZSTO;CORREA A/A SKT90;U365;0365;;V1;7;HB;11;5;0;0;0;0;C29;FILTROS/RESPUESTOS;94085,4;SANY HEAVY //;RPSAN60141428 // 6PK1400;CORREAS;CAMION FUERA DE RUTA SANY SKT 90S;8-VARIOS;0,14;0;KG;292,6;0;94085,4;;1;;;;;;;
2;02-MENOR A PUNTO DE PEDIDO;1016919;ZSSD;LUBRICANTE MULTIUSO WD-40 440CC;U365;0365;;V1;18;HB;31;13;0;0;0;0;C27;FERRETERIA MR01;0;;;FERRETERIA;ADHESIVOS/SELLADORES/LUBRICANT;?;0;0;KG;0;0;122669,82;;1;;;;;;;
4;04-MAYOR A STOCK MAXIMO;1016939;ZSSD;DESODORANTE LIQUIDO P PISO X5LT;U365;0365;;V1;2;HB;3;5;0;0;0;0;C17;INSUMOS A;0;;;LIMPIEZA;LIMPIEZA /SEGURIDAD;?;0;0;KG;0;0;17500;;;;;1;;;;
3;03-MAYOR A PUNTO DE PEDIDO;1016950;ZSSD;ARRANCAMOTOR AEROSOL WURTH START-RAPID;U365;0365;;V1;27;HB;47;40;0;0;0;0;C27;FERRETERIA MR01;0;;;FERRETERIA;INSUMOS;?;0;0;KG;0;0;262042,58;;;;1;;;;;
3;03-MAYOR A PUNTO DE PEDIDO;1016955;ZSSD;SOGA NAUTICA 10MM;U365;0365;;V1;18;HB;31;31;0;0;0;0;C27;FERRETERIA MR01;0;;MÚLT. 100 MTS;FERRETERIA;ACCESORIOS;?;0;0;KG;0;0;24274,86;;;;1;;;;;
3;03-MAYOR A PUNTO DE PEDIDO;1016957;ZSSD;SEPARADOR A4 PLASTICO C LENGUETAS;U365;0365;;V1;8;HB;13;10;0;0;0;0;C17;INSUMOS A;0;;MÚLT. 12U;LIBRERIA;PAPEL;?;0;0;KG;0;0;6583,14;;;;1;;;;;
3;03-MAYOR A PUNTO DE PEDIDO;1016965;ZSSD;PORTABLOCK ACRILICO C CLIP SUPERIOR;U365;0365;;V1;36;HB;63;44;0;0;0;0;C17;INSUMOS A;0;;;LIBRERIA;ACCESORIOS;?;0;0;KG;0;0;130978,86;;;;1;;;;;
3;03-MAYOR A PUNTO DE PEDIDO;1016975;ZSSD;MARCADOR P PIZARRA ROJO;U365;0365;;V1;11;HB;19;19;0;0;0;0;C17;INSUMOS A;0;;MÚLT. 10U;LIBRERIA;ESCRITURA;?;0;0;KG;0;0;13435,17;;;;1;;;;;
2;02-MENOR A PUNTO DE PEDIDO;1016976;ZSSD;MARCADOR P PIZARRA NEGRO;U365;0365;;V1;23;HB;39;14;0;0;0;0;C17;INSUMOS A;0;;MÚLT. 10U;LIBRERIA;ESCRITURA;?;0;0;KG;0;0;9895,2;;1;;;;;;;
2;02-MENOR A PUNTO DE PEDIDO;1016977;ZSSD;MARCADOR P PIZARRA AZUL;U365;0365;;V1;11;HB;19;9;0;0;0;0;C17;INSUMOS A;0;;MÚLT. 10U;LIBRERIA;ESCRITURA;?;0;0;KG;0;0;6122,6;;1;;;;;;;
2;02-MENOR A PUNTO DE PEDIDO;1016982;ZSSD;FOLIO A4 ST X100;U365;0365;;V1;6;HB;9;3;0;0;0;0;C17;INSUMOS A;0;;;LIBRERIA;PAPEL;?;0;0;KG;0;0;11886,36;;1;;;;;;;
3;03-MAYOR A PUNTO DE PEDIDO;1016995;ZSSD;BROCHES FLEX CON FILO N50 X1000;U365;0365;;V1;8;HB;14;14;0;0;0;0;C17;INSUMOS A;0;;;LIBRERIA;LIBRERIA;?;0;0;KG;0;0;45008,32;;;;1;;;;;
3;03-MAYOR A PUNTO DE PEDIDO;1016996;ZSSD;BROCHES CLIPS N5 X50;U365;0365;;V1;8;HB;14;13;0;0;0;0;C17;INSUMOS A;0;;;LIBRERIA;ACCESORIOS;?;0;0;KG;0;0;7338,35;;;;1;;;;;
2;02-MENOR A PUNTO DE PEDIDO;1016998;ZSSD;BOLIGRAFO TRAZO GRUESO NEGRO;U365;0365;;V1;27;HB;47;18;0;0;0;0;C17;INSUMOS A;0;;MÚLT. 50U;LIBRERIA;ESCRITURA;?;0;0;KG;0;0;8820;;1;;;;;;;
2;02-MENOR A PUNTO DE PEDIDO;1016999;ZSSD;BOLIGRAFO TRAZO GRUESO AZUL;U365;0365;;V1;72;HB;125;17;0;0;0;0;C17;INSUMOS A;0;;MÚLT. 50U;LIBRERIA;LIBRERIA;?;0;0;KG;0;0;8330;;1;;;;;;;
2;02-MENOR A PUNTO DE PEDIDO;1017003;ZSSD;BATERIA 9V;U365;0365;;V1;8;HB;13;8;0;0;0;0;C27;FERRETERIA MR01;0;;;FERRETERIA;BATERIAS;?;0;0;KG;0;0;59226,63;;1;;;;;;;
4;04-MAYOR A STOCK MAXIMO;1017005;ZSSD;CADENA PLASTICA ROJA Y BLANCA X ML;U365;0365;;V1;89;HB;157;2000;0;0;0;0;C28;SEGURIDAD/ROPA/EPP;0;;MÚLT. 50/100 MTS;SEGURIDAD;SEGURIDAD;?;0;0;KG;0;0;2142240;;;;;1;;;;
2;02-MENOR A PUNTO DE PEDIDO;1017009;ZSSD;BLOCK A5 ESPIRAL CUADRIC 70HS;U365;0365;;V1;14;HB;24;10;0;0;0;0;C17;INSUMOS A;0;;;LIBRERIA;LIBRERIA;?;0;0;KG;0;0;15414,7;;1;;;;;;;
3;03-MAYOR A PUNTO DE PEDIDO;1017013;ZSSD;CORRECTOR LAPIZ 7MM;U365;0365;;V1;11;HB;19;16;0;0;0;0;C17;INSUMOS A;0;;;LIBRERIA;ACCESORIOS;?;0;0;KG;0;0;6923,68;;;;1;;;;;
3;03-MAYOR A PUNTO DE PEDIDO;1017017;ZSSD;MARCADOR PERMANENTE ROJO;U365;0365;;V1;5;HB;8;8;0;0;0;0;C17;INSUMOS A;2782,64;;MÚLT. 10U;LIBRERIA;LIBRERIA;?;0;0;KG;0;0;2782,64;;;;1;;;;;
2;02-MENOR A PUNTO DE PEDIDO;1017024;ZSSD;SOPORTE P MATAFUEGO 10KG (COLGAR);U365;0365;;V1;9;HB;16;8;0;0;0;0;C28;SEGURIDAD/ROPA/EPP;0;;;FERRETERIA;ACCESORIO SEGURIDAD;?;0;0;KG;0;0;7200;;1;;;;;;;
3;03-MAYOR A PUNTO DE PEDIDO;1017025;ZSSD;SOPORTE P MATAFUEGO 5 KG (COLGAR);U365;0365;;V1;9;HB;16;12;0;0;0;0;C28;SEGURIDAD/ROPA/EPP;0;;;FERRETERIA;ACCESORIO SEGURIDAD;?;0;0;KG;0;0;10800;;;;1;;;;;
3;03-MAYOR A PUNTO DE PEDIDO;1017032;ZSSD;BORRADOR PIZARRA BLANCA;U365;0365;;V1;4;HB;6;6;0;0;0;0;C17;INSUMOS A;0;;;LIBRERIA;LIBRERIA;?;0;0;KG;0;0;15569,49;;;;1;;;;;
2;02-MENOR A PUNTO DE PEDIDO;1017034;ZSSD;TIJERA 17 CM C MANGO PLASTICO;U365;0365;;V1;5;HB;8;5;0;0;0;0;C17;INSUMOS A;0;;;LIBRERIA;ACCESORIOS;?;0;0;KG;0;0;6082,25;;1;;;;;;;
2;02-MENOR A PUNTO DE PEDIDO;1017035;ZSSD;GOMA DE BORRAR LAPIZ;U365;0365;;V1;6;HB;9;6;0;0;0;0;C17;INSUMOS A;0;;;LIBRERIA;LIBRERIA;?;0;0;KG;0;0;977,64;;1;;;;;;;
3;03-MAYOR A PUNTO DE PEDIDO;1017037;ZSSD;MARCADOR P PIZARRA VERDE;U365;0365;;V1;11;HB;19;16;0;0;0;0;C17;INSUMOS A;0;;MÚLT. 10U;LIBRERIA;ESCRITURA;?;0;0;KG;0;0;10820,42;;;;1;;;;;
3;03-MAYOR A PUNTO DE PEDIDO;1017038;ZSSD;CAJA ARCHIVO 42X32,5X26CM;U365;0365;;V1;23;HB;39;37;0;0;0;0;C17;INSUMOS A;0;;;LIBRERIA;LIBRERIA;?;0;0;KG;0;0;141002,19;;;;1;;;;;
3;03-MAYOR A PUNTO DE PEDIDO;1017046;ZSSD;CEPILLO VIOLIN P LAVAR COCHES;U365;0365;;V1;27;HB;47;40;0;0;0;0;C17;INSUMOS A;0;;;LIMPIEZA;?;?;0;0;KG;0;0;146578,46;;;;1;;;;;
4;04-MAYOR A STOCK MAXIMO;1017047;ZSSD;TRAPO REJILLA;U365;0365;;V1;14;HB;24;26;0;0;0;0;C17;INSUMOS A;0;;;LIMPIEZA;LIMPIEZA /SEGURIDAD;?;0;0;KG;0;0;54854,45;;;;;1;;;;
3;03-MAYOR A PUNTO DE PEDIDO;1017048;ZSSD;FRANELA;U365;0365;;V1;54;HB;94;68;0;0;0;0;C17;INSUMOS A;0;;;LIMPIEZA;LIMPIEZA /SEGURIDAD;?;0;0;KG;0;0;149530,67;;;;1;;;;;
3;03-MAYOR A PUNTO DE PEDIDO;1017049;ZSSD;TRAPO DE PISO REFORZADO;U365;0365;;V1;9;HB;16;11;0;0;0;0;C17;INSUMOS A;0;;;LIMPIEZA;LIMPIEZA /SEGURIDAD;?;0;0;KG;0;0;24371,05;;;;1;;;;;
3;03-MAYOR A PUNTO DE PEDIDO;1017055;ZSSD;ZAPATILLA ELECTRICA 6 TOMAS C CABLE 3M;U365;0365;;V1;2;HB;3;3;0;0;0;0;C11;ELECTRICIDAD;0;;DE 4 TOMAS;ELECTRICIDAD;ACCESORIOS;?;0;0;KG;0;0;44414,85;;;;1;;;;;
3;03-MAYOR A PUNTO DE PEDIDO;1017063;ZSSD;ESCOBILLON TIPO BARRANDERO;U365;0365;;V1;1;HB;2;2;0;0;0;0;C17;INSUMOS A;0;;;LIMPIEZA;?;?;0;0;KG;0;0;26279,34;;;;1;;;;;
4;04-MAYOR A STOCK MAXIMO;1017064;ZSSD;SECADOR DE PISO 50CM;U365;0365;;V1;1;HB;2;7;0;0;0;0;C17;INSUMOS A;0;;;LIMPIEZA;LIMPIEZA /SEGURIDAD;?;0;0;KG;0;0;49909,08;;;;;1;;;;
3;03-MAYOR A PUNTO DE PEDIDO;1017098;ZSSD;AGROPOL 100 MIC 4X50 MTS;U365;0365;;V1;2;HB;3;3;0;0;0;0;C27;FERRETERIA MR01;119526,4;;;FERRETERIA;FERRETERIA;?;0;0;KG;0;0;215175,52;;;;1;;;;;
3;03-MAYOR A PUNTO DE PEDIDO;1017138;ZSSD;ADHESIVO ALTA TEMPERAT TIP FASTIX X100GR;U365;0365;;V1;3;HB;5;5;0;0;0;0;C27;FERRETERIA MR01;0;;;EQUIPOS;ADHESIVOS;?;0;0;KG;0;0;44394,5;;;;1;;;;;
4;04-MAYOR A STOCK MAXIMO;1017140;ZSSD;ADHESIVO TRANSPARENTE TIPO FASTIX X25GR;U365;0365;;V1;2;HB;3;36;0;0;0;0;C27;FERRETERIA MR01;14267,52;;;EQUIPOS;ADHESIVOS;?;0;0;KG;0;0;14267,52;;;;;1;;;;
2;02-MENOR A PUNTO DE PEDIDO;1017141;ZSSD;ADHESIVO INSTANTAN TIPO LOCTITE 401X20GR;U365;0365;;V1;2;HB;3;2;0;0;0;0;C27;FERRETERIA MR01;0;;;EQUIPOS;ADHESIVOS;?;0;0;KG;0;0;21091,78;;1;;;;;;;
2;02-MENOR A PUNTO DE PEDIDO;1017222;ZSSD;LAPIZ A MINA 05 MM B;U365;0365;;V1;6;HB;9;3;0;0;0;0;C17;INSUMOS A;0;;;LIBRERIA;INSUMOS;?;0;0;KG;0;0;4592,04;;1;;;;;;;
2;02-MENOR A PUNTO DE PEDIDO;1017236;ZSSD;"LUSTRAMUEBLES ""BLEM"" - ORIGINAL XUN";U365;0365;;V1;72;HB;125;51;0;0;0;0;C17;INSUMOS A;0;;;LIMPIEZA;LIMPIEZA /SEGURIDAD;?;0;0;KG;0;0;235569;;1;;;;;;;
3;03-MAYOR A PUNTO DE PEDIDO;1017945;ZSSD;FILTRO SECADOR DE AIRE;U365;0365;;V1;1;HB;2;2;0;0;0;0;C29;FILTROS/RESPUESTOS;0;No aplica;MAHLE AL12;REPUESTOS;FILTRO;?;0;0;KG;1200;0;61002,8;;;;1;;;;;
2;02-MENOR A PUNTO DE PEDIDO;1017948;ZSTO;Conjunto Respiradero;U365;0365;;V1;3;HB;5;3;0;0;0;0;C29;FILTROS/RESPUESTOS;89127,84;CATERPILLA;1833873;REPUESTOS;140K;8-VARIOS;0,25;0;KG;48,08;0;89127,85;;1;;;;;;;
2;02-MENOR A PUNTO DE PEDIDO;1017962;ZSTO;Respiradero Tanque Combustible;U365;0365;;V1;3;HB;5;3;0;0;0;0;C29;FILTROS/RESPUESTOS;118054,86;JOHN DEERE;H216169;FILTROS;JD670D;8-VARIOS;13;0;KG;36,796;0;118054,86;;1;;;;;;;
3;03-MAYOR A PUNTO DE PEDIDO;1017963;ZSTO;John Deere Hydrau™ Hydraulic System Oil3;U365;0365;;V1;1;HB;2;2;0;0;0;0;C21;COMBUSTIBLE;251370;JOHN DEERE;TY27367 X 19LTS;LUBRICANTES;JD670G;8-VARIOS;17,5;0;KG;30175,4;0;251370;;;;1;;;;;
3;03-MAYOR A PUNTO DE PEDIDO;1018107;ZSTO;Filtro Cabina Exterior;U365;0365;;V1;1;HB;2;2;0;0;0;0;AGV;COMPRAS AGV;0;CATERPILLA // CATERPILLA;4572836 // 593-1532;FILTROS;CAT 815-F;8-VARIOS;1365;0;KG;23296;0;892240,84;;;;1;;;;;
3;03-MAYOR A PUNTO DE PEDIDO;1018128;ZSTO;Filtro Cabina Exterior;U365;0365;;V1;6;HB;9;8;0;0;0;0;C29;FILTROS/RESPUESTOS;351914,08;VOLVO MAQU;84425617;FILTROS;VOLVO 460 FMX;8-VARIOS;270;0;KG;2898;0;351914,11;;;;1;;;;;
3;03-MAYOR A PUNTO DE PEDIDO;1018137;ZSSD;RANGER FILTRO DE AIRE;U365;0365;;V1;1;HB;2;2;0;0;0;0;AGV;COMPRAS AGV;0;MOTORCRAFT;AB39/9601/AD;REPUESTOS;RANGER;?;0;0;KG;0;0;40053,75;;;;1;;;;;
4;04-MAYOR A STOCK MAXIMO;1018139;ZSSD;RANGER FILTRO DE MOTOR;U365;0365;;V1;1;HB;2;3;0;0;0;0;AGV;COMPRAS AGV;0;MOTORCRAFT;BB3Q/6744BA;REPUESTOS;RANGER;?;0;0;KG;0;0;14800,99;;;;;1;;;;
3;03-MAYOR A PUNTO DE PEDIDO;1018140;ZSSD;RANGER FILTRO DE CABINA;U365;0365;;V1;1;HB;2;2;0;0;0;0;AGV;COMPRAS AGV;0;MOTORCRAFT;R/FP/4;REPUESTOS;RANGER;?;0;0;KG;0;0;14212,56;;;;1;;;;;
4;04-MAYOR A STOCK MAXIMO;1018141;ZSSD;0020430614000 CORREA EN V;U365;0365;;V1;5;HB;8;13;0;0;0;0;AGV;COMPRAS AGV;0;MOTORCRAFT;FB3Q/6C301/GA;REPUESTOS;CORREAS;?;0;0;KG;0;0;573832,09;;;;;1;;;;
4;04-MAYOR A STOCK MAXIMO;1018153;ZSSD;RANGER FILTRO COMBUSTIBLE;U365;0365;;V1;1;HB;2;4;0;0;0;0;AGV;COMPRAS AGV;0;MOTORCRAFT;AB39/9155/DD;REPUESTOS;RANGER;?;0;0;KG;0;0;559788,3;;;;;1;;;;
3;03-MAYOR A PUNTO DE PEDIDO;1018257;ZSTO;FILTRO TRANSMISION;U365;0365;;V1;1;HB;2;2;0;0;0;0;C29;FILTROS/RESPUESTOS;58571,9;TEREX // // TEREX;H2650573 // P550445 // RPTXH2650573;FILTROS;PC350LC8;8-VARIOS;0,823;0;KG;1800;0;109592,5;;;;1;;;;;
2;02-MENOR A PUNTO DE PEDIDO;1018265;ZSSD;FILTRO DE AIRE PRIMARIO;U365;0365;;V1;5;HB;8;5;0;0;0;0;AGV;COMPRAS AGV;0;DONALDSON;P777871;FILTROS;FILTROS;?;0;0;KG;0;0;708120;;1;;;;;;;
3;03-MAYOR A PUNTO DE PEDIDO;1018266;ZSSD;FILTRO DE AIRE SECUNDARIO;U365;0365;;V1;5;HB;8;7;0;0;0;0;AGV;COMPRAS AGV;0;DONALDSON;P777875;FILTROS;FILTROS;?;0;0;KG;0;0;571830;;;;1;;;;;
4;04-MAYOR A STOCK MAXIMO;1018267;ZSSD;FILTRO DE COMBUSTIBLE;U365;0365;;V1;5;HB;8;11;0;0;0;0;AGV;COMPRAS AGV;0;DONALDSON;P763995;REPUESTOS;FILTROS;?;0;0;KG;0;0;528224,1;;;;;1;;;;
2;02-MENOR A PUNTO DE PEDIDO;1018268;ZSSD;CORREA DE COMPRESOR A/A;U365;0365;;V1;5;HB;8;1;0;0;0;0;AGV;COMPRAS AGV;0;LEVAS BOSC;4PK1157;REPUESTOS;CORREAS;?;0;0;KG;0;0;14049,59;;1;;;;;;;
4;04-MAYOR A STOCK MAXIMO;1018433;ZSSD;460E CORREA POLY V;U365;0365;;V1;5;HB;8;15;0;0;0;0;AGV;COMPRAS AGV;0;MOTORCRAFT;1750991;REPUESTOS;CORREAS;?;0;0;KG;0;0;875833,86;;;;;1;;;;
4;04-MAYOR A STOCK MAXIMO;1018449;ZSSD;EX021 FILTRO COMBUSTIBLE;U365;0365;;V1;1;HB;2;6;0;0;0;0;C03;EQUIPOS;70149,2;DONALDSON;P551026;FILTROS;?;?;0;0;KG;0;0;203385,6;;;;;1;;;;
4;04-MAYOR A STOCK MAXIMO;1018475;ZSSD;SAKAI FILTRO DE COMBUSTIBLE;U365;0365;;V1;3;HB;5;13;0;0;0;0;AGV;COMPRAS AGV;111810,15;FLEETGUARD;FF5421;REPUESTOS;FILTROS;?;0;0;KG;0;0;223932,59;;;;;1;;;;
3;03-MAYOR A PUNTO DE PEDIDO;1018495;ZSSD;FILTRO DE AIRE;U365;0365;;V1;3;HB;5;4;0;0;0;0;AGV;COMPRAS AGV;0;DONALDSON;P776158;FILTROS;?;?;0;0;KG;0;0;392937;;;;1;;;;;
2;02-MENOR A PUNTO DE PEDIDO;1018496;ZSSD;FILTRO DE ACEITE;U365;0365;;V1;6;HB;9;3;0;0;0;0;AGV;COMPRAS AGV;0;FLEETGUARD;LF3349;REPUESTOS;FILTROS;?;0;0;KG;0;0;36745,5;;1;;;;;;;
2;02-MENOR A PUNTO DE PEDIDO;1018497;ZSSD;FILTRO COMBUSTIBLE;U365;0365;;V1;8;HB;13;4;0;0;0;0;AGV;COMPRAS AGV;0;FLEETGUARD;FF5052;REPUESTOS;FILTROS;?;0;0;KG;0;0;60162;;1;;;;;;;
4;04-MAYOR A STOCK MAXIMO;1018498;ZSSD;FILTRO TRAMPA DE AGUA;U365;0365;;V1;8;HB;13;15;0;0;0;0;AGV;COMPRAS AGV;0;FLEETGUARD;FS1280;REPUESTOS;FILTROS;?;0;0;KG;0;0;252361,25;;;;;1;;;;
3;03-MAYOR A PUNTO DE PEDIDO;1018507;ZSTO;Filtro Cabina - Habitaculo;U365;0365;;V1;1;HB;2;2;0;0;0;0;C29;FILTROS/RESPUESTOS;90959,44;COMPACTADO //;05579415 // SC50347;FILTROS;BOMAG BW213;8-VARIOS;0,081;0;KG;1936;0;90959,44;;;;1;;;;;
3;03-MAYOR A PUNTO DE PEDIDO;1018510;ZSTO;Filtro Hidraulico;U365;0365;;V1;1;HB;2;2;0;0;0;0;C29;FILTROS/RESPUESTOS;133551,8;COMPACTADO;5825002;FILTROS;BOMAG;8-VARIOS;0,567;0;KG;1500;0;133551,79;;;;1;;;;;
3;03-MAYOR A PUNTO DE PEDIDO;1018511;ZSTO;Filtro Separador;U365;0365;;V1;1;HB;2;2;0;0;0;0;C29;FILTROS/RESPUESTOS;78794,2;COMPACTADO;5722091;FILTROS;BOMAG;8-VARIOS;0,01;0;KG;21,98;0;78794,2;;;;1;;;;;
3;03-MAYOR A PUNTO DE PEDIDO;1018577;ZSSD;CUCHILLAS KOMATSU  (4 AGUJEROS);U365;0365;;V1;2;HB;3;3;0;0;0;0;C29;FILTROS/RESPUESTOS;220752;IGARRETA M;12Y-72-11210;REPUESTOS;KOMATSU;?;0;0;KG;0;0;220752;;;;1;;;;;
2;02-MENOR A PUNTO DE PEDIDO;1018578;ZSSD;CUCHILLAS KOMATSU (5 AGUJEROS);U365;0365;;V1;1;HB;2;1;0;0;0;0;C29;FILTROS/RESPUESTOS;127642,5;IGARRETA M;12Y-72-11220;REPUESTOS;KOMATSU;?;0;0;KG;0;0;127642,5;;1;;;;;;;
3;03-MAYOR A PUNTO DE PEDIDO;1018579;ZSSD;CUCHILLAS KOMATSU (6 AGUJEROS);U365;0365;;V1;2;HB;3;3;0;0;0;0;C29;FILTROS/RESPUESTOS;365325;IGARRETA M;12Y-72-11230;REPUESTOS;KOMATSU;?;0;0;KG;0;0;365325;;;;1;;;;;
3;03-MAYOR A PUNTO DE PEDIDO;1018580;ZSSD;BULONES;U365;0365;;V1;17;HB;30;30;0;0;0;0;C29;FILTROS/RESPUESTOS;145093,8;IGARRETA M;02090-11270;DESGASTE;?;?;0;0;KG;0;0;145093,78;;;;1;;;;;
3;03-MAYOR A PUNTO DE PEDIDO;1018581;ZSSD;TUERCAS;U365;0365;;V1;17;HB;30;30;0;0;0;0;C29;FILTROS/RESPUESTOS;50094;IGARRETA M;02290-11219;FERRETERIA;BULONERIA;?;0;0;KG;0;0;50094;;;;1;;;;;
3;03-MAYOR A PUNTO DE PEDIDO;1018582;ZSSD;UÑAS RIPPER KOMATSU;U365;0365;;V1;3;HB;5;5;0;0;0;0;C29;FILTROS/RESPUESTOS;2566001,25;IGARRETA M;131-78-31190;REPUESTOS;KOMATSU;?;0;0;KG;0;0;2566001,25;;;;1;;;;;
3;03-MAYOR A PUNTO DE PEDIDO;1018583;ZSSD;PASADORES UÑAS RIPPER KOMATSU;U365;0365;;V1;3;HB;5;5;0;0;0;0;C29;FILTROS/RESPUESTOS;51020;IGARRETA M;09244-02489;REPUESTOS;KOMATSU;?;0;0;KG;0;0;51020;;;;1;;;;;
3;03-MAYOR A PUNTO DE PEDIDO;1018589;ZSSD;FILTRO ADMISION SECUNDARIO;U365;0365;;V1;3;HB;5;5;0;0;0;0;C29;FILTROS/RESPUESTOS;139372,8;FLEETGUARD;AF25963;FILTROS;CUMMINS C150D5;8-VARIOS;0;0;KG;0;0;275508,8;;;;1;;;;;
4;04-MAYOR A STOCK MAXIMO;1018590;ZSSD;FILTRO ACEITE MOTOR;U365;0365;;V1;3;HB;5;6;0;0;0;0;C29;FILTROS/RESPUESTOS;97651,16;FLEETGUARD;FS1015;REPUESTOS;FILTROS;?;0;0;KG;0;0;145339,51;;;;;1;;;;
2;02-MENOR A PUNTO DE PEDIDO;1018591;ZSSD;FILTRO DE CABINA (A/A);U365;0365;;V1;2;HB;3;2;0;0;0;0;C29;FILTROS/RESPUESTOS;802162,76;IGARRETA M;12Y-979-1173;REPUESTOS;FILTROS;?;0;0;KG;0;0;802162,75;;1;;;;;;;
2;02-MENOR A PUNTO DE PEDIDO;1018592;ZSSD;FILTRO DE CABINA (A/A);U365;0365;;V1;2;HB;3;2;0;0;0;0;C29;FILTROS/RESPUESTOS;233899,75;IGARRETA M;12Y-979-1181;REPUESTOS;FILTROS;?;0;0;KG;0;0;310053,75;;1;;;;;;;
4;04-MAYOR A STOCK MAXIMO;1018593;ZSSD;STRAINER (COLADOR);U365;0365;;V1;2;HB;3;6;0;0;0;0;AGV;COMPRAS AGV;1322,31;IGARRETA M;07056-18422;REPUESTOS;FILTROS;?;0;0;KG;0;0;702241,61;;;;;1;;;;
3;03-MAYOR A PUNTO DE PEDIDO;1018594;ZSSD;FILTRO DE TRANSMISION;U365;0365;;V1;2;HB;3;3;0;0;0;0;C29;FILTROS/RESPUESTOS;1076533,5;IGARRETA M;11Y-60-28710;REPUESTOS;FILTROS;?;0;0;KG;0;0;1719037,5;;;;1;;;;;
2;02-MENOR A PUNTO DE PEDIDO;1018595;ZSSD;FILTRO HIDRAULICO;U365;0365;;V1;2;HB;3;2;0;0;0;0;C29;FILTROS/RESPUESTOS;176815,76;IGARRETA M;113-60-43321;REPUESTOS;FILTROS;?;0;0;KG;0;0;176815,75;;1;;;;;;;
3;03-MAYOR A PUNTO DE PEDIDO;1018597;ZSSD;CORREA DE COMPRESOR;U365;0365;;V1;2;HB;3;3;0;0;0;0;C29;FILTROS/RESPUESTOS;519532,02;IGARRETA M;6732-82-3430;REPUESTOS;CORREAS;?;0;0;KG;0;0;814681,26;;;;1;;;;;
4;04-MAYOR A STOCK MAXIMO;1018598;ZSSD;CORREA MOTOR;U365;0365;;V1;2;HB;3;12;0;0;0;0;C29;FILTROS/RESPUESTOS;1825422,83;IGARRETA M;6754-62-3410;REPUESTOS;CORREAS;?;0;0;KG;0;0;2013610,79;;;;;1;;;;
4;04-MAYOR A STOCK MAXIMO;1018841;ZSSD;CAMARA 16.00 R25;U365;0365;;V1;8;HB;14;29;0;0;0;0;C03;EQUIPOS;1751183,26;UNIMAX LTÉ;;;;;0;0;KG;0;0;2643745,23;;;;;1;;;;
2;02-MENOR A PUNTO DE PEDIDO;1018847;ZSSD;FILTRO DE COMBUSTIBLE;U365;0365;;V1;8;HB;13;5;0;0;0;0;AGV;COMPRAS AGV;0;FLEETGUARD;FF5688;REPUESTOS;FILTROS;?;0;0;KG;56320;0;240125,5;;1;;;;;;;
2;02-MENOR A PUNTO DE PEDIDO;1018850;ZSSD;FILTRO INTERNO (A/A);U365;0365;;V1;4;HB;6;4;0;0;0;0;AGV;COMPRAS AGV;0;KOBELCO CO;LQ50V01007P1;REPUESTOS;FILTROS;?;0;0;KG;56320;0;865186,2;;1;;;;;;;
2;02-MENOR A PUNTO DE PEDIDO;1018851;ZSSD;FILTRO TANQUE DE COMBUSTIBLE;U365;0365;;V1;6;HB;9;6;0;0;0;0;AGV;COMPRAS AGV;0;KOBELCO CO;VH23303EV010;REPUESTOS;FILTROS;?;0;0;KG;56320;0;1686334,2;;1;;;;;;;
4;04-MAYOR A STOCK MAXIMO;1018853;ZSSD;FILTRO DEL RESPIRADERO;U365;0365;;V1;4;HB;6;7;0;0;0;0;AGV;COMPRAS AGV;0;KOBELCO CO;YN57V00012S002;REPUESTOS;FILTROS;?;0;0;KG;56320;0;551022,5;;;;;1;;;;
2;02-MENOR A PUNTO DE PEDIDO;1018855;ZSSD;FILTRO COLADOR TANQUE DE COMBUSTIBLE;U365;0365;;V1;5;HB;8;3;0;0;0;0;AGV;COMPRAS AGV;0;KOBELCO CO;YN50V00029P1;REPUESTOS;FILTROS;?;0;0;KG;56320;0;369750;;1;;;;;;;
3;03-MAYOR A PUNTO DE PEDIDO;1018856;ZSSD;CORREA DE COMPRESOR A/A;U365;0365;;V1;2;HB;3;3;0;0;0;0;AGV;COMPRAS AGV;0;KOBELCO CO;YN20M01494D2;REPUESTOS;FILTROS;?;0;0;KG;0;0;404332,5;;;;1;;;;;
3;03-MAYOR A PUNTO DE PEDIDO;1018857;ZSSD;CORREA DEL VENTILADOR;U365;0365;;V1;1;HB;2;2;0;0;0;0;AGV;COMPRAS AGV;0;KOBELCO CO;VHSZ91049259;REPUESTOS;CORREAS;?;0;0;KG;0;0;932263;;;;1;;;;;
2;02-MENOR A PUNTO DE PEDIDO;1018863;ZSSD;CORREA VENTILADOR;U365;0365;;V1;9;HB;16;8;0;0;0;0;AGV;COMPRAS AGV;0;KOBELCO CO;VHSZ91049259;REPUESTOS;CORREAS;?;0;0;KG;0;0;145454,56;;1;;;;;;;
4;04-MAYOR A STOCK MAXIMO;1018865;ZSSD;CORREA COMPRESOR A/A;U365;0365;;V1;1;HB;2;5;0;0;0;0;AGV;COMPRAS AGV;0;SANY HEAVY;60016661;CORREAS;AIRE ACONDICIONADO;?;0;0;KG;0;0;61983,45;;;;;1;;;;
3;03-MAYOR A PUNTO DE PEDIDO;1018867;ZSSD;UÑA;U365;0365;;V1;5;HB;8;7;0;0;0;0;AGV;COMPRAS AGV;0;HENSLEY;K40;REPUESTOS;EQUIPOS;?;0;0;KG;0;0;523451,4;;;;1;;;;;
2;02-MENOR A PUNTO DE PEDIDO;1018868;ZSSD;TRABA DE UÑA;U365;0365;;V1;5;HB;8;2;0;0;0;0;AGV;COMPRAS AGV;0;HENSLEY;K40;REPUESTOS;EQUIPOS;?;0;0;KG;0;0;33323,2;;1;;;;;;;
3;03-MAYOR A PUNTO DE PEDIDO;1018881;ZSSD;CANTONERA;U365;0365;;V1;4;HB;6;6;0;0;0;0;AGV;COMPRAS AGV;0;SANY HEAVY;329-5955;REPUESTOS;?;?;0;0;KG;0;0;1688400;;;;1;;;;;
2;02-MENOR A PUNTO DE PEDIDO;1018892;ZSSD;FILTRO AIRE PRIMARIO;U365;0365;;V1;4;HB;6;4;0;0;0;0;AGV;COMPRAS AGV;0;DONALDSON;P812362;REPUESTOS;FILTROS;?;0;0;KG;0;0;358798,29;;1;;;;;;;
3;03-MAYOR A PUNTO DE PEDIDO;1018893;ZSSD;FILTRO DE AIRE SECUNDARIO;U365;0365;;V1;5;HB;8;6;0;0;0;0;AGV;COMPRAS AGV;0;DONALDSON;P811312;REPUESTOS;FILTROS;?;0;0;KG;0;0;560827,1;;;;1;;;;;
2;02-MENOR A PUNTO DE PEDIDO;1018894;ZSSD;FILTRO DE AIRE PRIMARIO;U365;0365;;V1;2;HB;2;2;0;0;0;0;AGV;COMPRAS AGV;0;DONALDSON;P182039;REPUESTOS;FILTRO;?;0;0;KG;0;0;293396,5;;1;;;;;;;
2;02-MENOR A PUNTO DE PEDIDO;1018895;ZSSD;FILTRO DE AIRE SECUNDARIO;U365;0365;;V1;2;HB;2;2;0;0;0;0;AGV;COMPRAS AGV;0;DONALDSON;P114931;REPUESTOS;FILTRO;?;0;0;KG;0;0;258098,11;;1;;;;;;;
2;02-MENOR A PUNTO DE PEDIDO;1018896;ZSSD;FILTRO ACEITE MOTOR;U365;0365;;V1;9;HB;16;9;0;0;0;0;AGV;COMPRAS AGV;0;FLEETGUARD // DONALDSON;LF16110 // P502364;REPUESTOS;FILTROS;?;0;0;KG;0;0;609478,23;;1;;;;;;;
2;02-MENOR A PUNTO DE PEDIDO;1018897;ZSSD;FILTRO DE COMBUSTIBLE;U365;0365;;V1;4;HB;6;4;0;0;0;0;AGV;COMPRAS AGV;0;FLEETGUARD;FF5688;REPUESTOS;FILTROS;?;0;0;KG;0;0;177161,22;;1;;;;;;;
2;02-MENOR A PUNTO DE PEDIDO;1018898;ZSSD;FILTRO TRAMPA DE AGUA;U365;0365;;V1;4;HB;6;4;0;0;0;0;AGV;COMPRAS AGV;0;FLEETGUARD;FF5786;REPUESTOS;FILTROS;?;0;0;KG;0;0;279270;;1;;;;;;;
3;03-MAYOR A PUNTO DE PEDIDO;1018899;ZSSD;FILTRO HIDRAULICO DE RETORNO;U365;0365;;V1;2;HB;3;3;0;0;0;0;AGV;COMPRAS AGV;0;FLEETGUARD;HF35504;REPUESTOS;FILTROS;?;0;0;KG;0;0;639344,38;;;;1;;;;;
3;03-MAYOR A PUNTO DE PEDIDO;1018900;ZSSD;FILTRO EXTERNO (A/A);U365;0365;;V1;6;HB;9;8;0;0;0;0;AGV;COMPRAS AGV;0;KOBELCO CO;LQ50V01009P1;REPUESTOS;FILTROS;?;0;0;KG;0;0;954896,44;;;;1;;;;;
2;02-MENOR A PUNTO DE PEDIDO;1018901;ZSSD;FILTRO HIDRAULICO (STRAINER);U365;0365;;V1;3;HB;5;1;0;0;0;0;AGV;COMPRAS AGV;0;KOBELCO CO;LC50V00006S001;REPUESTOS;FILTROS;?;0;0;KG;0;0;806460,2;;1;;;;;;;
2;02-MENOR A PUNTO DE PEDIDO;1018902;ZSSD;FILTRO DEL RESPIRADERO;U365;0365;;V1;2;HB;3;2;0;0;0;0;AGV;COMPRAS AGV;0;KOBELCO CO;YN57V00012S002;REPUESTOS;FILTROS;?;0;0;KG;0;0;184611;;1;;;;;;;
2;02-MENOR A PUNTO DE PEDIDO;1018904;ZSSD;FILTRO DE ACEITE DE MOTOR;U365;0365;;V1;2;HB;2;2;0;0;0;0;AGV;COMPRAS AGV;0;SANY HEAVY;B222100000494;REPUESTOS;FILTRO;?;0;0;KG;0;0;51370,76;;1;;;;;;;
2;02-MENOR A PUNTO DE PEDIDO;1018905;ZSSD;FILTRO DE COMBUSTIBLE;U365;0365;;V1;2;HB;2;2;0;0;0;0;AGV;COMPRAS AGV;0;SANY HEAVY;60282117;REPUESTOS;FILTRO;?;0;0;KG;0;0;91209,56;;1;;;;;;;
2;02-MENOR A PUNTO DE PEDIDO;1018906;ZSSD;FILTRO DE COMBUSTIBLE;U365;0365;;V1;2;HB;2;2;0;0;0;0;AGV;COMPRAS AGV;0;SANY HEAVY;60250800;REPUESTOS;FILTRO;?;0;0;KG;0;0;209159,2;;1;;;;;;;
2;02-MENOR A PUNTO DE PEDIDO;1018907;ZSSD;FILTRO TRAMPA DE AGUA;U365;0365;;V1;2;HB;2;2;0;0;0;0;AGV;COMPRAS AGV;0;SANY HEAVY;60151839;REPUESTOS;FILTRO;?;0;0;KG;0;0;45765,76;;1;;;;;;;
2;02-MENOR A PUNTO DE PEDIDO;1018908;ZSSD;FILTRO TRAMPA DE AGUA;U365;0365;;V1;2;HB;2;2;0;0;0;0;AGV;COMPRAS AGV;0;SANY HEAVY;60249072;REPUESTOS;FILTRO;?;0;0;KG;0;0;44147,73;;1;;;;;;;
2;02-MENOR A PUNTO DE PEDIDO;1018909;ZSSD;FILTRO DE CABINA (A/A);U365;0365;;V1;1;HB;2;1;0;0;0;0;AGV;COMPRAS AGV;0;SANY HEAVY;60250669;REPUESTOS;FILTRO;?;0;0;KG;0;0;25207,65;;1;;;;;;;
2;02-MENOR A PUNTO DE PEDIDO;1018910;ZSSD;FILTRO DE AIRE DE RECIRCULACION (A/A);U365;0365;;V1;1;HB;2;1;0;0;0;0;AGV;COMPRAS AGV;0;SANY HEAVY;222100000711;REPUESTOS;FILTRO;?;0;0;KG;0;0;9053,55;;1;;;;;;;
3;03-MAYOR A PUNTO DE PEDIDO;1018916;ZSSD;FILTRO DE SUCCION;U365;0365;;V1;1;HB;2;2;0;0;0;0;AGV;COMPRAS AGV;0;SANY HEAVY;60205015;REPUESTOS;FILTRO;?;0;0;KG;0;0;454768;;;;1;;;;;
3;03-MAYOR A PUNTO DE PEDIDO;1018917;ZSSD;FILTRO HIDRAULICO RETORNO;U365;0365;;V1;1;HB;2;2;0;0;0;0;AGV;COMPRAS AGV;0;SANY HEAVY;60210416;REPUESTOS;FILTRO;?;0;0;KG;0;0;90072,96;;;;1;;;;;
2;02-MENOR A PUNTO DE PEDIDO;1018920;ZSSD;TRABA DE UÑA;U365;0365;;V1;5;HB;8;3;0;0;0;0;AGV;COMPRAS AGV;0;HENSLEY;K40;DESGASTE;?;?;0;0;KG;0;0;62826;;1;;;;;;;
3;03-MAYOR A PUNTO DE PEDIDO;1018921;ZSSD;FILTRO SECANTE DE FRENOS;U365;0365;;V1;4;HB;6;6;0;0;0;0;AGV;COMPRAS AGV;0;CNH INDUST;5801962827;FILTROS;FILTROS;?;0;0;KG;0;0;627380,55;;;;1;;;;;
4;04-MAYOR A STOCK MAXIMO;1021945;ZSTO;ACEITE Hydrau x 209 lts  ;U365;0365;;RE;1;HB;2;4;0;0;0;0;C03;EQUIPOS;5884817,04;JOHN DEERE;TY27368;LUBRICANTES;JOHN DEERE;2-TACHO;193;0;KG;232385,12;0;5884817,04;;;;;1;;;;
2;02-MENOR A PUNTO DE PEDIDO;1021954;ZSTO;TONER HP 105A;U365;0365;;V1;6;HB;9;4;0;0;0;0;C05;INFORMÁT.-HARDWARE;0;;105A;INSUMOS;?;8-VARIOS;0;0;KG;612;0;492591,72;;1;;;;;;;
2;02-MENOR A PUNTO DE PEDIDO;1022005;ZSSD;ACEITE MINERIA 80W90;U365;0365;;V1;1;HB;2;1;0;0;0;0;AGV;COMPRAS AGV;0;TUTELKAN S;80W90;INSUMOS;ACEITES;?;0;0;KG;0;0;62634,4;;1;;;;;;;
3;03-MAYOR A PUNTO DE PEDIDO;1022039;ZSTO;FILTRO CABINA RECIRCULACION;U365;0365;;V1;1;HB;2;2;0;0;0;0;C29;FILTROS/RESPUESTOS;198036,92;COMPACTADO // COMPACTADO;05990092;FILTROS;BOMAG 213;8-VARIOS;0;0;KG;216;0;198036,91;;;;1;;;;;
3;03-MAYOR A PUNTO DE PEDIDO;1022072;ZSTO;CORREA MOTOR;U365;0365;;V1;2;HB;3;3;0;0;0;0;C29;FILTROS/RESPUESTOS;0;JOHN DEERE;T428699;REPUESTOS;MOTONIVELADORA JD 770 G;8-VARIOS;0;0;KG;0;0;154497;;;;1;;;;;
3;03-MAYOR A PUNTO DE PEDIDO;1022073;ZSTO;TRABA DE UÑA;U365;0365;;V1;6;HB;9;9;0;0;0;0;C29;FILTROS/RESPUESTOS;32015,25;JOHN DEERE;T9W2668;DESGASTE;MOTONIVELADORA JD 770 G;3-DESGASTE;0;0;KG;240;0;32015,25;;;;1;;;;;
3;03-MAYOR A PUNTO DE PEDIDO;1022791;ZSTO;CORREA;U365;0365;;V1;3;HB;5;4;0;0;0;0;C03;EQUIPOS;448807,4;;0511-0260;CORREAS;G. ELECT. ONAN C 110 D 5 - 4;?;0;0;KG;0;0;448807,4;;;;1;;;;;
3;03-MAYOR A PUNTO DE PEDIDO;1022808;ZSTO;CORREA ALTERNADOR;U365;0365;;V1;4;HB;6;6;0;0;0;0;C03;EQUIPOS;883511,1;;185-5872;CORREAS;CORREAS;?;0;0;KG;0;0;883511,08;;;;1;;;;;
2;02-MENOR A PUNTO DE PEDIDO;1022893;ZSTO;DESGARRADOR;U365;0365;;V1;7;HB;11;3;0;0;0;0;C03;EQUIPOS;45492,06;;T6Y5230;REPUESTOS;EQUIPOS;?;0;0;KG;0;0;45492,05;;1;;;;;;;
3;03-MAYOR A PUNTO DE PEDIDO;1022897;ZSTO;DIENTE;U365;0365;;V1;8;HB;13;13;0;0;0;0;C03;EQUIPOS;822882,84;;T6Y0309;REPUESTOS;EQUIPOS;?;0;0;KG;0;0;822882,84;;;;1;;;;;
4;04-MAYOR A STOCK MAXIMO;1023164;ZSTO;INSERTO CORREDERA CUCHILLA;U365;0365;;V1;10;HB;16;23;0;0;0;0;C03;EQUIPOS;3952521,75;;T299164;REPUESTOS;DESGASTE;?;0;0;KG;0;0;6453608,49;;;;;1;;;;
4;04-MAYOR A STOCK MAXIMO;1023623;ZSTO;ACEITE MOBIL SHC 629 BEARING-GEAR X20L;U365;0365;;RE;2;HB;3;4;0;0;0;0;C03;EQUIPOS;3431443,52;PARANA MAQ;MOBIL SHC 629 SYNTHETIC X20L;LUBRICANTES;ACEITES;?;0;0;KG;0;0;3431443,51;;;;;1;;;;
4;04-MAYOR A STOCK MAXIMO;1023812;ZSTO;PASADOR DE DIENTE;U365;0365;;V1;3;HB;5;29;0;0;0;0;C03;EQUIPOS;105915,54;;T9W2668;REPUESTOS;EQUIPOS;?;0;0;KG;0;0;105915,56;;;;;1;;;;
4;04-MAYOR A STOCK MAXIMO;1025238;ZSTO;TRABA PERNO UÑA RIPPER;U365;0365;;V1;3;HB;5;6;0;0;0;0;G05;AJUSTE;22977;;T8E6359;DESGASTE;JD850J;?;0;0;KG;0;0;22977;;;;;1;;;;
4;04-MAYOR A STOCK MAXIMO;1025557;ZSTO;BRAZO ESCARIFICADOR;U365;0365;;V1;6;HB;9;27;0;0;0;0;C03;EQUIPOS;1159515;;8F5124;DESGASTE;?;?;0;0;KG;0;0;1159515;;;;;1;;;;
3;03-MAYOR A PUNTO DE PEDIDO;1025993;ZSSD;FILTRO DE AIRE PRIMARIO;U365;0365;;V1;5;HB;8;8;0;0;0;0;AGV;COMPRAS AGV;0;KOBELCO CO;YN11P00029S003;REPUESTOS;FILTROS;?;0;0;KG;10695;0;792839,52;;;;1;;;;;
3;03-MAYOR A PUNTO DE PEDIDO;1025994;ZSSD;FILTRO DE AIRE SECUNDARIO;U365;0365;;V1;5;HB;8;6;0;0;0;0;AGV;COMPRAS AGV;0;KOBELCO CO;YN11P00029S002;REPUESTOS;FILTROS;?;0;0;KG;10695;0;210382,23;;;;1;;;;;
4;04-MAYOR A STOCK MAXIMO;1025995;ZSSD;FILTRO TRAMPA DE AGUA;U365;0365;;V1;5;HB;8;11;0;0;0;0;AGV;COMPRAS AGV;0;KOBELCO CO;47585451 (AGRO);REPUESTOS;FILTROS;?;0;0;KG;10695;0;1344719,48;;;;;1;;;;
3;03-MAYOR A PUNTO DE PEDIDO;1025996;ZSSD;FILTRO HIDRAULICO;U365;0365;;V1;1;HB;2;2;0;0;0;0;AGV;COMPRAS AGV;0;KOBELCO CO;LQ50V00004F1;REPUESTOS;FILTRO;?;0;0;KG;10695;0;597055;;;;1;;;;;
2;02-MENOR A PUNTO DE PEDIDO;1025997;ZSSD;FILTRO HIDRAULICO;U365;0365;;V1;1;HB;2;1;0;0;0;0;AGV;COMPRAS AGV;0;KOBELCO CO;YN52V01026P1;REPUESTOS;FILTRO;?;0;0;KG;10695;0;546809,35;;1;;;;;;;
2;02-MENOR A PUNTO DE PEDIDO;1025998;ZSSD;FILTRO HIDRAULICO;U365;0365;;V1;1;HB;2;1;0;0;0;0;AGV;COMPRAS AGV;0;KOBELCO CO;YN52V01025R100;REPUESTOS;FILTRO;?;0;0;KG;10695;0;540270;;1;;;;;;;
2;02-MENOR A PUNTO DE PEDIDO;1026177;ZSTO;PULLEY SUB-ASSY (16603-0C013);U365;0365;;V1;2;HB;3;2;0;0;0;0;C03;EQUIPOS;153874,98;TOYOTA ARG;16603-0C013;REPUESTOS;TOYOTA HILUX;?;0;0;KG;3300;0;153874,98;;1;;;;;;;
2;02-MENOR A PUNTO DE PEDIDO;1026179;ZSTO;TENSOR;U365;0365;;V1;2;HB;3;2;0;0;0;0;C03;EQUIPOS;501836,48;;16620-11010;REPUESTOS;TOYOTA HILUX;?;0;0;KG;3300;0;501836,48;;1;;;;;;;
4;04-MAYOR A STOCK MAXIMO;1026342;ZSTO;FILTRO BOMBA DE COMBUSTIBLE;U365;0365;;V1;1;HB;2;3;0;0;0;0;C29;FILTROS/RESPUESTOS;427428,51;TOYOTA ARG;23390-0E011;FILTROS;?;?;0;0;KG;2541;0;427428,51;;;;;1;;;;
3;03-MAYOR A PUNTO DE PEDIDO;1026601;ZSTO;CUBIERTA 23.1-26;U365;0365;;V1;4;HB;6;6;0;0;0;0;C03;EQUIPOS;7308602,46;;23.1-26 TR-387 ROMBOIDAL;CUBIERTAS;?;?;0;0;KG;0;0;7308602,48;;;;1;;;;;
3;03-MAYOR A PUNTO DE PEDIDO;1027191;ZSTO;Filtro Admision;U365;0365;;V1;1;HB;2;2;0;0;0;0;C03;EQUIPOS;406098,64;VOLVO TRUC;23743722;FILTROS;CAMION VOLVO FH540 6x4;8-VARIOS;0;0;KG;22090;0;406098,64;;;;1;;;;;
3;03-MAYOR A PUNTO DE PEDIDO;1027192;ZSTO;Filtro Cabina Exterior;U365;0365;;V1;1;HB;2;2;0;0;0;0;C03;EQUIPOS;62843,26;VOLVO TRUC;84813190;FILTROS;CAMION VOLVO FH540 6x4;8-VARIOS;0;0;KG;22090;0;62843,26;;;;1;;;;;
4;04-MAYOR A STOCK MAXIMO;1027332;ZSTO;CORREA;U365;0365;;V1;2;HB;3;4;0;0;0;0;C03;EQUIPOS;201151,44;JOHN DEERE;T230728;CORREAS;?;?;0;0;KG;0;0;201151,42;;;;;1;;;;
4;04-MAYOR A STOCK MAXIMO;1027509;ZSTO;BOTON PARADA DE EMERGENCIA;U365;0365;;V1;2;HB;3;8;0;0;0;0;C11;ELECTRICIDAD;0;SCHNEIDER;XB7ES542P;SEGURIDAD;?;?;0;0;KG;0;0;128660,88;;;;;1;;;;
3;03-MAYOR A PUNTO DE PEDIDO;1027642;ZSSD;BULON;U365;0365;;V1;11;HB;19;19;0;0;0;0;C29;FILTROS/RESPUESTOS;134034,17;KOMATSU HO;02090-11685;FERRETERIA;BULONERIA;?;0;0;KG;0;0;134034,21;;;;1;;;;;
3;03-MAYOR A PUNTO DE PEDIDO;1027659;ZSSD;TUERCA;U365;0365;;V1;11;HB;19;19;0;0;0;0;C29;FILTROS/RESPUESTOS;60037,34;KOMATSU HO;02290-11625;FERRETERIA;BULONERIA;?;0;0;KG;0;0;60037,37;;;;1;;;;;
2;02-MENOR A PUNTO DE PEDIDO;1027686;ZSTO;CORREA TRAPEZOIDAL;U365;0365;;V1;1;HB;2;1;0;0;0;0;C03;EQUIPOS;54335,1;AGRONORTE;CQ51921;REPUESTOS;?;?;0;0;KG;0;0;54335,1;;1;;;;;;;
3;03-MAYOR A PUNTO DE PEDIDO;1027764;ZSTO;CORREA A/A;U365;0365;;V1;1;HB;2;2;0;0;0;0;C29;FILTROS/RESPUESTOS;22357,72;SKF;4PK1025;CORREAS;?;?;0;0;KG;1905,75;0;22357,72;;;;1;;;;;
4;04-MAYOR A STOCK MAXIMO;1027886;ZSSD;FILTRO DE COMBUSTIBLE;U365;0365;;V1;3;HB;5;6;0;0;0;0;AGV;COMPRAS AGV;0;KOBELCO CO;KX437D;REPUESTOS;FILTROS;?;0;0;KG;1296;0;0;;;;;1;;;;
3;03-MAYOR A PUNTO DE PEDIDO;1027887;ZSSD;UÑAS KOBELCO;U365;0365;;V1;9;HB;16;13;0;0;0;0;AGV;COMPRAS AGV;0;KOBELCO CO;K25;REPUESTOS;EQUIPOS;?;0;0;KG;4030;0;1293126,9;;;;1;;;;;
3;03-MAYOR A PUNTO DE PEDIDO;1027888;ZSSD;SEGUROS KOBELCO K25;U365;0365;;V1;9;HB;16;11;0;0;0;0;AGV;COMPRAS AGV;0;KOBELCO CO;K25;REPUESTOS;EQUIPOS;?;0;0;KG;0;0;303215;;;;1;;;;;
3;03-MAYOR A PUNTO DE PEDIDO;1027889;ZSSD;PORTAUÑAS KOBELCO;U365;0365;;V1;3;HB;5;5;0;0;0;0;AGV;COMPRAS AGV;0;KOBELCO CO;K25;DESGASTE;?;?;0;0;KG;0;0;574728;;;;1;;;;;
2;02-MENOR A PUNTO DE PEDIDO;1028137;ZSSD;CORREA MOTOR;U365;0365;;V1;2;HB;3;2;0;0;0;0;C29;FILTROS/RESPUESTOS;0;NEW HOLLAN;CNH90416432 (8PK2515);REPUESTOS;CORREAS;?;0;0;KG;0;0;181818,18;;1;;;;;;;
4;04-MAYOR A STOCK MAXIMO;1028158;ZSSD;FILTRO DE COMBUSTIBLE;U365;0365;;V1;2;HB;3;6;0;0;0;0;AGV;COMPRAS AGV;0;;P-917X - MANN FILTER;REPUESTOS;FILTRO;?;0;0;KG;0;0;66140,33;;;;;1;;;;
3;03-MAYOR A PUNTO DE PEDIDO;1028160;ZSSD;CORREA;U365;0365;;V1;1;HB;2;2;0;0;0;0;C29;FILTROS/RESPUESTOS;25220;;13X1207 - GEHL;CORREAS;?;?;0;0;KG;0;0;25220;;;;1;;;;;
3;03-MAYOR A PUNTO DE PEDIDO;1028161;ZSSD;CORREA ALTERNADOR;U365;0365;;V1;1;HB;2;2;0;0;0;0;C29;FILTROS/RESPUESTOS;26600;;13X1270 - OPTIBELT;CORREAS;?;?;0;0;KG;0;0;26600;;;;1;;;;;
3;03-MAYOR A PUNTO DE PEDIDO;1028162;ZSSD;CORREA COMPRESOR A/A;U365;0365;;V1;1;HB;2;2;0;0;0;0;C29;FILTROS/RESPUESTOS;16670;DISTRIBUID;217638 - (6PK1115);CORREAS;AIRE ACONDICIONADO;?;0;0;KG;0;0;16670;;;;1;;;;;
4;04-MAYOR A STOCK MAXIMO;1028164;ZSSD;DIENTE BALDE TEREX;U365;0365;;V1;1;HB;2;8;0;0;0;0;AGV;COMPRAS AGV;0;TEREX;846602M1 / 1462200M1;DESGASTE;?;?;0;0;KG;0;0;0;;;;;1;;;;
4;04-MAYOR A STOCK MAXIMO;1028165;ZSSD;"BULON (ø 5/8"" x 2 1/2"")";U365;0365;;V1;15;HB;25;29;0;0;0;0;AGV;COMPRAS AGV;0;TEREX;E620B;REPUESTOS;?;?;0;0;KG;0;0;44096,2;;;;;1;;;;
4;04-MAYOR A STOCK MAXIMO;1028166;ZSSD;"TUERCA  (ø 5/8"")";U365;0365;;V1;15;HB;25;38;0;0;0;0;AGV;COMPRAS AGV;0;TEREX;E620N;REPUESTOS;?;?;0;0;KG;0;0;23633,59;;;;;1;;;;
4;04-MAYOR A STOCK MAXIMO;1028185;ZSTO;Filtro Sepador Combustible;U365;0365;;V1;2;HB;3;6;0;0;0;0;C29;FILTROS/RESPUESTOS;629233,14;;FS36230 // FCO 2643 / P502643;FILTROS;PAYWELDER HG160 WAPN WINCOO;8-VARIOS;1,24;0;KG;3549;0;629233,12;;;;;1;;;;
1;01-STOCK NULO;1028199;ZSSD;FILTRO REFRIGERANTE;U365;0365;;V1;2;HB;3;0;0;0;0;0;AGV;COMPRAS AGV;0;FLEETGUARD;WF2076;REPUESTOS;FILTRO;?;0;0;KG;2,541;0;0;;;1;;;;;;
3;03-MAYOR A PUNTO DE PEDIDO;1028201;ZSSD;CORREA ALTERNADOR;U365;0365;;V1;1;HB;2;2;0;0;0;0;C29;FILTROS/RESPUESTOS;107502;;04122-22279 (22X1950) - SHANTUI;CORREAS;?;?;0;0;KG;0;0;107502;;;;1;;;;;
2;02-MENOR A PUNTO DE PEDIDO;1028202;ZSSD;CORREA VENTILADOR;U365;0365;;V1;1;HB;2;1;0;0;0;0;C29;FILTROS/RESPUESTOS;8164;DISTRIBUID;30402292 (13X1025);CORREAS;?;?;0;0;KG;0;0;8164;;1;;;;;;;
3;03-MAYOR A PUNTO DE PEDIDO;1028203;ZSSD;UÑA DE RIPPER;U365;0365;;V1;3;HB;5;5;0;0;0;0;C29;FILTROS/RESPUESTOS;1264375,45;;175-78-31230 - SHANTUI;DESGASTE;?;?;0;0;KG;0;0;1264375,43;;;;1;;;;;
3;03-MAYOR A PUNTO DE PEDIDO;1028204;ZSSD;PASADOR;U365;0365;;V1;3;HB;5;5;0;0;0;0;C29;FILTROS/RESPUESTOS;413010,1;;175-78-21740 - SHANTUI;REPUESTOS;?;?;0;0;KG;0;0;413010,1;;;;1;;;;;
3;03-MAYOR A PUNTO DE PEDIDO;1028205;ZSSD;PLACA PROTECTORA RIPPER;U365;0365;;V1;1;HB;2;2;0;0;0;0;C29;FILTROS/RESPUESTOS;365022,52;;195-78-21230 - SHANTUI;REPUESTOS;?;?;0;0;KG;0;0;365022,52;;;;1;;;;;
3;03-MAYOR A PUNTO DE PEDIDO;1028206;ZSSD;CUCHILLAS 7 AGUJEROS SHANTUI;U365;0365;;V1;3;HB;5;5;0;0;0;0;C29;FILTROS/RESPUESTOS;1622125;;175-70-26310 - SHANTUI;;;;0;0;KG;1046,25;0;1622125;;;;1;;;;;
3;03-MAYOR A PUNTO DE PEDIDO;1028209;ZSSD;CANTONERA IZQUIERDA SHANTUI;U365;0365;;V1;1;HB;2;2;0;0;0;0;AGV;COMPRAS AGV;0;HENSLEY;175-71-22272 - SHANTUI;REPUESTOS;?;?;0;0;KG;1046,25;0;334792,32;;;;1;;;;;
3;03-MAYOR A PUNTO DE PEDIDO;1028210;ZSSD;CANTONERA DERECHA;U365;0365;;V1;1;HB;2;2;0;0;0;0;AGV;COMPRAS AGV;0;;175-71-22282 - SHANTUI;DESGASTE;?;?;0;0;KG;1046,25;0;349152,21;;;;1;;;;;
3;03-MAYOR A PUNTO DE PEDIDO;1028211;ZSSD;BULONES SHANTUI;U365;0365;;V1;13;HB;22;22;0;0;0;0;AGV;COMPRAS AGV;0;;175-71-11463 - SHANTUI;REPUESTOS;?;?;0;0;KG;63;0;139293;;;;1;;;;;
3;03-MAYOR A PUNTO DE PEDIDO;1028212;ZSSD;TUERCAS SHANTUI;U365;0365;;V1;32;HB;55;55;0;0;0;0;AGV;COMPRAS AGV;0;;175-71-11530 - SHANTUI;REPUESTOS;?;?;0;0;KG;0;0;37026;;;;1;;;;;
3;03-MAYOR A PUNTO DE PEDIDO;1028214;ZSSD;FILTRO DE RETORNO HIDRAULICO;U365;0365;;V1;1;HB;2;2;0;0;0;0;C29;FILTROS/RESPUESTOS;362123,96;;175-49-11222 - SHANTUI;REPUESTOS;FILTRO;?;0;0;KG;16967;0;362123,96;;;;1;;;;;
3;03-MAYOR A PUNTO DE PEDIDO;1028215;ZSSD;FILTRO HIDRAULICO DE TRANSMISION;U365;0365;;V1;1;HB;2;2;0;0;0;0;C29;FILTROS/RESPUESTOS;133074,88;;175-60-27380 - SHANTUI;REPUESTOS;FILTRO;?;0;0;KG;2100;0;133074,88;;;;1;;;;;
3;03-MAYOR A PUNTO DE PEDIDO;1028216;ZSSD;FILTRO HIDRAULICO;U365;0365;;V1;1;HB;2;2;0;0;0;0;C29;FILTROS/RESPUESTOS;99443,34;;175-49-11580 - SHANTUI;REPUESTOS;FILTRO;?;0;0;KG;1263,5;0;99443,33;;;;1;;;;;
4;04-MAYOR A STOCK MAXIMO;1028713;ZSSD;LAMPARA H16L 64219 19W;U365;0365;;V1;9;HB;16;25;0;0;0;0;C29;FILTROS/RESPUESTOS;570891,5;;;REPUESTOS;?;?;0;0;KG;0;0;570891,5;;;;;1;;;;
4;04-MAYOR A STOCK MAXIMO;1029485;ZSSD;FILTRO AIRE PRIMARIO;U365;0365;;V1;6;HB;9;12;0;0;0;0;AGV;COMPRAS AGV;0;FLEETGUARD;AF25551;REPUESTOS;FILTRO;?;4,184;0;KG;41067;15;368420,67;;;;;1;;;;
4;04-MAYOR A STOCK MAXIMO;1029487;ZSSD;FILTRO ACEITE MOTOR;U365;0365;;V1;6;HB;9;18;0;0;0;0;AGV;COMPRAS AGV;0;FLEETGUARD;LF3644;REPUESTOS;FILTRO;?;0,61;0;KG;1271,7;25;209497,62;;;;;1;;;;
4;04-MAYOR A STOCK MAXIMO;1029488;ZSSD;FILTRO COMBUSTIBLE;U365;0365;;V1;6;HB;9;14;0;0;0;0;AGV;COMPRAS AGV;0;FLEETGUARD;FF5386;REPUESTOS;FILTRO;?;0,39;0;KG;768;15;201239,39;;;;;1;;;;
4;04-MAYOR A STOCK MAXIMO;1029489;ZSSD;CORREA VENTILADOR;U365;0365;;V1;1;HB;2;4;0;0;0;0;AGV;COMPRAS AGV;0;;STORIKE - A-36;REPUESTOS;CORREAS;?;0,28;0;KG;1188;25;22044,56;;;;;1;;;;
3;03-MAYOR A PUNTO DE PEDIDO;1029542;ZSCD;KIT ABSORBENTE DE MANO;U365;0365;;V1;6;HB;10;9;0;0;0;0;C28;SEGURIDAD/ROPA/EPP;0;;;;;;0;0;KG;61560;15;885123,99;;;;1;;;;;
3;03-MAYOR A PUNTO DE PEDIDO;1029691;ZSTO;FILTRO DE TRANSMISION;U365;0365;;V1;1;HB;2;2;0;0;0;0;AGV;COMPRAS AGV;0;;SH66083;REPUESTOS;FILTRO;?;0;0;KG;2541;0;140156,5;;;;1;;;;;
3;03-MAYOR A PUNTO DE PEDIDO;1029693;ZSTO;FILTRO DE SUCCION;U365;0365;;V1;1;HB;2;2;0;0;0;0;AGV;COMPRAS AGV;0;;3515254M1;REPUESTOS;FILTRO;?;0;0;KG;2541;0;58871,92;;;;1;;;;;
2;02-MENOR A PUNTO DE PEDIDO;1029933;ZSTO;CORREA MOTOR;U365;0365;;V1;4;HB;6;4;0;0;0;0;C35;OBRA RIO TINTO;0;;8PK-1837;REPUESTOS;CORREAS;?;0;0;KG;1905,75;0;237603,3;;1;;;;;;;
3;03-MAYOR A PUNTO DE PEDIDO;1029997;ZSTO;BULON M10X45;U365;0365;;V1;32;HB;56;50;0;0;0;0;C03;EQUIPOS;95473;;19M7572;;;;0;0;KG;0;0;95473,21;;;;1;;;;;
2;02-MENOR A PUNTO DE PEDIDO;1030021;ZSSD;KIT FILTRO PRIMARIO Y SECUNDARIO;U365;0365;;V1;2;HB;3;2;0;0;0;0;AGV;COMPRAS AGV;0;SANY INTER;860152043;REPUESTOS;FILTRO;?;0;0;KG;0;0;549056;;1;;;;;;;
4;04-MAYOR A STOCK MAXIMO;1030022;ZSSD;FILTRO PRIMARIO ADMISION;U365;0365;;V1;2;HB;3;4;0;0;0;0;AGV;COMPRAS AGV;0;TADEMAQ EQ;860543918;REPUESTOS;FILTRO;?;0;0;KG;0;0;523619,27;;;;;1;;;;
4;04-MAYOR A STOCK MAXIMO;1030023;ZSSD;FILTRO SECUNDARIO ADMISION;U365;0365;;V1;2;HB;3;4;0;0;0;0;AGV;COMPRAS AGV;0;TADEMAQ EQ;860543917;REPUESTOS;FILTRO;?;0;0;KG;0;0;577581,96;;;;;1;;;;
4;04-MAYOR A STOCK MAXIMO;1030024;ZSSD;FILTRO DE COMBUSTIBLE;U365;0365;;V1;2;HB;3;4;0;0;0;0;AGV;COMPRAS AGV;0;TADEMAQ EQ;860113017;REPUESTOS;FILTRO;?;0;0;KG;0;0;230562,42;;;;;1;;;;
4;04-MAYOR A STOCK MAXIMO;1030025;ZSSD;FILTRO TRAMPA DE AGUA;U365;0365;;V1;2;HB;3;4;0;0;0;0;AGV;COMPRAS AGV;0;TADEMAQ EQ;800800954;REPUESTOS;FILTRO;?;0;0;KG;0;0;459502,08;;;;;1;;;;
3;03-MAYOR A PUNTO DE PEDIDO;1030026;ZSSD;CORREA MOTOR;U365;0365;;V1;1;HB;2;2;0;0;0;0;AGV;COMPRAS AGV;0;TADEMAQ EQ;860140395 (8PK1630);CORREAS;?;?;0;0;KG;0;0;32000;;;;1;;;;;
4;04-MAYOR A STOCK MAXIMO;1030027;ZSSD;CORREA A/C;U365;0365;;V1;1;HB;2;4;0;0;0;0;AGV;COMPRAS AGV;0;TADEMAQ EQ;800302308 (A17-460 O AV13X1170);?;?;?;0;0;KG;0;0;82644,64;;;;;1;;;;
4;04-MAYOR A STOCK MAXIMO;1030028;ZSSD;CUBIERTA 9.00 R20;U365;0365;;V1;2;HB;3;4;0;0;0;0;AGV;COMPRAS AGV;0;GOOD YEAR;CUBIERTA 9.00 R20;CUBIERTAS;?;?;0;0;KG;0;0;2179338,85;;;;;1;;;;
2;02-MENOR A PUNTO DE PEDIDO;1030029;ZSSD;FILTRO RESPIRADERO TANQ HIDR;U365;0365;;V1;2;HB;3;2;0;0;0;0;AGV;COMPRAS AGV;0;TADEMAQ EQ;800101456;REPUESTOS;FILTRO;?;0;0;KG;0;0;135682,48;;1;;;;;;;
3;03-MAYOR A PUNTO DE PEDIDO;1030031;ZSSD;FILTRO TANQUE HIDRAULICO;U365;0365;;V1;1;HB;2;2;0;0;0;0;AGV;COMPRAS AGV;0;TADEMAQ EQ;803165595;REPUESTOS;FILTRO;?;0;0;KG;0;0;135682,48;;;;1;;;;;
4;04-MAYOR A STOCK MAXIMO;1033303;ZSSD;FILTRO DE AIRE PRIMARIO;U365;0365;;V1;2;HB;3;4;0;0;0;0;AGV;COMPRAS AGV;0;SANY INTER;160602020039A;REPUESTOS;FILTRO;?;0;0;KG;0;0;745308,5;;;;;1;;;;
2;02-MENOR A PUNTO DE PEDIDO;1033304;ZSSD;FILTRO DE AIRE SECUNDARIO;U365;0365;;V1;2;HB;3;1;0;0;0;0;AGV;COMPRAS AGV;0;SANY INTER;160602030027A;REPUESTOS;FILTRO;?;0;0;KG;0;0;60278,4;;1;;;;;;;
4;04-MAYOR A STOCK MAXIMO;1033305;ZSSD;FILTRO COMBUSTIBLE;U365;0365;;V1;2;HB;3;4;0;0;0;0;AGV;COMPRAS AGV;0;SANY INTER;60208878;REPUESTOS;FILTRO;?;0;0;KG;0;0;172019,76;;;;;1;;;;
2;02-MENOR A PUNTO DE PEDIDO;1033306;ZSSD;FILTRO TRAMPA DE AGUA;U365;0365;;V1;2;HB;3;2;0;0;0;0;AGV;COMPRAS AGV;0;SANY INTER;60208879;REPUESTOS;FILTRO;?;0;0;KG;0;0;54322,48;;1;;;;;;;
4;04-MAYOR A STOCK MAXIMO;1033307;ZSSD;FILTRO DE TRANSMISION;U365;0365;;V1;2;HB;3;4;0;0;0;0;AGV;COMPRAS AGV;0;SANY INTER;151501000024B001;REPUESTOS;FILTRO;?;0;0;KG;0;0;801663,73;;;;;1;;;;
2;02-MENOR A PUNTO DE PEDIDO;1033308;ZSSD;FILTRO HIDRAULICO;U365;0365;;V1;2;HB;3;2;0;0;0;0;AGV;COMPRAS AGV;0;SANY INTER;61001646;REPUESTOS;FILTRO;?;0;0;KG;0;0;552651,96;;1;;;;;;;
4;04-MAYOR A STOCK MAXIMO;1033323;ZSSD;FILTRO HIDRAULICO;U365;0365;;V1;2;HB;3;4;0;0;0;0;AGV;COMPRAS AGV;0;SANY INTER;A222100000044;REPUESTOS;FILTRO;?;0;0;KG;0;0;93882,57;;;;;1;;;;
3;03-MAYOR A PUNTO DE PEDIDO;1033324;ZSSD;FILTRO COLADOR COMBUSTIBLE;U365;0365;;V1;1;HB;2;2;0;0;0;0;AGV;COMPRAS AGV;0;SANY INTER;160499000150B;REPUESTOS;FILTRO;?;0;0;KG;0;0;47131,92;;;;1;;;;;
2;02-MENOR A PUNTO DE PEDIDO;1033325;ZSSD;FILTRO MAGNETICO;U365;0365;;V1;2;HB;3;2;0;0;0;0;AGV;COMPRAS AGV;0;SANY INTER;60082686;REPUESTOS;FILTRO;?;0;0;KG;0;0;355501,16;;1;;;;;;;
3;03-MAYOR A PUNTO DE PEDIDO;1033326;ZSSD;FILTRO MAGNETICO;U365;0365;;V1;2;HB;3;3;0;0;0;0;AGV;COMPRAS AGV;0;SANY INTER;60082687;REPUESTOS;FILTRO;?;0;0;KG;0;0;678333,69;;;;1;;;;;
4;04-MAYOR A STOCK MAXIMO;1033327;ZSSD;CORREA COMPRESOR A/A;U365;0365;;V1;2;HB;3;8;0;0;0;0;AGV;COMPRAS AGV;0;SANY INTER;A230106000321;CORREAS;AIRE ACONDICIONADO;?;0;0;KG;0;0;127777,98;;;;;1;;;;
3;03-MAYOR A PUNTO DE PEDIDO;1033328;ZSSD;CORREA BOMBA DE AGUA;U365;0365;;V1;1;HB;2;2;0;0;0;0;AGV;COMPRAS AGV;0;SANY INTER;160102080029B046;CORREAS;?;?;0;0;KG;0;0;46400;;;;1;;;;;
3;03-MAYOR A PUNTO DE PEDIDO;1033330;ZSSD;CANTONERAS 5 AGUJEROS;U365;0365;;V1;3;HB;4;4;0;0;0;0;AGV;COMPRAS AGV;0;SANY INTER;13231979;;;;0;0;KG;0;0;162836,4;;;;1;;;;;
4;04-MAYOR A STOCK MAXIMO;1033331;ZSSD;"BULONES ø 5/8"" x 2 1/2""";U365;0365;;V1;23;HB;40;70;0;0;0;0;AGV;COMPRAS AGV;0;SANY INTER;10306499;REPUESTOS;?;?;0;0;KG;0;0;112325,41;;;;;1;;;;
3;03-MAYOR A PUNTO DE PEDIDO;1033332;ZSSD;"TUERCAS CUCHILLAS Y CANTONERAS ø 5/8""";U365;0365;;V1;24;HB;41;30;0;0;0;0;AGV;COMPRAS AGV;0;SANY INTER;A210314000002;DESGASTE;?;?;0;0;KG;0;0;17829;;;;1;;;;;
2;02-MENOR A PUNTO DE PEDIDO;1033333;ZSSD;PASADOR DIENTE RIPPER;U365;0365;;V1;5;HB;8;5;0;0;0;0;AGV;COMPRAS AGV;0;SANY INTER;10841439;REPUESTOS;?;?;0;0;KG;0;0;18423;;1;;;;;;;
4;04-MAYOR A STOCK MAXIMO;1033334;ZSSD;SEGURO DIENTE RIPPER;U365;0365;;V1;5;HB;8;10;0;0;0;0;AGV;COMPRAS AGV;0;SANY INTER;11178990;REPUESTOS;?;?;0;0;KG;0;0;16948,1;;;;;1;;;;
4;04-MAYOR A STOCK MAXIMO;1033786;ZSSD;PORTAUÑA;U365;0365;;V1;4;HB;7;14;0;0;0;0;C29;FILTROS/RESPUESTOS;1133160;KOMATSU HO;423-847-1111;DESGASTE;?;?;0;0;KG;0;0;1133160;;;;;1;;;;
3;03-MAYOR A PUNTO DE PEDIDO;1033787;ZSSD;UÑA;U365;0365;;V1;7;HB;11;11;0;0;0;0;C29;FILTROS/RESPUESTOS;398218,59;KOMATSU HO;207-70-14151;DESGASTE;?;?;0;0;KG;0;0;398218,62;;;;1;;;;;
3;03-MAYOR A PUNTO DE PEDIDO;1033788;ZSSD;PASADOR;U365;0365;;V1;7;HB;11;11;0;0;0;0;C29;FILTROS/RESPUESTOS;109555,49;KOMATSU HO;175-78-21810;REPUESTOS;?;?;0;0;KG;0;0;109555,5;;;;1;;;;;
3;03-MAYOR A PUNTO DE PEDIDO;1033789;ZSSD;SEGMENTO;U365;0365;;V1;4;HB;6;6;0;0;0;0;C29;FILTROS/RESPUESTOS;510225;KOMATSU HO;419-838-1110;REPUESTOS;?;?;0;0;KG;0;0;510225;;;;1;;;;;
2;02-MENOR A PUNTO DE PEDIDO;1034220;ZSTO;JUNTA LATERAL MOTOR 6 CILINDROS;U365;0365;;V1;1;HB;2;1;0;0;0;0;C03;EQUIPOS;117986;;3284623;REPUESTOS;CUMMINS 4;?;0;0;KG;0;0;117986;;1;;;;;;;
3;03-MAYOR A PUNTO DE PEDIDO;1034240;ZSSD;CHALECO GRAFA NARANJA C/REFLECTIVO T.XXL;U365;0365;;V1;143;HB;251;163;0;0;0;0;C28;SEGURIDAD/ROPA/EPP;0;;;SEGURIDAD;INDUMENTARIA;?;0;0;KG;0;0;1927842,3;;;;1;;;;;
2;02-MENOR A PUNTO DE PEDIDO;1034628;ZSTO;JUNTA DE BALANCINES;U365;0365;;V1;1;HB;2;1;0;0;0;0;C03;EQUIPOS;139122,2;;3027433 // 119718-11310;REPUESTOS;HIMOINSA LTA 8 V LED;8-VARIOS;0;0;KG;0;0;139122,2;;1;;;;;;;
2;02-MENOR A PUNTO DE PEDIDO;1036794;ZSCD;GUANTE ANTICORTE GRADO 3 C/CERTIFICADO;U365;0365;;V1;311;HB;548;205;0;0;0;0;C28;SEGURIDAD/ROPA/EPP;0;;MÚLT. 12U;SEGURIDAD;EPP;?;0;0;KG;650;0;801810,5;;1;;;;;;;
2;02-MENOR A PUNTO DE PEDIDO;1041673;ZSTO;DIENTE DERECHO AGUILON;U365;0365;;V1;1;HB;2;1;0;0;0;0;AGV;COMPRAS AGV;0;FERNANDEZ;51558780 (47800695;REPUESTOS;?;?;0;0;KG;0;0;144245,78;;1;;;;;;;
2;02-MENOR A PUNTO DE PEDIDO;1041674;ZSTO;DIENTE IZQUIERDO AGUILON;U365;0365;;V1;1;HB;2;1;0;0;0;0;AGV;COMPRAS AGV;0;GRUAS SAN;CNH 51558749 (47800694);REPUESTOS;?;?;0;0;KG;0;0;144245,78;;1;;;;;;;
4;04-MAYOR A STOCK MAXIMO;1041675;ZSTO;BULON (M16 x 2 x 75 mm);U365;0365;;V1;8;HB;13;22;0;0;0;0;AGV;COMPRAS AGV;0;;CNH47641245;REPUESTOS;?;?;0;0;KG;0;0;94497,8;;;;;1;;;;
4;04-MAYOR A STOCK MAXIMO;1041676;ZSTO;TUERCAS DE BLOQUEO (M16 x 2);U365;0365;;V1;8;HB;13;22;0;0;0;0;AGV;COMPRAS AGV;0;;CNH 832-10416;REPUESTOS;?;?;0;0;KG;0;0;57345,68;;;;;1;;;;
3;03-MAYOR A PUNTO DE PEDIDO;1041677;ZSTO;FILTRO CABINA TEREX;U365;0365;;V1;1;HB;2;2;0;0;0;0;AGV;COMPRAS AGV;0;;10X3423;REPUESTOS;FILTRO;?;0;0;KG;0;0;445344,14;;;;1;;;;;
3;03-MAYOR A PUNTO DE PEDIDO;1041750;ZSTO;ARANDELA DURA GROSOR 3,5MM;U365;0365;;V1;36;HB;63;52;0;0;0;0;C03;EQUIPOS;28865,72;;5P-8247;FERRETERIA;INSUMOS;?;0;0;KG;0;0;28865,83;;;;1;;;;;
3;03-MAYOR A PUNTO DE PEDIDO;1042181;ZSTO;ARANDELA;U365;0365;;V1;32;HB;56;56;0;0;0;0;C03;EQUIPOS;34572,72;;24M7239;FERRETERIA;BULONERIA;?;0;0;KG;0;0;34572,8;;;;1;;;;;
3;03-MAYOR A PUNTO DE PEDIDO;1042183;ZSSD;CUBIERTA 385/65 R22.5 LINEAL;U365;0365;;V1;3;HB;5;5;0;0;0;0;AGV;COMPRAS AGV;0;FIRESTONE; 385/65 R22.5 LINEAL;CUBIERTAS;?;?;0;0;KG;0;0;2990082,63;;;;1;;;;;
2;02-MENOR A PUNTO DE PEDIDO;1042184;ZSSD;CUBIERTA 315/80 22.5 TRACCION;U365;0365;;V1;3;HB;5;3;0;0;0;0;AGV;COMPRAS AGV;0;FIRESTONE; 315/80 22.5 TRACCION;CUBIERTAS;?;?;0;0;KG;0;0;1138016,52;;1;;;;;;;
3;03-MAYOR A PUNTO DE PEDIDO;1042512;ZSCD;BOTIN CONW 53 BAF MARRON P.ACER N37;U365;0365;;V1;6;HB;10;10;0;0;0;0;C28;SEGURIDAD/ROPA/EPP;0;;;SEGURIDAD;CALZADO;?;0;0;KG;0;0;455326,6;;;;1;;;;;
3;03-MAYOR A PUNTO DE PEDIDO;1042513;ZSCD;BOTIN CONW 53 BAF MARRON P.ACER N38;U365;0365;;V1;6;HB;10;10;0;0;0;0;C28;SEGURIDAD/ROPA/EPP;0;;;SEGURIDAD;CALZADO;?;0;0;KG;0;0;455326,6;;;;1;;;;;
3;03-MAYOR A PUNTO DE PEDIDO;1042514;ZSCD;BOTIN CONW 53 BAF MARRON P.ACER N40;U365;0365;;V1;12;HB;20;20;0;0;0;0;C28;SEGURIDAD/ROPA/EPP;0;;;SEGURIDAD;CALZADO;?;0;0;KG;0;0;910653,2;;;;1;;;;;
3;03-MAYOR A PUNTO DE PEDIDO;1042515;ZSCD;BOTIN CONW 53 BAF MARRON P.ACER N41;U365;0365;;V1;12;HB;20;18;0;0;0;0;C28;SEGURIDAD/ROPA/EPP;0;;;SEGURIDAD;CALZADO;?;0;0;KG;0;0;819587,88;;;;1;;;;;
3;03-MAYOR A PUNTO DE PEDIDO;1042516;ZSCD;BOTIN CONW 53 BAF MARRON P.ACER N42;U365;0365;;V1;12;HB;20;18;0;0;0;0;C28;SEGURIDAD/ROPA/EPP;0;;;SEGURIDAD;CALZADO;?;0;0;KG;0;0;819587,88;;;;1;;;;;
3;03-MAYOR A PUNTO DE PEDIDO;1042517;ZSCD;BOTIN CONW 53 BAF MARRON P.ACER N43;U365;0365;;V1;12;HB;20;20;0;0;0;0;C28;SEGURIDAD/ROPA/EPP;0;;;SEGURIDAD;CALZADO;?;0;0;KG;0;0;910653,2;;;;1;;;;;
3;03-MAYOR A PUNTO DE PEDIDO;1042518;ZSCD;BOTIN CONW 53 BAF MARRON P.ACER N44;U365;0365;;V1;12;HB;20;19;0;0;0;0;C28;SEGURIDAD/ROPA/EPP;0;;;SEGURIDAD;CALZADO;?;0;0;KG;0;0;865120,54;;;;1;;;;;
3;03-MAYOR A PUNTO DE PEDIDO;1042519;ZSCD;BOTIN CONW 53 BAF MARRON P.ACER N45;U365;0365;;V1;6;HB;10;10;0;0;0;0;C28;SEGURIDAD/ROPA/EPP;0;;;SEGURIDAD;CALZADO;?;0;0;KG;0;0;455326,6;;;;1;;;;;
3;03-MAYOR A PUNTO DE PEDIDO;1042520;ZSCD;BOTIN CONW 53 BAF MARRON P.ACER N46;U365;0365;;V1;3;HB;5;5;0;0;0;0;C28;SEGURIDAD/ROPA/EPP;0;;;SEGURIDAD;CALZADO;?;0;0;KG;0;0;227663,3;;;;1;;;;;
3;03-MAYOR A PUNTO DE PEDIDO;1042668;ZSTO;FILTRO DE ACEITE MOTOR;U365;0365;;V1;4;HB;6;5;0;0;0;0;C29;FILTROS/RESPUESTOS;141376,4;;DZ118283;FILTROS;AUTOMOTOR;?;0;0;KG;0;0;187254,4;;;;1;;;;;
2;02-MENOR A PUNTO DE PEDIDO;1042669;ZSTO;CUCHILLA;U365;0365;;V1;2;HB;3;2;0;0;0;0;AGV;COMPRAS AGV;0;CATERPILLA;5D-9559;REPUESTOS;CAT;?;0;0;KG;0;0;379171,3;;1;;;;;;;
4;04-MAYOR A STOCK MAXIMO;1042670;ZSTO;TUERCA;U365;0365;;V1;17;HB;30;63;0;0;0;0;AGV;COMPRAS AGV;0;CATERPILLA;4K-3067;FERRETERIA;CAT;?;0;0;KG;0;0;36977,04;;;;;1;;;;
4;04-MAYOR A STOCK MAXIMO;1042673;ZSTO;BULON DE CANTONERA;U365;0365;;V1;9;HB;16;22;0;0;0;0;AGV;COMPRAS AGV;0;CATERPILLA;4F3658;FERRETERIA;INSUMOS;?;0;0;KG;0;0;42507,66;;;;;1;;;;
2;02-MENOR A PUNTO DE PEDIDO;1042725;ZSTO;CORREA COMPRESOR A/A;U365;0365;;V1;2;HB;3;2;0;0;0;0;AGV;COMPRAS AGV;0;REPUESTOS;AV 13X1150 / A230106000321;REPUESTOS;CORREAS;?;0;0;KG;0;0;13400;;1;;;;;;;
2;02-MENOR A PUNTO DE PEDIDO;1042726;ZSTO;CORREA BOMBA DE AGUA;U365;0365;;V1;2;HB;3;2;0;0;0;0;AGV;COMPRAS AGV;0;SANY INTER;160102080029B046 / CONTITECH-8PK1793;REPUESTOS;CORREAS;?;0;0;KG;0;0;57000;;1;;;;;;;
4;04-MAYOR A STOCK MAXIMO;1042766;ZSTO;FILTRO AIRE SECUNDARIO ADMISION;U365;0365;;V1;2;HB;3;5;0;0;0;0;AGV;COMPRAS AGV;0;SANY INTER;TURBO TR25130 / DONALDSON R004213;REPUESTOS;FILTRO;?;0;0;KG;0;0;155757,22;;;;;1;;;;
4;04-MAYOR A STOCK MAXIMO;1042778;ZSTO;CANTONERA;U365;0365;;V1;3;HB;4;11;0;0;0;0;AGV;COMPRAS AGV;0;SERVICIOS;7D-2052;FERRETERIA;ACEROS/HIERROS;?;0;0;KG;0;0;584510;;;;;1;;;;
3;03-MAYOR A PUNTO DE PEDIDO;1042780;ZSTO;CORREA VENTILADOR;U365;0365;;V1;2;HB;3;3;0;0;0;0;AGV;COMPRAS AGV;0;REPUESTOS;8PK1372;CORREAS;?;?;0;0;KG;0;0;56476,03;;;;1;;;;;
3;03-MAYOR A PUNTO DE PEDIDO;1042781;ZSTO;CORREA COMPRESOR A/A;U365;0365;;V1;2;HB;3;3;0;0;0;0;AGV;COMPRAS AGV;0;SANY INTER;AV13X1090;CORREAS;AIRE ACONDICIONADO;?;0;0;KG;0;0;58057,86;;;;1;;;;;
2;02-MENOR A PUNTO DE PEDIDO;1042782;ZSTO;FILTRO DE CABINA;U365;0365;;V1;1;HB;2;1;0;0;0;0;AGV;COMPRAS AGV;0;SANY INTER;60305487;REPUESTOS;FILTRO;?;0;0;KG;0;0;9386,26;;1;;;;;;;
4;04-MAYOR A STOCK MAXIMO;1042783;ZSTO;FILTRO TRAMPA DE AGUA;U365;0365;;V1;2;HB;3;7;0;0;0;0;AGV;COMPRAS AGV;0;SANY INTER;160603020056A;REPUESTOS;FILTRO;?;0;0;KG;0;0;202191,5;;;;;1;;;;
4;04-MAYOR A STOCK MAXIMO;1042784;ZSTO;FILTRO HIDRAULICO DEPOSITO;U365;0365;;V1;2;HB;3;4;0;0;0;0;AGV;COMPRAS AGV;0;SANY INTER;60077980 / P765075 / HF35464;REPUESTOS;FILTRO;?;0;0;KG;0;0;453789,88;;;;;1;;;;
3;03-MAYOR A PUNTO DE PEDIDO;1042785;ZSTO;FILTRO HIDRAULICO RETORNO;U365;0365;;V1;2;HB;3;3;0;0;0;0;AGV;COMPRAS AGV;0;SANY INTER;60200365 / SH60793 / H-57070;REPUESTOS;FILTRO;?;0;0;KG;0;0;250904,04;;;;1;;;;;
3;03-MAYOR A PUNTO DE PEDIDO;1042787;ZSTO;FILTRO TRANSMISION;U365;0365;;V1;1;HB;2;2;0;0;0;0;AGV;COMPRAS AGV;0;SANY INTER;SANY 130299000006A;REPUESTOS;FILTRO;?;0;0;KG;0;0;580496;;;;1;;;;;
4;04-MAYOR A STOCK MAXIMO;1042870;ZSTO;CORREA;U365;0365;;V1;2;HB;3;4;0;0;0;0;C03;EQUIPOS;951994,76;;8X-5922;REPUESTOS;CORREAS;?;0;0;KG;0;0;951994,76;;;;;1;;;;
3;03-MAYOR A PUNTO DE PEDIDO;1047056;ZSTO;FILTRO PILOTO;U365;0365;;V1;2;HB;3;3;0;0;0;0;AGV;COMPRAS AGV;0;;YN50V01001S005 / HIFI SH60133.;REPUESTOS;FILTRO;?;0;0;KG;0;0;156312,28;;;;1;;;;;
2;02-MENOR A PUNTO DE PEDIDO;1047057;ZSTO;FILTRO RESPIRADERO;U365;0365;;V1;3;HB;3;3;0;0;0;0;AGV;COMPRAS AGV;0;;YN57V00010S002;REPUESTOS;FILTRO;?;0;0;KG;0;0;307038;;1;;;;;;;
3;03-MAYOR A PUNTO DE PEDIDO;1047059;ZSTO;FILTRO HIDRAULICO DE RETORNO KOBELCO;U365;0365;;V1;3;HB;4;4;0;0;0;0;AGV;COMPRAS AGV;0;;KOBELCO LC52V01006P1 / HIFI SH60767;REPUESTOS;FILTRO;?;0;0;KG;0;0;3086971,16;;;;1;;;;;
3;03-MAYOR A PUNTO DE PEDIDO;1047640;ZSTO;FILTRO CABINA INTERIOR;U365;0365;;V1;1;HB;2;2;0;0;0;0;C29;FILTROS/RESPUESTOS;102360,6;;23515118;FILTROS;?;8-VARIOS;0,35;0;KG;1800;0;102360,6;;;;1;;;;;
3;03-MAYOR A PUNTO DE PEDIDO;1048429;ZSTO;ARANDELA (Ø 5/8);U365;0365;;V1;54;HB;94;94;0;0;0;0;AGV;COMPRAS AGV;0;;5P8247;REPUESTOS;?;?;0;0;KG;0;0;44633,33;;;;1;;;;;
4;04-MAYOR A STOCK MAXIMO;1048501;ZSTO;FILTRO PRIMARIO;U365;0365;;V1;1;HB;2;6;0;0;0;0;C03;EQUIPOS;122150,2;;P619046 / BOSCH AB2288;REPUESTOS;FILTRO;?;0;0;KG;0;0;343329,4;;;;;1;;;;
4;04-MAYOR A STOCK MAXIMO;1048502;ZSTO;FILTRO SECUNDARIO ADMISION;U365;0365;;V1;1;HB;2;6;0;0;0;0;C03;EQUIPOS;76377,4;;DONALDSON P621905/CNH585106176/DARMET VP;REPUESTOS;FILTRO;?;0;0;KG;0;0;214671,2;;;;;1;;;;
3;03-MAYOR A PUNTO DE PEDIDO;1048505;ZSTO;CORREA A/A;U365;0365;;V1;1;HB;2;2;0;0;0;0;C03;EQUIPOS;70453,52;;CNH500058354;CORREAS;AIRE ACONDICIONADO;?;0;0;KG;0;0;70453,52;;;;1;;;;;
3;03-MAYOR A PUNTO DE PEDIDO;1048506;ZSTO;FILTRO DE CABINA;U365;0365;;V1;1;HB;2;2;0;0;0;0;C03;EQUIPOS;56030,38;;CNH500086267;REPUESTOS;FILTRO;?;0;0;KG;0;0;56030,38;;;;1;;;;;
2;02-MENOR A PUNTO DE PEDIDO;1048886;ZSTO;FILTRO AIRE PRIMARIO ADMISION;U365;0365;;V1;5;HB;8;2;0;0;0;0;C29;FILTROS/RESPUESTOS;0;SANY HEAVY;400-038-9991;REPUESTOS;FILTRO;?;0;0;KG;1,728;0;181610;;1;;;;;;;
4;04-MAYOR A STOCK MAXIMO;1048887;ZSTO;CORREA VENTILADOR;U365;0365;;V1;4;HB;6;10;0;0;0;0;C29;FILTROS/RESPUESTOS;182976;SANY HEAVY;CUMMINS 3288790 (8PK1444);CORREAS;?;?;0;0;KG;1,728;0;182976;;;;;1;;;;
2;02-MENOR A PUNTO DE PEDIDO;1049599;ZSTO;FILTRO ADMISION PRIMARIO;U365;0365;;V1;2;HB;2;2;0;0;0;0;AGV;COMPRAS AGV;0;;FLEETGUARD AF26413 /SANY 61020095 /;REPUESTOS;FILTRO;?;0;0;KG;0;0;51726,6;;1;;;;;;;
2;02-MENOR A PUNTO DE PEDIDO;1049600;ZSTO;FILTRO ADMISION SECUNDARIO;U365;0365;;V1;2;HB;2;2;0;0;0;0;AGV;COMPRAS AGV;0;;FLEETGUARD AF26414 / SANY 61020096 /;REPUESTOS;FILTRO;?;0;0;KG;0;0;35544,6;;1;;;;;;;
2;02-MENOR A PUNTO DE PEDIDO;1054684;ZSTO;FILTRO AIRE PRIMARIO;U365;0365;;V1;2;HB;3;2;0;0;0;0;AGV;COMPRAS AGV;0;;SA18158 HI-FI / RS5758 BALDWIN;REPUESTOS;FILTRO;?;0;0;KG;0;0;172619,25;;1;;;;;;;
2;02-MENOR A PUNTO DE PEDIDO;1054686;ZSTO;FILTRO AIRE SECUNDARIO;U365;0365;;V1;2;HB;3;2;0;0;0;0;AGV;COMPRAS AGV;0;;SA18159 HI-FI / RS5759 BALDWIN;REPUESTOS;FILTRO;?;0;0;KG;0;0;38406,05;;1;;;;;;;
1;01-STOCK NULO;1054687;ZSTO;FILTRO REFRIGERANTE;U365;0365;;V1;2;HB;3;0;0;0;0;0;AGV;COMPRAS AGV;0;;WE2076 HI-FI // WF2076 (4058965) FLEETGU;REPUESTOS;FILTRO;?;0;0;KG;0;0;0;;;1;;;;;;
2;02-MENOR A PUNTO DE PEDIDO;1055070;ZSTO;ACEITE TRANSMISION - S6 ATF A295;U365;0365;;V1;2;HB;3;2;0;0;0;0;C29;FILTROS/RESPUESTOS;0;;ALTERNATIVO: MOBIL SINTETICO DELVAC ATF;LUBRICANTES;?;?;0;0;KG;0;0;6847130;;1;;;;;;;
3;03-MAYOR A PUNTO DE PEDIDO;1026229;ZSTO;CORREA COMPRESOR A/A;MR01;0368;A1B1C6;V1;1;HB;2;2;0;0;0;0;C03;EQUIPOS;184740,94;;04120-21761;EQUIPOS;AUTOMOTOR;?;0;0;KG;0;0;184740,93;;;;1;;;1;;
2;02-MENOR A PUNTO DE PEDIDO;1000018;ZSTO;FILTRO DE ACEITE MOTOR;U003;0372;;V1;4;HB;7;4;0;0;0;0;F03;FILTRO ACEITE;84766,56;MERCEDES B // //;A9061800209 // A9061800309 // HU945/2X;FILTROS;MERCEDES BENZ ATEGO;9-FRAGIL;0,17;0;KG;1408;0;84766,58;;1;;;;;1;;
2;02-MENOR A PUNTO DE PEDIDO;1000020;ZSTO;FILTRO DE CABINA;U003;0372;;V1;2;HB;3;2;0;0;0;0;F05;FILTRO AIRE CABINA;79243,88;MERCEDES B // // MANN //;A9738350147 // AF26144 // CU5877 // P784971;FILTROS;MERCEDES BENZ;9-FRAGIL;0,39;0;KG;8450;0;79243,87;;1;;;;;1;;
2;02-MENOR A PUNTO DE PEDIDO;1000036;ZSTO;FILTRO TRAMPA DE AGUA;U003;0372;;V1;4;HB;7;4;0;0;0;0;F13;FILTRO TRAMPA DE A;107905,96;MERCEDES B;A9794770015;FILTROS;MERCEDES BENZ ATEGO;8-VARIOS;0,89;0;KG;2541;0;107905,97;;1;;;;;1;;
4;04-MAYOR A STOCK MAXIMO;1000043;ZSTO;BOTIQUIN 1ROS. AUXILIOS N 2;U003;0372;CBA5CJ;V1;2;HB;4;14;0;0;0;0;C28;SEGURIDAD/ROPA/EPP;7048,25;;;SEGURIDAD;BOTIQUIN;8-VARIOS;0,267;0;KG;972;0;79599,35;;;;;1;;1;;
3;03-MAYOR A PUNTO DE PEDIDO;1001678;ZSTO;FICHA T.STECK HEMBRA 220V 16A 2P T X UN;U003;0372;CBA4CJ;V1;6;HB;10;10;0;0;0;0;C11;ELECTRICIDAD;0;;;ELECTRICIDAD;FICHAS;8-VARIOS;0,12;0;KG;308,701;0;83044,32;;;;1;;;1;;
3;03-MAYOR A PUNTO DE PEDIDO;1001679;ZSTO;FICHA T.STECK MACHO 220V 16A 2P T XUN;U003;0372;CBA5CJ;V1;6;HB;10;10;0;0;0;0;C11;ELECTRICIDAD;0;;;ELECTRICIDAD;FICHAS;8-VARIOS;0,09;0;KG;206,651;0;82389,24;;;;1;;;1;;
3;03-MAYOR A PUNTO DE PEDIDO;1001680;ZSTO;FICHA T.STECK HEMBRA 380V 32A T N XUN;U003;0372;;V1;4;HB;6;5;0;0;0;0;C11;ELECTRICIDAD;0;;;ELECTRICIDAD;FICHAS;8-VARIOS;0,28;0;KG;576,975;0;90034,71;;;;1;;;1;;
3;03-MAYOR A PUNTO DE PEDIDO;1001681;ZSTO;FICHA T.STECK MACHO 380V 32A T N XUN;U003;0372;CBD2CJ;V1;4;HB;6;5;0;0;0;0;C11;ELECTRICIDAD;0;;;ELECTRICIDAD;FICHAS;8-VARIOS;0,22;0;KG;423,9;0;76624;;;;1;;;1;;
2;02-MENOR A PUNTO DE PEDIDO;1001682;ZSTO;MAMEL. 1°CAL. DESC. LAMIN.BLANCO 60GR.XL;U003;0372;CBC2CJ;V1;80;HB;150;22;0;0;0;0;C28;SEGURIDAD/ROPA/EPP;0;;FABRICANTE:DUPONT | MODELO:TYVEK 500;SEGURIDAD;INDUMENTARIA;8-VARIOS;0,195;0;KG;2232;0;198412,5;;1;;;;;1;;
4;04-MAYOR A STOCK MAXIMO;1001693;ZSTO;MENTONERA BANDA ELASTICA;U003;0372;CBD2CJ;V1;12;HB;20;40;0;0;0;0;C28;SEGURIDAD/ROPA/EPP;0;LIBUS // 3M // MSA // STEELPRO;902003 // BARBIQUEJO H-700 4PUNTOS // CHINSTRAP V-GARD // BARBIQUEJO STEELPRO 4PTO;SEGURIDAD;ACCESORIO SEGURIDAD;8-VARIOS;0,01;0;KG;52,5;0;209716;;;;;1;;1;;
4;04-MAYOR A STOCK MAXIMO;1001694;ZSTO;PASAMONTANAS PARA -10 GRADOS;U003;0372;;V1;9;HB;25;46;0;0;0;0;C28;SEGURIDAD/ROPA/EPP;21382,8;;;SEGURIDAD;INDUMENTARIA;8-VARIOS;0,069;0;KG;1080;0;201382,8;;;;;1;;1;;
3;03-MAYOR A PUNTO DE PEDIDO;1001697;ZSTO;GUANTE VAQUETA MEDIO PASEO T.10;U003;0372;CBD2CJ;V1;100;HB;180;157;0;0;0;0;C28;SEGURIDAD/ROPA/EPP;0;;MÚLT. 12U;SEGURIDAD;GUANTE;8-VARIOS;0,122;0;KG;650;0;373090,68;;;;1;;;1;;
2;02-MENOR A PUNTO DE PEDIDO;1001699;ZSTO;CASCO CARCAZA BLANCO;U003;0372;CBC4CJ;V1;3;HB;4;3;0;0;0;0;C28;SEGURIDAD/ROPA/EPP;0;LIBUS // 3M // MSA // STEELPRO;MILENIUM // H-700 BLANCO // V-GARD BLANCO // STEELPRO SAFETY BLANCO;SEGURIDAD;ACCESORIO SEGURIDAD;8-VARIOS;0,285;0;KG;8700;0;14100;;1;;;;;1;;
2;02-MENOR A PUNTO DE PEDIDO;1001700;ZSTO;CASCO CARCAZA AMARILLO;U003;0372;CBD3/D4;V1;5;HB;8;3;0;0;0;0;C28;SEGURIDAD/ROPA/EPP;0;LIBUS // 3M // MSA // STEELPRO;MILENIUM // H-700 AMARILLO // V-GARD AMARILLO // STEELPRO SAFETY AMARILLO;SEGURIDAD;ACCESORIO SEGURIDAD;8-VARIOS;0,285;0;KG;9900;0;9394,77;;1;;;;;1;;
4;04-MAYOR A STOCK MAXIMO;1001702;ZSTO;GUANTE SOLDADOR COSTURA KEVLAR;U003;0372;;V1;1;HB;2;5;0;0;0;0;C28;SEGURIDAD/ROPA/EPP;0;;;SEGURIDAD;GUANTE;8-VARIOS;0,265;0;KG;527;0;19957,5;;;;;1;;1;;
2;02-MENOR A PUNTO DE PEDIDO;1001704;ZSTO;PROTECTORFACIALSOPORTEARNESCREMALLERA;U003;0372;CBD2CJ;V1;3;HB;6;3;0;0;0;0;C28;SEGURIDAD/ROPA/EPP;0;LIBUS;901383;SEGURIDAD;ACCESORIO SEGURIDAD;8-VARIOS;0,155;0;KG;6864;0;116662,29;;1;;;;;1;;
2;02-MENOR A PUNTO DE PEDIDO;1001706;ZSTO;GUANTE LATEX USO MEDICINAL CAJA X 100 UN;U003;0372;CBD2CJ;RE;1;HB;2;1;0;0;0;0;C28;SEGURIDAD/ROPA/EPP;0;;;SEGURIDAD;GUANTE;8-VARIOS;0,625;0;KG;1320;0;4320;;1;;;;;1;;
2;02-MENOR A PUNTO DE PEDIDO;1001707;ZSTO;CHALECOGRAFANARANJACONREFLETIVOT.XLC2;U003;0372;CBC2CJ;V1;15;HB;33;15;0;0;0;0;C28;SEGURIDAD/ROPA/EPP;0;;MÚLT. 12U;SEGURIDAD;INDUMENTARIA;8-VARIOS;0,302;0;KG;608;0;165000;;1;;;;;1;;
3;03-MAYOR A PUNTO DE PEDIDO;1001708;ZSTO;GUANTE POLIAMIDA LAMINADO PALMAPU-TALLE9;U003;0372;CBD2CJ;V1;120;HB;240;200;0;0;0;0;C28;SEGURIDAD/ROPA/EPP;0;;MÚLT. 12U;SEGURIDAD;GUANTE;8-VARIOS;0,028;0;KG;500;0;114180,9;;;;1;;;1;;
4;04-MAYOR A STOCK MAXIMO;1001710;ZSTO;CINTA DEMARCAR PELIGRO ECOLOGICA;U003;0372;CBA5CJ;RE;1;HB;2;4;0;0;0;0;C28;SEGURIDAD/ROPA/EPP;0;;;SEGURIDAD;SEÑALIZACION;8-VARIOS;2,037;0;KG;4903,503;0;72752,86;;;;;1;;1;;
2;02-MENOR A PUNTO DE PEDIDO;1001717;ZSTO;PROTECTOR FACIAL BURBUJA INCOLORO;U003;0372;CBA4CJ;V1;5;HB;10;5;0;0;0;0;C28;SEGURIDAD/ROPA/EPP;0;LIBUS // 3M // MSA // STEELPRO;901386 // VISOR WP96 + SOPORTE // MSA VISOR CLEAR // STEELPRO BURBUJA CLEAR;SEGURIDAD;ACCESORIO SEGURIDAD;9-FRAGIL;0,176;0;KG;6721;0;89000;;1;;;;;1;;
3;03-MAYOR A PUNTO DE PEDIDO;1001726;ZSTO;SUSPENSION CREMALLERA;U003;0372;CBD1CJ;V1;5;HB;15;12;0;0;0;0;C28;SEGURIDAD/ROPA/EPP;0;LIBUS // 3M // MSA // STEELPRO;MILENIUM // SUSPENSIÓN RATCHET H-700 // FAS-TRAC III // RATCHET STEELPRO;SEGURIDAD;ACCESORIO SEGURIDAD;8-VARIOS;0,09;0;KG;8694;0;57000;;;;1;;;1;;
3;03-MAYOR A PUNTO DE PEDIDO;1001727;ZSTO;PROTECTOR AUDITIVO COPA P/CASCO;U003;0372;CBD1CJ;V1;10;HB;15;14;0;0;0;0;C28;SEGURIDAD/ROPA/EPP;82695,18;LIBUS // 3M // MSA // STEELPRO;L300 // PELTOR X4P3E // LEFT/RIGHT CAP MOUNTED // CM-502 CASCO;SEGURIDAD;ACCESORIO SEGURIDAD;9-FRAGIL;0,244;0;KG;2185;0;418046,14;;;;1;;;1;;
4;04-MAYOR A STOCK MAXIMO;1001728;ZSTO;ADAPTADOR PROTECTOR FACIAL AUDITIVO;U003;0372;CBD3CJ;V1;2;HB;5;7;0;0;0;0;C28;SEGURIDAD/ROPA/EPP;168353,92;LIBUS // 3M // MSA // STEELPRO;902493 // ADAPTADOR VISOR PELTOR // ADAPTADOR VISOR PELTOR // UNIVERSAL STEELPRO;SEGURIDAD;ACCESORIO SEGURIDAD;9-FRAGIL;0;0;KG;2800;0;168353,95;;;;;1;;1;;
3;03-MAYOR A PUNTO DE PEDIDO;1001753;ZSTO;BOTIN MARRON/NEGRO FLOR P.ACERO N 37;U003;0372;CBB3CJ;RE;1;HB;2;2;0;0;0;0;C28;SEGURIDAD/ROPA/EPP;68273,72;CONWORK // VORAN // CALZADOS A // // // //;53BAF // CRONOS N T37 // ESCORPIO PRUS 1050 T37 // RINGO MOD BOLT TALLE 37 // RINGO-MOD PUNCH TALLE 37 // SKIWAY MOD. 3243 T37 // 3305 T37;SEGURIDAD;CALZADO;8-VARIOS;1,23;0;KG;12057,5;0;68273,71;;;;1;;;1;;
3;03-MAYOR A PUNTO DE PEDIDO;1001754;ZSTO;BOTIN MARRON/NEGRO FLOR P.ACERO N 38;U003;0372;CBB2CJ;RE;1;HB;2;2;0;0;0;0;C28;SEGURIDAD/ROPA/EPP;0;CONWORK // VORAN // CALZADOS A // // // // BORIS;53BAF // CRONOS N T38 // ESCORPIO PRUS 1050 T38 // RINGO MOD BOLT TALLE 38 // RINGO-MOD PUNCH TALLE 38 // SKIWAY MOD. 3243 T38 // 3305 T38;SEGURIDAD;CALZADO;8-VARIOS;1,167;0;KG;11934;0;81867,51;;;;1;;;1;;
4;04-MAYOR A STOCK MAXIMO;1001755;ZSTO;BOTIN MARRON/NEGRO FLOR P.ACERO N 39;U003;0372;CBC2;RE;1;HB;2;6;0;0;0;0;C28;SEGURIDAD/ROPA/EPP;0;CONWORK // VORAN // CALZADOS A // // // // BORIS;53BAF // CRONOS N T39 // ESCORPIO PRUS 1050 T39 // RINGO MOD BOLT TALLE 39 // RINGO-MOD PUNCH TALLE 39 // SKIWAY MOD. 3243 T39 // 3305 T39;SEGURIDAD;CALZADO;8-VARIOS;1,3;0;KG;12521,25;0;275071,4;;;;;1;;1;;
3;03-MAYOR A PUNTO DE PEDIDO;1001756;ZSTO;BOTIN MARRON/NEGRO FLOR P.ACERO N 40;U003;0372;CBA5;V1;4;HB;6;6;0;0;0;0;C28;SEGURIDAD/ROPA/EPP;0;CONWORK // VORAN // CALZADOS A // // // // BORIS;53BAF // CRONOS N T40 // ESCORPIO PRUS 1050 T40 // RINGO MOD BOLT TALLE 40 // RINGO-MOD PUNCH TALLE 40 // SKIWAY MOD. 3243 T40 // 3305 T40;SEGURIDAD;CALZADO;8-VARIOS;1,25;0;KG;11934;0;279205,68;;;;1;;;1;;
2;02-MENOR A PUNTO DE PEDIDO;1001757;ZSTO;BOTIN MARRON/NEGRO FLOR P.ACERO N 41;U003;0372;CBB4;V1;4;HB;6;2;0;0;0;0;C28;SEGURIDAD/ROPA/EPP;0;CONWORK // VORAN // CALZADOS A // // // // BORIS;53BAF // CRONOS N T41 // ESCORPIO PRUS 1050 T41 // RINGO MOD BOLT TALLE 41 // RINGO-MOD PUNCH TALLE 41 // SKIWAY MOD. 3243 T41 // 3305 T41;SEGURIDAD;CALZADO;8-VARIOS;1,296;0;KG;11934;0;88000;;1;;;;;1;;
2;02-MENOR A PUNTO DE PEDIDO;1001758;ZSTO;BOTIN MARRON/NEGRO FLOR P.ACERO N 42;U003;0372;CBB5;V1;4;HB;6;4;0;0;0;0;C28;SEGURIDAD/ROPA/EPP;0;CONWORK // VORAN // CALZADOS A // // // // BORIS;53BAF // CRONOS N T42 // ESCORPIO PRUS 1050 T42 // RINGO MOD BOLT TALLE 42 // RINGO-MOD PUNCH TALLE 42 // SKIWAY MOD. 3243 T42 // 3305 T42;SEGURIDAD;CALZADO;8-VARIOS;1,392;0;KG;12163,5;0;182885,96;;1;;;;;1;;
2;02-MENOR A PUNTO DE PEDIDO;1001759;ZSTO;BOTIN MARRON/NEGRO FLOR P.ACERO N 43;U003;0372;CBB3;V1;3;HB;4;1;0;0;0;0;C28;SEGURIDAD/ROPA/EPP;0;CONWORK // VORAN // CALZADOS A // // // // BORIS;53BAF // CRONOS N T43 // ESCORPIO PRUS 1050 T43 // RINGO MOD BOLT TALLE 43 // RINGO-MOD PUNCH TALLE 43 // SKIWAY MOD. 3243 T43 // 3305 T43;SEGURIDAD;CALZADO;8-VARIOS;1,539;0;KG;13329,36;0;38953,9;;1;;;;;1;;
3;03-MAYOR A PUNTO DE PEDIDO;1001760;ZSTO;BOTINMARRON/NEGRO FLOR P.ACERO N 44;U003;0372;CBB2;V1;2;HB;3;3;0;0;0;0;C28;SEGURIDAD/ROPA/EPP;0;CONWORK // VORAN // CALZADOS A // // // BORIS;53BAF // CRONOS N T44 // ESCORPIO PRUS 1050 T44 // RINGO MOD BOLT TALLE 44 // RINGO-MOD PUNCH TALLE 44 // 3305 T44;SEGURIDAD;CALZADO;8-VARIOS;1,365;0;KG;11934;0;139602,84;;;;1;;;1;;
4;04-MAYOR A STOCK MAXIMO;1001761;ZSTO;BOTIN MARRON/NEGRO FLOR P.ACERO N 45;U003;0372;CBB2;RE;1;HB;2;4;0;0;0;0;C28;SEGURIDAD/ROPA/EPP;34136,85;CONWORK // VORAN // CALZADOS A // // // // BORIS;53BAF // CRONOS N T45 // ESCORPIO PRUS 1050 T45 // RINGO MOD BOLT TALLE 45 // RINGO-MOD PUNCH TALLE 45 // SKIWAY MOD. 3243 T45 // 3305 T45;SEGURIDAD;CALZADO;8-VARIOS;1,455;0;KG;12163,5;0;158073,01;;;;;1;;1;;
4;04-MAYOR A STOCK MAXIMO;1001762;ZSTO;BOTIN MARRON/NEGRO FLOR P.ACERO N 46;U003;0372;CBB6CJ;RE;1;HB;1;2;0;0;0;0;C28;SEGURIDAD/ROPA/EPP;34136,85;CONWORK // VORAN // CALZADOS A // // // // BORIS;53BAF // CRONOS N T46 // ESCORPIO PRUS 1050 T46 // RINGO MOD BOLT TALLE 46 // RINGO-MOD PUNCH TALLE 46 // SKIWAY MOD. 3243 // 3305 T46;SEGURIDAD;CALZADO;8-VARIOS;1,75;0;KG;9306;0;73090,75;;;;;1;;1;;
1;01-STOCK NULO;1001778;ZSTO;YERBA MATE X 500GRS X UN;U003;0372;;V1;31;HB;50;0;0;0;0;0;C17;INSUMOS A;0;;;ALIMENTOS;?;8-VARIOS;0;0;KG;0;0;0;;;1;;;;1;;
2;02-MENOR A PUNTO DE PEDIDO;1001783;ZSTO;ACEITE HIDRAULICO X 205L;U003;0372;;RE;1;HB;1;1;0;0;0;0;L01;ACEITES;775367,93;YPF S.A. // YPF S.A.;ATF // 125492;LUBRICANTES;ACEITES;2-TACHO;193;0;KG;233705,49;0;775367,93;;1;;;;;1;;
2;02-MENOR A PUNTO DE PEDIDO;1001784;ZSTO;ACEITE  HY GARD X 209L;U003;0372;;RE;1;HB;1;1;0;0;0;0;L01;ACEITES;1167276,98;JOHN DEERE;HY GARD;LUBRICANTES;ACEITES;2-TACHO;193;0;KG;233705,49;0;1167276,98;;1;;;;;1;;
2;02-MENOR A PUNTO DE PEDIDO;1001786;ZSTO;ACEITE ISO 46 HIDRAULICO  X 205L;U003;0372;;RE;1;HB;1;1;0;0;0;0;L01;ACEITES;568187,31;YPF S.A. // YPF S.A.;BP46 // 135392;LUBRICANTES;ACEITES;2-TACHO;193;0;KG;233705,49;0;568187,31;;1;;;;;1;;
2;02-MENOR A PUNTO DE PEDIDO;1001788;ZSTO;ACEITE SAE  10W X 205L;U003;0372;;RE;1;HB;1;1;0;0;0;0;L01;ACEITES;657368,48;YPF S.A. // YPF S.A.;10W // 151592;LUBRICANTES;ACEITES;2-TACHO;192,5;0;KG;235025,86;0;657368,48;;1;;;;;1;;
4;04-MAYOR A STOCK MAXIMO;1001790;ZSTO;ACEITE 15W40  X 205L;U003;0372;;V1;3;HB;4;5;0;0;0;0;L01;ACEITES;3668935,7;YPF S.A. // EXXON MOBI // CATERPILLA // SHELL PLC. // VOLVO MAQU // YPF S.A.;EXTRAVIDA XV300 // DELVAC MX 15W40 APICI4 // DEO 15W40 // R4 15W40 APICI4 ACEAE5E7 // VDS3 // 189292;LUBRICANTES;ACEITES;2-TACHO;193;0;KG;232385,12;0;3668935,7;;;;;1;;1;;
2;02-MENOR A PUNTO DE PEDIDO;1001791;ZSTO;ACEITE SAE 30 X 205L;U003;0372;;RE;1;HB;1;1;0;0;0;0;L01;ACEITES;0;YPF S.A. // YPF S.A. // YPF S.A.;FT SUPER 30 TR // 151692;LUBRICANTES;ACEITES;2-TACHO;193;0;KG;233705,49;0;937190,08;;1;;;;;1;;
2;02-MENOR A PUNTO DE PEDIDO;1001792;ZSTO;ACEITE SAE 50  X 205L;U003;0372;;RE;1;HB;1;1;0;0;0;0;L01;ACEITES;469927,32;YPF S.A.;;LUBRICANTES;ACEITES;2-TACHO;193;0;KG;233705,49;0;469927,32;;1;;;;;1;;
2;02-MENOR A PUNTO DE PEDIDO;1001795;ZSTO;ACEITE 85W140 X 205L;U003;0372;;RE;1;HB;1;1;0;0;0;0;L01;ACEITES;243504,08;YPF S.A. // YPF S.A.;85W140 // 123192;LUBRICANTES;ACEITES;2-TACHO;193;0;KG;233705,49;0;243504,08;;1;;;;;1;;
2;02-MENOR A PUNTO DE PEDIDO;1001804;ZSTO;GRASA LITIO LIMIT MO-2 (NEGRA) X 180 KG;U003;0372;;RE;1;HB;2;1;0;0;0;0;L03;GRASAS;0;YPF S.A. // // YPF S.A.;LIMIT MO-2 // GADUS S2 V220 // 628793;LUBRICANTES;GRASA;2-TACHO;180;0;KG;299396;0;1520913,22;;1;;;;;1;;
2;02-MENOR A PUNTO DE PEDIDO;1001812;ZSTO;REFRIGERANTE ANTICONG. X20 LT;U003;0372;;V1;3;HB;5;3;0;0;0;0;L02;FLUIDOS;290496,03;YPF S.A. // YPF S.A.;KRIOX 3 INORGANICO // 185280;LUBRICANTES;ADITIVOS;6-PESADO Y FRAGIL;23,75;0;KG;37246,7;0;290496,02;;1;;;;;1;;
4;04-MAYOR A STOCK MAXIMO;1001814;ZSTO;LIQUIDO FRENO X1LT;U003;0372;;RE;1;HB;2;4;0;0;0;0;L02;FLUIDOS;0;WAGNER;;LUBRICANTES;ADITIVOS;6-PESADO Y FRAGIL;1,12;0;KG;1680;0;66115,7;;;;;1;;1;;
2;02-MENOR A PUNTO DE PEDIDO;1001815;ZSTO;AGUA DESMINERALIZADA X 20L;U003;0372;;V1;3;HB;7;3;0;0;0;0;L02;FLUIDOS;38199,99;;;LUBRICANTES;ADITIVOS;6-PESADO Y FRAGIL;20,031;0;KG;24700;0;38200;;1;;;;;1;;
3;03-MAYOR A PUNTO DE PEDIDO;1001821;ZSTO;ACEITE 75W 90  X 20 LT;U003;0372;;V1;2;HB;3;3;0;0;0;0;L01;ACEITES;0;YPF S.A.;75W 90 ;LUBRICANTES;ACEITES;6-PESADO Y FRAGIL;20;0;KG;27727,77;0;1867220,17;;;;1;;;1;;
3;03-MAYOR A PUNTO DE PEDIDO;1001823;ZSTO;ACEITE F50 5W40 X 20 L;U003;0372;;V1;2;HB;3;3;0;0;0;0;L01;ACEITES;749506,74;ELAION // ELAION // YPF S.A.;F50 5W40 // FS540 // 151792;LUBRICANTES;AMAROK-HILUX;6-PESADO Y FRAGIL;18;0;KG;27727,77;0;749506,75;;;;1;;;1;;
2;02-MENOR A PUNTO DE PEDIDO;1001827;ZSTO;CUBIERTA 12.00 R20 FG85 (lineal);U003;0372;;RE;2;HB;2;2;0;0;0;0;C48;CUBIERTAS CAMIONES;1351492,02;PIRELLI NE // GOOD YEAR // MICHELIN A;FG85 // G686MSS // XZY3;CUBIERTAS;IVECO TRAKKER;5-CUBIERTAS;74;0;KG;242491,21;0;1351492,02;;1;;;;;1;;
4;04-MAYOR A STOCK MAXIMO;1001834;ZSTO;CUBIERTA 265 65 17 DUELER A T 693;U003;0372;;V1;4;HB;8;10;0;0;0;0;C47;CUBIERTAS AUTOMOTR;2212106,4;BRIDGESTON // BRIDGESTON // PIRELLI NE // PIRELLI NE // GOOD YEAR;DUELER A T 693 // AT REVO 2 // S MTR // SCORPION ATR // WRANGLER WORKHORSE;CUBIERTAS;hilux hasta 2016;5-CUBIERTAS;17;0;KG;114806,25;0;2212106,39;;;;;1;;1;;
1;01-STOCK NULO;1001841;ZSTO;CAMARA 12.00 R20;U003;0372;;V1;1;HB;2;0;0;0;0;0;C52;CAMARAS;0;;MARCA DONGAH // MARCA PIRELLI;CUBIERTAS;CUBIERTAS;7-PESADO;3,053;0;KG;6200;0;0;;;1;;;;1;;
2;02-MENOR A PUNTO DE PEDIDO;1001842;ZSTO;PROTECTOR P CAMARA 12.00;U003;0372;;V1;1;HB;2;1;0;0;0;0;C52;CAMARAS;19553,75;;;CUBIERTAS;CUBIERTAS;7-PESADO;1,94;0;KG;912;0;19553,75;;1;;;;;1;;
3;03-MAYOR A PUNTO DE PEDIDO;1001865;ZSTO;MARCADORINDUSTRIAL-VERDEXUN;U003;0372;CBA4CJ;V1;13;HB;24;22;0;0;0;0;C17;INSUMOS A;0;UNIPAINT;MÚLT. 10U;LIBRERIA;ESCRITURA;8-VARIOS;0,02;0;KG;10,99;0;72347,66;;;;1;;;1;;
3;03-MAYOR A PUNTO DE PEDIDO;1001866;ZSTO;MARCADOR INDUSTRIAL-NEGROXUN;U003;0372;CBB3CJ;V1;25;HB;38;27;0;0;0;0;C17;INSUMOS A;0;UNIPAINT;MÚLT. 10U;LIBRERIA;ESCRITURA;8-VARIOS;0,023;0;KG;10,99;0;116160;;;;1;;;1;;
3;03-MAYOR A PUNTO DE PEDIDO;1001867;ZSTO;MARCADOR INDUSTRIAL-BLANCOXUN;U003;0372;CBB6CJ;V1;25;HB;38;27;0;0;0;0;C17;INSUMOS A;0;UNIPAINT;MÚLT. 10U;LIBRERIA;ESCRITURA;8-VARIOS;0,023;0;KG;10,99;0;118800;;;;1;;;1;;
3;03-MAYOR A PUNTO DE PEDIDO;1001869;ZSTO;MARCADORINDUSTRIAL-AMARILLOXUN;U003;0372;CBB2CJ;V1;25;HB;38;36;0;0;0;0;C17;INSUMOS A;0;UNIPAINT;MÚLT. 10U;LIBRERIA;ESCRITURA;8-VARIOS;0,023;0;KG;10,99;0;158400;;;;1;;;1;;
3;03-MAYOR A PUNTO DE PEDIDO;1001871;ZSTO;RESMA DE HOJA A4 70GR. X UN;U003;0372;CBB6;V1;6;HB;15;7;0;0;0;0;C17;INSUMOS A;0;;;LIBRERIA;PAPEL;7-PESADO;2,27;0;KG;3150;0;32975,18;;;;1;;;1;;
3;03-MAYOR A PUNTO DE PEDIDO;1001872;ZSTO;RESMA DE HOJA A3 75GR. X UN;U003;0372;CBA6;V1;2;HB;8;5;0;0;0;0;C17;INSUMOS A;0;;;LIBRERIA;PAPEL;7-PESADO;5,11;0;KG;7012,5;0;60743,8;;;;1;;;1;;
4;04-MAYOR A STOCK MAXIMO;1001876;ZSTO;CINTA EMBALAR TRANSPARENTE 48MM X 100 MT;U003;0372;CBB3;V1;9;HB;17;23;0;0;0;0;C17;INSUMOS A;0;SCOTCH;;LIBRERIA;CINTAS ADHESIVAS;8-VARIOS;0,197;0;KG;474,925;0;42578,52;;;;;1;;1;;
4;04-MAYOR A STOCK MAXIMO;1001877;ZSTO;CINTA EMBALAR MARRON 48MM X 100 MT;U003;0372;CBA6CJ;V1;5;HB;8;18;0;0;0;0;C17;INSUMOS A;0;;;LIBRERIA;CINTAS ADHESIVAS;8-VARIOS;0,215;0;KG;474,925;0;23408,46;;;;;1;;1;;
4;04-MAYOR A STOCK MAXIMO;1001878;ZSTO;CINTA DE ENMASCARAR 48MM X ROLLO;U003;0372;CBA6CJ;V1;2;HB;3;9;0;0;0;0;C17;INSUMOS A;0;SCOTCH;;LIBRERIA;CINTAS ADHESIVAS;8-VARIOS;0,177;0;KG;474,925;0;40772,55;;;;;1;;1;;
4;04-MAYOR A STOCK MAXIMO;1001879;ZSTO;CINTA DE ENMASCARAR 24 MM XROLLO;U003;0372;CBA6CJ;V1;13;HB;25;29;0;0;0;0;C17;INSUMOS A;0;;;LIBRERIA;CINTAS ADHESIVAS;8-VARIOS;0,088;0;KG;237,463;0;48989,12;;;;;1;;1;;
3;03-MAYOR A PUNTO DE PEDIDO;1001880;ZSTO;MARCADOR INDUSTRIAL - AZUL UNIPAINT X UN;U003;0372;CBA4CJ;V1;13;HB;24;23;0;0;0;0;C17;INSUMOS A;0;UNIPAINT;MÚLT. 10U;LIBRERIA;ESCRITURA;8-VARIOS;0,023;0;KG;10,99;0;83380;;;;1;;;1;;
3;03-MAYOR A PUNTO DE PEDIDO;1001881;ZSTO;MARCADOR INDUSTRIAL - ROJO UNIPAINT X UN;U003;0372;CBA4CJ;V1;13;HB;24;20;0;0;0;0;C17;INSUMOS A;0;UNIPAINT;MÚLT. 10U;LIBRERIA;ESCRITURA;8-VARIOS;0,023;0;KG;10,99;0;88000;;;;1;;;1;;
2;02-MENOR A PUNTO DE PEDIDO;1001885;ZSTO;BOLSAS RESIDUOS XUN 102X130 VERDE;U003;0372;;V1;120;HB;250;25;0;0;0;0;C17;INSUMOS A;0;;;LIMPIEZA;LIMPIEZA /SEGURIDAD;8-VARIOS;0,195;0;KG;1534;0;20640,5;;1;;;;;1;;
3;03-MAYOR A PUNTO DE PEDIDO;1001888;ZSTO;BOLSAS RESIDUOS XUN 102X130 NEGRA;U003;0372;;V1;120;HB;250;125;0;0;0;0;C17;INSUMOS A;0;;;LIMPIEZA;LIMPIEZA /SEGURIDAD;8-VARIOS;0,195;0;KG;1534;0;103202,5;;;;1;;;1;;
3;03-MAYOR A PUNTO DE PEDIDO;1001890;ZSTO;ABSORBENTE MINERAL DE HIDROCARBUROS X KG;U003;0372;CBC3;V1;20;HB;80;60;0;0;0;0;C17;INSUMOS A;0;;MÚLT. 10/20/30 KG;SEGURIDAD;ABSORVENTE;7-PESADO;20,07;0;KG;2125;0;51292,2;;;;1;;;1;;
3;03-MAYOR A PUNTO DE PEDIDO;1001891;ZSTO;PANOABSORVENTE PARAHIDROCARBUROXPAQ100;U003;0372;;V1;5;HB;8;8;0;0;0;0;C17;INSUMOS A;0;;;LIMPIEZA;MANTENIMIENTO TALLER;7-PESADO;3,488;0;KG;57792;0;594802;;;;1;;;1;;
3;03-MAYOR A PUNTO DE PEDIDO;1001892;ZSTO;BOLSAS RESIDUOS XUN 102X130ROJA100MICXUN;U003;0372;;V1;80;HB;150;100;0;0;0;0;C17;INSUMOS A;0;;;LIMPIEZA;LIMPIEZA /SEGURIDAD;8-VARIOS;0,195;0;KG;1534;0;76363,5;;;;1;;;1;;
3;03-MAYOR A PUNTO DE PEDIDO;1001893;ZSTO;BOLSARESIDUPLASTICA60X90NEGRAXROLLOX10UN;U003;0372;CBA4CJ;V1;4;HB;10;8;0;0;0;0;C17;INSUMOS A;0;;;LIMPIEZA;BOLSAS;8-VARIOS;0,296;0;KG;550;0;9851,2;;;;1;;;1;;
3;03-MAYOR A PUNTO DE PEDIDO;1001894;ZSTO;ALCOHOL EN GEL X LITRO;U003;0372;CBC4CJ;V1;4;HB;10;9,5;0;0;0;0;C17;INSUMOS A;11700;;;LIMPIEZA;ALCOHOL EN GEL;6-PESADO Y FRAGIL;4,65;0;KG;7056;0;79881,8;;;;1;;;1;;
3;03-MAYOR A PUNTO DE PEDIDO;1001895;ZSTO;ALCOHOL LIQUIDO X LITRO;U003;0372;CBC4CJ;V1;9;HB;17;15;0;0;0;0;C17;INSUMOS A;0;;;LIMPIEZA;ALCOHOL LIQUIDO;6-PESADO Y FRAGIL;0,86;0;KG;1459,315;0;64338,75;;;;1;;;1;;
2;02-MENOR A PUNTO DE PEDIDO;1001896;ZSTO;PULVERIZADOR P ALCOHOL LIQUIDO 500 ML;U003;0372;CBA4CJ;V1;9;HB;17;6;0;0;0;0;C17;INSUMOS A;0;;;LIMPIEZA;DIFUSOR;9-FRAGIL;0,05;0;KG;826,998;0;14375,22;;1;;;;;1;;
3;03-MAYOR A PUNTO DE PEDIDO;1001907;ZSTO;PAPEL HIGIENICO DOPBLE HOJA X30 MTS X 4;U003;0372;;V1;5;HB;8;6;0;0;0;0;C17;INSUMOS A;0;ELEGANTE // ELITE;6607;LIMPIEZA;INSUMOS;8-VARIOS;3,78;0;KG;45920;0;14540,5;;;;1;;;1;;
4;04-MAYOR A STOCK MAXIMO;1001914;ZSTO;CABO MADERA P/ESCOBA;U003;0372;;V1;2;HB;3;5;0;0;0;0;C17;INSUMOS A;0;;;LIMPIEZA;INSUMOS;8-VARIOS;0,4;0;KG;4,647;0;8677,7;;;;;1;;1;;
2;02-MENOR A PUNTO DE PEDIDO;1001929;ZSTO;DISCO 178X4,8X22,23TYROLIT OASECUR XUN;U003;0372;;V1;10;HB;25;9;0;0;0;0;C27;FERRETERIA MR01;0;TYROLIT;178X48X222;FERRETERIA;ABRASIVOS/DISCOS;6-PESADO Y FRAGIL;3,69;0;KG;127,17;0;42002,19;;1;;;;;1;;
2;02-MENOR A PUNTO DE PEDIDO;1001933;ZSTO;DISCO 114x1,6x222 REFORZADO x UN;U003;0372;;V1;26;HB;50;11;0;0;0;0;C27;FERRETERIA MR01;0;TYROLIT;114X16X222;FERRETERIA;ABRASIVOS/DISCOS;6-PESADO Y FRAGIL;0,043;0;KG;20,763;0;13698,92;;1;;;;;1;;
4;04-MAYOR A STOCK MAXIMO;1001934;ZSTO;DISCO C D O A 114X4.8X22.2 SECUR x UN;U003;0372;;V1;10;HB;25;30;0;0;0;0;C27;FERRETERIA MR01;0;TYROLIT;114X48X222;FERRETERIA;ABRASIVOS/DISCOS;6-PESADO Y FRAGIL;0,11;0;KG;56,52;0;84097,2;;;;;1;;1;;
2;02-MENOR A PUNTO DE PEDIDO;1001943;ZSTO;ADHESIVO CIANO 20 G XUN;U003;0372;;V1;4;HB;6;1;0;0;0;0;C27;FERRETERIA MR01;0;CIANO;;FERRETERIA;ADHESIVOS;9-FRAGIL;0,03;0;KG;75;0;10119,65;;1;;;;;1;;
3;03-MAYOR A PUNTO DE PEDIDO;1001945;ZSTO;ADHESIVO FASTIX BLANCO 100ML XUN;U003;0372;;V1;2;HB;3;3;0;0;0;0;C27;FERRETERIA MR01;0;;;FERRETERIA;ADHESIVOS;9-FRAGIL;0;0;KG;0;0;5071,32;;;;1;;;1;;
3;03-MAYOR A PUNTO DE PEDIDO;1001949;ZSTO;CANDADO 30MM XUN;U003;0372;;V1;2;HB;4;3;0;0;0;0;C27;FERRETERIA MR01;0;;;FERRETERIA;ACCESORIOS;8-VARIOS;0,103;0;KG;174;0;18783,66;;;;1;;;1;;
3;03-MAYOR A PUNTO DE PEDIDO;1001950;ZSTO;CANDADO 38-40MM XUN;U003;0372;;V1;2;HB;4;3;0;0;0;0;C27;FERRETERIA MR01;0;;;FERRETERIA;ACCESORIOS;8-VARIOS;0,148;0;KG;465;0;26660,67;;;;1;;;1;;
4;04-MAYOR A STOCK MAXIMO;1001951;ZSTO;CANDADO 50MM XUN;U003;0372;;V1;2;HB;4;9;0;0;0;0;C27;FERRETERIA MR01;0;;;FERRETERIA;ACCESORIOS;8-VARIOS;0,259;0;KG;100;0;35651,25;;;;;1;;1;;
4;04-MAYOR A STOCK MAXIMO;1001955;ZSTO;SELLADOR DE SILICONA TRANSP;U003;0372;;V1;2;HB;3;4;0;0;0;0;C18;HORMIGÓN;0;;280ML;FERRETERIA;ADHESIVOS;9-FRAGIL;0,31;0;KG;451,375;0;28269,41;;;;;1;;1;;
3;03-MAYOR A PUNTO DE PEDIDO;1001956;ZSTO;MASILLA POXILINA 10MIN. X 250 GRS XUN;U003;0372;;V1;2;HB;3;3;0;0;0;0;C27;FERRETERIA MR01;0;POXILINA;;FERRETERIA;ADHESIVOS/SELLADORES/LUBRICANT;9-FRAGIL;0,28;0;KG;315;0;28296,8;;;;1;;;1;;
3;03-MAYOR A PUNTO DE PEDIDO;1001958;ZSTO;CINTA TEFLON 1/2 X 20MT;U003;0372;;V1;2;HB;4;3;0;0;0;0;C27;FERRETERIA MR01;0;;;FERRETERIA;INSUMOS;8-VARIOS;0,01;0;KG;39,25;0;1591,2;;;;1;;;1;;
3;03-MAYOR A PUNTO DE PEDIDO;1001959;ZSTO;CINTA TEFLON 3/4 X 20MT;U003;0372;;V1;2;HB;4;4;0;0;0;0;C27;FERRETERIA MR01;0;;;FERRETERIA;INSUMOS;8-VARIOS;0,01;0;KG;70,65;0;6554;;;;1;;;1;;
2;02-MENOR A PUNTO DE PEDIDO;1001960;ZSTO;CINTA AISLADORA AMARILLO X10MT;U003;0372;;V1;6;HB;10;6;0;0;0;0;C27;FERRETERIA MR01;0;;;FERRETERIA;INSUMOS;8-VARIOS;0,04;0;KG;56,52;0;5088;;1;;;;;1;;
2;02-MENOR A PUNTO DE PEDIDO;1001961;ZSTO;CINTA AISLADORA NEGRA X10MT;U003;0372;;V1;6;HB;10;6;0;0;0;0;C27;FERRETERIA MR01;0;;;FERRETERIA;INSUMOS;8-VARIOS;0,04;0;KG;56,52;0;8108,16;;1;;;;;1;;
2;02-MENOR A PUNTO DE PEDIDO;1001962;ZSTO;CINTA AISLADORA ROJA X10MT;U003;0372;;V1;6;HB;10;6;0;0;0;0;C27;FERRETERIA MR01;0;;;FERRETERIA;INSUMOS;8-VARIOS;0,04;0;KG;56,52;0;5124;;1;;;;;1;;
2;02-MENOR A PUNTO DE PEDIDO;1001963;ZSTO;CINTA AISLADORA VERDE X10MT;U003;0372;;V1;6;HB;10;4;0;0;0;0;C27;FERRETERIA MR01;0;;;FERRETERIA;INSUMOS;8-VARIOS;0,04;0;KG;56,52;0;3634;;1;;;;;1;;
3;03-MAYOR A PUNTO DE PEDIDO;1001964;ZSTO;CINTA AISLADORA BLANCA;U003;0372;;V1;6;HB;10;9;0;0;0;0;C27;FERRETERIA MR01;0;;;FERRETERIA;INSUMOS;8-VARIOS;0,04;0;KG;56,52;0;7686;;;;1;;;1;;
4;04-MAYOR A STOCK MAXIMO;1001968;ZSTO;ESMALTE SINT. AEROSOL AMARILLO X440CC;U003;0372;CBC4CJ;V1;10;HB;30;32;0;0;0;0;C22;INSUMOS C;0;;KUWAIT-SINTEPLAST;PINTURAS;PINTURA AEROSOL;6-PESADO Y FRAGIL;0,39;0;KG;663,325;0;192577,44;;;;;1;;1;;
2;02-MENOR A PUNTO DE PEDIDO;1001969;ZSTO;ESMALTE SINT. AEROSOL BLANCO X440CC;U003;0372;CBC4CJ;V1;21;HB;42;21;0;0;0;0;C22;INSUMOS C;0;;KUWAIT-SINTEPLAST;PINTURAS;PINTURA AEROSOL;6-PESADO Y FRAGIL;0,38;0;KG;663,325;0;153353,76;;1;;;;;1;;
3;03-MAYOR A PUNTO DE PEDIDO;1001970;ZSTO;ESMALTE SINT. AEROSOL NEGRO X440CC;U003;0372;CBC4CJ;V1;5;HB;10;7;0;0;0;0;C22;INSUMOS C;0;;KUWAIT-SINTEPLAST;PINTURAS;PINTURA AEROSOL;6-PESADO Y FRAGIL;0,385;0;KG;663,325;0;42689,36;;;;1;;;1;;
3;03-MAYOR A PUNTO DE PEDIDO;1001971;ZSTO;ESMALTE SINT. AEROSOL ROJO X 440CC;U003;0372;CBC4CJ;V1;40;HB;60;43;0;0;0;0;C22;INSUMOS C;0;;KUWAIT-SINTEPLAST;PINTURAS;PINTURA AEROSOL;6-PESADO Y FRAGIL;0,39;0;KG;663,325;0;314010,08;;;;1;;;1;;
4;04-MAYOR A STOCK MAXIMO;1001982;ZSTO;VIDRIOP CARETASOLDADOR50X105MMTINTE10;U003;0372;;V1;2;HB;3;4;0;0;0;0;C27;FERRETERIA MR01;0;;;SOLDADURA;ACCESORIOS;9-FRAGIL;0,045;0;KG;10,5;0;4160;;;;;1;;1;;
4;04-MAYOR A STOCK MAXIMO;1001983;ZSTO;VIDRIOP CARETASOLDADOR50X105MMTINTE11;U003;0372;;V1;2;HB;3;4;0;0;0;0;C27;FERRETERIA MR01;0;;;SOLDADURA;ACCESORIOS;9-FRAGIL;0,035;0;KG;10,5;0;4160;;;;;1;;1;;
4;04-MAYOR A STOCK MAXIMO;1001984;ZSTO;CARETA PARA SOLDADOR X UN;U003;0372;;RE;1;HB;2;12;0;0;0;0;C27;FERRETERIA MR01;0;;;SOLDADURA;ACCESORIOS;9-FRAGIL;0,545;0;KG;15640;0;80640;;;;;1;;1;;
3;03-MAYOR A PUNTO DE PEDIDO;1001985;ZSTO;VIDRIOP CARETASOLDADOR50X105MMINCOLORO;U003;0372;;V1;4;HB;7;7;0;0;0;0;C27;FERRETERIA MR01;0;;;SOLDADURA;ACCESORIOS;9-FRAGIL;0,025;0;KG;10,5;0;2106,48;;;;1;;;1;;
4;04-MAYOR A STOCK MAXIMO;1001988;ZSTO;ELECTRODO AWS6013 X 3,25MM X KG;U003;0372;;V1;5;HB;12;20;0;0;0;0;C27;FERRETERIA MR01;0;CONARCO;AWS6013;SOLDADURA;ELECTRODOS;7-PESADO;1;0;KG;336,569;0;246530;;;;;1;;1;;
4;04-MAYOR A STOCK MAXIMO;1001992;ZSTO;ELECTRODO AWS7018 X 4,00 MM X KG;U003;0372;;V1;5;HB;12;20;0;0;0;0;C27;FERRETERIA MR01;0;CONARCO;AWS7018;SOLDADURA;ELECTRODOS;7-PESADO;1;0;KG;317,925;0;180236,8;;;;;1;;1;;
4;04-MAYOR A STOCK MAXIMO;1001993;ZSTO;ELECTRODO AWS7018 X 3,25 MM X KG;U003;0372;;V1;5;HB;12;15;0;0;0;0;C27;FERRETERIA MR01;0;CONARCO;AWS7018;SOLDADURA;ELECTRODOS;7-PESADO;1;0;KG;336,569;0;149000,4;;;;;1;;1;;
3;03-MAYOR A PUNTO DE PEDIDO;1001994;ZSTO;ELECTRODO AWS7018 X 2,50 MM X KG;U003;0372;;V1;5;HB;12;10;0;0;0;0;C27;FERRETERIA MR01;0;CONARCO;AWS7018;SOLDADURA;ELECTRODOS;7-PESADO;1;0;KG;336,569;0;93273,9;;;;1;;;1;;
4;04-MAYOR A STOCK MAXIMO;1001996;ZSTO;ELECTRODO 6010 X 2.5 MM X KG;U003;0372;;V1;5;HB;12;16;0;0;0;0;C27;FERRETERIA MR01;0;CONARCO;AWS6010;SOLDADURA;ELECTRODOS;7-PESADO;1;0;KG;247,275;0;149095,68;;;;;1;;1;;
4;04-MAYOR A STOCK MAXIMO;1001997;ZSTO;ELECTRODO 6013 X 2 MM X KG;U003;0372;;V1;5;HB;12;18;0;0;0;0;C27;FERRETERIA MR01;0;CONARCO;AWSE6013;SOLDADURA;ELECTRODOS;7-PESADO;1;0;KG;288,487;0;121680;;;;;1;;1;;
4;04-MAYOR A STOCK MAXIMO;1002011;ZSTO;PANTALON JEAN T.38;U003;0372;CBA2CJ;V1;2;HB;2;5;0;0;0;0;C28;SEGURIDAD/ROPA/EPP;62040,45;;;ROPA;INDUMENTARIA;8-VARIOS;0,656;0;KG;3240;0;96750,46;;;;;1;;1;;
4;04-MAYOR A STOCK MAXIMO;1002012;ZSTO;PANTALON JEAN T.40;U003;0372;CBA1CJ;V1;6;HB;8;10;0;0;0;0;C28;SEGURIDAD/ROPA/EPP;0;;;ROPA;INDUMENTARIA;8-VARIOS;0,63;0;KG;2544;0;173195;;;;;1;;1;;
2;02-MENOR A PUNTO DE PEDIDO;1002013;ZSTO;PANTALON JEAN T.42;U003;0372;CBA3CJ;V1;6;HB;8;4;0;0;0;0;C28;SEGURIDAD/ROPA/EPP;0;;;ROPA;INDUMENTARIA;8-VARIOS;0,627;0;KG;3224;0;68000;;1;;;;;1;;
3;03-MAYOR A PUNTO DE PEDIDO;1002014;ZSTO;PANTALON JEAN T.44;U003;0372;CBA2CJ;V1;8;HB;12;10;0;0;0;0;C28;SEGURIDAD/ROPA/EPP;0;;;ROPA;INDUMENTARIA;8-VARIOS;0,69;0;KG;2725;0;172286,74;;;;1;;;1;;
3;03-MAYOR A PUNTO DE PEDIDO;1002015;ZSTO;PANTALON JEAN T.46;U003;0372;CBA3CJ;V1;8;HB;12;11;0;0;0;0;C28;SEGURIDAD/ROPA/EPP;0;;;ROPA;INDUMENTARIA;8-VARIOS;0,689;0;KG;2808;0;197583,28;;;;1;;;1;;
4;04-MAYOR A STOCK MAXIMO;1002016;ZSTO;PANTALON JEAN T.48;U003;0372;CBB1CJ;V1;8;HB;12;18;0;0;0;0;C28;SEGURIDAD/ROPA/EPP;0;;;ROPA;INDUMENTARIA;8-VARIOS;0,725;0;KG;2970;0;306000;;;;;1;;1;;
4;04-MAYOR A STOCK MAXIMO;1002017;ZSTO;PANTALON JEAN T.50;U003;0372;CBA3CJ;V1;6;HB;8;20;0;0;0;0;C28;SEGURIDAD/ROPA/EPP;0;;;ROPA;INDUMENTARIA;8-VARIOS;0,751;0;KG;4107,5;0;340000;;;;;1;;1;;
4;04-MAYOR A STOCK MAXIMO;1002018;ZSTO;PANTALON JEAN T.52;U003;0372;CBA3CJ;V1;3;HB;5;14;0;0;0;0;C28;SEGURIDAD/ROPA/EPP;0;;;ROPA;INDUMENTARIA;8-VARIOS;0,761;0;KG;3850;0;238000;;;;;1;;1;;
4;04-MAYOR A STOCK MAXIMO;1002019;ZSTO;PANTALON JEAN T.54;U003;0372;CBA4CJ;V1;2;HB;4;5;0;0;0;0;C28;SEGURIDAD/ROPA/EPP;0;;;ROPA;INDUMENTARIA;8-VARIOS;0,788;0;KG;6264;0;86698,4;;;;;1;;1;;
4;04-MAYOR A STOCK MAXIMO;1002020;ZSTO;PANTALON JEAN T.56;U003;0372;CBA4CJ;V1;2;HB;4;9;0;0;0;0;C28;SEGURIDAD/ROPA/EPP;0;;;ROPA;INDUMENTARIA;8-VARIOS;0,795;0;KG;3348;0;164888,8;;;;;1;;1;;
4;04-MAYOR A STOCK MAXIMO;1002021;ZSTO;PANTALON JEAN T.58;U003;0372;CBA4CJ;V1;2;HB;3;7;0;0;0;0;C28;SEGURIDAD/ROPA/EPP;0;;;ROPA;INDUMENTARIA;8-VARIOS;0,814;0;KG;4292;0;119000;;;;;1;;1;;
3;03-MAYOR A PUNTO DE PEDIDO;1002043;ZSTO;CAMISETA PRIMERA PIEL T.S;U003;0372;CBA2CJ;V1;3;HB;7;6;0;0;0;0;C28;SEGURIDAD/ROPA/EPP;0;;;SEGURIDAD;INDUMENTARIA;8-VARIOS;0,309;0;KG;1750;0;48300;;;;1;;;1;;
4;04-MAYOR A STOCK MAXIMO;1002044;ZSTO;CAMISETA PRIMERA PIEL T.M;U003;0372;CBA3CJ;V1;3;HB;10;16;0;0;0;0;C28;SEGURIDAD/ROPA/EPP;0;;;SEGURIDAD;INDUMENTARIA;8-VARIOS;0,173;0;KG;1000;0;99450;;;;;1;;1;;
4;04-MAYOR A STOCK MAXIMO;1002045;ZSTO;CAMISETA PRIMERA PIEL T.L;U003;0372;CBA3CJ;V1;5;HB;13;25;0;0;0;0;C28;SEGURIDAD/ROPA/EPP;0;;;SEGURIDAD;INDUMENTARIA;8-VARIOS;0,158;0;KG;1344;0;153750;;;;;1;;1;;
3;03-MAYOR A PUNTO DE PEDIDO;1002046;ZSTO;CAMISETA PRIMERA PIEL T.XL;U003;0372;CBB1CJ;V1;5;HB;13;11;0;0;0;0;C28;SEGURIDAD/ROPA/EPP;0;;;SEGURIDAD;INDUMENTARIA;8-VARIOS;0,181;0;KG;1056;0;67650;;;;1;;;1;;
4;04-MAYOR A STOCK MAXIMO;1002047;ZSTO;CAMISETA PRIMERA PIEL T.XXL;U003;0372;CBA3CJ;V1;5;HB;13;22;0;0;0;0;C28;SEGURIDAD/ROPA/EPP;0;;;SEGURIDAD;INDUMENTARIA;8-VARIOS;0,17;0;KG;536,5;0;135300;;;;;1;;1;;
4;04-MAYOR A STOCK MAXIMO;1002048;ZSTO;CAMISETA PRIMERA PIEL T.XXXL;U003;0372;;V1;3;HB;7;15;0;0;0;0;C28;SEGURIDAD/ROPA/EPP;0;;;SEGURIDAD;INDUMENTARIA;8-VARIOS;0,24;0;KG;2200;0;92250;;;;;1;;1;;
2;02-MENOR A PUNTO DE PEDIDO;1002049;ZSTO;CAMPERA 2 PIEL T. S;U003;0372;CBA1CJ;V1;4;HB;7;2;0;0;0;0;C28;SEGURIDAD/ROPA/EPP;0;;;SEGURIDAD;INDUMENTARIA;8-VARIOS;0,496;0;KG;8550;0;47274,27;;1;;;;;1;;
3;03-MAYOR A PUNTO DE PEDIDO;1002050;ZSTO;CAMPERA 2 PIEL T. M;U003;0372;CBC5CJ;V1;6;HB;8;8;0;0;0;0;C28;SEGURIDAD/ROPA/EPP;38747,6;;;SEGURIDAD;INDUMENTARIA;8-VARIOS;0,432;0;KG;4750;0;163547,6;;;;1;;;1;;
3;03-MAYOR A PUNTO DE PEDIDO;1002051;ZSTO;CAMPERA 2 PIEL T. L;U003;0372;CBC5CJ;V1;8;HB;13;9;0;0;0;0;C28;SEGURIDAD/ROPA/EPP;0;;;SEGURIDAD;INDUMENTARIA;8-VARIOS;0,497;0;KG;7280;0;239318,76;;;;1;;;1;;
2;02-MENOR A PUNTO DE PEDIDO;1002052;ZSTO;CAMPERA 2 PIEL T. XL;U003;0372;CBB1CJ;V1;8;HB;13;8;0;0;0;0;C28;SEGURIDAD/ROPA/EPP;0;;;SEGURIDAD;INDUMENTARIA;8-VARIOS;0,508;0;KG;7560;0;235891,68;;1;;;;;1;;
4;04-MAYOR A STOCK MAXIMO;1002053;ZSTO;CAMPERA 2 PIEL T. XXL;U003;0372;CBB1CJ;V1;5;HB;10;15;0;0;0;0;C28;SEGURIDAD/ROPA/EPP;19373,8;;;SEGURIDAD;INDUMENTARIA;8-VARIOS;0,606;0;KG;8640;0;310573,8;;;;;1;;1;;
4;04-MAYOR A STOCK MAXIMO;1002054;ZSTO;CAMPERA 2 PIEL T. XXXL;U003;0372;CBC2CJ;V1;4;HB;7;9;0;0;0;0;C28;SEGURIDAD/ROPA/EPP;0;;;SEGURIDAD;INDUMENTARIA;8-VARIOS;0,662;0;KG;8400;0;226198,5;;;;;1;;1;;
4;04-MAYOR A STOCK MAXIMO;1002055;ZSTO;MEDIAS TERMICAS T. UNICO PARA -10 GRADOS;U003;0372;CBA1CJ;V1;12;HB;20;59;0;0;0;0;C28;SEGURIDAD/ROPA/EPP;0;;;ROPA;INDUMENTARIA;8-VARIOS;0,105;0;KG;712,5;0;233050;;;;;1;;1;;
4;04-MAYOR A STOCK MAXIMO;1002063;ZSTO;CAMPERA DESCARNE T.XL;U003;0372;CBA4CJ;RE;1;HB;1;2;0;0;0;0;C28;SEGURIDAD/ROPA/EPP;68688,4;;;SEGURIDAD;INDUMENTARIA;8-VARIOS;1,433;0;KG;7623;0;68688,4;;;;;1;;1;;
4;04-MAYOR A STOCK MAXIMO;1002064;ZSTO;PANTALON PRIMERA PIEL T.S;U003;0372;CBB1CJ;V1;3;HB;7;10;0;0;0;0;C28;SEGURIDAD/ROPA/EPP;0;;;SEGURIDAD;INDUMENTARIA;8-VARIOS;0,179;0;KG;1292;0;67200;;;;;1;;1;;
4;04-MAYOR A STOCK MAXIMO;1002065;ZSTO;PANTALON PRIMERA PIEL T.M;U003;0372;CBA2CJ;V1;3;HB;7;10;0;0;0;0;C28;SEGURIDAD/ROPA/EPP;0;;;SEGURIDAD;INDUMENTARIA;8-VARIOS;0,127;0;KG;1144;0;61500;;;;;1;;1;;
3;03-MAYOR A PUNTO DE PEDIDO;1002066;ZSTO;PANTALON PRIMERA PIEL T.L;U003;0372;CBA4CJ;V1;5;HB;13;7;0;0;0;0;C28;SEGURIDAD/ROPA/EPP;0;;;SEGURIDAD;INDUMENTARIA;8-VARIOS;0,225;0;KG;1424,5;0;43050;;;;1;;;1;;
4;04-MAYOR A STOCK MAXIMO;1002067;ZSTO;PANTALON PRIMERA PIEL T.XL;U003;0372;CBA1CJ;V1;5;HB;13;19;0;0;0;0;C28;SEGURIDAD/ROPA/EPP;0;;;SEGURIDAD;INDUMENTARIA;8-VARIOS;0,158;0;KG;1600;0;116850;;;;;1;;1;;
4;04-MAYOR A STOCK MAXIMO;1002068;ZSTO;PANTALON PRIMERA PIEL T.XXL;U003;0372;;V1;5;HB;10;30;0;0;0;0;C28;SEGURIDAD/ROPA/EPP;0;;;SEGURIDAD;INDUMENTARIA;8-VARIOS;0,156;0;KG;2070;0;184500;;;;;1;;1;;
3;03-MAYOR A PUNTO DE PEDIDO;1002069;ZSTO;PANTALON PRIMERA PIEL T.XXXL;U003;0372;CBA2CJ;V1;3;HB;7;5;0;0;0;0;C28;SEGURIDAD/ROPA/EPP;0;;;SEGURIDAD;INDUMENTARIA;8-VARIOS;0,235;0;KG;1764;0;32650;;;;1;;;1;;
4;04-MAYOR A STOCK MAXIMO;1002171;ZSTO;B25-EA VENTILADOR XUN;U003;0372;;V1;1;HB;1;2;0;0;0;0;C29;FILTROS/RESPUESTOS;719803,08;BOMAG GMBH;05715360;CORREAS;BOMAG;8-VARIOS;0,291;0;KG;735;0;719803,09;;;;;1;;1;;
2;02-MENOR A PUNTO DE PEDIDO;1002190;ZSTO;CORREA AIRE ACONDICIONADO;U003;0372;;RE;2;HB;2;2;0;0;0;0;C29;FILTROS/RESPUESTOS;123036,18;BOMAG GMBH;6312244;CORREAS;BOMAG 213 HD4;8-VARIOS;0,119;0;KG;47;0;123036,18;;1;;;;;1;;
4;04-MAYOR A STOCK MAXIMO;1002202;ZSTO;CORREA PRINCIPAL;U003;0372;;V1;2;HB;2;3;0;0;0;0;C29;FILTROS/RESPUESTOS;284278,54;CATERPILLA;3508742;CORREAS;CORREAS;8-VARIOS;0,244;0;KG;973,5;0;312921,94;;;;;1;;1;;
3;03-MAYOR A PUNTO DE PEDIDO;1002203;ZSTO;CORREA POLI-V;U003;0372;;V1;1;HB;4;3;0;0;0;0;C03;EQUIPOS;0;;90916T2033;CORREAS;HILUX 2019;8-VARIOS;0,226;0;KG;3300;0;360000;;;;1;;;1;;
3;03-MAYOR A PUNTO DE PEDIDO;1002204;ZSTO;CORREA ALTERNADOR;U003;0372;;V1;4;HB;6;6;0;0;0;0;C03;EQUIPOS;22002;;3032915 // AV 13X890;CORREAS;HIMOINSA LTA 8 V LED;8-VARIOS;0,115;0;KG;357;0;75844,5;;;;1;;;1;;
4;04-MAYOR A STOCK MAXIMO;1002207;ZSTO;CORREA ALTERNADOR;U003;0372;;V1;2;HB;3;4;0;0;0;0;C29;FILTROS/RESPUESTOS;1651741,88;HAULOTTE G // CONTINENTA // No aplica;4000053460 // AVX 13X1188 // 2614B543;CORREAS;HAULOTTE 4014 /4017;8-VARIOS;0,286;0;KG;583;0;1651741,88;;;;;1;;1;;
4;04-MAYOR A STOCK MAXIMO;1002211;ZSTO;CORREA VENTILADOR;U003;0372;;V1;1;HB;1;2;0;0;0;0;C29;FILTROS/RESPUESTOS;150254,88;;10PK1448-20712530 // 10PK1448-24635977;CORREAS;PLATAFORMA DE MANTENIMIENTO VE;8-VARIOS;0,282;0;KG;1350;0;150254,88;;;;;1;;1;;
3;03-MAYOR A PUNTO DE PEDIDO;1002212;ZSTO;CORREA DE ALTERNADOR;U003;0372;;V1;1;HB;2;2;0;0;0;0;C29;FILTROS/RESPUESTOS;97558,47;CATERPILLA // // No aplica;8PK1537 // 22275091 // 8PK-1540 // 8PK1535;CORREAS;PLATAFORMA DE MANTENIMIENTO VE;8-VARIOS;0,228;0;KG;663;0;120698,87;;;;1;;;1;;
4;04-MAYOR A STOCK MAXIMO;1002229;ZSTO;TUERCA CUCHILLA CORTE LATERAL;U003;0372;;RE;10;HB;13;23;0;0;0;0;G05;AJUSTE;37754,5;CATERPILLA // CATERPILLA;2J3507 // 8J2933;DESGASTE;938HG,D9T, 324DL, 330,336,988;7-PESADO;0,11;0;KG;25,12;0;37754,55;;;;;1;;1;;
3;03-MAYOR A PUNTO DE PEDIDO;1002280;ZSTO;TUERCA;U003;0372;;RE;7;HB;13;8;0;0;0;0;G05;AJUSTE;53800;KOMATSU HO;180302430;DESGASTE;KOMATSU 155AX6;7-PESADO;0,16;0;KG;37,68;0;53800;;;;1;;;1;;
3;03-MAYOR A PUNTO DE PEDIDO;1002282;ZSTO;TUERCA P 9H1776 JD 310J;U003;0372;;V1;5;HB;10;7;0;0;0;0;G05;AJUSTE;9628,5;JOHN DEERE;14H1039;DESGASTE;JD 310J;7-PESADO;0,04;0;KG;7,065;0;9628,5;;;;1;;;1;;
3;03-MAYOR A PUNTO DE PEDIDO;1002283;ZSTO;DIENTE;U003;0372;;V1;4;HB;8;5;0;0;0;0;G04;UÑAS;100005,4;JOHN DEERE;TF23D;DESGASTE;JD310J;3-DESGASTE;1,675;0;KG;787,5;0;100005,4;;;;1;;;1;;
2;02-MENOR A PUNTO DE PEDIDO;1002284;ZSTO;TRABA PARA DIENTE;U003;0372;;V1;5;HB;8;5;0;0;0;0;G05;AJUSTE;23531,9;JOHN DEERE;TF23P;DESGASTE;JD 310J;7-PESADO;0,04;0;KG;10;0;23531,88;;1;;;;;1;;
3;03-MAYOR A PUNTO DE PEDIDO;1002287;ZSTO;CUCHILLA;U003;0372;;RE;1;HB;2;2;0;0;0;0;G01;CUCHILLAS;625624,5;JOHN DEERE // JOHN DEERE;T150517 // T166437;DESGASTE;JD310J;4-CUCHILLAS;60;0;KG;8720;0;625624,5;;;;1;;;1;;
3;03-MAYOR A PUNTO DE PEDIDO;1002329;ZSTO;ARANDELA P BULON CUCHILLA;U003;0372;;V1;6;HB;7;7;0;0;0;0;G05;AJUSTE;3027,29;JOHN DEERE;24M7241;DESGASTE;JD310J;8-VARIOS;0,018;0;KG;1,414;0;3027,26;;;;1;;;1;;
3;03-MAYOR A PUNTO DE PEDIDO;1002340;ZSTO;BULON 5/8 X 21/2;U003;0372;;V1;6;HB;7;7;0;0;0;0;G05;AJUSTE;9723,91;CATERPILLA // No aplica;3F5108 // PB510;DESGASTE;JD 770D/CAT 140K;7-PESADO;0,093;0;KG;29,438;0;9723,91;;;;1;;;1;;
3;03-MAYOR A PUNTO DE PEDIDO;1002349;ZSTO;TRABA P UNA XUN;U003;0372;;V1;4;HB;12;12;0;0;0;0;G05;AJUSTE;100660,08;CATERPILLA;2209090;DESGASTE;CAT324DL, 980H;7-PESADO;0,117;0;KG;36;0;100660,1;;;;1;;;1;;
4;04-MAYOR A STOCK MAXIMO;1002376;ZSTO;UNA BALDE TRAS;U003;0372;;V1;4;HB;8;18;0;0;0;0;G04;UÑAS;239270,04;JOHN DEERE;TK225FD;DESGASTE;310L;3-DESGASTE;1,565;0;KG;830,7;0;239270;;;;;1;;1;;
4;04-MAYOR A STOCK MAXIMO;1002377;ZSTO;PERNO UNA TRAS;U003;0372;;V1;4;HB;8;18;0;0;0;0;G05;AJUSTE;131317,02;JOHN DEERE;TK225P;DESGASTE;310L;7-PESADO;0,075;0;KG;20,41;0;131317,1;;;;;1;;1;;
4;04-MAYOR A STOCK MAXIMO;1002378;ZSTO;TRABA BALDE TRAS;U003;0372;;V1;5;HB;10;19;0;0;0;0;G05;AJUSTE;31308,01;JOHN DEERE;TK3LSER;DESGASTE;310L;7-PESADO;0,005;0;KG;1,766;0;31308,02;;;;;1;;1;;
3;03-MAYOR A PUNTO DE PEDIDO;1002385;ZSTO;UNA;U003;0372;;V1;8;HB;15;9;0;0;0;0;G04;UÑAS;250290;HENSLEY // KOMATSU HO // KOMATSU HO;KH20S // IKA20LN // KH20EX // KH20HS // KH20SDX;DESGASTE;PC130-8 OM;3-DESGASTE;4,87;0;KG;2370,375;0;250290;;;;1;;;1;;
3;03-MAYOR A PUNTO DE PEDIDO;1002386;ZSTO;TRABA UNAS;U003;0372;;V1;4;HB;8;8;0;0;0;0;G05;AJUSTE;98089,52;;KH20P // K20;DESGASTE;PC130-8 OM;7-PESADO;0,35;0;KG;52,5;0;98089,51;;;;1;;;1;;
4;04-MAYOR A STOCK MAXIMO;1002390;ZSTO;PORTA UNAS CENTRALES;U003;0372;;RE;1;HB;3;4;0;0;0;0;G04;UÑAS;1740842,4;;KH115020;DESGASTE;PC130-8 OM;3-DESGASTE;10;0;KG;3410;0;1740842,4;;;;;1;;1;;
3;03-MAYOR A PUNTO DE PEDIDO;1002407;ZSTO;PUNTA DESGARRADOR;U003;0372;;V1;7;HB;12;10;0;0;0;0;G03;RIPPER;256607,1;CATERPILLA //;4755473 // 2209089;DESGASTE;CAT 950;3-DESGASTE;5,165;0;KG;2362,5;0;256607,1;;;;1;;;1;;
3;03-MAYOR A PUNTO DE PEDIDO;1002410;ZSTO;BULONES PARA SEGMENTOS DE CORTE;U003;0372;;V1;12;HB;14;14;0;0;0;0;G05;AJUSTE;48619,62;CATERPILLA;4F4042;DESGASTE;CAT 950;7-PESADO;0,33;0;KG;94,2;0;48619,55;;;;1;;;1;;
2;02-MENOR A PUNTO DE PEDIDO;1002411;ZSTO;CUCHILLAS TALON DE BALDE;U003;0372;;RE;1;HB;1;1;0;0;0;0;G01;CUCHILLAS;431739,79;JOHN DEERE;T329197;DESGASTE;JD 310 L 4X4 - 4X2;4-CUCHILLAS;57;0;KG;8740;0;431739,79;;1;;;;;1;;
3;03-MAYOR A PUNTO DE PEDIDO;1002412;ZSTO;BULONES PARA CUCHILLAS TALON;U003;0372;;V1;6;HB;12;12;0;0;0;0;G05;AJUSTE;69784,56;JOHN DEERE;09H1777;DESGASTE;JD 310 L 4X4 - 4X2;7-PESADO;0,17;0;KG;49,455;0;69784,56;;;;1;;;1;;
3;03-MAYOR A PUNTO DE PEDIDO;1002413;ZSTO;TUERCAS PARA BULON DE CUCHILLAS TALON;U003;0372;;V1;6;HB;12;12;0;0;0;0;G05;AJUSTE;65865,12;JOHN DEERE;14H1113;DESGASTE;JD 310 L 4X4 - 4X2;7-PESADO;0,055;0;KG;10,598;0;65865,15;;;;1;;;1;;
3;03-MAYOR A PUNTO DE PEDIDO;1002414;ZSTO;ARANDELAS PARA BULON DE CUCHILLAS TALON;U003;0372;;V1;6;HB;12;12;0;0;0;0;G05;AJUSTE;28455,84;JOHN DEERE;24M7242;DESGASTE;JD 310 L 4X4 - 4X2;7-PESADO;0,035;0;KG;3,768;0;28455,84;;;;1;;;1;;
4;04-MAYOR A STOCK MAXIMO;1002455;ZSTO;BULONES P SEGMENTO DE CORTE;U003;0372;;RE;1;HB;4;10;0;0;0;0;G05;AJUSTE;61146,3;CATERPILLA // CATERPILLA;6V6535 // 5P8823;DESGASTE;CAT 988;7-PESADO;0,7;0;KG;1,766;0;61146,26;;;;;1;;1;;
3;03-MAYOR A PUNTO DE PEDIDO;1002476;ZSTO;FILTRO HIDRAULICO;U003;0372;;V1;2;HB;3;3;0;0;0;0;F07;FILTRO FLUIDO HIDR;732601,95;BOMAG GMBH // DONALDSON;7993014 // P566212;FILTROS;BOMAG 213/219;7-PESADO;0,51;0;KG;2025;0;732601,95;;;;1;;;1;;
3;03-MAYOR A PUNTO DE PEDIDO;1002480;ZSTO;FILTRO ACEITE;U003;0372;;V1;3;HB;5;4;0;0;0;0;F03;FILTRO ACEITE;66162,12;BOMAG GMBH // DONALDSON;5710640 // P553771;FILTROS;BOMAG 213/219;7-PESADO;0,76;0;KG;1985,5;0;66162,11;;;;1;;;1;;
4;04-MAYOR A STOCK MAXIMO;1002485;ZSTO;FILTRO CABINA RECIRCULADO;U003;0372;;V1;2;HB;3;4;0;0;0;0;F05;FILTRO AIRE CABINA;273329,6;JOHN DEERE;AT184590;FILTROS;FILTROS;9-FRAGIL;0,443;0;KG;3919,5;0;273329,6;;;;;1;;1;;
2;02-MENOR A PUNTO DE PEDIDO;1002491;ZSTO;FILTRO ACEITE MOTOR;U003;0372;;V1;3;HB;4;2;0;0;0;0;F03;FILTRO ACEITE;73657,6;CATERPILLA // No aplica;2698325 // 4621171;FILTROS;CAT 938H;7-PESADO;0,61;0;KG;1271,7;0;73657,59;;1;;;;;1;;
3;03-MAYOR A PUNTO DE PEDIDO;1002514;ZSTO;FILTRO ACEITE;U003;0372;;V1;3;HB;5;4;0;0;0;0;F03;FILTRO ACEITE;125181,4;JOHN DEERE // JOHN DEERE;RE541420 // RE504836;FILTROS;J.D. 544K/310J;7-PESADO;0,619;0;KG;1550;0;125181,4;;;;1;;;1;;
4;04-MAYOR A STOCK MAXIMO;1002541;ZSTO;FILTRO DE LINEA XUN;U003;0372;;V1;1;HB;2;3;0;0;0;0;F04;FILTRO AIRE;36495,63;JOHN DEERE;AT101565;FILTROS;JOHN DEERE;9-FRAGIL;0,09;0;KG;490;0;36495,63;;;;;1;;1;;
4;04-MAYOR A STOCK MAXIMO;1002542;ZSTO;FILTRO ACEITE TRANSMISION JD;U003;0372;;V1;1;HB;2;3;0;0;0;0;F03;FILTRO ACEITE;222841,32;JOHN DEERE // JOHN DEERE;AT466863 // AT179323;FILTROS;JD;7-PESADO;0,89;0;KG;2070;0;222841,32;;;;;1;;1;;
4;04-MAYOR A STOCK MAXIMO;1002543;ZSTO;FILTRO AIRE X UN;U003;0372;;V1;2;HB;3;4;0;0;0;0;F04;FILTRO AIRE;161796;JOHN DEERE;AT191102;FILTROS;CABINA J.D. 544K;9-FRAGIL;0,321;0;KG;3536;0;161796;;;;;1;;1;;
2;02-MENOR A PUNTO DE PEDIDO;1002544;ZSTO;FILTRO TRAMPA AGUA;U003;0372;;V1;2;HB;2;2;0;0;0;0;F13;FILTRO TRAMPA DE A;178200;PARKER RAC // PARKER RAC;2R000127177J // R120LJ10MAQII;FILTROS;VW31-3;7-PESADO;0,892;0;KG;2042,178;0;178200;;1;;;;;1;;
4;04-MAYOR A STOCK MAXIMO;1002546;ZSTO;FILTRO HIDRAULICO;U003;0372;;V1;1;HB;2;3;0;0;0;0;F04;FILTRO AIRE;425043,87;JOHN DEERE //;AT308274 // AT367840;FILTROS;FILTROS;7-PESADO;2,77;0;KG;5915;0;425043,86;;;;;1;;1;;
2;02-MENOR A PUNTO DE PEDIDO;1002566;ZSTO;FILTRO LINEA COMBUSTIBLE;U003;0372;;V1;9;HB;17;9;0;0;0;0;F07;FILTRO FLUIDO HIDR;98223,8;FLEETGUARD // FLEETGUARD // FLEETGUARD // DONALDSON // // FLEETGUARD;FF5079 // FF5006 // FS5288 // P550090 // P550974 // 4080720;FILTROS;FILTROS;9-FRAGIL;0,118;0;KG;432;0;88401,46;;1;;;;;1;;
2;02-MENOR A PUNTO DE PEDIDO;1002575;ZSTO;FILTRO COMBUSTIBLE XUN;U003;0372;;V1;2;HB;2;1;0;0;0;0;F06;FILTRO COMBUSTIBLE;53511,99;JOHN DEERE;RE509031;FILTROS;J.D. 544J;8-VARIOS;0,29;0;KG;1296;0;53511,99;;1;;;;;1;;
2;02-MENOR A PUNTO DE PEDIDO;1002592;ZSTO;FILTRO ACEITE MOTOR XUN;U003;0372;;V1;2;HB;2;2;0;0;0;0;F03;FILTRO ACEITE;56674,76;KOMATSU HO // KOMATSU HO // DONALDSON;6736515142 // DBL7349 // P550909;FILTROS;FILTROS;7-PESADO;0,61;0;KG;1239,809;0;56674,76;;1;;;;;1;;
4;04-MAYOR A STOCK MAXIMO;1002639;ZSTO;FILTRO DEPOSITO DIRECCION HIDRAULICA;U003;0372;;V1;1;HB;2;3;0;0;0;0;F07;FILTRO FLUIDO HIDR;15301,59;CNH INDUST // DONALDSON // No aplica // No aplica;1902137 // P550309 // T1100145397 // V600;FILTROS;VOLVO 330 // VW26310/IVECO/26280-19360;9-FRAGIL;0,149;0;KG;464,75;0;15301,59;;;;;1;;1;;
4;04-MAYOR A STOCK MAXIMO;1002675;ZSTO;FILTRO COMBUSTIBLE;U003;0372;;V1;4;HB;7;9;0;0;0;0;F06;FILTRO COMBUSTIBLE;433287,63;PERKINS // // PARKER // // // HAULOTTE G // PERKINS // PERKINS // MANITOU;26560201 // FS20009 // REC-154 // SN40645 // TCE1804I // 2427003070 // 26560201 // 4816636 // 605013;FILTROS;MANITOU/HAULOTTE;9-FRAGIL;0,236;0;KG;1336,5;0;433287,66;;;;;1;;1;;
4;04-MAYOR A STOCK MAXIMO;1002713;ZSTO;FILTRO AIRE ANTERIOR;U003;0372;;V1;1;HB;2;3;0;0;0;0;F04;FILTRO AIRE;279551,25;CNH INDUST // // CNH INDUST;2992261 // Z8250 // 5803208328;FILTROS;VOLVO 330;7-PESADO;2,4;0;KG;2461,76;0;279551,25;;;;;1;;1;;
4;04-MAYOR A STOCK MAXIMO;1002727;ZSTO;FILTRO AIRE CABINA XUN;U003;0372;;V1;1;HB;2;5;0;0;0;0;F05;FILTRO AIRE CABINA;308932,2;KOMATSU HO // DONALDSON;17M9113530 // P500138;FILTROS;KMS 155AX6;9-FRAGIL;0,271;0;KG;2103,75;0;308932,2;;;;;1;;1;;
3;03-MAYOR A PUNTO DE PEDIDO;1002738;ZSTO;Filtro Aceite Motor;U003;0372;;V1;2;HB;4;3;0;0;0;0;F03;FILTRO ACEITE;35966,73;FLEETGUARD // DONALDSON;LF3345 // P558616;FILTROS;ONAN 40DGCA;7-PESADO;0,46;0;KG;956,424;0;35966,74;;;;1;;;1;;
2;02-MENOR A PUNTO DE PEDIDO;1002750;ZSTO;FILTRO COMBUSTIBLE;U003;0372;;V1;2;HB;2;2;0;0;0;0;F06;FILTRO COMBUSTIBLE;49445,56;KOMATSU HO // FLEETGUARD // // KOMATSU HO;6003193610 // FS1242 // P551864 // 6003113620;FILTROS;PC350LC8;7-PESADO;0,68;0;KG;1204,386;0;49445,55;;1;;;;;1;;
4;04-MAYOR A STOCK MAXIMO;1002766;ZSTO;FILTRO COMBUSTIBLE;U003;0372;;V1;1;HB;2;3;0;0;0;0;F06;FILTRO COMBUSTIBLE;91709,37;KOMATSU HO // //;4216035170 // AF4167 // P502574;FILTROS;WA600;9-FRAGIL;0,025;0;KG;90,75;0;91709,37;;;;;1;;1;;
2;02-MENOR A PUNTO DE PEDIDO;1002772;ZSTO;FILTRO COMBUSTIBLE XUN;U003;0372;;V1;2;HB;2;2;0;0;0;0;F06;FILTRO COMBUSTIBLE;65997,2;JOHN DEERE;RE62419;FILTROS;FILTROS;7-PESADO;0,28;0;KG;1296;0;65997,2;;1;;;;;1;;
4;04-MAYOR A STOCK MAXIMO;1002776;ZSTO;FILTRO AIRE PRIMARIO XUN;U003;0372;;V1;2;HB;2;3;0;0;0;0;F04;FILTRO AIRE;118658,04;DARMET;V750;FILTROS;ONAN / MULLER;9-FRAGIL;1,4;0;KG;13284;0;118658,05;;;;;1;;1;;
4;04-MAYOR A STOCK MAXIMO;1002780;ZSTO;FILTRO AIRE 1;U003;0372;;V1;2;HB;3;5;0;0;0;0;F04;FILTRO AIRE;167920;MANN // // MANN;5821149 // AB3006 // C23610;FILTROS;BOMAG 213/219;9-FRAGIL;1,52;0;KG;34496;0;167920;;;;;1;;1;;
4;04-MAYOR A STOCK MAXIMO;1002812;ZSTO;CF600 1;U003;0372;;V1;2;HB;3;5;0;0;0;0;F01;CARTUCHO;124835;MANN // DARMET;CF6001 // VP1740SC;FILTROS;BOMAG;9-FRAGIL;0,54;0;KG;6760;0;124835;;;;;1;;1;;
4;04-MAYOR A STOCK MAXIMO;1002815;ZSTO;FILTRO AIRE SECUNDARIO XUN;U003;0372;;V1;2;HB;2;3;0;0;0;0;F04;FILTRO AIRE;63666;DARMET // // MANN // DONALDSON // DARMET // No aplica // LEVAS BOSC;V750S // AF1840 // CF1000 // P776695 // V-717/S // C1000 // 0986B03904;FILTROS;ONAN / MULLER;9-FRAGIL;0,5;0;KG;6760;0;63666;;;;;1;;1;;
3;03-MAYOR A PUNTO DE PEDIDO;1002818;ZSTO;FILTRO GASOIL;U003;0372;;V1;4;HB;7;7;0;0;0;0;F06;FILTRO COMBUSTIBLE;225095,71;LEVAS BOSC // DONALDSON // PARKER RAC // LEVAS BOSC // BOMAG GMBH;5825010 // P551026 // R160T // 5825010 // 5825015;FILTROS;FILTROS;7-PESADO;1,21;0;KG;2662;0;225095,73;;;;1;;;1;;
3;03-MAYOR A PUNTO DE PEDIDO;1002822;ZSTO;FILTRO COMBUSTIBLE VOLVO;U003;0372;;V1;3;HB;5;5;0;0;0;0;F06;FILTRO COMBUSTIBLE;139428,5;VOLVO CONS // VOLVO CONS // DONALDSON // VOLVO CONS;FL8193841 // O5717966 // P550372 // 20805349;FILTROS;FILTROS - VOLVO PL 3005D- FMX;7-PESADO;0,79;0;KG;1648,5;0;139428,48;;;;1;;;1;;
2;02-MENOR A PUNTO DE PEDIDO;1002832;ZSTO;FILTRO COMBUSTIBLE;U003;0372;;V1;5;HB;8;2;0;0;0;0;F06;FILTRO COMBUSTIBLE;42661,83;FLEETGUARD // // FLEETGUARD // DONALDSON // MANN;2RK127177A // DB0519 // FF5052 // P553004 // WK723;FILTROS;VW 26260 - ONAN;7-PESADO;0,393;0;KG;704;0;28441,23;;1;;;;;1;;
3;03-MAYOR A PUNTO DE PEDIDO;1002838;ZSTO;FILTRO ACEITE;U003;0372;;V1;5;HB;10;9;0;0;0;0;F03;FILTRO ACEITE;105224,84;TOYOTA ARG // TOYOTA ARG;909152000300 // 90915YZZD2;FILTROS;PARA HILUX;8-VARIOS;0,27;0;KG;576;0;141970,04;;;;1;;;1;;
3;03-MAYOR A PUNTO DE PEDIDO;1002877;ZSTO;FILTRO EL. HIDR. PILOTO;U003;0372;;V1;1;HB;2;2;0;0;0;0;F07;FILTRO FLUIDO HIDR;237382,04;KOMATSU HO;20Y6251691;FILTROS;KMS 155AX6;9-FRAGIL;0,07;0;KG;250;0;237382,04;;;;1;;;1;;
2;02-MENOR A PUNTO DE PEDIDO;1002907;ZSTO;FILTRO TRAMPA AGUA XUN;U003;0372;;V1;2;HB;2;1;0;0;0;0;F13;FILTRO TRAMPA DE A;73770,11;JOHN DEERE;AT365870;FILTROS;JD 644K, 544K;7-PESADO;0,783;0;KG;1764,876;0;73770,11;;1;;;;;1;;
4;04-MAYOR A STOCK MAXIMO;1002925;ZSTO;FILTRO AIRE PRIMARIO;U003;0372;;V1;2;HB;2;3;0;0;0;0;F04;FILTRO AIRE;138879,75;BOMAG GMBH // // DONALDSON // DONALDSON // BALDWIN;5821147 // C20500 // P778994 // P779894 // RS3992;FILTROS;BW24RH;9-FRAGIL;1,17;0;KG;18081;0;138879,75;;;;;1;;1;;
4;04-MAYOR A STOCK MAXIMO;1002926;ZSTO;FILTRO AIRE SECUNDARIO;U003;0372;;V1;2;HB;2;3;0;0;0;0;F04;FILTRO AIRE;151491,21;BOMAG GMBH // // DONALDSON // BALDWIN;5821148 // CF5001 // P780036 // RS3993;FILTROS;BOMAG BW24 RH;9-FRAGIL;0,37;0;KG;4840;0;151491,22;;;;;1;;1;;
3;03-MAYOR A PUNTO DE PEDIDO;1002931;ZSTO;FILTRO ACEITE;U003;0372;;V1;2;HB;3;3;0;0;0;0;F03;FILTRO ACEITE;105303,84;VOLVO CONS // VOLVO MAQU // FLEETGUARD // VOLVO CONS // VOLVO CONS;P21707133 // 17533660 // LF667 // VOE478736 // 23658092;FILTROS;VOLVO 330 // VOLVO L260H;7-PESADO;1,215;0;KG;2469,61;0;105303,84;;;;1;;;1;;
4;04-MAYOR A STOCK MAXIMO;1002932;ZSTO;FILTRO ACEITE;U003;0372;;V1;1;HB;2;3;0;0;0;0;F03;FILTRO ACEITE;130939,98;VOLVO CONS // VOLVO CONS;P21707132 // VOE477556;FILTROS;VOLVO L260H;7-PESADO;1,152;0;KG;2699,223;0;130939,98;;;;;1;;1;;
2;02-MENOR A PUNTO DE PEDIDO;1002934;ZSTO;FILTRO PRIMARIO COMBUSTIBLE;U003;0372;;V1;2;HB;3;1;0;0;0;0;F06;FILTRO COMBUSTIBLE;96800,29;VOLVO CONS;VOE11110683;FILTROS;EC 480D - L220G - PL 3005D;7-PESADO;0,94;0;KG;2089,67;0;96800,29;;1;;;;;1;;
4;04-MAYOR A STOCK MAXIMO;1002981;ZSTO;FILTRO RESPIRADERO TAPA COMBUSTIBLE CSA;U003;0372;;V1;1;HB;2;3;0;0;0;0;F06;FILTRO COMBUSTIBLE;330833,55;CATERPILLA;3507735;FILTROS;CAT 988K, 775G;8-VARIOS;0,08;0;KG;192;0;330833,55;;;;;1;;1;;
3;03-MAYOR A PUNTO DE PEDIDO;1002994;ZSTO;PERKINS FILTRO ACEITE;U003;0372;;V1;4;HB;7;6;0;0;0;0;F03;FILTRO ACEITE;92072,1;HAULOTTE G // DONALDSON // PERKINS;2427003080 // P554407 // 2654407;FILTROS;HAULOTTE HTL 4014/4017/4010;7-PESADO;0,58;0;KG;1800;0;92072,1;;;;1;;;1;;
3;03-MAYOR A PUNTO DE PEDIDO;1002995;ZSTO;FILTRO HIDRAULICO DE PRESION;U003;0372;;V1;2;HB;3;3;0;0;0;0;F07;FILTRO FLUIDO HIDR;308939,64;HAULOTTE G // // DONALDSON;2427002910 // P564860 // P783753;FILTROS;HAULOTTE HTL 4014/4017/4010;9-FRAGIL;0,2;0;KG;1152;0;308939,64;;;;1;;;1;;
2;02-MENOR A PUNTO DE PEDIDO;1002996;ZSTO;FILTRO RESP DE TANQUE;U003;0372;;V1;2;HB;3;2;0;0;0;0;F04;FILTRO AIRE;198573,34;HAULOTTE G;2505003370;FILTROS;HAULOTTE HTL 4014/4017/4010;9-FRAGIL;0,24;0;KG;904,32;0;198573,33;;1;;;;;1;;
3;03-MAYOR A PUNTO DE PEDIDO;1002997;ZSTO;FILTRO CABINA INTERIOR;U003;0372;;V1;2;HB;3;3;0;0;0;0;F05;FILTRO AIRE CABINA;261293,13;HAULOTTE G // HIFI FILTE // DIECI;2820301610 // SC 70087 // 2I094123;FILTROS;HAULOTTE HTL 4014/4017/4010;9-FRAGIL;0,27;0;KG;1680;0;261293,12;;;;1;;;1;;
3;03-MAYOR A PUNTO DE PEDIDO;1002998;ZSTO;FILTRO COMBUSTIBLE;U003;0372;;V1;4;HB;7;6;0;0;0;0;F06;FILTRO COMBUSTIBLE;56396,28;PERKINS // FLEETGUARD // DONALDSON // // MANN;4415122 // FF5788 // P502420 // P556245 // P917X;FILTROS;HAULOTTE;9-FRAGIL;0,12;0;KG;900;0;56396,26;;;;1;;;1;;
3;03-MAYOR A PUNTO DE PEDIDO;1003000;ZSTO;FILTRO HIDRAULICO DE RETORNO;U003;0372;;V1;2;HB;3;3;0;0;0;0;F07;FILTRO FLUIDO HIDR;1186406,25;HAULOTTE G //;2505001940 // 16782 ELEVAMUNDO;FILTROS;HAULOTTE HTL 4014/4017;8-VARIOS;0,66;0;KG;2000;0;1186406,25;;;;1;;;1;;
3;03-MAYOR A PUNTO DE PEDIDO;1003001;ZSTO;FILTRO DE AIRE PRIMARIO;U003;0372;;V1;4;HB;7;6;0;0;0;0;F04;FILTRO AIRE;187903,98;FLEETGUARD // FLEETGUARD // DONALDSON;2324005070 // AF25557 // P828889;FILTROS;HAULOTTE HTL 4014/4017/4010;9-FRAGIL;1,04;0;KG;12996;0;187903,96;;;;1;;;1;;
3;03-MAYOR A PUNTO DE PEDIDO;1003002;ZSTO;FILTRO DE AIRE SECUNDARIO;U003;0372;;V1;4;HB;7;6;0;0;0;0;F04;FILTRO AIRE;132593,88;HAULOTTE G // DONALDSON;2326001910 // P829333;FILTROS;HAULOTTE HTL 4014/4017/4010;9-FRAGIL;0,38;0;KG;5328;0;132593,86;;;;1;;;1;;
2;02-MENOR A PUNTO DE PEDIDO;1003020;ZSTO;FILTRO AIRE MOTOR;U003;0372;;V1;3;HB;5;3;0;0;0;0;F04;FILTRO AIRE;183021,42;JOHN DEERE;AT332908;FILTROS;JD 310K;9-FRAGIL;1,06;0;KG;19844;0;183021,43;;1;;;;;1;;
2;02-MENOR A PUNTO DE PEDIDO;1003021;ZSTO;FILTRO AIRE SEGURIDAD;U003;0372;;V1;3;HB;5;3;0;0;0;0;F04;FILTRO AIRE;121752,81;JOHN DEERE;AT332909;FILTROS;JD 310K;9-FRAGIL;0,41;0;KG;10496;0;121752,82;;1;;;;;1;;
3;03-MAYOR A PUNTO DE PEDIDO;1003026;ZSTO;FILTRO SEPARADOR DE AGUA;U003;0372;;V1;9;HB;17;10;0;0;0;0;F13;FILTRO TRAMPA DE A;217736,2;FLEETGUARD // FLEETGUARD // DONALDSON;FS19652 // FS1280 // P551329;FILTROS;ONAN C66D5;7-PESADO;0,65;0;KG;1256;0;197941,95;;;;1;;;1;;
3;03-MAYOR A PUNTO DE PEDIDO;1003027;ZSTO;ELEMENTO FILTRO DE ACEITE;U003;0372;;V1;4;HB;7;5;0;0;0;0;F03;FILTRO ACEITE;467881,56;FLEETGUARD // BALDWIN // // // No aplica;LF16061 // B7362 // DBL7349 // LF3806 // P556615;FILTROS;ONAN C66D5;8-VARIOS;0,75;0;KG;1800;0;389901,3;;;;1;;;1;;
2;02-MENOR A PUNTO DE PEDIDO;1003065;ZSTO;FILTRO SECADOR DE AIRE DE FRENOS;U003;0372;;V1;2;HB;3;2;0;0;0;0;F11;FILTRO SECADOR DE;319055,08;MERCEDES B // // //;A0004291797 // A0004295695 // AL24 // T250W;FILTROS;MB ATEGO;8-VARIOS;2,45;0;KG;4014,5;0;319055,08;;1;;;;;1;;
2;02-MENOR A PUNTO DE PEDIDO;1003066;ZSTO;FILTRO GASOIL;U003;0372;;V1;4;HB;7;4;0;0;0;0;F06;FILTRO COMBUSTIBLE;117180,2;MERCEDES B;A0000901551;FILTROS;MB ATEGO;7-PESADO;0,216;0;KG;1083;0;117180,19;;1;;;;;1;;
3;03-MAYOR A PUNTO DE PEDIDO;1003067;ZSTO;FILTRO DE AIRE;U003;0372;;V1;4;HB;7;5;0;0;0;0;F04;FILTRO AIRE;497705,5;MERCEDES B;A9585280206;FILTROS;MB ATEGO;8-VARIOS;3,28;0;KG;31207,5;0;497705,51;;;;1;;;1;;
2;02-MENOR A PUNTO DE PEDIDO;1003068;ZSTO;FILTRO DE DIRECCION;U003;0372;;V1;2;HB;3;2;0;0;0;0;F07;FILTRO FLUIDO HIDR;8805;MERCEDES B;A0004660604;FILTROS;MB ATEGO;8-VARIOS;0,15;0;KG;588;0;8805;;1;;;;;1;;
4;04-MAYOR A STOCK MAXIMO;1003081;ZSTO;FILTRO DE AIRE;U003;0372;;V1;2;HB;2;4;0;0;0;0;F04;FILTRO AIRE;189336;FLEETGUARD // No aplica // // No aplica;AF25910 // MSA25910 // P500955 // P50955;FILTROS;GRUPO ELECTROGENO CUMMINS C110;8-VARIOS;1,85;0;KG;13200;0;397855,5;;;;;1;;1;;
3;03-MAYOR A PUNTO DE PEDIDO;1003087;ZSTO;FILTRO COMBUSTIBLE;U003;0372;;V1;5;HB;10;9;0;0;0;0;F06;FILTRO COMBUSTIBLE;756434,8;TOYOTA ARG //;233900L07000 // 233900L100;FILTROS;HILUX 2017;8-VARIOS;0,184;0;KG;1150;0;872001,25;;;;1;;;1;;
3;03-MAYOR A PUNTO DE PEDIDO;1003088;ZSTO;FILTRO AIRE;U003;0372;;V1;5;HB;10;9;0;0;0;0;F04;FILTRO AIRE;428102,15;TOYOTA ARG // TOYOTA ARG;178010L04000 // 178010E030;FILTROS;HILUX 2017;9-FRAGIL;0,57;0;KG;5443,75;0;577598,13;;;;1;;;1;;
3;03-MAYOR A PUNTO DE PEDIDO;1003089;ZSTO;FILTRO DE CABINA;U003;0372;;V1;5;HB;10;7;0;0;0;0;F05;FILTRO AIRE CABINA;132398,6;TOYOTA ARG;871390K080;FILTROS;HILUX 2017;9-FRAGIL;0,08;0;KG;1383,75;0;197126,8;;;;1;;;1;;
4;04-MAYOR A STOCK MAXIMO;1003093;ZSTO;FILTRO DE COMBUSTIBLE;U003;0372;;V1;1;HB;2;3;0;0;0;0;F06;FILTRO COMBUSTIBLE;133478,67;VOLVO CONS // VOLVO CONS;P22480372 // VOE15126069;FILTROS;VOLVO FM460;7-PESADO;1,15;0;KG;2469,61;0;133478,67;;;;;1;;1;;
4;04-MAYOR A STOCK MAXIMO;1003094;ZSTO;FILTRO DE DRENAJE BOMBA;U003;0372;;V1;1;HB;2;3;0;0;0;0;F07;FILTRO FLUIDO HIDR;79931,28;VOLVO CONS // // No aplica;21392404 // 20580233 // 7632141111;FILTROS;VOLVO 330 // VOLVO FM460;9-FRAGIL;0,105;0;KG;282,6;0;79931,28;;;;;1;;1;;
4;04-MAYOR A STOCK MAXIMO;1003095;ZSTO;FILTRO TRAMPA DE AGUA COMBUSTIBLE;U003;0372;;V1;1;HB;2;3;0;0;0;0;F13;FILTRO TRAMPA DE A;152647,2;PARKER RAC //;21925732 // 23662435;FILTROS;VOLVO FM460;7-PESADO;0,72;0;KG;1329,79;0;152647,2;;;;;1;;1;;
2;02-MENOR A PUNTO DE PEDIDO;1003096;ZSTO;FILTRO DE AIRE TANQUE DE COMBUSTIBLE;U003;0372;;V1;2;HB;2;2;0;0;0;0;F06;FILTRO COMBUSTIBLE;63653,56;VOLVO CONS // DONALDSON;21743197 // P954869;FILTROS;VOLVO 330 // VOLVO FM460;9-FRAGIL;0,09;0;KG;480,42;0;63653,56;;1;;;;;1;;
4;04-MAYOR A STOCK MAXIMO;1003097;ZSTO;FILTRO DE AIRE PRIMARIO;U003;0372;;V1;1;HB;2;3;0;0;0;0;F04;FILTRO AIRE;553337,64;VOLVO CONS;21337557;FILTROS;VOLVO FM460;9-FRAGIL;3,39;0;KG;49940,125;0;553337,64;;;;;1;;1;;
2;02-MENOR A PUNTO DE PEDIDO;1003106;ZSTO;FILTRO DE AIRE SECUNDARIO;U003;0372;;V1;2;HB;2;1;0;0;0;0;F04;FILTRO AIRE;0;FLEETGUARD // //;AF25911 // P500956 // SA18138;FILTROS;C110D5;8-VARIOS;0,49;0;KG;4752;0;57025,83;;1;;;;;1;;
4;04-MAYOR A STOCK MAXIMO;1003119;ZSTO;FILTRO DE AIRE PRIMARIO;U003;0372;;V1;1;HB;2;3;0;0;0;0;F04;FILTRO AIRE;328414,8;VOLVO MAQU;21436535;FILTROS;VOLVO 330;9-FRAGIL;3,2;0;KG;43120;0;328414,79;;;;;1;;1;;
4;04-MAYOR A STOCK MAXIMO;1003120;ZSTO;FILTRO DE COMBUSTIBLE;U003;0372;;V1;1;HB;2;3;0;0;0;0;F06;FILTRO COMBUSTIBLE;137424,87;VOLVO CONS;22095097;FILTROS;VOLVO 330;7-PESADO;0,95;0;KG;1899,7;0;137424,86;;;;;1;;1;;
4;04-MAYOR A STOCK MAXIMO;1003121;ZSTO;FILTRO DE UREA;U003;0372;;V1;1;HB;2;3;0;0;0;0;F09;FILTRO DE UREA;198974,43;VOLVO CONS;82269261;FILTROS;VOLVO 330;9-FRAGIL;0,07;0;KG;238,64;0;198974,43;;;;;1;;1;;
4;04-MAYOR A STOCK MAXIMO;1003124;ZSTO;FILTRO DE TRANSMISION CAJA DE CAMBIOS;U003;0372;;V1;1;HB;2;3;0;0;0;0;F03;FILTRO ACEITE;140244,66;VOLVO CONS;21479106;FILTROS;VOLVO 330;8-VARIOS;0,21;0;KG;1683;0;140244,66;;;;;1;;1;;
4;04-MAYOR A STOCK MAXIMO;1003125;ZSTO;FILTRO SECADOR DE AIRE;U003;0372;;V1;1;HB;2;3;0;0;0;0;F11;FILTRO SECADOR DE;289271,16;VOLVO CONS;21620181;FILTROS;VOLVO 330;7-PESADO;2,304;0;KG;2058;0;289271,16;;;;;1;;1;;
4;04-MAYOR A STOCK MAXIMO;1003126;ZSTO;FILTRO SECADO DE AIRE;U003;0372;;V1;1;HB;2;3;0;0;0;0;F11;FILTRO SECADOR DE;521822,01;VOLVO CONS // VOLVO CONS // VOLVO CONS //;21412848 // 22223804 // 23260134 // 23690622;FILTROS;VOLVO FM460;7-PESADO;1,38;0;KG;4913;0;521822,01;;;;;1;;1;;
4;04-MAYOR A STOCK MAXIMO;1003138;ZSTO;FILTRO DE COMBUSTIBLE;U003;0372;;V1;2;HB;2;3;0;0;0;0;F06;FILTRO COMBUSTIBLE;447978,57;KOMATSU HO // KOMATSU HO;6003193750 // 6003113750;FILTROS;KOMATSU PC 200-8;7-PESADO;0,81;0;KG;1239,809;0;447978,58;;;;;1;;1;;
3;03-MAYOR A PUNTO DE PEDIDO;1003139;ZSTO;FILTRO HIDRAULICO;U003;0372;;V1;1;HB;2;2;0;0;0;0;F07;FILTRO FLUIDO HIDR;659928,96;KOMATSU HO;2076071183;FILTROS;KOMATSU PC 200-8;7-PESADO;1,4;0;KG;8400;0;659928,96;;;;1;;;1;;
3;03-MAYOR A PUNTO DE PEDIDO;1003140;ZSTO;FILTRO DE LINEA DE M;U003;0372;;V1;1;HB;2;2;0;0;0;0;F07;FILTRO FLUIDO HIDR;778244,26;KOMATSU HO // No aplica // No aplica;20Y9701820 // 1,62071E+12 // 1620706311046;FILTROS;KOMATSU PC 200-8;7-PESADO;0,8;0;KG;3630;0;778244,27;;;;1;;;1;;
4;04-MAYOR A STOCK MAXIMO;1003164;ZSTO;FILTRO DE BOMBA SIST. UREA;U003;0372;;V1;1;HB;2;3;0;0;0;0;F09;FILTRO DE UREA;58907,16;VOLVO CONS;20877958;FILTROS;VOLVO 330;9-FRAGIL;0,03;0;KG;0,006;0;58907,16;;;;;1;;1;;
4;04-MAYOR A STOCK MAXIMO;1003169;ZSTO;FILTRO TRAMPA DE AGUA;U003;0372;;V1;1;HB;2;3;0;0;0;0;F13;FILTRO TRAMPA DE A;162552,6;SUDAMERICA // //;24226451 // 22752360 // 24226451;FILTROS;VOLVO 330;9-FRAGIL;0,17;0;KG;1100;0;162552,6;;;;;1;;1;;
2;02-MENOR A PUNTO DE PEDIDO;1003170;ZSTO;FILTRO DE AIRE PRIMARIO;U003;0372;;V1;3;HB;5;3;0;0;0;0;F04;FILTRO AIRE;114503,88;FLEETGUARD // // FILPLUS;AF26085 // FAI6085 // MSA26085;FILTROS;FILTRO AIRE;9-FRAGIL;0,49;0;KG;4752;0;114503,89;;1;;;;;1;;
2;02-MENOR A PUNTO DE PEDIDO;1003171;ZSTO;FILTRO DE AIRE SECUNDARIO;U003;0372;;V1;3;HB;5;3;0;0;0;0;F04;FILTRO AIRE;616353,69;FLEETGUARD // FILPLUS;AF26086 // MSA26086;FILTROS;FILTRO AIRE;9-FRAGIL;2,1;0;KG;16000;0;616353,69;;1;;;;;1;;
2;02-MENOR A PUNTO DE PEDIDO;1003172;ZSTO;Filtro Aceite Motor;U003;0372;;V1;3;HB;5;3;0;0;0;0;F03;FILTRO ACEITE;31529,34;FLEETGUARD // DONALDSON // DONALDSON;LF16011 // P550335 // P551132;FILTROS;CAT 950;7-PESADO;0,29;0;KG;452,16;0;31529,35;;1;;;;;1;;
2;02-MENOR A PUNTO DE PEDIDO;1003173;ZSTO;FILTRO DE AIRE PRIMARIO;U003;0372;;V1;4;HB;73;2;0;0;0;0;F04;FILTRO AIRE;187260,32;CATERPILLA;3370790;FILTROS;CAT 950;9-FRAGIL;0,74;0;KG;12032;0;187260,33;;1;;;;;1;;
3;03-MAYOR A PUNTO DE PEDIDO;1003174;ZSTO;FILTRO DE AIRE SECUNDARIO;U003;0372;;V1;4;HB;7;5;0;0;0;0;F04;FILTRO AIRE;1550535,85;CATERPILLA //;3862097 // 5771433;FILTROS;CAT 950;9-FRAGIL;2,82;0;KG;40950;0;1550535,83;;;;1;;;1;;
3;03-MAYOR A PUNTO DE PEDIDO;1003176;ZSTO;FILTRO A A CABINA INTERIOR;U003;0372;;V1;2;HB;3;3;0;0;0;0;F10;FILTRO HVAC;313394,01;CATERPILLA //;2902288 // 5019255;FILTROS;CAT 950;9-FRAGIL;0,326;0;KG;5754,375;0;313394;;;;1;;;1;;
2;02-MENOR A PUNTO DE PEDIDO;1003177;ZSTO;FILTRO TRAMPA DE AGUA;U003;0372;;V1;3;HB;5;3;0;0;0;0;F13;FILTRO TRAMPA DE A;250845,9;CATERPILLA;4238524;FILTROS;CAT 950;7-PESADO;0,97;0;KG;2659,58;0;250845,91;;1;;;;;1;;
3;03-MAYOR A PUNTO DE PEDIDO;1003178;ZSTO;FILTRO HIDRAULICO;U003;0372;;V1;1;HB;2;2;0;0;0;0;F07;FILTRO FLUIDO HIDR;227443,78;CATERPILLA;4363443;FILTROS;CAT 950;7-PESADO;0,22;0;KG;900;0;227443,76;;;;1;;;1;;
3;03-MAYOR A PUNTO DE PEDIDO;1003179;ZSTO;FILTRO DE TRANSMISION (CARTUCHO);U003;0372;;V1;1;HB;2;2;0;0;0;0;F03;FILTRO ACEITE;346206,64;CATERPILLA;3761288;FILTROS;CAT 950;7-PESADO;2,639;0;KG;12160;0;346206,64;;;;1;;;1;;
3;03-MAYOR A PUNTO DE PEDIDO;1003180;ZSTO;FILTRO DE AIRE;U003;0372;;V1;19;HB;34;29;0;0;0;0;F04;FILTRO AIRE;576414,44;DBT S.A. // DONALDSON // DARMET;3025127 // P822686 // VP-2735;FILTROS;HIMOINSA LTA 8 V LED;9-FRAGIL;0,27;0;KG;2662;0;576414,48;;;;1;;;1;;
3;03-MAYOR A PUNTO DE PEDIDO;1003181;ZSTO;FILTRO DE COMBUSTIBLE;U003;0372;;V1;19;HB;34;30;0;0;0;0;F06;FILTRO COMBUSTIBLE;278253;DBT S.A. // FLEETGUARD // DONALDSON // HIFI FILTE;3048841 // FF 5259 // P502166 // SN 21590;FILTROS;HIMOINSA LTA 8 V LED;9-FRAGIL;0,05;0;KG;144;0;278253,13;;;;1;;;1;;
3;03-MAYOR A PUNTO DE PEDIDO;1003182;ZSTO;FILTRO GASOIL;U003;0372;;V1;19;HB;34;31;0;0;0;0;F06;FILTRO COMBUSTIBLE;428506,8;DBT S.A. // DONALDSON // VER // HIMOINSA S;3024206 // P502406 // 17108155910 // 3082015;FILTROS;HIMOINSA LTA 8 V LED;9-FRAGIL;0,04;0;KG;144;0;428506,88;;;;1;;;1;;
3;03-MAYOR A PUNTO DE PEDIDO;1003183;ZSTO;FILTRO DE ACEITE MOTOR;U003;0372;;V1;19;HB;34;23;0;0;0;0;F03;FILTRO ACEITE;348933;DBT S.A. // // FLEETGUARD // DONALDSON // // //;3035098 // LF3925 // LF3925 // P502067 // T 600 // W67/1 // W671;FILTROS;HIMOINSA LTA 8 V LED;7-PESADO;0,23;0;KG;343;0;348933;;;;1;;;1;;
4;04-MAYOR A STOCK MAXIMO;1003210;ZSTO;FILTRO DE AIRE PRIMARIO;U003;0372;;V1;2;HB;2;6;0;0;0;0;F04;FILTRO AIRE;419875,8;DONALDSON // BALDWIN;P613335 // RS5329;FILTROS;ONAN C 150 D5 4;6-PESADO Y FRAGIL;0,9;0;KG;24768;0;1047159,48;;;;;1;;1;;
4;04-MAYOR A STOCK MAXIMO;1003211;ZSTO;FILTRO DE AIRE SECUNDARIO;U003;0372;;V1;2;HB;2;4;0;0;0;0;F04;FILTRO AIRE;287812,04;DONALDSON;P613334;FILTROS;ONAN C 150 D5 4;8-VARIOS;2,25;0;KG;23276;0;287812,02;;;;;1;;1;;
2;02-MENOR A PUNTO DE PEDIDO;1003213;ZSTO;ELEMENTO FILTRO DE ACEITE;U003;0372;;V1;2;HB;2;1;0;0;0;0;F03;FILTRO ACEITE;12131,1;FLEETGUARD // DONALDSON //;LF9028 // DBL7349 // P558615;FILTROS;ONAN C 150 D5 4;7-PESADO;0,54;0;KG;1144,53;0;12131,1;;1;;;;;1;;
3;03-MAYOR A PUNTO DE PEDIDO;1003217;ZSTO;FILTRO DE COMBUSTIBLE;U003;0372;;V1;2;HB;4;4;0;0;0;0;F06;FILTRO COMBUSTIBLE;808386,96;CATERPILLA;3608958;FILTROS;CAT 815 K;7-PESADO;0,52;0;KG;1300;0;808386,96;;;;1;;;1;;
3;03-MAYOR A PUNTO DE PEDIDO;1003219;ZSTO;FILTRO VENTILACION DE CARTER;U003;0372;;V1;2;HB;3;3;0;0;0;0;F04;FILTRO AIRE;114188,46;CATERPILLA;2735711;FILTROS;CAT 815 K;7-PESADO;0,74;0;KG;1980;0;114188,47;;;;1;;;1;;
4;04-MAYOR A STOCK MAXIMO;1003223;ZSTO;FILTRO TRAMPA DE AGUA;U003;0372;;V1;2;HB;2;6;0;0;0;0;F13;FILTRO TRAMPA DE A;84880,64;CNH;5801403243;FILTROS;IVECO TRAKKER 410 T 44 EUROTRO;7-PESADO;0,95;0;KG;2089,67;0;663392,99;;;;;1;;1;;
2;02-MENOR A PUNTO DE PEDIDO;1003224;ZSTO;7ILTRO DE UREA A BOMBA;U003;0372;;V1;1;HB;2;1;0;0;0;0;F09;FILTRO DE UREA;97228,56;CNH // CNH;500055972 // 2997594;FILTROS;IVECO TRAKKER 410 T 44 EUROTRO;9-FRAGIL;0,18;0;KG;1100;0;97228,56;;1;;;;;1;;
3;03-MAYOR A PUNTO DE PEDIDO;1003232;ZSTO;FILTRO DE VENTEO HIDRAULICO;U003;0372;;V1;1;HB;2;2;0;0;0;0;F04;FILTRO AIRE;115893,36;CATERPILLA;3468340;FILTROS;CAT 950L;8-VARIOS;0,06;0;KG;251,2;0;115893,36;;;;1;;;1;;
3;03-MAYOR A PUNTO DE PEDIDO;1003238;ZSTO;FILTRO TRAMPA DE AGUA;U003;0372;;V1;2;HB;4;4;0;0;0;0;F13;FILTRO TRAMPA DE A;355145,56;CATERPILLA //;4367077 // SN40863;FILTROS;CAT 140K;8-VARIOS;0,54;0;KG;3456;0;355145,54;;;;1;;;1;;
4;04-MAYOR A STOCK MAXIMO;1003241;ZSTO;MANN CF1651;U003;0372;;V1;1;HB;2;3;0;0;0;0;F14;GENERICOS FILTROS;110310,84;MANN //;CF1651 // P750003;FILTROS;VOLVO 330;9-FRAGIL;0,81;0;KG;15606;0;110310,83;;;;;1;;1;;
4;04-MAYOR A STOCK MAXIMO;1003243;ZSTO;FILTRO TRAMPA DE AGUA;U003;0372;;V1;2;HB;2;3;0;0;0;0;F13;FILTRO TRAMPA DE A;378844,5;JOHN DEERE;AT491450;FILTROS;JD 310 L;8-VARIOS;0,823;0;KG;2248,25;0;378844,5;;;;;1;;1;;
4;04-MAYOR A STOCK MAXIMO;1003246;ZSTO;FILTRO DE TANQUE HIDRAULICO;U003;0372;;V1;1;HB;2;3;0;0;0;0;F07;FILTRO FLUIDO HIDR;1478594,7;REMOLQUES // HIFI FILTE;14896990 // SH 93214;FILTROS;VOLCADORA OMBU;8-VARIOS;0,199;0;KG;807,765;0;1478594,7;;;;;1;;1;;
2;02-MENOR A PUNTO DE PEDIDO;1003247;ZSTO;FILTRO DE VENTEO TANQUE HIDRAULICO;U003;0372;;V1;1;HB;2;1;0;0;0;0;F07;FILTRO FLUIDO HIDR;37160,97;FILPLUS // No aplica;MSA07 // TAP0126;FILTROS;VOLCADORA OMBU;8-VARIOS;0,095;0;KG;340,298;0;37160,97;;1;;;;;1;;
4;04-MAYOR A STOCK MAXIMO;1003275;ZSTO;FILTRO TRANSMISION ACEITE;U003;0372;;V1;1;HB;2;3;0;0;0;0;F03;FILTRO ACEITE;334507,17;CATERPILLA;3891079;FILTROS;CAT 950;8-VARIOS;0,336;0;KG;1863;0;334507,17;;;;;1;;1;;
4;04-MAYOR A STOCK MAXIMO;1003276;ZSTO;FILTRO TANQUE HIDRAULICO;U003;0372;;V1;1;HB;2;3;0;0;0;0;F07;FILTRO FLUIDO HIDR;44152,08;PARKER // No aplica //;921999 // K22001 // P551551;FILTROS;VOLCADORA MILICIC // VOLVO 330;7-PESADO;0,48;0;KG;858,398;0;44152,08;;;;;1;;1;;
4;04-MAYOR A STOCK MAXIMO;1003300;ZSTO;FILTRO DOSIFICACION DE UREA (COLADOR);U003;0372;;V1;1;HB;2;3;0;0;0;0;F09;FILTRO DE UREA;57906,66;VOLVO CONS;21954674;FILTROS;VOLVO 460 FMX;9-FRAGIL;0,01;0;KG;90;0;57906,67;;;;;1;;1;;
4;04-MAYOR A STOCK MAXIMO;1003301;ZSTO;FILTRO DE TANQUE;U003;0372;;V1;1;HB;2;3;0;0;0;0;F06;FILTRO COMBUSTIBLE;207901,5;VOLVO CONS // VOLVO CONS;21516229 // 23381562;FILTROS;VOLVO 460 FMX;9-FRAGIL;0,1;0;KG;735;0;207901,51;;;;;1;;1;;
4;04-MAYOR A STOCK MAXIMO;1003302;ZSTO;FILTRO ACEITE CAJA DE CAMBIO;U003;0372;;V1;1;HB;2;3;0;0;0;0;F03;FILTRO ACEITE;97879,08;VOLVO CONS // VOLVO CONS;20779040 // 24283117;FILTROS;VOLVO 460 FMX;8-VARIOS;0,09;0;KG;784;0;97879,09;;;;;1;;1;;
3;03-MAYOR A PUNTO DE PEDIDO;1003345;ZSTO;FILTRO DE AIRE;U003;0372;;V1;2;HB;4;3;0;0;0;0;F04;FILTRO AIRE;192448,41;FLEETGUARD;AH8742;FILTROS;KOMATSU;9-FRAGIL;0,662;0;KG;6693,75;0;192448,4;;;;1;;;1;;
2;02-MENOR A PUNTO DE PEDIDO;1003358;ZSTO;FILTRO AIRE XUN;U003;0372;;V1;2;HB;2;2;0;0;0;0;F04;FILTRO AIRE;141664,94;FLEETGUARD // DONALDSON // // No aplica;AH1136 // B085001 // C085004 // PA2815;FILTROS;ONAN 67412;9-FRAGIL;1,44;0;KG;17457;0;141664,93;;1;;;;;1;;
3;03-MAYOR A PUNTO DE PEDIDO;1003359;ZSTO;FILTRO DE AIRE PRIMARIO;U003;0372;;V1;1;HB;2;2;0;0;0;0;F10;FILTRO HVAC;156823,8;KOMATSU HO //;2A59791551 // AF55884;FILTROS;KOMATSU PC 200-8;9-FRAGIL;0,13;0;KG;2300;0;156823,8;;;;1;;;1;;
3;03-MAYOR A PUNTO DE PEDIDO;1003360;ZSTO;FILTRO A A CABINA EXTERIOR;U003;0372;;V1;2;HB;3;3;0;0;0;0;F10;FILTRO HVAC;400138,8;CATERPILLA //;2902287 // 5019254;FILTROS;CAT 950;9-FRAGIL;1,14;0;KG;12300;0;400138,79;;;;1;;;1;;
4;04-MAYOR A STOCK MAXIMO;1003364;ZSTO;FILTRO AIRE SECUNDARIO;U003;0372;;V1;2;HB;2;3;0;0;0;0;F04;FILTRO AIRE;96761,46;FLEETGUARD // DONALDSON // // DARMET // KOMATSU HO;AF26114 // P533781 // TR9988 // VP-2741 // 6001854120;FILTROS;FLEETGUARD;9-FRAGIL;0,769;0;KG;11564,046;0;96761,47;;;;;1;;1;;
4;04-MAYOR A STOCK MAXIMO;1003365;ZSTO;FILTRO AIRE PRIMARIO;U003;0372;;V1;2;HB;2;3;0;0;0;0;F04;FILTRO AIRE;188807,55;FLEETGUARD // DONALDSON // // KOMATSU HO;AF25667 // P532966 // VP2740 // 6001854110;FILTROS;FLEETGUARD;9-FRAGIL;2,68;0;KG;47824;0;188807,55;;;;;1;;1;;
4;04-MAYOR A STOCK MAXIMO;1003373;ZSTO;FILTROAIREACONDCABINAEXTERIORINTERIOR;U003;0372;;V1;1;HB;2;3;0;0;0;0;F10;FILTRO HVAC;103136,46;VOLVO CONS;21758906;FILTROS;VOLVO FM460;9-FRAGIL;0,22;0;KG;2420;0;103136,47;;;;;1;;1;;
2;02-MENOR A PUNTO DE PEDIDO;1003929;ZSTO;TORNILLO P PUNTERA XUN;U003;0372;;RE;1;HB;2;1;0;0;0;0;C29;FILTROS/RESPUESTOS;39155,45;KOMATSU HO // No aplica;1987121720 // 6V8360;REPUESTOS;KMS 375D;6-PESADO Y FRAGIL;0,775;0;KG;215,985;0;39155,45;;1;;;;;1;;
3;03-MAYOR A PUNTO DE PEDIDO;1003953;ZSTO;BATERIA 12V 75AMP;U003;0372;;V1;1;HB;3;2;0;0;0;0;C03;EQUIPOS;282958,68;MOURA;M30LD;REPUESTOS;hilux 2017 en adelante;7-PESADO;16,5;0;KG;9044;0;282958,68;;;;1;;;1;;
3;03-MAYOR A PUNTO DE PEDIDO;1003957;ZSTO;BATERIA 12V 110 AMP  318X162X220;U003;0372;;V1;1;HB;3;3;0;0;0;0;C29;FILTROS/RESPUESTOS;642148,77;MOURA;ME100HA;REPUESTOS;BOMAG;7-PESADO;24,5;0;KG;11781;0;642148,77;;;;1;;;1;;
4;04-MAYOR A STOCK MAXIMO;1004011;ZSTO;LAMPARA 12V-5W S CULOTE X UN;U003;0372;;V1;7;HB;13;15;0;0;0;0;C03;EQUIPOS;9917,25;;PHILIPS-OSRAM;REPUESTOS;ELECTRICIDAD AUTOMOTOR;9-FRAGIL;0,001;0;KG;1,257;0;9917,25;;;;;1;;1;;
3;03-MAYOR A PUNTO DE PEDIDO;1004020;ZSTO;LAMPARA 12V-H4 P43T X UN;U003;0372;;V1;7;HB;13;9;0;0;0;0;C29;FILTROS/RESPUESTOS;34653,15;;P43T38;REPUESTOS;ELECTRICIDAD AUTOMOTOR;9-FRAGIL;0,03;0;KG;154,63;0;34653,17;;;;1;;;1;;
3;03-MAYOR A PUNTO DE PEDIDO;1004022;ZSTO;LAMPARA 12V-21 5W X UN;U003;0372;;V1;7;HB;13;13;0;0;0;0;C03;EQUIPOS;13859,56;;PATADESPBAY15D;REPUESTOS;ELECTRICIDAD AUTOMOTOR;9-FRAGIL;0,01;0;KG;22,089;0;13859,56;;;;1;;;1;;
3;03-MAYOR A PUNTO DE PEDIDO;1004027;ZSTO;LAMPARA 12V-21W AMBAR X UN;U003;0372;;V1;7;HB;13;10;0;0;0;0;C29;FILTROS/RESPUESTOS;19421,5;;BAU15S;REPUESTOS;ELECTRICIDAD AUTOMOTOR;9-FRAGIL;0,005;0;KG;22,089;0;19421,5;;;;1;;;1;;
4;04-MAYOR A STOCK MAXIMO;1004030;ZSTO;LAMPARA 24V-5W S CULOTE XUN;U003;0372;;V1;7;HB;13;20;0;0;0;0;C29;FILTROS/RESPUESTOS;18132,6;;PHILIPS-OSRAM;REPUESTOS;ELECTRICIDAD AUTOMOTOR;9-FRAGIL;0,001;0;KG;1,257;0;18132,6;;;;;1;;1;;
3;03-MAYOR A PUNTO DE PEDIDO;1004038;ZSTO;LAMPARA 24V-21W P PAREJA XUN;U003;0372;;V1;7;HB;13;8;0;0;0;0;C29;FILTROS/RESPUESTOS;8264,48;;BA15S;REPUESTOS;ELECTRICIDAD AUTOMOTOR;9-FRAGIL;0,008;0;KG;2,454;0;8264,48;;;;1;;;1;;
3;03-MAYOR A PUNTO DE PEDIDO;1004039;ZSTO;LAMPARA 24V-H1 70W X UN;U003;0372;;V1;5;HB;12;6;0;0;0;0;C29;FILTROS/RESPUESTOS;43594,26;;P145S;REPUESTOS;ELECTRICIDAD AUTOMOTOR;9-FRAGIL;0,01;0;KG;40,625;0;43594,26;;;;1;;;1;;
4;04-MAYOR A STOCK MAXIMO;1004042;ZSTO;LAMPARA 24V-H7 70W X UN;U003;0372;;V1;7;HB;13;19;0;0;0;0;C29;FILTROS/RESPUESTOS;249669,5;;PX26D-PHILIPS-OSRAM;REPUESTOS;ELECTRICIDAD AUTOMOTOR;9-FRAGIL;0,014;0;KG;73,5;0;249669,5;;;;;1;;1;;
4;04-MAYOR A STOCK MAXIMO;1004263;ZSTO;LAMPARA 12V-51W XUN;U003;0372;;V1;7;HB;13;20;0;0;0;0;C29;FILTROS/RESPUESTOS;221456,4;;(HB4 O 9006);REPUESTOS;ELECTRICIDAD AUTOMOTOR;9-FRAGIL;30;0;KG;118,125;0;221456,4;;;;;1;;1;;
4;04-MAYOR A STOCK MAXIMO;1004264;ZSTO;BULON DE RUEDA;U003;0372;;V1;13;HB;15;28;0;0;0;0;C29;FILTROS/RESPUESTOS;962214,68;VOLVO CONS //;21147687 // 24076067;REPUESTOS;VOLVO 460 FMX;7-PESADO;0,444;0;KG;118,279;0;962214,75;;;;;1;;1;;
2;02-MENOR A PUNTO DE PEDIDO;1004308;ZSTO;ACEITE HIDRAULICO X 20LT;U003;0372;;V1;2;HB;2;2;0;0;0;0;C29;FILTROS/RESPUESTOS;0;BECHEM SUD;ATF;LUBRICANTES;LUBRICANTES;6-PESADO Y FRAGIL;0;0;KG;0;0;181099,18;;1;;;;;1;;
2;02-MENOR A PUNTO DE PEDIDO;1004311;ZSTO;ACEITE SAE 80W90 X 20LT;U003;0372;;V1;2;HB;3;2;0;0;0;0;C29;FILTROS/RESPUESTOS;286436,32;;MOBILUBE;LUBRICANTES;LUBRICANTES;6-PESADO Y FRAGIL;0;0;KG;0;0;286436,33;;1;;;;;1;;
2;02-MENOR A PUNTO DE PEDIDO;1004317;ZSTO;ACEITE CAJA DE CAMBIOS x 205LTS;U003;0372;;RE;1;HB;1;1;0;0;0;0;L01;ACEITES;5509210,19;VOLVO CONS // //;97307//85136284 // TRAXIUM GEAR 8 75W80 // 97315;LUBRICANTES;VOLVO;2-TACHO;180;0;KG;235025,86;0;5509210,19;;1;;;;;1;;
3;03-MAYOR A PUNTO DE PEDIDO;1004687;ZSTO;TUERCA DE RUEDA VOLVO;U003;0372;;V1;11;HB;15;13;0;0;0;0;C29;FILTROS/RESPUESTOS;428961,65;VOLVO CONS;21303956;REPUESTOS;VOLVO 460 FMX;7-PESADO;0,173;0;KG;4768,875;0;428961,69;;;;1;;;1;;
4;04-MAYOR A STOCK MAXIMO;1009471;ZSTO;ANTEOJO TRANSPARENTE H/C;U003;0372;;V1;40;HB;80;92;0;0;0;0;C28;SEGURIDAD/ROPA/EPP;0;LIBUS // 3M // MSA // STEELPRO;ARGON HC // SECUREFIT SF401AF // MSA MOVE CLEAR // STEELPRO ODYSSEY CLEAR;SEGURIDAD;ACCESORIO SEGURIDAD;9-FRAGIL;0;0;KG;0;0;139406,68;;;;;1;;1;;
4;04-MAYOR A STOCK MAXIMO;1009481;ZSTO;ANTEOJO GRIS H/C;U003;0372;;V1;49;HB;80;84;0;0;0;0;C28;SEGURIDAD/ROPA/EPP;0;LIBUS // 3M // MSA // STEELPRO;ARGON HC // SECUREFIT SF402AF // MSA MOVE SMOKE // STEELPRO ODYSSEY SMOKE;SEGURIDAD;INDUMENTARIA;9-FRAGIL;0;0;KG;0;0;129885,54;;;;;1;;1;;
2;02-MENOR A PUNTO DE PEDIDO;1013522;ZSCD;ACEITE DIFERENCIALES VOLVO97312 x 205LTS;U003;0372;;RE;1;HB;1;1;0;0;0;0;C29;FILTROS/RESPUESTOS;4711084,88;SHELL PLC.;SPIRAX S6 GXME 75W90;LUBRICANTES;LUBRICANTES;?;0;0;KG;0;0;4711084,88;;1;;;;;1;;
3;03-MAYOR A PUNTO DE PEDIDO;1015784;ZSSD;CINTA VULCANIZANTE;U003;0372;;V1;5;HB;10;6;0;0;0;0;C27;FERRETERIA MR01;0;;;FERRETERIA;INSUMOS;?;0;0;KG;0;0;22440;;;;1;;;1;;
2;02-MENOR A PUNTO DE PEDIDO;1015787;ZSSD;DESODORANTE EN AEROSOL X UN;U003;0372;;V1;10;HB;17;3;0;0;0;0;C17;INSUMOS A;0;;;LIMPIEZA;INSUMO;?;0;0;KG;0;0;8675,22;;1;;;;;1;;
2;02-MENOR A PUNTO DE PEDIDO;1015789;ZSSD;DETERGENTE X 5 LTS;U003;0372;;V1;2;HB;4;2;0;0;0;0;C17;INSUMOS A;0;;;LIMPIEZA;LIMPIEZA /SEGURIDAD;?;0;0;KG;0;0;13884,3;;1;;;;;1;;
3;03-MAYOR A PUNTO DE PEDIDO;1015807;ZSSD;LAVANDINA X 5 LTS;U003;0372;;RE;1;HB;2;2;0;0;0;0;C17;INSUMOS A;0;;;LIMPIEZA;LIMPIEZA /SEGURIDAD;?;0;0;KG;0;0;4131,4;;;;1;;;1;;
2;02-MENOR A PUNTO DE PEDIDO;1015810;ZSSD;LIMPIACONTACTO EN AEROSOL X UN;U003;0372;;V1;5;HB;8;4;0;0;0;0;C27;FERRETERIA MR01;0;;;LIMPIEZA;LIMPIEZA /SEGURIDAD;?;0;0;KG;0;0;37158,68;;1;;;;;1;;
4;04-MAYOR A STOCK MAXIMO;1015811;ZSSD;LIMPIAMANOS EN GEL P/MECÁNICO X UN;U003;0372;;V1;2;HB;3;4;0;0;0;0;C17;INSUMOS A;0;;;LIMPIEZA;?;?;0;0;KG;0;0;162769,42;;;;;1;;1;;
3;03-MAYOR A PUNTO DE PEDIDO;1015844;ZSSD;PILA ALCALINA AA –ENERGIZER X UN;U003;0372;;V1;9;HB;17;11;0;0;0;0;C27;FERRETERIA MR01;0;;;FERRETERIA;INSUMOS;?;0;0;KG;0;0;17264;;;;1;;;1;;
3;03-MAYOR A PUNTO DE PEDIDO;1015845;ZSSD;PILA ALCALINA AAA - ENERGIZER XUN;U003;0372;;V1;9;HB;17;14;0;0;0;0;C27;FERRETERIA MR01;0;;;FERRETERIA;ACCESORIOS;?;0;0;KG;0;0;18052,33;;;;1;;;1;;
3;03-MAYOR A PUNTO DE PEDIDO;1015861;ZSSD;SELLADOR BRIDA LOCTITE 5900 CART X300ML;U003;0372;;V1;1;HB;2;2;0;0;0;0;C27;FERRETERIA MR01;0;;;FERRETERIA;ADHESIVOS/SELLADORES/LUBRICANT;?;0;0;KG;0;0;150340;;;;1;;;1;;
3;03-MAYOR A PUNTO DE PEDIDO;1015977;ZSCD;RODILLERA SOLDADOR;U003;0372;CBD2CJ;V1;18;HB;35;28;0;0;0;0;C28;SEGURIDAD/ROPA/EPP;0;;;SEGURIDAD;EPP;?;0;0;KG;0;0;257268;;;;1;;;1;;
4;04-MAYOR A STOCK MAXIMO;1015982;ZSCD;CAMISA JEAN T.42;U003;0372;CBB1CJ;V1;6;HB;8;16;0;0;0;0;C28;SEGURIDAD/ROPA/EPP;0;;;ROPA;INDUMENTARIA;?;0;0;KG;0;0;272000;;;;;1;;1;;
4;04-MAYOR A STOCK MAXIMO;1015983;ZSCD;CAMISA JEAN T.44;U003;0372;CBA2CJ;V1;6;HB;8;22;0;0;0;0;C28;SEGURIDAD/ROPA/EPP;0;;;ROPA;INDUMENTARIA;?;0;0;KG;0;0;380000;;;;;1;;1;;
4;04-MAYOR A STOCK MAXIMO;1015984;ZSCD;CAMISA JEAN T.48;U003;0372;CBB1CJ;V1;3;HB;8;19;0;0;0;0;C28;SEGURIDAD/ROPA/EPP;0;;;ROPA;INDUMENTARIA;?;0;0;KG;0;0;323000;;;;;1;;1;;
4;04-MAYOR A STOCK MAXIMO;1015987;ZSCD;CAMISA JEAN T.50;U003;0372;CBA1CJ;V1;3;HB;7;15;0;0;0;0;C28;SEGURIDAD/ROPA/EPP;0;;;ROPA;INDUMENTARIA;?;0;0;KG;0;0;291163;;;;;1;;1;;
3;03-MAYOR A PUNTO DE PEDIDO;1015988;ZSCD;CAMISA JEAN T.52;U003;0372;CBA3CJ;V1;2;HB;3;3;0;0;0;0;C28;SEGURIDAD/ROPA/EPP;0;;;ROPA;INDUMENTARIA;?;0;0;KG;0;0;51000;;;;1;;;1;;
4;04-MAYOR A STOCK MAXIMO;1015989;ZSCD;CAMISA JEAN T.54;U003;0372;CBA4CJ;V1;2;HB;3;4;0;0;0;0;C28;SEGURIDAD/ROPA/EPP;42426,69;;;ROPA;INDUMENTARIA;?;0;0;KG;0;0;61977,69;;;;;1;;1;;
4;04-MAYOR A STOCK MAXIMO;1015990;ZSCD;CAMISA JEAN T.56;U003;0372;CBA2CJ;V1;2;HB;3;5;0;0;0;0;C28;SEGURIDAD/ROPA/EPP;42426,69;;;ROPA;INDUMENTARIA;?;0;0;KG;0;0;81528,69;;;;;1;;1;;
3;03-MAYOR A PUNTO DE PEDIDO;1015991;ZSCD;CAMISA JEAN T.58;U003;0372;CBA4CJ;V1;2;HB;3;3;0;0;0;0;C28;SEGURIDAD/ROPA/EPP;42426,69;;;ROPA;INDUMENTARIA;?;0;0;KG;0;0;42426,69;;;;1;;;1;;
2;02-MENOR A PUNTO DE PEDIDO;1016281;ZSTO;KIT TUERCA/BULON 30 U P/SEGMENTO CORTE;U003;0372;;RE;1;HB;1;1;0;0;0;0;G05;AJUSTE;301044,84;KOMATSU HO;1783205000;DESGASTE;EXCAVADORA KOMATSU PC 240;7-PESADO;17,5;0;KG;10626;0;301044,84;;1;;;;;1;;
3;03-MAYOR A PUNTO DE PEDIDO;1016296;ZSTO;Tuerca de Portauñas izq/ der;U003;0372;;RE;1;HB;3;3;0;0;0;0;G05;AJUSTE;115380,93;CATERPILLA;2J5997;DESGASTE;CAT 950L;7-PESADO;0,241;0;KG;54,95;0;115380,93;;;;1;;;1;;
2;02-MENOR A PUNTO DE PEDIDO;1016434;ZSTO;Kit Correa y Tensores;U003;0372;;RE;1;HB;1;1;0;0;0;0;C29;FILTROS/RESPUESTOS;683207,81;VOLVO MAQU // // //;20002072 // 20712530+22275091 // 22696301+21479276+21919687 // 22696301+21479276+24201573;REPUESTOS;VOLVO FM460;8-VARIOS;5,6;0;KG;5124;0;683207,81;;1;;;;;1;;
3;03-MAYOR A PUNTO DE PEDIDO;1016443;ZSTO;Uña;U003;0372;;RE;3;HB;10;5;0;0;0;0;G04;UÑAS;1041685,8;KOMATSU HO // KOMATSU HO;KH20S // 20Y-70-B1960;DESGASTE;PC210;3-DESGASTE;4,5;0;KG;2315,25;0;1041685,8;;;;1;;;1;;
3;03-MAYOR A PUNTO DE PEDIDO;1016444;ZSTO;Traba de Uña;U003;0372;;RE;3;HB;10;8;0;0;0;0;G05;AJUSTE;430106,4;KOMATSU HO //;20Y70B1970 // KH20P;DESGASTE;PC210;7-PESADO;0,349;0;KG;66,5;0;430106,4;;;;1;;;1;;
2;02-MENOR A PUNTO DE PEDIDO;1016479;ZSCD;PROTECTOR SOLAR (CREMA) FACT 60 X 120ML;U003;0372;;V1;70;HB;110;68;0;0;0;0;C28;SEGURIDAD/ROPA/EPP;0;;;SEGURIDAD;INSUMO;?;0;0;KG;2185;0;1455537,28;;1;;;;;1;;
2;02-MENOR A PUNTO DE PEDIDO;1016480;ZSCD;PROTECTOR SOLAR DE LABIO x UN;U003;0372;;V1;70;HB;110;60;0;0;0;0;C28;SEGURIDAD/ROPA/EPP;0;;;SEGURIDAD;INSUMO;?;0;0;KG;2,185;0;275867,6;;1;;;;;1;;
3;03-MAYOR A PUNTO DE PEDIDO;1016909;ZSSD;CINTA METRICA X5MT;U003;0372;;V1;1;HB;2;2;0;0;0;0;C27;FERRETERIA MR01;0;;;FERRETERIA;INSUMOS;?;0;0;KG;0;0;11983,62;;;;1;;;1;;
4;04-MAYOR A STOCK MAXIMO;1016911;ZSSD;CINTA METRICA X20MT;U003;0372;;V1;1;HB;2;3;0;0;0;0;C27;FERRETERIA MR01;0;;;FERRETERIA;INSUMOS;?;0;0;KG;0;0;21163,8;;;;;1;;1;;
3;03-MAYOR A PUNTO DE PEDIDO;1016919;ZSSD;LUBRICANTE MULTIUSO WD-40 440CC;U003;0372;;V1;9;HB;17;11;0;0;0;0;C27;FERRETERIA MR01;0;;;FERRETERIA;ADHESIVOS/SELLADORES/LUBRICANT;?;0;0;KG;0;0;75855,23;;;;1;;;1;;
2;02-MENOR A PUNTO DE PEDIDO;1016922;ZSSD;CHOCLA 30MT;U003;0372;;V1;4;HB;6;4;0;0;0;0;C27;FERRETERIA MR01;0;;;FERRETERIA;FERRETERIA;?;0;0;KG;0;0;23046,66;;1;;;;;1;;
4;04-MAYOR A STOCK MAXIMO;1016933;ZSSD;MAZA MINERO 1KG;U003;0372;;V1;1;HB;1;2;0;0;0;0;C27;FERRETERIA MR01;0;;;FERRETERIA;HERRAMIENTA MANUAL;?;0;0;KG;0;0;18642,95;;;;;1;;1;;
4;04-MAYOR A STOCK MAXIMO;1016934;ZSSD;MAZA MINERO 2KG;U003;0372;;V1;1;HB;1;2;0;0;0;0;C27;FERRETERIA MR01;0;;;FERRETERIA;HERRAMIENTA MANUAL;?;0;0;KG;0;0;34137,65;;;;;1;;1;;
4;04-MAYOR A STOCK MAXIMO;1016936;ZSSD;TENAZA ARMADOR 1 2 CORTE;U003;0372;;RE;1;HB;1;2;0;0;0;0;C27;FERRETERIA MR01;0;;;FERRETERIA;HERRAMIENTAS;?;0;0;KG;0;0;36902,17;;;;;1;;1;;
4;04-MAYOR A STOCK MAXIMO;1016939;ZSSD;DESODORANTE LIQUIDO P PISO X5LT;U003;0372;;RE;1;HB;1;2;0;0;0;0;C17;INSUMOS A;0;;;LIMPIEZA;LIMPIEZA /SEGURIDAD;?;0;0;KG;0;0;0;;;;;1;;1;;
2;02-MENOR A PUNTO DE PEDIDO;1016948;ZSSD;AEROSOL DESINFECTANTE ANTIBACT 360ML;U003;0372;;V1;5;HB;10;4;0;0;0;0;C17;INSUMOS A;0;;;LIMPIEZA;LIMPIEZA /SEGURIDAD;?;0;0;KG;0;0;14872,72;;1;;;;;1;;
4;04-MAYOR A STOCK MAXIMO;1016950;ZSSD;ARRANCAMOTOR AEROSOL WURTH START-RAPID;U003;0372;;V1;11;HB;20;34;0;0;0;0;C27;FERRETERIA MR01;0;;;FERRETERIA;INSUMOS;?;0;0;KG;0;0;273000;;;;;1;;1;;
4;04-MAYOR A STOCK MAXIMO;1017003;ZSSD;BATERIA 9V;U003;0372;;V1;3;HB;5;9;0;0;0;0;C27;FERRETERIA MR01;0;;;FERRETERIA;BATERIAS;?;0;0;KG;0;0;65702,25;;;;;1;;1;;
2;02-MENOR A PUNTO DE PEDIDO;1017043;ZSSD;CABO MADERA PARA BARREDOR;U003;0372;;V1;2;HB;4;2;0;0;0;0;C17;INSUMOS A;0;;;LIMPIEZA;LIMPIEZA /SEGURIDAD;?;0;0;KG;0;0;0;;1;;;;;1;;
2;02-MENOR A PUNTO DE PEDIDO;1017046;ZSSD;CEPILLO VIOLIN P LAVAR COCHES;U003;0372;;V1;2;HB;5;1;0;0;0;0;C17;INSUMOS A;0;;;LIMPIEZA;?;?;0;0;KG;0;0;3304,96;;1;;;;;1;;
3;03-MAYOR A PUNTO DE PEDIDO;1017047;ZSSD;TRAPO REJILLA;U003;0372;;V1;6;HB;12;11;0;0;0;0;C17;INSUMOS A;0;;;LIMPIEZA;LIMPIEZA /SEGURIDAD;?;0;0;KG;0;0;16106,57;;;;1;;;1;;
2;02-MENOR A PUNTO DE PEDIDO;1017048;ZSSD;FRANELA;U003;0372;;V1;9;HB;17;7;0;0;0;0;C17;INSUMOS A;0;;;LIMPIEZA;LIMPIEZA /SEGURIDAD;?;0;0;KG;0;0;13878,48;;1;;;;;1;;
3;03-MAYOR A PUNTO DE PEDIDO;1017049;ZSSD;TRAPO DE PISO REFORZADO;U003;0372;;V1;4;HB;7;7;0;0;0;0;C17;INSUMOS A;0;;;LIMPIEZA;LIMPIEZA /SEGURIDAD;?;0;0;KG;0;0;11977,68;;;;1;;;1;;
4;04-MAYOR A STOCK MAXIMO;1017050;ZSSD;BOBINA PAPEL 25CM 400MT;U003;0372;;V1;5;HB;8;14;0;0;0;0;C17;INSUMOS A;0;;;LIMPIEZA;LIMPIEZA /SEGURIDAD;?;0;0;KG;0;0;231393,4;;;;;1;;1;;
4;04-MAYOR A STOCK MAXIMO;1017055;ZSSD;ZAPATILLA ELECTRICA 6 TOMAS C CABLE 3M;U003;0372;;RE;1;HB;1;3;0;0;0;0;C11;ELECTRICIDAD;0;;DE 4 TOMAS;ELECTRICIDAD;ACCESORIOS;?;0;0;KG;0;0;38883,27;;;;;1;;1;;
4;04-MAYOR A STOCK MAXIMO;1017063;ZSSD;ESCOBILLON TIPO BARRANDERO;U003;0372;;V1;2;HB;4;9;0;0;0;0;C17;INSUMOS A;0;;;LIMPIEZA;?;?;0;0;KG;0;0;0;;;;;1;;1;;
4;04-MAYOR A STOCK MAXIMO;1017064;ZSSD;SECADOR DE PISO 50CM;U003;0372;;V1;2;HB;4;7;0;0;0;0;C17;INSUMOS A;0;;;LIMPIEZA;LIMPIEZA /SEGURIDAD;?;0;0;KG;0;0;18754,57;;;;;1;;1;;
2;02-MENOR A PUNTO DE PEDIDO;1017236;ZSSD;"LUSTRAMUEBLES ""BLEM"" - ORIGINAL XUN";U003;0372;;V1;9;HB;15;6;0;0;0;0;C17;INSUMOS A;0;;;LIMPIEZA;LIMPIEZA /SEGURIDAD;?;0;0;KG;0;0;29210,74;;1;;;;;1;;
2;02-MENOR A PUNTO DE PEDIDO;1017792;ZSTO;CORREA DE ALTERNADOR;U003;0372;;V1;1;HB;2;1;0;0;0;0;C29;FILTROS/RESPUESTOS;90529,37;JOHN DEERE // JOHN DEERE;T321428 // T496608;CORREAS;CORREAS;8-VARIOS;321;0;KG;1785;0;90529,37;;1;;;;;1;;
4;04-MAYOR A STOCK MAXIMO;1017963;ZSTO;John Deere Hydrau™ Hydraulic System Oil3;U003;0372;;V1;1;HB;1;2;0;0;0;0;L01;ACEITES;273018,86;JOHN DEERE;TY27367 X 19LTS;LUBRICANTES;JD670G;8-VARIOS;17,5;0;KG;30175,4;0;273018,86;;;;;1;;1;;
3;03-MAYOR A PUNTO DE PEDIDO;1017975;ZSTO;LAMPARA HB4 12V 55W;U003;0372;;V1;7;HB;13;13;0;0;0;0;C29;FILTROS/RESPUESTOS;311842,96;;9006;REPUESTOS;TOYOTA HILUX CD SR 2.8 TDI 6 MT 4X4 // HILUX;9-FRAGIL;0,27;0;KG;94,2;0;311842,96;;;;1;;;1;;
2;02-MENOR A PUNTO DE PEDIDO;1021945;ZSTO;ACEITE Hydrau x 209 lts  ;U003;0372;;RE;1;HB;1;1;0;0;0;0;L01;ACEITES;1539928,48;JOHN DEERE;TY27368;LUBRICANTES;JOHN DEERE;2-TACHO;193;0;KG;232385,12;0;1539928,48;;1;;;;;1;;
2;02-MENOR A PUNTO DE PEDIDO;1022036;ZSTO;CORREA;U003;0372;;RE;1;HB;1;1;0;0;0;0;C29;FILTROS/RESPUESTOS;22855,24;ONAN;8PK-1430;REPUESTOS;ONAN C 150 D5 4;8-VARIOS;0;0;KG;1840;0;22855,24;;1;;;;;1;;
2;02-MENOR A PUNTO DE PEDIDO;1022053;ZSTO;CORREA ALTERNADOR;U003;0372;;V1;1;HB;1;1;0;0;0;0;C29;FILTROS/RESPUESTOS;0;KOMATSU HO;20Y-01-B4010;REPUESTOS;KOMATSU PC-220;8-VARIOS;0;0;KG;1089;0;56544,15;;1;;;;;1;;
2;02-MENOR A PUNTO DE PEDIDO;1022444;ZSTO;CORREA POLI V;U003;0372;;RE;1;HB;1;1;0;0;0;0;C03;EQUIPOS;89393,34;;20430614;CORREAS;?;?;0;0;KG;0;0;89393,34;;1;;;;;1;;
1;01-STOCK NULO;1022791;ZSTO;CORREA;U003;0372;;V1;1;HB;1;0;0;0;0;0;C03;EQUIPOS;0;;0511-0260;CORREAS;G. ELECT. ONAN C 110 D 5 - 4;?;0;0;KG;0;0;0;;;1;;;;1;;
4;04-MAYOR A STOCK MAXIMO;1022803;ZSTO;CORREA VENTILADOR - JD 310;U003;0372;;V1;1;HB;2;3;0;0;0;0;C03;EQUIPOS;302433,75;;T428848 / T227609;CORREAS;JD 310 L;8-VARIOS;0,307;0;KG;3000;0;302433,75;;;;;1;;1;;
2;02-MENOR A PUNTO DE PEDIDO;1022828;ZSTO;CORREA VENTILADOR MOTOR;U003;0372;;V1;1;HB;2;1;0;0;0;0;C03;EQUIPOS;0;;5718288;CORREAS;?;?;0;0;KG;0;0;223140,49;;1;;;;;1;;
3;03-MAYOR A PUNTO DE PEDIDO;1023623;ZSTO;ACEITE MOBIL SHC 629 BEARING-GEAR X20L;U003;0372;;V1;2;HB;3;3;0;0;0;0;C03;EQUIPOS;2926130,67;PARANA MAQ;MOBIL SHC 629 SYNTHETIC X20L;LUBRICANTES;ACEITES;?;0;0;KG;0;0;2926130,68;;;;1;;;1;;
3;03-MAYOR A PUNTO DE PEDIDO;1025947;ZSSD;ESCOBA DE PLASTICO;U003;0372;;RE;1;HB;3;2;0;0;0;0;C17;INSUMOS A;0;;;LIMPIEZA;LIMPIEZA /SEGURIDAD;?;0;0;KG;0;0;7105,78;;;;1;;;1;;
3;03-MAYOR A PUNTO DE PEDIDO;1026066;ZSTO;BULON DE RUEDA DELANTERO;U003;0372;;V1;13;HB;15;15;0;0;0;0;C29;FILTROS/RESPUESTOS;518526,45;;24075971 / 20515515;DESGASTE;JD850J;?;0;0;KG;0;0;518526,4;;;;1;;;1;;
3;03-MAYOR A PUNTO DE PEDIDO;1026078;ZSTO;LAMPARA 12V-H11 55W X UN;U003;0372;;V1;7;HB;13;12;0;0;0;0;C03;EQUIPOS;23987,92;;12V-H11 55W-PHILIPS-OSRAM;REPUESTOS;LAMPARAS;9-FRAGIL;0,015;0;KG;63,525;0;386169,74;;;;1;;;1;;
3;03-MAYOR A PUNTO DE PEDIDO;1026177;ZSTO;PULLEY SUB-ASSY (16603-0C013);U003;0372;;RE;1;HB;2;2;0;0;0;0;C03;EQUIPOS;145326,38;TOYOTA ARG;16603-0C013;REPUESTOS;TOYOTA HILUX;?;0;0;KG;3300;0;145326,37;;;;1;;;1;;
4;04-MAYOR A STOCK MAXIMO;1026179;ZSTO;TENSOR;U003;0372;;RE;1;HB;2;3;0;0;0;0;C03;EQUIPOS;710934,99;;16620-11010;REPUESTOS;TOYOTA HILUX;?;0;0;KG;3300;0;710934,99;;;;;1;;1;;
4;04-MAYOR A STOCK MAXIMO;1026185;ZSSD;GUANTE ANTICORTE GRADO 5 C/CERTIFICADO;U003;0372;CBD2CJ;V1;18;HB;30;42;0;0;0;0;C28;SEGURIDAD/ROPA/EPP;0;;MÚLT. 12U;SEGURIDAD;GUANTES;?;0;0;KG;650;0;174543,6;;;;;1;;1;;
3;03-MAYOR A PUNTO DE PEDIDO;1026186;ZSSD;MANGA ANTICORTE GRADO 5 C/CERTIFICADO;U003;0372;CBD3CJ;V1;18;HB;30;19;0;0;0;0;C28;SEGURIDAD/ROPA/EPP;0;;;SEGURIDAD;EPP;?;0;0;KG;650;0;610183,1;;;;1;;;1;;
1;01-STOCK NULO;1026261;ZSCD;HOJA CUTTER STANLEY 11-921a X 100 UN;U003;0372;;RE;1;HB;2;0;0;0;0;0;C17;INSUMOS A;0;;;FERRETERIA;INSUMOS;?;0;0;KG;0;0;0;;;1;;;;1;;
4;04-MAYOR A STOCK MAXIMO;1026342;ZSTO;FILTRO BOMBA DE COMBUSTIBLE;U003;0372;;V1;1;HB;2;5;0;0;0;0;F06;FILTRO COMBUSTIBLE;834144,4;TOYOTA ARG;23390-0E011;FILTROS;?;?;0;0;KG;2541;0;834144,4;;;;;1;;1;;
4;04-MAYOR A STOCK MAXIMO;1026944;ZSCD;FERRITE ROJO XKG;U003;0372;;RE;1;HB;1;3;0;0;0;0;C27;FERRETERIA MR01;0;;;FERRETERIA;FERRETERIA;?;0;0;KG;0;0;8683,11;;;;;1;;1;;
3;03-MAYOR A PUNTO DE PEDIDO;1027021;ZSTO;Aceite Caja de Engranaje 85W90 GL-5;U003;0372;;RE;1;HB;2;2;0;0;0;0;C29;FILTROS/RESPUESTOS;495070,3;VOLVO MAQU;BALDE DE 20LTS;LUBRICANTES;?;6-PESADO Y FRAGIL;0;0;KG;0;0;495070,28;;;;1;;;1;;
4;04-MAYOR A STOCK MAXIMO;1027150;ZSSD;CEPILLO BRONCE CON MANGO 3X19;U003;0372;;V1;6;HB;10;11;0;0;0;0;C27;FERRETERIA MR01;0;;;FERRETERIA;INSUMOS;?;0;0;KG;0;0;109957,98;;;;;1;;1;;
2;02-MENOR A PUNTO DE PEDIDO;1027449;ZSTO;CORREA MOTOR;U003;0372;;RE;1;HB;1;1;0;0;0;0;C03;EQUIPOS;0;GOMA 2000 //;8PK1939 // 8PK1940;CORREAS;CAMIONES;?;0;0;KG;0;0;0;;1;;;;;1;;
4;04-MAYOR A STOCK MAXIMO;1027621;ZSTO;HOJA DE GANCHO REGULAR STANLEY xUN;U003;0372;;V1;100;HB;250;510;0;0;0;0;C17;INSUMOS A;859038,9;;11-961 (MÚLT. 100U) // 11-961A;FERRETERIA;INSUMOS;?;0;0;KG;0;0;859038,9;;;;;1;;1;;
2;02-MENOR A PUNTO DE PEDIDO;1027673;ZSTO;KIT CORREA Y TENSOR VM;U003;0372;;RE;1;HB;1;1;0;0;0;0;C03;EQUIPOS;450067,53;VOLVO TRUC;20002070 (20430614+21549016+21574656);CORREAS;?;?;0;0;KG;0;0;450067,53;;1;;;;;1;;
3;03-MAYOR A PUNTO DE PEDIDO;1027860;ZSTO;LAMP ASS'Y;U003;0372;;RE;1;HB;2;2;0;0;0;0;C03;EQUIPOS;1027746,06;;20Y-06-43230;REPUESTOS;?;?;0;0;KG;0;0;1027746,07;;;;1;;;1;;
2;02-MENOR A PUNTO DE PEDIDO;1029132;ZSTO;Filtro Aceite Motor;U003;0372;;V1;2;HB;2;2;0;0;0;0;C29;FILTROS/RESPUESTOS;28733,13;;2992242;FILTROS;MOTOBOMBA ANTONIK FC80/2;8-VARIOS;0;0;KG;2541;0;57658,74;;1;;;;;1;;
2;02-MENOR A PUNTO DE PEDIDO;1029264;ZSTO;CORREA;U003;0372;;V1;1;HB;2;1;0;0;0;0;C03;EQUIPOS;236448,45;;4995243;CORREAS;?;?;0;0;KG;0;0;236448,45;;1;;;;;1;;
4;04-MAYOR A STOCK MAXIMO;1029477;ZSTO;CORREA 8PK-1420;U003;0372;;V1;3;HB;5;6;0;0;0;0;C03;EQUIPOS;0;;8PK-1420;CORREAS;?;?;0;0;KG;0;0;177851,2;;;;;1;;1;;
4;04-MAYOR A STOCK MAXIMO;1029933;ZSTO;CORREA MOTOR;U003;0372;;V1;1;HB;2;4;0;0;0;0;C03;EQUIPOS;0;;8PK-1837;REPUESTOS;CORREAS;?;0;0;KG;1905,75;0;196528,92;;;;;1;;1;;
2;02-MENOR A PUNTO DE PEDIDO;1030003;ZSTO;CORREA A/C;U003;0372;;V1;1;HB;1;1;0;0;0;0;C03;EQUIPOS;80976,44;;04120-21747;CORREAS;EXCAVADORA KOMATSU PC 240;?;0;0;KG;0;0;80976,44;;1;;;;;1;;
2;02-MENOR A PUNTO DE PEDIDO;1030089;ZSTO;CORREA 8PK939;U003;0372;;RE;1;HB;1;1;0;0;0;0;C03;EQUIPOS;0;;8PK1939;CORREAS;?;?;0;0;KG;0;0;76033,06;;1;;;;;1;;
2;02-MENOR A PUNTO DE PEDIDO;1033986;ZSCD;DISCO LIJA GRANO 60 DE 4 1/2 - DOBLE A;U003;0372;;V1;41;HB;83;28;0;0;0;0;C27;FERRETERIA MR01;0;;"C&#24;176GRADO36";FERRETERIA;INSUMOS;?;0,05;0;KG;2,543;0;82545,68;;1;;;;;1;;
4;04-MAYOR A STOCK MAXIMO;1033987;ZSCD;DISCO LIJA GRANO 80 DE 4 1/2 - DOBLE A;U003;0372;;V1;41;HB;83;368;0;0;0;0;C27;FERRETERIA MR01;0;;"C&#24;176GRADO36";FERRETERIA;INSUMOS;?;0,05;0;KG;2,543;0;906015,12;;;;;1;;1;;
2;02-MENOR A PUNTO DE PEDIDO;1034220;ZSTO;JUNTA LATERAL MOTOR 6 CILINDROS;U003;0372;;V1;3;HB;4;1;0;0;0;0;C03;EQUIPOS;122873,25;;3284623;REPUESTOS;CUMMINS 4;?;0;0;KG;0;0;122873,25;;1;;;;;1;;
3;03-MAYOR A PUNTO DE PEDIDO;1034628;ZSTO;JUNTA DE BALANCINES;U003;0372;;V1;2;HB;4;4;0;0;0;0;C29;FILTROS/RESPUESTOS;513139,2;;3027433 // 119718-11310;REPUESTOS;HIMOINSA LTA 8 V LED;8-VARIOS;0;0;KG;0;0;513139,2;;;;1;;;1;;
2;02-MENOR A PUNTO DE PEDIDO;1042016;ZSCD;CAMPERA ABRIGO ROJA T.S;U003;0372;CBC5CJ;V1;4;HB;6;3;0;0;0;0;C28;SEGURIDAD/ROPA/EPP;0;;;ROPA;INDUMENTARIA;?;0;0;KG;0;0;196500;;1;;;;;1;;
2;02-MENOR A PUNTO DE PEDIDO;1042017;ZSCD;CAMPERA ABRIGO ROJA T.M;U003;0372;CBA2CJ;V1;4;HB;6;4;0;0;0;0;C28;SEGURIDAD/ROPA/EPP;0;;;ROPA;INDUMENTARIA;?;0,926;0;KG;12000;0;271164,48;;1;;;;;1;;
4;04-MAYOR A STOCK MAXIMO;1042019;ZSCD;CAMPERA ABRIGO ROJA T.XL;U003;0372;CBA1CJ;V1;8;HB;10;11;0;0;0;0;C28;SEGURIDAD/ROPA/EPP;0;;;ROPA;INDUMENTARIA;?;0,926;0;KG;12000;0;745702,32;;;;;1;;1;;
2;02-MENOR A PUNTO DE PEDIDO;1042020;ZSCD;CAMPERA ABRIGO ROJA T.XXL;U003;0372;CBD3CJ;V1;4;HB;8;4;0;0;0;0;C28;SEGURIDAD/ROPA/EPP;0;;;ROPA;INDUMENTARIA;?;0,926;0;KG;12000;0;268000;;1;;;;;1;;
4;04-MAYOR A STOCK MAXIMO;1042122;ZSCD;CAMISA JEAN T.38;U003;0372;;V1;6;HB;8;15;0;0;0;0;C28;SEGURIDAD/ROPA/EPP;0;;;INDUMENTARIA;INDUMENTARIA;?;0;0;KG;0;0;256679,51;;;;;1;;1;;
4;04-MAYOR A STOCK MAXIMO;1042129;ZSCD;CAMISA JEAN T.40;U003;0372;;V1;6;HB;8;15;0;0;0;0;C28;SEGURIDAD/ROPA/EPP;0;;;INDUMENTARIA;INDUMENTARIA;?;0;0;KG;0;0;255000;;;;;1;;1;;
4;04-MAYOR A STOCK MAXIMO;1042132;ZSCD;CAMISA JEAN T.46;U003;0372;;V1;8;HB;12;29;0;0;0;0;C28;SEGURIDAD/ROPA/EPP;0;;;INDUMENTARIA;INDUMENTARIA;?;0;0;KG;0;0;493000;;;;;1;;1;;
2;02-MENOR A PUNTO DE PEDIDO;1043413;ZSTO;FILTRO DE ACEITE DE MOTOR;U003;0372;;V1;2;HB;2;1;0;0;0;0;C03;EQUIPOS;48037,5;;A 651 180 01 09;REPUESTOS;MERCEDES BENZ;?;0;0;KG;0;0;48037,5;;1;;;;;1;;
2;02-MENOR A PUNTO DE PEDIDO;1043414;ZSTO;FILTRO DE COMBUSTIBLE;U003;0372;;V1;2;HB;2;1;0;0;0;0;C03;EQUIPOS;92523,54;;A 651 090 30 52;REPUESTOS;MERCEDES BENZ;?;0;0;KG;0;0;92523,54;;1;;;;;1;;
2;02-MENOR A PUNTO DE PEDIDO;1043415;ZSTO;FILTRO DE AIRE;U003;0372;;V1;2;HB;2;1;0;0;0;0;C03;EQUIPOS;24678,43;;A 009 037 52 00;REPUESTOS;MERCEDES BENZ;?;0;0;KG;0;0;24678,42;;1;;;;;1;;
2;02-MENOR A PUNTO DE PEDIDO;1043416;ZSTO;FILTRO DE HABITACULO;U003;0372;;V1;2;HB;2;1;0;0;0;0;C03;EQUIPOS;35699,84;;A 906 830 02 18;REPUESTOS;MERCEDES BENZ;?;0;0;KG;0;0;35699,83;;1;;;;;1;;
3;03-MAYOR A PUNTO DE PEDIDO;1043432;ZSTO;RESISTENCIA PARA CUÑA;U003;0372;;RE;2;HB;4;4;0;0;0;0;CGT;GC Geotextiles;0;;146.868;REPUESTOS;?;?;0;0;KG;0;0;1190020;;;;1;;;1;;
2;02-MENOR A PUNTO DE PEDIDO;1043433;ZSTO;RODILLO PRESION CUÑA;U003;0372;;RE;4;HB;6;3;0;0;0;0;CGT;GC Geotextiles;0;;153.338;REPUESTOS;?;?;0;0;KG;0;0;1273923,3;;1;;;;;1;;
2;02-MENOR A PUNTO DE PEDIDO;1043520;ZSTO;FILTRO AIRE PRIMARIO;U003;0372;;V1;2;HB;2;2;0;0;0;0;C03;EQUIPOS;139044,4;;5801640991;REPUESTOS;FILTROS;?;0;0;KG;0;0;222515,47;;1;;;;;1;;
2;02-MENOR A PUNTO DE PEDIDO;1043521;ZSTO;FILTRO AIRE SECUNDARIO;U003;0372;;V1;2;HB;2;2;0;0;0;0;C03;EQUIPOS;53304,81;;503106176;REPUESTOS;FILTROS;?;0;0;KG;0;0;88015,55;;1;;;;;1;;
2;02-MENOR A PUNTO DE PEDIDO;1043522;ZSTO;FILTRO DE COMBUSTIBLE;U003;0372;;V1;2;HB;2;2;0;0;0;0;C03;EQUIPOS;29941,97;;2992241;REPUESTOS;FILTROS;?;0;0;KG;0;0;57214,69;;1;;;;;1;;
4;04-MAYOR A STOCK MAXIMO;1043523;ZSTO;FILTRO CABINA A/A;U003;0372;;V1;1;HB;2;4;0;0;0;0;C03;EQUIPOS;224844,4;;504119162;REPUESTOS;FILTROS;?;0;0;KG;0;0;224844,4;;;;;1;;1;;
4;04-MAYOR A STOCK MAXIMO;1043524;ZSTO;CORREA POLI V;U003;0372;;V1;1;HB;1;3;0;0;0;0;C03;EQUIPOS;0;;5801378010;REPUESTOS;CORREAS;?;0;0;KG;0;0;322314,03;;;;;1;;1;;
4;04-MAYOR A STOCK MAXIMO;1044466;ZSTO;CORREA POLI V SUPERIOR;U003;0372;;V1;1;HB;1;3;0;0;0;0;C03;EQUIPOS;0;;002 993 32 96 (6PK 2210);REPUESTOS;MERCEDES BENZ;?;0;0;KG;0;0;101652,87;;;;;1;;1;;
4;04-MAYOR A STOCK MAXIMO;1044467;ZSTO;CORREA SEGUNDO COMPRESOR;U003;0372;;V1;1;HB;1;3;0;0;0;0;C03;EQUIPOS;0;;6PK 1125EE;REPUESTOS;MERCEDES BENZ;?;0;0;KG;0;0;162644,61;;;;;1;;1;;
4;04-MAYOR A STOCK MAXIMO;1046209;ZSCD;BOCINA DE AIRE MANUAL;U003;0372;;V1;2;HB;3;4;0;0;0;0;C27;FERRETERIA MR01;0;;;FERRETERIA;INSUMOS;?;0;0;KG;0;0;167148;;;;;1;;1;;
3;03-MAYOR A PUNTO DE PEDIDO;1046210;ZSCD;BIG BAG;U003;0372;;V1;21;HB;42;36;0;0;0;0;C22;INSUMOS C;0;;;ARENA;INSUMOS;?;0;0;KG;0;0;643354,56;;;;1;;;1;;
3;03-MAYOR A PUNTO DE PEDIDO;1046211;ZSCD;CARTUCHO GAS BUTANO 227GR.;U003;0372;;V1;12;HB;25;17;0;0;0;0;C27;FERRETERIA MR01;0;;;FERRETERIA;INSUMOS;?;0;0;KG;0;0;58623,3;;;;1;;;1;;
4;04-MAYOR A STOCK MAXIMO;1048093;ZSTO;CADENA DE RODILLO COMPLETA;U003;0372;;RE;1;HB;2;3;0;0;0;0;CGT;GC Geotextiles;131600;;114.885;REPUESTOS;?;?;0;0;KG;0;0;401643,2;;;;;1;;1;;
4;04-MAYOR A STOCK MAXIMO;1048096;ZSTO;RODILLO ACERO 50MM BORDE ROMO;U003;0372;;RE;2;HB;6;8;0;0;0;0;CGT;GC Geotextiles;0;;153.359;REPUESTOS;?;?;0;0;KG;0;0;3301935,01;;;;;1;;1;;
2;02-MENOR A PUNTO DE PEDIDO;1048099;ZSTO;EJE TRANSMISION COMPLETA;U003;0372;;RE;1;HB;4;1;0;0;0;0;CGT;GC Geotextiles;0;;146.595;REPUESTOS;?;?;0;0;KG;0;0;367965;;1;;;;;1;;
1;01-STOCK NULO;1048105;ZSTO;CADENA COMPLETA;U003;0372;;RE;1;HB;4;0;0;0;0;0;CGT;GC Geotextiles;0;;147.319;REPUESTOS;?;?;0;0;KG;0;0;0;;;1;;;;1;;
1;01-STOCK NULO;1048106;ZSTO;RUEDA DENTADA Z10;U003;0372;;RE;1;HB;4;0;0;0;0;0;CGT;GC Geotextiles;0;;146.531;REPUESTOS;?;?;0;0;KG;0;0;0;;;1;;;;1;;
3;03-MAYOR A PUNTO DE PEDIDO;1048110;ZSTO;KIT CUÑA GEOSTAR 7;U003;0372;;RE;1;HB;2;2;0;0;0;0;CGT;GC Geotextiles;0;;148.489;REPUESTOS;?;?;0;0;KG;0;0;3279848;;;;1;;;1;;
2;02-MENOR A PUNTO DE PEDIDO;1048112;ZSTO;TERMOCUPLA  Ø3X40;U003;0372;;RE;1;HB;3;1;0;0;0;0;CGT;GC Geotextiles;0;;149.133;REPUESTOS;?;?;0;0;KG;0;0;267605;;1;;;;;1;;
2;02-MENOR A PUNTO DE PEDIDO;1048116;ZSTO;EJE PARA CUÑA;U003;0372;;RE;1;HB;1;1;0;0;0;0;CGT;GC Geotextiles;0;;146.648;REPUESTOS;?;?;0;0;KG;0;0;168187,5;;1;;;;;1;;
3;03-MAYOR A PUNTO DE PEDIDO;1048244;ZSTO;RUEDA CADENA Z20 - LEISTER;U003;0372;;RE;2;HB;4;3;0;0;0;0;CGT;GC Geotextiles;0;;148.615;REPUESTOS;?;?;0;0;KG;0;0;609180;;;;1;;;1;;
3;03-MAYOR A PUNTO DE PEDIDO;1048245;ZSTO;RUEDA CADENA Z14 - LEISTER;U003;0372;;RE;2;HB;4;3;0;0;0;0;CGT;GC Geotextiles;0;;146.518;REPUESTOS;?;?;0;0;KG;0;0;609180;;;;1;;;1;;
3;03-MAYOR A PUNTO DE PEDIDO;1048252;ZSTO;RODILLO GUIA - LEISTER;U003;0372;;RE;2;HB;4;3;0;0;0;0;CGT;GC Geotextiles;0;;146.586;REPUESTOS;?;?;0;0;KG;0;0;121095;;;;1;;;1;;
3;03-MAYOR A PUNTO DE PEDIDO;1000006;ZSTO;CARTUCHO DE AIRE FILTRO;MR01;0374;AE05;V1;2;HB;4;4;0;0;0;0;F01;CARTUCHO;114388,92;SCANIA ARG;1869992;FILTROS;CAMION TRACTOR SCANIA G410;6-PESADO Y FRAGIL;3,63;0;KG;59895;25;114388,92;;;;1;;;1;;
3;03-MAYOR A PUNTO DE PEDIDO;1000009;ZSTO;FILTRO A A CABINA INTERIOR;MR01;0374;AE04;V1;1;HB;2;2;0;0;0;0;F10;FILTRO HVAC;34179,34;NEW HOLLAN;84577445;FILTROS;FARMALL A-120;9-FRAGIL;0,15;0;KG;1408;15;34179,33;;;;1;;;1;;
3;03-MAYOR A PUNTO DE PEDIDO;1000014;ZSTO;FILTRO AIRE SECUNDARIO;MR01;0374;AE05;V1;2;HB;4;4;0;0;0;0;F04;FILTRO AIRE;180722,52;SCANIA ARG;1421021;FILTROS;SCANIA;8-VARIOS;3,58;0;KG;56320;15;180722,5;;;;1;;;1;;
3;03-MAYOR A PUNTO DE PEDIDO;1000024;ZSTO;FILTRO DE RESPIRADERO DE DEP HIDRAULICO;MR01;0374;AE04;V1;1;HB;3;3;0;0;0;0;F04;FILTRO AIRE;56747,34;;5824046 // 5824058;FILTROS;BOMAG BW100 AD-11;8-VARIOS;0,28;0;KG;1144;15;56747,34;;;;1;;;1;;
3;03-MAYOR A PUNTO DE PEDIDO;1000027;ZSTO;FILTRO DEL TREN TRANSMISOR DE POTENCIA;MR01;0374;AE04;V1;1;HB;3;2;0;0;0;0;F03;FILTRO ACEITE;214387,06;KOMATSU HO;14X4961410;FILTROS;KOM D 65 EX 16;7-PESADO;1,97;0;KG;3570,75;15;214387,06;;;;1;;;1;;
3;03-MAYOR A PUNTO DE PEDIDO;1000029;ZSTO;FILTRO HIDRAULICO DE ALTA PRESION;MR01;0374;AE04;V1;1;HB;3;3;0;0;0;0;F07;FILTRO FLUIDO HIDR;783832,92;BOMAG GMBH // HIFI FILTE;5822004 // HD 081-111;FILTROS;BOMAG BW100 AD-13;8-VARIOS;1,16;0;KG;1144;15;783832,92;;;;1;;;1;;
3;03-MAYOR A PUNTO DE PEDIDO;1000030;ZSTO;FILTRO HIDRAULICO;MR01;0374;AE04;V1;1;HB;2;2;0;0;0;0;F07;FILTRO FLUIDO HIDR;13674,68;PALFINGER //;EA1412 // MSA02 KIT;FILTROS;PKB15500;8-VARIOS;0,23;0;KG;640;25;13674,69;;;;1;;;1;;
4;04-MAYOR A STOCK MAXIMO;1000031;ZSTO;FILTRO HIDRAULICO;MR01;0374;AE04;V1;1;HB;2;3;0;0;0;0;F07;FILTRO FLUIDO HIDR;305453,76;BOBCAT // BOBCAT // HIFI FILTE;7024037 // RPBO7414581 // SH 66288;FILTROS;S530;8-VARIOS;0,55;0;KG;1200;15;305453,76;;;;;1;;1;;
3;03-MAYOR A PUNTO DE PEDIDO;1000034;ZSTO;FILTRO TRAMPA DE AGUA;MR01;0374;AB02CAJA2;V1;1;HB;3;2;0;0;0;0;F13;FILTRO TRAMPA DE A;29416,44;DIECI //;BHC5142 // DB0695;FILTROS;DIECHI SAMSON 75.10;8-VARIOS;0,205;0;KG;972;15;29416,44;;;;1;;;1;;
3;03-MAYOR A PUNTO DE PEDIDO;1000041;ZSTO;BOTIQUIN 1ROS. AUXILIOS N 10;MR01;0374;MJ05;V1;3;HB;6;6;0;0;0;0;C28;SEGURIDAD/ROPA/EPP;297780,18;;;SEGURIDAD;BOTIQUIN;7-PESADO;3,128;0;KG;9855;21;297780,17;;;;1;;;1;;
2;02-MENOR A PUNTO DE PEDIDO;1000042;ZSTO;BOTIQUIN 1ROS. AUXILIOS N 6;MR01;0374;MJ05;V1;5;HB;10;2;0;0;0;0;C28;SEGURIDAD/ROPA/EPP;35736,1;;;SEGURIDAD;BOTIQUIN;8-VARIOS;0,803;0;KG;3300;21;35736,1;;1;;;;;1;;
2;02-MENOR A PUNTO DE PEDIDO;1000043;ZSTO;BOTIQUIN 1ROS. AUXILIOS N 2;MR01;0374;MJ05;V1;5;HB;10;4;0;0;0;0;C28;SEGURIDAD/ROPA/EPP;28785,64;;;SEGURIDAD;BOTIQUIN;8-VARIOS;0,267;0;KG;972;21;28785,63;;1;;;;;1;;
3;03-MAYOR A PUNTO DE PEDIDO;1001672;ZSTO;ALAMBRE 4.06MM NEGRO RECOCIDO XKG;MR01;0374;EA01;V1;300;HB;600;321;0;0;0;0;C08;ACERO;0;;MÚLT. 45/50 KG;ACEROS;ALAMBRES;1-ALAMBRE;1;0;KG;747,477;15;690356,23;;;;1;;;1;;
4;04-MAYOR A STOCK MAXIMO;1001673;ZSTO;ALAMBRE 1.42MM NEGRO RECOCIDO P ATAR XKG;MR01;0374;EA01;V1;1000;HB;2000;2055;0;0;0;0;C08;ACERO;0;;MÚLT. 45/50 KG;ACEROS;ALAMBRES;1-ALAMBRE;1;0;KG;747,477;20;4836082,88;;;;;1;;1;;
3;03-MAYOR A PUNTO DE PEDIDO;1001674;ZSTO;CLAVOS P.PARIS 1 XKG;MR01;0374;EB01PALLET;V1;30;HB;60;32;0;0;0;0;C08;ACERO;5669,12;;MÚLT. 30 KG;ACEROS;CLAVOS;7-PESADO;1;0;KG;1080;20;5669,01;;;;1;;;1;;
3;03-MAYOR A PUNTO DE PEDIDO;1001675;ZSTO;CLAVOS P.PARIS 2 XKG;MR01;0374;EB01PALLET;V1;50;HB;100;70;0;0;0;0;C08;ACERO;164915,1;;MÚLT. 30 KG;ACEROS;CLAVOS;7-PESADO;1;0;KG;1080;15;164915,04;;;;1;;;1;;
3;03-MAYOR A PUNTO DE PEDIDO;1001676;ZSTO;CLAVOS P.PARIS 2 1 2 XKG;MR01;0374;EB01PALLET;V1;200;HB;250;250;0;0;0;0;C08;ACERO;692402,5;;MÚLT. 30 KG;ACEROS;CLAVOS;7-PESADO;1;0;KG;1080;15;692402,98;;;;1;;;1;;
3;03-MAYOR A PUNTO DE PEDIDO;1001677;ZSTO;CLAVOS P.PARIS 3 XKG;MR01;0374;EC01PALLET;V1;40;HB;80;50;0;0;0;0;C08;ACERO;117010,5;;MÚLT. 30 KG;ACEROS;CLAVOS;7-PESADO;1;0;KG;1080;15;117010,57;;;;1;;;1;;
2;02-MENOR A PUNTO DE PEDIDO;1001678;ZSTO;FICHA T.STECK HEMBRA 220V 16A 2P T X UN;MR01;0374;MB02;V1;7;HB;15;1;0;0;0;0;C11;ELECTRICIDAD;7762,51;;;ELECTRICIDAD;FICHAS;8-VARIOS;0,12;0;KG;308,701;21;7762,51;;1;;;;;1;;
2;02-MENOR A PUNTO DE PEDIDO;1001679;ZSTO;FICHA T.STECK MACHO 220V 16A 2P T XUN;MR01;0374;MB02;V1;15;HB;30;3;0;0;0;0;C11;ELECTRICIDAD;16363,71;;;ELECTRICIDAD;FICHAS;8-VARIOS;0,09;0;KG;206,651;21;16363,71;;1;;;;;1;;
4;04-MAYOR A STOCK MAXIMO;1001680;ZSTO;FICHA T.STECK HEMBRA 380V 32A T N XUN;MR01;0374;MB02;V1;5;HB;10;17;0;0;0;0;C11;ELECTRICIDAD;106271,08;;;ELECTRICIDAD;FICHAS;8-VARIOS;0,28;0;KG;576,975;15;106271,07;;;;;1;;1;;
3;03-MAYOR A PUNTO DE PEDIDO;1001681;ZSTO;FICHA T.STECK MACHO 380V 32A T N XUN;MR01;0374;MB02;V1;6;HB;10;10;0;0;0;0;C11;ELECTRICIDAD;70720,1;;;ELECTRICIDAD;FICHAS;8-VARIOS;0,22;0;KG;423,9;15;70720,06;;;;1;;;1;;
4;04-MAYOR A STOCK MAXIMO;1001682;ZSTO;MAMEL. 1°CAL. DESC. LAMIN.BLANCO 60GR.XL;MR01;0374;AE01;V1;200;HB;400;528;0;0;0;0;C28;SEGURIDAD/ROPA/EPP;4554126,72;;FABRICANTE:DUPONT | MODELO:TYVEK 500;SEGURIDAD;INDUMENTARIA;8-VARIOS;0,195;0;KG;2232;21;4554127,48;;;;;1;;1;;
3;03-MAYOR A PUNTO DE PEDIDO;1001683;ZSTO;RESPIRADOR PARA POLVOSTIPON95CAJAX20UN;MR01;0374;MA03;V1;4;HB;8;5;0;0;0;0;C28;SEGURIDAD/ROPA/EPP;27836,9;;;SEGURIDAD;ACCESORIO SEGURIDAD;9-FRAGIL;0,076;0;KG;1270,75;15;27836,91;;;;1;;;1;;
3;03-MAYOR A PUNTO DE PEDIDO;1001684;ZSTO;DELANTALDESCARNE0.60X1.20CONREFUERZO;MR01;0374;MA02;V1;6;HB;12;12;0;0;0;0;C28;SEGURIDAD/ROPA/EPP;267685,92;;;SEGURIDAD;INDUMENTARIA;8-VARIOS;1,079;0;KG;3744;21;267685,93;;;;1;;;1;;
2;02-MENOR A PUNTO DE PEDIDO;1001686;ZSTO;ANTEOJO GRIS;MR01;0374;MA03;V1;700;HB;1000;32;0;0;0;0;C28;SEGURIDAD/ROPA/EPP;42080,96;LIBUS // 3M // MSA // STEELPRO;ECOLINEHC (MÚLT. 10U) // SECUREFIT SF202AF GRIS // MSA PERSPECTA SMOKE // STEELPRO SPY SMOKE;SEGURIDAD;ACCESORIO SEGURIDAD;9-FRAGIL;0,024;0;KG;252;21;42080,9;;1;;;;;1;;
3;03-MAYOR A PUNTO DE PEDIDO;1001687;ZSTO;ANTEOJO INCOLORO;MR01;0374;MA03;V1;500;HB;800;790;0;0;0;0;C28;SEGURIDAD/ROPA/EPP;923075,5;LIBUS // 3M // MSA // STEELPRO;ECOLINEHC (MÚLT. 10U) // SECUREFIT SF201AF CLEAR // MSA PERSPECTA CLEAR // STEELPRO SPY CLEAR;SEGURIDAD;ACCESORIO SEGURIDAD;9-FRAGIL;0,023;0;KG;252;21;923073,9;;;;1;;;1;;
3;03-MAYOR A PUNTO DE PEDIDO;1001688;ZSTO;TAPON AUDITIVO FOAM CON CORDON;MR01;0374;MA03;V1;50;HB;100;100;0;0;0;0;C28;SEGURIDAD/ROPA/EPP;52998;LIBUS;FOAM;SEGURIDAD;ACCESORIO SEGURIDAD;9-FRAGIL;0,003;0;KG;63,75;21;52998,18;;;;1;;;1;;
3;03-MAYOR A PUNTO DE PEDIDO;1001692;ZSTO;MENTONERA PARA CASCO;MR01;0374;;V1;20;HB;40;29;0;0;0;0;C28;SEGURIDAD/ROPA/EPP;140199,92;MSA;VGARD;SEGURIDAD;ACCESORIO SEGURIDAD;8-VARIOS;0,025;0;KG;112,5;21;140199,88;;;;1;;;1;;
4;04-MAYOR A STOCK MAXIMO;1001693;ZSTO;MENTONERA BANDA ELASTICA;MR01;0374;MA03;V1;25;HB;50;205;0;0;0;0;C28;SEGURIDAD/ROPA/EPP;523926,7;LIBUS // 3M // MSA // STEELPRO;902003 // BARBIQUEJO H-700 4PUNTOS // CHINSTRAP V-GARD // BARBIQUEJO STEELPRO 4PTO;SEGURIDAD;ACCESORIO SEGURIDAD;8-VARIOS;0,01;0;KG;52,5;15;523926,12;;;;;1;;1;;
3;03-MAYOR A PUNTO DE PEDIDO;1001695;ZSTO;MANGA DESCARNE;MR01;0374;MA02;V1;6;HB;12;12;0;0;0;0;C28;SEGURIDAD/ROPA/EPP;80588,76;;;SEGURIDAD;INDUMENTARIA;8-VARIOS;0;0;KG;0;21;80588,8;;;;1;;;1;;
3;03-MAYOR A PUNTO DE PEDIDO;1001696;ZSTO;POLAINA DESCARNE;MR01;0374;MA02;V1;6;HB;12;9;0;0;0;0;C28;SEGURIDAD/ROPA/EPP;59962,59;;;SEGURIDAD;INDUMENTARIA;8-VARIOS;0,302;0;KG;2962,5;21;59962,62;;;;1;;;1;;
2;02-MENOR A PUNTO DE PEDIDO;1001697;ZSTO;GUANTE VAQUETA MEDIO PASEO T.10;MR01;0374;DC02CAJON;V1;700;HB;1000;660;0;0;0;0;C28;SEGURIDAD/ROPA/EPP;1558121,4;;MÚLT. 12U;SEGURIDAD;GUANTE;8-VARIOS;0,122;0;KG;650;21;1558122,56;;1;;;;;1;;
2;02-MENOR A PUNTO DE PEDIDO;1001699;ZSTO;CASCO CARCAZA BLANCO;MR01;0374;CA03;V1;15;HB;30;9;0;0;0;0;C28;SEGURIDAD/ROPA/EPP;6625,82;LIBUS // 3M // MSA // STEELPRO;MILENIUM // H-700 BLANCO // V-GARD BLANCO // STEELPRO SAFETY BLANCO;SEGURIDAD;ACCESORIO SEGURIDAD;8-VARIOS;0,285;0;KG;8700;21;29816,15;;1;;;;;1;;
4;04-MAYOR A STOCK MAXIMO;1001700;ZSTO;CASCO CARCAZA AMARILLO;MR01;0374;CA03;V1;40;HB;70;76;0;0;0;0;C28;SEGURIDAD/ROPA/EPP;223969,72;LIBUS // 3M // MSA // STEELPRO;MILENIUM // H-700 AMARILLO // V-GARD AMARILLO // STEELPRO SAFETY AMARILLO;SEGURIDAD;ACCESORIO SEGURIDAD;8-VARIOS;0,285;0;KG;9900;21;223970;;;;;1;;1;;
3;03-MAYOR A PUNTO DE PEDIDO;1001704;ZSTO;PROTECTORFACIALSOPORTEARNESCREMALLERA;MR01;0374;MH05;V1;5;HB;10;8;0;0;0;0;C28;SEGURIDAD/ROPA/EPP;59905,44;LIBUS;901383;SEGURIDAD;ACCESORIO SEGURIDAD;8-VARIOS;0,155;0;KG;6864;15;59905,41;;;;1;;;1;;
2;02-MENOR A PUNTO DE PEDIDO;1001705;ZSTO;GUANTE PVC ROJO 40CM;MR01;0374;MB03;V1;3;HB;6;3;0;0;0;0;C28;SEGURIDAD/ROPA/EPP;2836,8;GUPLASTEX;;SEGURIDAD;GUANTE;8-VARIOS;0,302;0;KG;1968;15;2836,8;;1;;;;;1;;
2;02-MENOR A PUNTO DE PEDIDO;1001707;ZSTO;CHALECOGRAFANARANJACONREFLETIVOT.XLC2;MR01;0374;AD01;V1;30;HB;60;11;0;0;0;0;C28;SEGURIDAD/ROPA/EPP;166235,19;;MÚLT. 12U;SEGURIDAD;INDUMENTARIA;8-VARIOS;0,302;0;KG;608;30;166235,21;;1;;;;;1;;
2;02-MENOR A PUNTO DE PEDIDO;1001708;ZSTO;GUANTE POLIAMIDA LAMINADO PALMAPU-TALLE9;MR01;0374;MA03;V1;700;HB;1000;267;0;0;0;0;C28;SEGURIDAD/ROPA/EPP;164447,97;;MÚLT. 12U;SEGURIDAD;GUANTE;8-VARIOS;0,028;0;KG;500;21;164446,75;;1;;;;;1;;
3;03-MAYOR A PUNTO DE PEDIDO;1001709;ZSTO;CINTA PELIGRO 200 MT ROJA BLANCA NYLON;MR01;0374;MI06;V1;15;HB;20;16;0;0;0;0;C28;SEGURIDAD/ROPA/EPP;24432,96;;;SEGURIDAD;SEÑALIZACION;8-VARIOS;0,31;0;KG;807,373;30;24432,96;;;;1;;;1;;
3;03-MAYOR A PUNTO DE PEDIDO;1001710;ZSTO;CINTA DEMARCAR PELIGRO ECOLOGICA;MR01;0374;FA02PALLET;V1;20;HB;40;28;0;0;0;0;C28;SEGURIDAD/ROPA/EPP;655393,2;;;SEGURIDAD;SEÑALIZACION;8-VARIOS;2,037;0;KG;4903,503;15;655393,15;;;;1;;;1;;
3;03-MAYOR A PUNTO DE PEDIDO;1001717;ZSTO;PROTECTOR FACIAL BURBUJA INCOLORO;MR01;0374;MB04;V1;75;HB;100;91;0;0;0;0;C28;SEGURIDAD/ROPA/EPP;1309996,87;LIBUS // 3M // MSA // STEELPRO;901386 // VISOR WP96 + SOPORTE // MSA VISOR CLEAR // STEELPRO BURBUJA CLEAR;SEGURIDAD;ACCESORIO SEGURIDAD;9-FRAGIL;0,176;0;KG;6721;21;1309997,21;;;;1;;;1;;
3;03-MAYOR A PUNTO DE PEDIDO;1001718;ZSTO;RODILLERA SOLDADOR;MR01;0374;MB03;V1;40;HB;70;46;0;0;0;0;C28;SEGURIDAD/ROPA/EPP;385562,8;;;SEGURIDAD;ACCESORIO SEGURIDAD;8-VARIOS;0,276;0;KG;1501,5;21;385562,66;;;;1;;;1;;
3;03-MAYOR A PUNTO DE PEDIDO;1001720;ZSTO;SEMIMASCARA;MR01;0374;MH04;V1;5;HB;10;10;0;0;0;0;C28;SEGURIDAD/ROPA/EPP;324297,8;3M;6200;SEGURIDAD;ACCESORIO SEGURIDAD;9-FRAGIL;0,131;0;KG;2475;15;324297,82;;;;1;;;1;;
2;02-MENOR A PUNTO DE PEDIDO;1001726;ZSTO;SUSPENSION CREMALLERA;MR01;0374;CA03;V1;70;HB;150;56;0;0;0;0;C28;SEGURIDAD/ROPA/EPP;136960,16;LIBUS // 3M // MSA // STEELPRO;MILENIUM // SUSPENSIÓN RATCHET H-700 // FAS-TRAC III // RATCHET STEELPRO;SEGURIDAD;ACCESORIO SEGURIDAD;8-VARIOS;0,09;0;KG;8694;21;225581,27;;1;;;;;1;;
3;03-MAYOR A PUNTO DE PEDIDO;1001727;ZSTO;PROTECTOR AUDITIVO COPA P/CASCO;MR01;0374;MB01;V1;75;HB;100;98;0;0;0;0;C28;SEGURIDAD/ROPA/EPP;2876108,9;LIBUS // 3M // MSA // STEELPRO;L300 // PELTOR X4P3E // LEFT/RIGHT CAP MOUNTED // CM-502 CASCO;SEGURIDAD;ACCESORIO SEGURIDAD;9-FRAGIL;0,244;0;KG;2185;21;2876108,67;;;;1;;;1;;
3;03-MAYOR A PUNTO DE PEDIDO;1001731;ZSTO;MALLA NARANJA 50 MT;MR01;0374;AD01;V1;3;HB;6;4;0;0;0;0;C28;SEGURIDAD/ROPA/EPP;59244,76;;;SEGURIDAD;SEÑALIZACION;8-VARIOS;3,035;0;KG;9498,5;15;59244,77;;;;1;;;1;;
3;03-MAYOR A PUNTO DE PEDIDO;1001734;ZSTO;GRILLETECORAZON12TONELADASC CERTIFICADO;MR01;0374;DC03CAJON;V1;2;HB;10;10;0;0;0;0;C27;FERRETERIA MR01;2373352,7;;;SEGURIDAD;LOGISTICA;7-PESADO;4,26;0;KG;2380;21;2373352,67;;;;1;;;1;;
2;02-MENOR A PUNTO DE PEDIDO;1001737;ZSTO;CRIQUETTENSORCONFAJA9METROSX10CMSGPLANO;MR01;0374;DB03CAJON;V1;2;HB;6;1;0;0;0;0;C27;FERRETERIA MR01;84160,21;;;SEGURIDAD;LOGISTICA;7-PESADO;6,08;0;KG;9016;15;84160,21;;1;;;;;1;;
3;03-MAYOR A PUNTO DE PEDIDO;1001742;ZSTO;BOTA GOMA P.ACERO N 38;MR01;0374;;V1;2;HB;4;4;0;0;0;0;C28;SEGURIDAD/ROPA/EPP;30579,32;;;SEGURIDAD;CALZADO;8-VARIOS;1,8;0;KG;11544;20;30579,34;;;;1;;;1;;
3;03-MAYOR A PUNTO DE PEDIDO;1001743;ZSTO;BOTA GOMA P.ACERO N 39;MR01;0374;MD04;V1;4;HB;8;8;0;0;0;0;C28;SEGURIDAD/ROPA/EPP;121393,2;;;SEGURIDAD;CALZADO;8-VARIOS;1,98;0;KG;20328;20;121393,23;;;;1;;;1;;
3;03-MAYOR A PUNTO DE PEDIDO;1001744;ZSTO;BOTA GOMA P.ACERO N 40;MR01;0374;MD04;V1;4;HB;12;12;0;0;0;0;C28;SEGURIDAD/ROPA/EPP;218472,12;;;SEGURIDAD;CALZADO;8-VARIOS;2,065;0;KG;20328;20;218472,08;;;;1;;;1;;
4;04-MAYOR A STOCK MAXIMO;1001745;ZSTO;BOTA GOMA P.ACERO N 41;MR01;0374;MD04;V1;4;HB;16;36;0;0;0;0;C28;SEGURIDAD/ROPA/EPP;661179,24;;;SEGURIDAD;CALZADO;8-VARIOS;2,235;0;KG;20328;20;661179,37;;;;;1;;1;;
4;04-MAYOR A STOCK MAXIMO;1001746;ZSTO;BOTA GOMA P.ACERO N 42;MR01;0374;MC04;V1;4;HB;16;32;0;0;0;0;C28;SEGURIDAD/ROPA/EPP;610819,52;;;SEGURIDAD;CALZADO;8-VARIOS;2,259;0;KG;18792;20;610819,38;;;;;1;;1;;
4;04-MAYOR A STOCK MAXIMO;1001747;ZSTO;BOTA GOMA P.ACERO N 43;MR01;0374;MC04;V1;6;HB;12;22;0;0;0;0;C28;SEGURIDAD/ROPA/EPP;386741,08;;;SEGURIDAD;CALZADO;8-VARIOS;2,348;0;KG;19488;20;386741,13;;;;;1;;1;;
3;03-MAYOR A PUNTO DE PEDIDO;1001748;ZSTO;BOTA GOMA P.ACERO N 44;MR01;0374;CC03;V1;6;HB;12;8;0;0;0;0;C28;SEGURIDAD/ROPA/EPP;100073,44;;;SEGURIDAD;CALZADO;8-VARIOS;2,4;0;KG;19488;20;100073,46;;;;1;;;1;;
3;03-MAYOR A PUNTO DE PEDIDO;1001749;ZSTO;BOTA GOMA P.ACERO N 45;MR01;0374;CC03;V1;2;HB;4;4;0;0;0;0;C28;SEGURIDAD/ROPA/EPP;32071,6;;;SEGURIDAD;CALZADO;8-VARIOS;3,037;0;KG;20559;20;32071,59;;;;1;;;1;;
3;03-MAYOR A PUNTO DE PEDIDO;1001750;ZSTO;BOTA GOMA P.ACERO N 46;MR01;0374;CC04;V1;2;HB;4;3;0;0;0;0;C28;SEGURIDAD/ROPA/EPP;20406;;;SEGURIDAD;CALZADO;8-VARIOS;2,515;0;KG;16896;15;20406,01;;;;1;;;1;;
3;03-MAYOR A PUNTO DE PEDIDO;1001771;ZSTO;GRILLETECORAZON6,5TONELADASC CERTIFICADO;MR01;0374;DC03CAJON;V1;2;HB;10;6;0;0;0;0;C27;FERRETERIA MR01;0;;;SEGURIDAD;SERVICIOS GENERALES;7-PESADO;1,669;0;KG;906,25;21;498117,73;;;;1;;;1;;
3;03-MAYOR A PUNTO DE PEDIDO;1001772;ZSTO;BANDERIN ROJO Y BLANCO 500MM X 700MM XUN;MR01;0374;ARMARIO;V1;2;HB;4;4;0;0;0;0;C28;SEGURIDAD/ROPA/EPP;12134;;;SEGURIDAD;SEÑALIZACION;8-VARIOS;0,03;0;KG;93,6;21;12133,99;;;;1;;;1;;
4;04-MAYOR A STOCK MAXIMO;1001775;ZSTO;ESLINGA SINTETICA 8MTS 6TN CERTIFICADA;MR01;0374;AD01;V1;2;HB;6;10;0;0;0;0;C27;FERRETERIA MR01;1969887,2;;;SEGURIDAD;LOGISTICA;7-PESADO;9,79;0;KG;17388;21;1969887,16;;;;;1;;1;;
3;03-MAYOR A PUNTO DE PEDIDO;1001776;ZSTO;ESLINGA SINTETICA 3MTS 3TN CERTIFICADA;MR01;0374;DB03CAJON;V1;2;HB;6;6;0;0;0;0;C27;FERRETERIA MR01;270524,58;;;SEGURIDAD;LOGISTICA;7-PESADO;1,8;0;KG;3181,5;21;270524,58;;;;1;;;1;;
3;03-MAYOR A PUNTO DE PEDIDO;1001777;ZSTO;ESLINGA SINTETICA 6MTS 4TN CERTIFICADA;MR01;0374;DB03CAJON;V1;2;HB;6;6;0;0;0;0;C27;FERRETERIA MR01;616559,76;;;SEGURIDAD;SERVICIOS GENERALES;7-PESADO;4,62;0;KG;7020,75;21;616559,75;;;;1;;;1;;
3;03-MAYOR A PUNTO DE PEDIDO;1001778;ZSTO;YERBA MATE X 500GRS X UN;MR01;0374;GC02CAJON;V1;500;HB;1000;650;0;0;0;0;C17;INSUMOS A;1330855,5;;;ALIMENTOS;?;8-VARIOS;0;0;KG;0;15;1330857,99;;;;1;;;1;;
3;03-MAYOR A PUNTO DE PEDIDO;1001783;ZSTO;ACEITE HIDRAULICO X 205L;MR01;0374;JAULA;V1;1;HB;2;2;0;0;0;0;L01;ACEITES;353692,12;YPF S.A. // YPF S.A.;ATF // 125492;LUBRICANTES;ACEITES;2-TACHO;193;0;KG;233705,49;15;353692,12;;;;1;;;1;;
3;03-MAYOR A PUNTO DE PEDIDO;1001784;ZSTO;ACEITE  HY GARD X 209L;MR01;0374;JAULA;V1;2;HB;4;3;0;0;0;0;L01;ACEITES;2907371,88;JOHN DEERE;HY GARD;LUBRICANTES;ACEITES;2-TACHO;193;0;KG;233705,49;15;2907371,88;;;;1;;;1;;
2;02-MENOR A PUNTO DE PEDIDO;1001786;ZSTO;ACEITE ISO 46 HIDRAULICO  X 205L;MR01;0374;JAULA;V1;3;HB;6;3;0;0;0;0;L01;ACEITES;1657872,96;YPF S.A. // YPF S.A.;BP46 // 135392;LUBRICANTES;ACEITES;2-TACHO;193;0;KG;233705,49;15;1657872,97;;1;;;;;1;;
3;03-MAYOR A PUNTO DE PEDIDO;1001787;ZSTO;ACEITE ISO 68 HIDRAULICO X 205L;MR01;0374;JAULA;V1;3;HB;6;4;0;0;0;0;L01;ACEITES;1918741,04;YPF S.A. // YPF S.A.;BP68 // 135592;LUBRICANTES;ACEITES;2-TACHO;193;0;KG;233705,49;15;1918741,04;;;;1;;;1;;
3;03-MAYOR A PUNTO DE PEDIDO;1001788;ZSTO;ACEITE SAE  10W X 205L;MR01;0374;JAULA;V1;2;HB;4;3;0;0;0;0;L01;ACEITES;2404667,88;YPF S.A. // YPF S.A.;10W // 151592;LUBRICANTES;ACEITES;2-TACHO;192,5;0;KG;235025,86;15;2404667,88;;;;1;;;1;;
3;03-MAYOR A PUNTO DE PEDIDO;1001790;ZSTO;ACEITE 15W40  X 205L;MR01;0374;JAULA;V1;7;HB;14;10;0;0;0;0;L01;ACEITES;7000386,4;YPF S.A. // EXXON MOBI // CATERPILLA // SHELL PLC. // VOLVO MAQU // YPF S.A.;EXTRAVIDA XV300 // DELVAC MX 15W40 APICI4 // DEO 15W40 // R4 15W40 APICI4 ACEAE5E7 // VDS3 // 189292;LUBRICANTES;ACEITES;2-TACHO;193;0;KG;232385,12;15;7000386,38;;;;1;;;1;;
3;03-MAYOR A PUNTO DE PEDIDO;1001791;ZSTO;ACEITE SAE 30 X 205L;MR01;0374;JAULA;V1;2;HB;3;3;0;0;0;0;L01;ACEITES;2370071,43;YPF S.A. // YPF S.A. // YPF S.A.;FT SUPER 30 TR // 151692;LUBRICANTES;ACEITES;2-TACHO;193;0;KG;233705,49;15;2370071,43;;;;1;;;1;;
3;03-MAYOR A PUNTO DE PEDIDO;1001792;ZSTO;ACEITE SAE 50  X 205L;MR01;0374;JAULA;V1;2;HB;3;3;0;0;0;0;L01;ACEITES;2184069,93;YPF S.A.;;LUBRICANTES;ACEITES;2-TACHO;193;0;KG;233705,49;15;2184069,92;;;;1;;;1;;
3;03-MAYOR A PUNTO DE PEDIDO;1001795;ZSTO;ACEITE 85W140 X 205L;MR01;0374;JAULA;V1;2;HB;3;3;0;0;0;0;L01;ACEITES;1218624,06;YPF S.A. // YPF S.A.;85W140 // 123192;LUBRICANTES;ACEITES;2-TACHO;193;0;KG;233705,49;15;1218624,06;;;;1;;;1;;
3;03-MAYOR A PUNTO DE PEDIDO;1001796;ZSTO;ACEITE MOTOR 2T X 1 LT;MR01;0374;MUEBLE 1;V1;3;HB;6;5;0;0;0;0;C27;FERRETERIA MR01;59479,2;;;LUBRICANTES;ACEITES;6-PESADO Y FRAGIL;0,91;0;KG;1398,87;15;59479,18;;;;1;;;1;;
3;03-MAYOR A PUNTO DE PEDIDO;1001800;ZSTO;ACEITE SAE 30 X 200LTS;MR01;0374;JAULA;V1;1;HB;2;2;0;0;0;0;L01;ACEITES;2931037,4;CATERPILLA;7X2888;LUBRICANTES;CATERPILLAR;2-TACHO;193,5;0;KG;235025,86;15;2931037,4;;;;1;;;1;;
3;03-MAYOR A PUNTO DE PEDIDO;1001801;ZSTO;ACEITE 80W X 205L;MR01;0374;JAULA;V1;1;HB;2;2;0;0;0;0;L01;ACEITES;336005,92;M-LUBE;GXA;LUBRICANTES;ACEITES;2-TACHO;195;0;KG;224462,9;15;336005,91;;;;1;;;1;;
3;03-MAYOR A PUNTO DE PEDIDO;1001804;ZSTO;GRASA LITIO LIMIT MO-2 (NEGRA) X 180 KG;MR01;0374;JAULA;V1;3;HB;6;5;0;0;0;0;L03;GRASAS;7740790,5;YPF S.A. // // YPF S.A.;LIMIT MO-2 // GADUS S2 V220 // 628793;LUBRICANTES;GRASA;2-TACHO;180;0;KG;299396;15;7740790,51;;;;1;;;1;;
3;03-MAYOR A PUNTO DE PEDIDO;1001809;ZSTO;ACEITE 10W30  X 20LT;MR01;0374;;V1;2;HB;4;4;0;0;0;0;C29;FILTROS/RESPUESTOS;217816,56;;;LUBRICANTES;ACEITES;6-PESADO Y FRAGIL;0;0;KG;0;15;217816,58;;;;1;;;1;;
3;03-MAYOR A PUNTO DE PEDIDO;1001810;ZSTO;VOLVO WET BRAKE TRANSAXLEOIL WB101 X205L;MR01;0374;JAULA;V1;1;HB;2;2;0;0;0;0;L02;FLUIDOS;2341519,38;VOLVO CONS;WB101;LUBRICANTES;A40F;2-TACHO;186,5;0;KG;224462,9;15;2341519,39;;;;1;;;1;;
3;03-MAYOR A PUNTO DE PEDIDO;1001812;ZSTO;REFRIGERANTE ANTICONG. X20 LT;MR01;0374;JAULA;V1;5;HB;10;9;0;0;0;0;L02;FLUIDOS;825629,31;YPF S.A. // YPF S.A.;KRIOX 3 INORGANICO // 185280;LUBRICANTES;ADITIVOS;6-PESADO Y FRAGIL;23,75;0;KG;37246,7;15;825629,31;;;;1;;;1;;
3;03-MAYOR A PUNTO DE PEDIDO;1001814;ZSTO;LIQUIDO FRENO X1LT;MR01;0374;MUEBLE 1;V1;5;HB;10;10;0;0;0;0;L02;FLUIDOS;109415,4;WAGNER;;LUBRICANTES;ADITIVOS;6-PESADO Y FRAGIL;1,12;0;KG;1680;15;109415,42;;;;1;;;1;;
3;03-MAYOR A PUNTO DE PEDIDO;1001815;ZSTO;AGUA DESMINERALIZADA X 20L;MR01;0374;JAULA;V1;15;HB;30;24;0;0;0;0;L02;FLUIDOS;267431,28;;;LUBRICANTES;ADITIVOS;6-PESADO Y FRAGIL;20,031;0;KG;24700;15;267431,22;;;;1;;;1;;
3;03-MAYOR A PUNTO DE PEDIDO;1001821;ZSTO;ACEITE 75W 90  X 20 LT;MR01;0374;JAULA;V1;2;HB;4;4;0;0;0;0;L01;ACEITES;1453603,8;YPF S.A.;75W 90 ;LUBRICANTES;ACEITES;6-PESADO Y FRAGIL;20;0;KG;27727,77;15;1453603,79;;;;1;;;1;;
3;03-MAYOR A PUNTO DE PEDIDO;1001823;ZSTO;ACEITE F50 5W40 X 20 L;MR01;0374;JAULA;V1;8;HB;16;11;0;0;0;0;L01;ACEITES;2600881,69;ELAION // ELAION // YPF S.A.;F50 5W40 // FS540 // 151792;LUBRICANTES;AMAROK-HILUX;6-PESADO Y FRAGIL;18;0;KG;27727,77;15;2600881,66;;;;1;;;1;;
4;04-MAYOR A STOCK MAXIMO;1001824;ZSTO;CUBIERTA 295 80 R22.5;MR01;0374;HC01;V1;4;HB;7;9;0;0;0;0;C48;CUBIERTAS CAMIONES;4847030,91;PIRELLI NE // GOOD YEAR // GOOD YEAR // FATE SAICI // PIRELLI NE // GOOD YEAR // BRIDGESTON // // MICHELIN A;TG01/TG02 // ARMOR MAX MSA GEN2 // ARMOR MAX MSD // FATECARGO DO-820 // G02 // G677MSD // M 745 // T831 // XDY+;CUBIERTAS;VW 31320 (3 JUEGOS;5-CUBIERTAS;69;0;KG;250984,125;15;4847030,92;;;;;1;;1;;
3;03-MAYOR A PUNTO DE PEDIDO;1001827;ZSTO;CUBIERTA 12.00 R20 FG85 (lineal);MR01;0374;HC3-GC4;V1;4;HB;7;5;0;0;0;0;C48;CUBIERTAS CAMIONES;3160289;PIRELLI NE // GOOD YEAR // MICHELIN A;FG85 // G686MSS // XZY3;CUBIERTAS;IVECO TRAKKER;5-CUBIERTAS;74;0;KG;242491,21;15;3160289,01;;;;1;;;1;;
3;03-MAYOR A PUNTO DE PEDIDO;1001828;ZSTO;CUBIERTA 12.00 R20 TG85 (TRACCION);MR01;0374;HA02/03;V1;9;HB;17;16;0;0;0;0;C48;CUBIERTAS CAMIONES;10576300,16;PIRELLI NE // GOOD YEAR // GOOD YEAR // GOOD YEAR // GOOD YEAR // MICHELIN A;TG85 // G-677 MSD // G677 // G677MSD. // G677OTR // XDY;CUBIERTAS;CUBIERTAS;5-CUBIERTAS;80;0;KG;275717,12;15;10576300,22;;;;1;;;1;;
3;03-MAYOR A PUNTO DE PEDIDO;1001831;ZSTO;CUBIERTA 295 80 R22.5 FH88;MR01;0374;HD03;V1;2;HB;8;6;0;0;0;0;C48;CUBIERTAS CAMIONES;2762531,1;PIRELLI NE // FATE SAICI // GOOD YEAR // GOOD YEAR // BRIDGESTON // MICHELIN A;FH88 // FATECARGO SR-200 // KMAX EXTREME // KMAX S // R 269 // X LINE ENERGY Z;CUBIERTAS;CARRETON RANDON Y DELATERA CAM;5-CUBIERTAS;54;0;KG;254716,8;15;2762531,1;;;;1;;;1;;
3;03-MAYOR A PUNTO DE PEDIDO;1001832;ZSTO;CUBIERTA 275 70 R22.5 FR01;MR01;0374;HD02;V1;2;HB;3;3;0;0;0;0;C48;CUBIERTAS CAMIONES;1428416,52;PIRELLI NE // GOOD YEAR // GOOD YEAR // MICHELIN A;FR01 // G617 // KMAX-S // X MULTI T;CUBIERTAS;CARRETON COMETTO;5-CUBIERTAS;54;0;KG;229326,76;15;1428416,52;;;;1;;;1;;
2;02-MENOR A PUNTO DE PEDIDO;1001834;ZSTO;CUBIERTA 265 65 17 DUELER A T 693;MR01;0374;HC02;V1;8;HB;16;8;0;0;0;0;C47;CUBIERTAS AUTOMOTR;1819290,88;BRIDGESTON // BRIDGESTON // PIRELLI NE // PIRELLI NE // GOOD YEAR;DUELER A T 693 // AT REVO 2 // S MTR // SCORPION ATR // WRANGLER WORKHORSE;CUBIERTAS;hilux hasta 2016;5-CUBIERTAS;17;0;KG;114806,25;15;1819290,85;;1;;;;;1;;
3;03-MAYOR A PUNTO DE PEDIDO;1001837;ZSTO;CUBIERTA 12-16.5;MR01;0374;FA03PALLET;V1;1;HB;3;3;0;0;0;0;C49;CUBIERTAS INDUSTRI;1136117,94;GOOD YEAR // MICHELIN A // GOOD YEAR // TITAN ARGE // PIRELLI NE;12165NHS // BIBSTEEL-HARD-SURFACE // IT323 // NHS IT 323  10PR // PN16;CUBIERTAS;JD 310;5-CUBIERTAS;32;0;KG;150720;25;1136117,93;;;;1;;;1;;
2;02-MENOR A PUNTO DE PEDIDO;1001840;ZSTO;CUBIERTA 17.5-25 VIAL SP 16 TELAS L2;MR01;0374;GB03;V1;2;HB;5;1;0;0;0;0;C49;CUBIERTAS INDUSTRI;1037990,38;FIRESTONE // PIRELLI NE // GOOD YEAR // TITAN ARGE // MICHELIN A;L2 // PN-L2 // SGL-L2 // TITAN L2 // XTLA;CUBIERTAS;MOTONIVELADORA CAT Y JD;5-CUBIERTAS;116,5;0;KG;569756,925;15;1037990,38;;1;;;;;1;;
3;03-MAYOR A PUNTO DE PEDIDO;1001841;ZSTO;CAMARA 12.00 R20;MR01;0374;BA01;V1;9;HB;18;16;0;0;0;0;C52;CAMARAS;715456,16;;MARCA DONGAH // MARCA PIRELLI;CUBIERTAS;CUBIERTAS;7-PESADO;3,053;0;KG;6200;15;715456,13;;;;1;;;1;;
3;03-MAYOR A PUNTO DE PEDIDO;1001842;ZSTO;PROTECTOR P CAMARA 12.00;MR01;0374;BA01;V1;9;HB;18;11;0;0;0;0;C52;CAMARAS;170419,26;;;CUBIERTAS;CUBIERTAS;7-PESADO;1,94;0;KG;912;25;170419,28;;;;1;;;1;;
3;03-MAYOR A PUNTO DE PEDIDO;1001843;ZSTO;CUBIERTA 10-16.5;MR01;0374;HD02;V1;1;HB;2;2;0;0;0;0;C49;CUBIERTAS INDUSTRI;746307,32;PIRELLI NE // BOBCAT // TITAN ARGE // GOOD YEAR //;PN16 // HEAVY DUTY // IT 323 10RP TL // IT 323 // TITAN HD2000 10T;CUBIERTAS;BOBCAT;5-CUBIERTAS;20;0;KG;113944,32;15;746307,32;;;;1;;;1;;
3;03-MAYOR A PUNTO DE PEDIDO;1001861;ZSTO;TALONARIOREMITO R CUADRUPLICADOX25H.;MR01;0374;MA02;V1;5;HB;10;8;0;0;0;0;C17;INSUMOS A;152323,84;;;LIBRERIA;TALONARIOS;8-VARIOS;0,529;0;KG;709,5;21;152323,83;;;;1;;;1;;
4;04-MAYOR A STOCK MAXIMO;1001862;ZSTO;TALONARIO REMITO X TRIPLICADO X 25 H.;MR01;0374;MA02;V1;2;HB;4;9;0;0;0;0;C17;INSUMOS A;106317,36;;;LIBRERIA;TALONARIOS;8-VARIOS;0,407;0;KG;677,25;21;106317,35;;;;;1;;1;;
3;03-MAYOR A PUNTO DE PEDIDO;1001865;ZSTO;MARCADORINDUSTRIAL-VERDEXUN;MR01;0374;ARMARIO;V1;48;HB;96;55;0;0;0;0;C17;INSUMOS A;151100,4;UNIPAINT;MÚLT. 10U;LIBRERIA;ESCRITURA;8-VARIOS;0,02;0;KG;10,99;15;151100,65;;;;1;;;1;;
3;03-MAYOR A PUNTO DE PEDIDO;1001866;ZSTO;MARCADOR INDUSTRIAL-NEGROXUN;MR01;0374;ARMARIO;V1;120;HB;240;126;0;0;0;0;C17;INSUMOS A;357294,42;UNIPAINT;MÚLT. 10U;LIBRERIA;ESCRITURA;8-VARIOS;0,023;0;KG;10,99;15;357294,02;;;;1;;;1;;
4;04-MAYOR A STOCK MAXIMO;1001867;ZSTO;MARCADOR INDUSTRIAL-BLANCOXUN;MR01;0374;ARMARIO;V1;120;HB;240;241;0;0;0;0;C17;INSUMOS A;681388,94;UNIPAINT;MÚLT. 10U;LIBRERIA;ESCRITURA;8-VARIOS;0,023;0;KG;10,99;15;681388,98;;;;;1;;1;;
2;02-MENOR A PUNTO DE PEDIDO;1001868;ZSTO;FILMSTRECHMANUALXBOBINAx2,70KG;MR01;0374;MB03;V1;5;HB;10;2;0;0;0;0;C17;INSUMOS A;18379,86;;MEDIDAS 0,50X200METROSX2;LIBRERIA;CINTAS ADHESIVAS;8-VARIOS;2,5;0;KG;4817,545;15;18379,85;;1;;;;;1;;
3;03-MAYOR A PUNTO DE PEDIDO;1001869;ZSTO;MARCADORINDUSTRIAL-AMARILLOXUN;MR01;0374;ARMARIO;V1;120;HB;240;131;0;0;0;0;C17;INSUMOS A;367579,45;UNIPAINT;MÚLT. 10U;LIBRERIA;ESCRITURA;8-VARIOS;0,023;0;KG;10,99;15;367579,42;;;;1;;;1;;
2;02-MENOR A PUNTO DE PEDIDO;1001871;ZSTO;RESMA DE HOJA A4 70GR. X UN;MR01;0374;MB02;V1;30;HB;60;19;0;0;0;0;C17;INSUMOS A;77520,38;;;LIBRERIA;PAPEL;7-PESADO;2,27;0;KG;3150;15;77520,47;;1;;;;;1;;
2;02-MENOR A PUNTO DE PEDIDO;1001872;ZSTO;RESMA DE HOJA A3 75GR. X UN;MR01;0374;MB02;V1;5;HB;10;5;0;0;0;0;C17;INSUMOS A;52570,05;;;LIBRERIA;PAPEL;7-PESADO;5,11;0;KG;7012,5;15;52570,02;;1;;;;;1;;
2;02-MENOR A PUNTO DE PEDIDO;1001876;ZSTO;CINTA EMBALAR TRANSPARENTE 48MM X 100 MT;MR01;0374;MA02;V1;60;HB;80;45;0;0;0;0;C17;INSUMOS A;51181,65;SCOTCH;;LIBRERIA;CINTAS ADHESIVAS;8-VARIOS;0,197;0;KG;474,925;15;51181,71;;1;;;;;1;;
3;03-MAYOR A PUNTO DE PEDIDO;1001877;ZSTO;CINTA EMBALAR MARRON 48MM X 100 MT;MR01;0374;MA02;V1;15;HB;30;22;0;0;0;0;C17;INSUMOS A;36945,92;;;LIBRERIA;CINTAS ADHESIVAS;8-VARIOS;0,215;0;KG;474,925;15;36945,89;;;;1;;;1;;
3;03-MAYOR A PUNTO DE PEDIDO;1001878;ZSTO;CINTA DE ENMASCARAR 48MM X ROLLO;MR01;0374;MA02;V1;100;HB;200;175;0;0;0;0;C17;INSUMOS A;444304;SCOTCH;;LIBRERIA;CINTAS ADHESIVAS;8-VARIOS;0,177;0;KG;474,925;15;444303,19;;;;1;;;1;;
3;03-MAYOR A PUNTO DE PEDIDO;1001879;ZSTO;CINTA DE ENMASCARAR 24 MM XROLLO;MR01;0374;MA02;V1;10;HB;20;15;0;0;0;0;C17;INSUMOS A;24527,25;;;LIBRERIA;CINTAS ADHESIVAS;8-VARIOS;0,088;0;KG;237,463;15;24527,18;;;;1;;;1;;
2;02-MENOR A PUNTO DE PEDIDO;1001880;ZSTO;MARCADOR INDUSTRIAL - AZUL UNIPAINT X UN;MR01;0374;ARMARIO;V1;120;HB;240;60;0;0;0;0;C17;INSUMOS A;169698,6;UNIPAINT;MÚLT. 10U;LIBRERIA;ESCRITURA;8-VARIOS;0,023;0;KG;10,99;15;169698,76;;1;;;;;1;;
2;02-MENOR A PUNTO DE PEDIDO;1001881;ZSTO;MARCADOR INDUSTRIAL - ROJO UNIPAINT X UN;MR01;0374;ARMARIO;V1;120;HB;240;2;0;0;0;0;C17;INSUMOS A;5684,22;UNIPAINT;MÚLT. 10U;LIBRERIA;ESCRITURA;8-VARIOS;0,023;0;KG;10,99;15;5684,22;;1;;;;;1;;
2;02-MENOR A PUNTO DE PEDIDO;1001885;ZSTO;BOLSAS RESIDUOS XUN 102X130 VERDE;MR01;0374;MA04;V1;400;HB;800;209;0;0;0;0;C17;INSUMOS A;195022,08;;;LIMPIEZA;LIMPIEZA /SEGURIDAD;8-VARIOS;0,195;0;KG;1534;45;195023,03;;1;;;;;1;;
3;03-MAYOR A PUNTO DE PEDIDO;1001887;ZSTO;BOLSAS RESIDUOS XUN 102X130 AMARILLA;MR01;0374;MA04;V1;500;HB;1000;580;0;0;0;0;C17;INSUMOS A;405526;;;LIMPIEZA;LIMPIEZA /SEGURIDAD;8-VARIOS;0,195;0;KG;1534;45;534558,61;;;;1;;;1;;
2;02-MENOR A PUNTO DE PEDIDO;1001888;ZSTO;BOLSAS RESIDUOS XUN 102X130 NEGRA;MR01;0374;MA04;V1;100;HB;200;100;0;0;0;0;C17;INSUMOS A;79041;;;LIMPIEZA;LIMPIEZA /SEGURIDAD;8-VARIOS;0,195;0;KG;1534;45;79041,49;;1;;;;;1;;
3;03-MAYOR A PUNTO DE PEDIDO;1001890;ZSTO;ABSORBENTE MINERAL DE HIDROCARBUROS X KG;MR01;0374;DA01PALLET;V1;60;HB;120;72;0;0;0;0;C17;INSUMOS A;39983,76;;MÚLT. 10/20/30 KG;SEGURIDAD;ABSORVENTE;7-PESADO;20,07;0;KG;2125;15;39983,55;;;;1;;;1;;
3;03-MAYOR A PUNTO DE PEDIDO;1001891;ZSTO;PANOABSORVENTE PARAHIDROCARBUROXPAQ100;MR01;0374;AD01;V1;4;HB;8;5;0;0;0;0;C17;INSUMOS A;479072,4;;;LIMPIEZA;MANTENIMIENTO TALLER;7-PESADO;3,488;0;KG;57792;45;479072,39;;;;1;;;1;;
2;02-MENOR A PUNTO DE PEDIDO;1001892;ZSTO;BOLSAS RESIDUOS XUN 102X130ROJA100MICXUN;MR01;0374;MA04;V1;300;HB;600;200;0;0;0;0;C17;INSUMOS A;189142;;;LIMPIEZA;LIMPIEZA /SEGURIDAD;8-VARIOS;0,195;0;KG;1534;20;189142,59;;1;;;;;1;;
2;02-MENOR A PUNTO DE PEDIDO;1001893;ZSTO;BOLSARESIDUPLASTICA60X90NEGRAXROLLOX10UN;MR01;0374;MJ02;V1;60;HB;100;58;0;0;0;0;C17;INSUMOS A;40827,36;;;LIMPIEZA;BOLSAS;8-VARIOS;0,296;0;KG;550;15;40827,26;;1;;;;;1;;
2;02-MENOR A PUNTO DE PEDIDO;1001894;ZSTO;ALCOHOL EN GEL X LITRO;MR01;0374;AB01;V1;10;HB;20;5;0;0;0;0;C17;INSUMOS A;4048,9;;;LIMPIEZA;ALCOHOL EN GEL;6-PESADO Y FRAGIL;4,65;0;KG;7056;15;4048,91;;1;;;;;1;;
3;03-MAYOR A PUNTO DE PEDIDO;1001895;ZSTO;ALCOHOL LIQUIDO X LITRO;MR01;0374;MJ04;V1;10;HB;20;14;0;0;0;0;C17;INSUMOS A;28306,32;;;LIMPIEZA;ALCOHOL LIQUIDO;6-PESADO Y FRAGIL;0,86;0;KG;1459,315;15;28306,29;;;;1;;;1;;
3;03-MAYOR A PUNTO DE PEDIDO;1001896;ZSTO;PULVERIZADOR P ALCOHOL LIQUIDO 500 ML;MR01;0374;MJ04;V1;5;HB;10;10;0;0;0;0;C17;INSUMOS A;9671,4;;;LIMPIEZA;DIFUSOR;9-FRAGIL;0,05;0;KG;826,998;15;9671,42;;;;1;;;1;;
4;04-MAYOR A STOCK MAXIMO;1001908;ZSTO;JABON LIQUIDO X 5 LTS;MR01;0374;;V1;3;HB;8;9;0;0;0;0;C17;INSUMOS A;47864,34;;;LIMPIEZA;INSUMOS;6-PESADO Y FRAGIL;5,215;0;KG;7056;21;47864,33;;;;;1;;1;;
4;04-MAYOR A STOCK MAXIMO;1001923;ZSTO;AGROPOL 100 MIC 4X50MTS;MR01;0374;GA02;V1;5;HB;10;13;0;0;0;0;C27;FERRETERIA MR01;872582,23;;;FERRETERIA;INSUMOS;7-PESADO;0;0;KG;0;21;872582,29;;;;;1;;1;;
3;03-MAYOR A PUNTO DE PEDIDO;1001927;ZSTO;DISCO CORTE 178X1.6X22 SECUR EXTRA  x UN;MR01;0374;MI05;V1;350;HB;700;430;0;0;0;0;C27;FERRETERIA MR01;1298311,9;TYROLIT;178X16X222;FERRETERIA;ABRASIVOS/DISCOS;6-PESADO Y FRAGIL;0,095;0;KG;50,868;15;1298310,01;;;;1;;;1;;
3;03-MAYOR A PUNTO DE PEDIDO;1001929;ZSTO;DISCO 178X4,8X22,23TYROLIT OASECUR XUN;MR01;0374;MI05;V1;15;HB;30;30;0;0;0;0;C27;FERRETERIA MR01;118776,6;TYROLIT;178X48X222;FERRETERIA;ABRASIVOS/DISCOS;6-PESADO Y FRAGIL;3,69;0;KG;127,17;15;118776,53;;;;1;;;1;;
3;03-MAYOR A PUNTO DE PEDIDO;1001930;ZSTO;DISCO C D O A 178X7.0X22.2 SECUR x UN;MR01;0374;MI05;V1;15;HB;30;30;0;0;0;0;C27;FERRETERIA MR01;109933,8;TYROLIT;178X70X222;FERRETERIA;ABRASIVOS/DISCOS;6-PESADO Y FRAGIL;0,42;0;KG;178,038;15;109933,71;;;;1;;;1;;
3;03-MAYOR A PUNTO DE PEDIDO;1001933;ZSTO;DISCO 114x1,6x222 REFORZADO x UN;MR01;0374;MI05;V1;350;HB;700;446;0;0;0;0;C27;FERRETERIA MR01;853024,06;TYROLIT;114X16X222;FERRETERIA;ABRASIVOS/DISCOS;6-PESADO Y FRAGIL;0,043;0;KG;20,763;15;853026,02;;;;1;;;1;;
3;03-MAYOR A PUNTO DE PEDIDO;1001934;ZSTO;DISCO C D O A 114X4.8X22.2 SECUR x UN;MR01;0374;MI05;V1;50;HB;100;66;0;0;0;0;C27;FERRETERIA MR01;166786,62;TYROLIT;114X48X222;FERRETERIA;ABRASIVOS/DISCOS;6-PESADO Y FRAGIL;0,11;0;KG;56,52;15;166786,9;;;;1;;;1;;
4;04-MAYOR A STOCK MAXIMO;1001939;ZSTO;DISCO P MADERA DE SIERRA CIRCULAR XUN;MR01;0374;MI05;V1;10;HB;20;26;0;0;0;0;C27;FERRETERIA MR01;107027,18;;"714""24D";FERRETERIA;ABRASIVOS/DISCOS;6-PESADO Y FRAGIL;0,4;0;KG;1058;15;107027,13;;;;;1;;1;;
2;02-MENOR A PUNTO DE PEDIDO;1001943;ZSTO;ADHESIVO CIANO 20 G XUN;MR01;0374;ARMARIO;V1;5;HB;10;5;0;0;0;0;C27;FERRETERIA MR01;35266,05;CIANO;;FERRETERIA;ADHESIVOS;9-FRAGIL;0,03;0;KG;75;15;35266,04;;1;;;;;1;;
3;03-MAYOR A PUNTO DE PEDIDO;1001944;ZSTO;ADHESIVO TRANSPARENTE X70ML XUN;MR01;0374;MI05;V1;5;HB;10;7;0;0;0;0;C27;FERRETERIA MR01;49218,61;POXIPOL;;FERRETERIA;ADHESIVOS;9-FRAGIL;0,03;0;KG;72;15;49218,63;;;;1;;;1;;
4;04-MAYOR A STOCK MAXIMO;1001945;ZSTO;ADHESIVO FASTIX BLANCO 100ML XUN;MR01;0374;MI05;V1;5;HB;10;13;0;0;0;0;C27;FERRETERIA MR01;69613,31;;;FERRETERIA;ADHESIVOS;9-FRAGIL;0;0;KG;0;15;69613,28;;;;;1;;1;;
2;02-MENOR A PUNTO DE PEDIDO;1001949;ZSTO;CANDADO 30MM XUN;MR01;0374;MB03;V1;5;HB;10;3;0;0;0;0;C27;FERRETERIA MR01;14442,87;;;FERRETERIA;ACCESORIOS;8-VARIOS;0,103;0;KG;174;15;14442,86;;1;;;;;1;;
3;03-MAYOR A PUNTO DE PEDIDO;1001950;ZSTO;CANDADO 38-40MM XUN;MR01;0374;MB03;V1;7;HB;15;8;0;0;0;0;C27;FERRETERIA MR01;46901,6;;;FERRETERIA;ACCESORIOS;8-VARIOS;0,148;0;KG;465;15;46901,58;;;;1;;;1;;
3;03-MAYOR A PUNTO DE PEDIDO;1001951;ZSTO;CANDADO 50MM XUN;MR01;0374;MB03;V1;7;HB;15;10;0;0;0;0;C27;FERRETERIA MR01;90610,4;;;FERRETERIA;ACCESORIOS;8-VARIOS;0,259;0;KG;100;15;90610,4;;;;1;;;1;;
2;02-MENOR A PUNTO DE PEDIDO;1001952;ZSTO;TRAPO LIMPIO (BOLSAX10KG) XUN;MR01;0374;EB02;V1;10;HB;15;4;0;0;0;0;C27;FERRETERIA MR01;70100,08;;MÚLT. 10 KG;FERRETERIA;ACCESORIOS;7-PESADO;10;0;KG;71456;30;70100,1;;1;;;;;1;;
4;04-MAYOR A STOCK MAXIMO;1001955;ZSTO;SELLADOR DE SILICONA TRANSP;MR01;0374;MI05;V1;5;HB;10;92;0;0;0;0;C18;HORMIGÓN;282316,72;;280ML;FERRETERIA;ADHESIVOS;9-FRAGIL;0,31;0;KG;451,375;15;282316,45;;;;;1;;1;;
2;02-MENOR A PUNTO DE PEDIDO;1001956;ZSTO;MASILLA POXILINA 10MIN. X 250 GRS XUN;MR01;0374;MI05;V1;4;HB;8;4;0;0;0;0;C27;FERRETERIA MR01;28265,88;POXILINA;;FERRETERIA;ADHESIVOS/SELLADORES/LUBRICANT;9-FRAGIL;0,28;0;KG;315;15;28265,88;;1;;;;;1;;
3;03-MAYOR A PUNTO DE PEDIDO;1001958;ZSTO;CINTA TEFLON 1/2 X 20MT;MR01;0374;ARMARIO;V1;3;HB;6;6;0;0;0;0;C27;FERRETERIA MR01;3685,74;;;FERRETERIA;INSUMOS;8-VARIOS;0,01;0;KG;39,25;15;3685,73;;;;1;;;1;;
2;02-MENOR A PUNTO DE PEDIDO;1001959;ZSTO;CINTA TEFLON 3/4 X 20MT;MR01;0374;ARMARIO;V1;10;HB;15;7;0;0;0;0;C27;FERRETERIA MR01;7062,37;;;FERRETERIA;INSUMOS;8-VARIOS;0,01;0;KG;70,65;15;7062,34;;1;;;;;1;;
3;03-MAYOR A PUNTO DE PEDIDO;1001960;ZSTO;CINTA AISLADORA AMARILLO X10MT;MR01;0374;ARM.SUP;V1;25;HB;40;40;0;0;0;0;C27;FERRETERIA MR01;38020;;;FERRETERIA;INSUMOS;8-VARIOS;0,04;0;KG;56,52;15;38020,08;;;;1;;;1;;
2;02-MENOR A PUNTO DE PEDIDO;1001961;ZSTO;CINTA AISLADORA NEGRA X10MT;MR01;0374;ARM.SUP;V1;25;HB;40;13;0;0;0;0;C27;FERRETERIA MR01;10258,3;;;FERRETERIA;INSUMOS;8-VARIOS;0,04;0;KG;56,52;15;10258,26;;1;;;;;1;;
2;02-MENOR A PUNTO DE PEDIDO;1001962;ZSTO;CINTA AISLADORA ROJA X10MT;MR01;0374;ARM.SUP;V1;25;HB;40;24;0;0;0;0;C27;FERRETERIA MR01;19833,6;;;FERRETERIA;INSUMOS;8-VARIOS;0,04;0;KG;56,52;15;19833,63;;1;;;;;1;;
3;03-MAYOR A PUNTO DE PEDIDO;1001963;ZSTO;CINTA AISLADORA VERDE X10MT;MR01;0374;ARM.SUP;V1;25;HB;40;40;0;0;0;0;C27;FERRETERIA MR01;59626;;;FERRETERIA;INSUMOS;8-VARIOS;0,04;0;KG;56,52;15;59626,03;;;;1;;;1;;
2;02-MENOR A PUNTO DE PEDIDO;1001964;ZSTO;CINTA AISLADORA BLANCA;MR01;0374;ARM.SUP;V1;25;HB;40;13;0;0;0;0;C27;FERRETERIA MR01;11734,45;;;FERRETERIA;INSUMOS;8-VARIOS;0,04;0;KG;56,52;15;11734,48;;1;;;;;1;;
3;03-MAYOR A PUNTO DE PEDIDO;1001968;ZSTO;ESMALTE SINT. AEROSOL AMARILLO X440CC;MR01;0374;AA01;V1;24;HB;48;48;0;0;0;0;C22;INSUMOS C;182163,84;;KUWAIT-SINTEPLAST;PINTURAS;PINTURA AEROSOL;6-PESADO Y FRAGIL;0,39;0;KG;663,325;15;182164,01;;;;1;;;1;;
3;03-MAYOR A PUNTO DE PEDIDO;1001969;ZSTO;ESMALTE SINT. AEROSOL BLANCO X440CC;MR01;0374;AA01;V1;12;HB;24;18;0;0;0;0;C22;INSUMOS C;71343,36;;KUWAIT-SINTEPLAST;PINTURAS;PINTURA AEROSOL;6-PESADO Y FRAGIL;0,38;0;KG;663,325;15;71343,4;;;;1;;;1;;
3;03-MAYOR A PUNTO DE PEDIDO;1001970;ZSTO;ESMALTE SINT. AEROSOL NEGRO X440CC;MR01;0374;AA01;V1;24;HB;48;28;0;0;0;0;C22;INSUMOS C;109158,28;;KUWAIT-SINTEPLAST;PINTURAS;PINTURA AEROSOL;6-PESADO Y FRAGIL;0,385;0;KG;663,325;15;109158,39;;;;1;;;1;;
3;03-MAYOR A PUNTO DE PEDIDO;1001971;ZSTO;ESMALTE SINT. AEROSOL ROJO X 440CC;MR01;0374;AA01;V1;12;HB;24;24;0;0;0;0;C22;INSUMOS C;89277,36;;KUWAIT-SINTEPLAST;PINTURAS;PINTURA AEROSOL;6-PESADO Y FRAGIL;0,39;0;KG;663,325;15;89277,3;;;;1;;;1;;
4;04-MAYOR A STOCK MAXIMO;1001972;ZSTO;ESMALTE SINT. AEROSOL VERDE X440CC;MR01;0374;AA01;V1;12;HB;24;25;0;0;0;0;C22;INSUMOS C;91279,25;;KUWAIT-SINTEPLAST;PINTURAS;PINTURA AEROSOL;6-PESADO Y FRAGIL;0,39;0;KG;663,325;15;91279,17;;;;;1;;1;;
3;03-MAYOR A PUNTO DE PEDIDO;1001973;ZSTO;ESMALTE SINT. AEROSOL AZUL X440CC;MR01;0374;AA01;V1;12;HB;24;24;0;0;0;0;C22;INSUMOS C;97699,68;;KUWAIT-SINTEPLAST;PINTURAS;PINTURA AEROSOL;6-PESADO Y FRAGIL;0,39;0;KG;663,325;15;97699,6;;;;1;;;1;;
3;03-MAYOR A PUNTO DE PEDIDO;1001982;ZSTO;VIDRIOP CARETASOLDADOR50X105MMTINTE10;MR01;0374;MI05;V1;5;HB;10;9;0;0;0;0;C27;FERRETERIA MR01;732,24;;;SOLDADURA;ACCESORIOS;9-FRAGIL;0,045;0;KG;10,5;15;732,25;;;;1;;;1;;
3;03-MAYOR A PUNTO DE PEDIDO;1001985;ZSTO;VIDRIOP CARETASOLDADOR50X105MMINCOLORO;MR01;0374;MI05;V1;20;HB;40;29;0;0;0;0;C27;FERRETERIA MR01;7508,1;;;SOLDADURA;ACCESORIOS;9-FRAGIL;0,025;0;KG;10,5;15;7507,98;;;;1;;;1;;
3;03-MAYOR A PUNTO DE PEDIDO;1001988;ZSTO;ELECTRODO AWS6013 X 3,25MM X KG;MR01;0374;BB01;V1;10;HB;30;30;0;0;0;0;C27;FERRETERIA MR01;186570,3;CONARCO;AWS6013;SOLDADURA;ELECTRODOS;7-PESADO;1;0;KG;336,569;15;186570,37;;;;1;;;1;;
3;03-MAYOR A PUNTO DE PEDIDO;1001992;ZSTO;ELECTRODO AWS7018 X 4,00 MM X KG;MR01;0374;BB01;V1;10;HB;30;30;0;0;0;0;C27;FERRETERIA MR01;266865,3;CONARCO;AWS7018;SOLDADURA;ELECTRODOS;7-PESADO;1;0;KG;317,925;15;266865,34;;;;1;;;1;;
3;03-MAYOR A PUNTO DE PEDIDO;1001993;ZSTO;ELECTRODO AWS7018 X 3,25 MM X KG;MR01;0374;BB01;V1;10;HB;30;30;0;0;0;0;C27;FERRETERIA MR01;274749;CONARCO;AWS7018;SOLDADURA;ELECTRODOS;7-PESADO;1;0;KG;336,569;15;274748,96;;;;1;;;1;;
3;03-MAYOR A PUNTO DE PEDIDO;1001994;ZSTO;ELECTRODO AWS7018 X 2,50 MM X KG;MR01;0374;BB01;V1;10;HB;30;30;0;0;0;0;C27;FERRETERIA MR01;356296,5;CONARCO;AWS7018;SOLDADURA;ELECTRODOS;7-PESADO;1;0;KG;336,569;15;356296,49;;;;1;;;1;;
3;03-MAYOR A PUNTO DE PEDIDO;1001997;ZSTO;ELECTRODO 6013 X 2 MM X KG;MR01;0374;BB01;V1;45;HB;90;60;0;0;0;0;C27;FERRETERIA MR01;523141,2;CONARCO;AWSE6013;SOLDADURA;ELECTRODOS;7-PESADO;1;0;KG;288,487;15;523141,14;;;;1;;;1;;
4;04-MAYOR A STOCK MAXIMO;1002000;ZSTO;CAMISA JEAN T.38 C LOGO;MR01;0374;MF02;V1;10;HB;20;23;0;0;0;0;C28;SEGURIDAD/ROPA/EPP;433166,13;;;ROPA;INDUMENTARIA;8-VARIOS;0,425;0;KG;520;30;433166,13;;;;;1;;1;;
3;03-MAYOR A PUNTO DE PEDIDO;1002001;ZSTO;CAMISA JEAN T.40 C LOGO;MR01;0374;MF02;V1;15;HB;25;23;0;0;0;0;C28;SEGURIDAD/ROPA/EPP;431164,67;;;ROPA;INDUMENTARIA;8-VARIOS;0,438;0;KG;565,5;30;431164,59;;;;1;;;1;;
2;02-MENOR A PUNTO DE PEDIDO;1002002;ZSTO;CAMISA JEAN T.42 C LOGO;MR01;0374;MG02;V1;20;HB;35;7;0;0;0;0;C28;SEGURIDAD/ROPA/EPP;130533,69;;;ROPA;INDUMENTARIA;8-VARIOS;0,492;0;KG;560;30;130533,66;;1;;;;;1;;
2;02-MENOR A PUNTO DE PEDIDO;1002003;ZSTO;CAMISA JEAN T.44 C LOGO;MR01;0374;MG02;V1;20;HB;35;5;0;0;0;0;C28;SEGURIDAD/ROPA/EPP;90941,75;;;ROPA;INDUMENTARIA;8-VARIOS;0,45;0;KG;536,5;30;90941,77;;1;;;;;1;;
3;03-MAYOR A PUNTO DE PEDIDO;1002004;ZSTO;CAMISA JEAN T.46 C LOGO;MR01;0374;MH02;V1;15;HB;30;20;0;0;0;0;C28;SEGURIDAD/ROPA/EPP;365375,6;;;ROPA;INDUMENTARIA;8-VARIOS;0,49;0;KG;640;30;365375,56;;;;1;;;1;;
3;03-MAYOR A PUNTO DE PEDIDO;1002005;ZSTO;CAMISA JEAN T.48 C LOGO;MR01;0374;MH02;V1;15;HB;30;23;0;0;0;0;C28;SEGURIDAD/ROPA/EPP;432314,44;;;ROPA;INDUMENTARIA;8-VARIOS;0,495;0;KG;2378;30;432314,37;;;;1;;;1;;
4;04-MAYOR A STOCK MAXIMO;1002006;ZSTO;CAMISA JEAN T.50 C LOGO;MR01;0374;MH02;V1;5;HB;8;11;0;0;0;0;C28;SEGURIDAD/ROPA/EPP;194246,25;;;ROPA;INDUMENTARIA;8-VARIOS;0,617;0;KG;2970;30;194246,22;;;;;1;;1;;
3;03-MAYOR A PUNTO DE PEDIDO;1002007;ZSTO;CAMISA JEAN T.52 C LOGO;MR01;0374;MI02;V1;5;HB;10;10;0;0;0;0;C28;SEGURIDAD/ROPA/EPP;132686,3;;;ROPA;INDUMENTARIA;8-VARIOS;0,525;0;KG;635,5;30;132686,35;;;;1;;;1;;
3;03-MAYOR A PUNTO DE PEDIDO;1002008;ZSTO;CAMISA JEAN T.54 C LOGO;MR01;0374;MI02;V1;5;HB;10;8;0;0;0;0;C28;SEGURIDAD/ROPA/EPP;78576,64;;;ROPA;INDUMENTARIA;8-VARIOS;0,614;0;KG;3600;30;78576,63;;;;1;;;1;;
4;04-MAYOR A STOCK MAXIMO;1002009;ZSTO;CAMISA JEAN T.56 C LOGO;MR01;0374;MI02;V1;2;HB;4;10;0;0;0;0;C28;SEGURIDAD/ROPA/EPP;9129,9;;;ROPA;INDUMENTARIA;8-VARIOS;0,607;0;KG;3627;30;9129,86;;;;;1;;1;;
4;04-MAYOR A STOCK MAXIMO;1002010;ZSTO;CAMISA JEAN T.58 C LOGO;MR01;0374;MI02;V1;1;HB;2;14;0;0;0;0;C28;SEGURIDAD/ROPA/EPP;46100,6;;;ROPA;INDUMENTARIA;8-VARIOS;0,548;0;KG;709,5;15;46100,6;;;;;1;;1;;
4;04-MAYOR A STOCK MAXIMO;1002011;ZSTO;PANTALON JEAN T.38;MR01;0374;MF03;V1;4;HB;8;49;0;0;0;0;C28;SEGURIDAD/ROPA/EPP;477248,73;;;ROPA;INDUMENTARIA;8-VARIOS;0,656;0;KG;3240;15;477248,62;;;;;1;;1;;
4;04-MAYOR A STOCK MAXIMO;1002012;ZSTO;PANTALON JEAN T.40;MR01;0374;MG03;V1;15;HB;25;35;0;0;0;0;C28;SEGURIDAD/ROPA/EPP;548109,45;;;ROPA;INDUMENTARIA;8-VARIOS;0,63;0;KG;2544;15;548109,4;;;;;1;;1;;
4;04-MAYOR A STOCK MAXIMO;1002013;ZSTO;PANTALON JEAN T.42;MR01;0374;MG03;V1;15;HB;25;27;0;0;0;0;C28;SEGURIDAD/ROPA/EPP;423572,22;;;ROPA;INDUMENTARIA;8-VARIOS;0,627;0;KG;3224;15;423572,26;;;;;1;;1;;
2;02-MENOR A PUNTO DE PEDIDO;1002014;ZSTO;PANTALON JEAN T.44;MR01;0374;MH03;V1;15;HB;25;14;0;0;0;0;C28;SEGURIDAD/ROPA/EPP;224567,42;;;ROPA;INDUMENTARIA;8-VARIOS;0,69;0;KG;2725;15;224567,44;;1;;;;;1;;
2;02-MENOR A PUNTO DE PEDIDO;1002015;ZSTO;PANTALON JEAN T.46;MR01;0374;MH03;V1;15;HB;25;9;0;0;0;0;C28;SEGURIDAD/ROPA/EPP;142977,6;;;ROPA;INDUMENTARIA;8-VARIOS;0,689;0;KG;2808;15;142977,61;;1;;;;;1;;
2;02-MENOR A PUNTO DE PEDIDO;1002016;ZSTO;PANTALON JEAN T.48;MR01;0374;MI03;V1;15;HB;25;5;0;0;0;0;C28;SEGURIDAD/ROPA/EPP;81565,8;;;ROPA;INDUMENTARIA;8-VARIOS;0,725;0;KG;2970;15;81565,82;;1;;;;;1;;
2;02-MENOR A PUNTO DE PEDIDO;1002017;ZSTO;PANTALON JEAN T.50;MR01;0374;MI03;V1;8;HB;16;4;0;0;0;0;C28;SEGURIDAD/ROPA/EPP;67989,28;;;ROPA;INDUMENTARIA;8-VARIOS;0,751;0;KG;4107,5;21;67989,29;;1;;;;;1;;
2;02-MENOR A PUNTO DE PEDIDO;1002018;ZSTO;PANTALON JEAN T.52;MR01;0374;MI03;V1;5;HB;10;5;0;0;0;0;C28;SEGURIDAD/ROPA/EPP;80230,3;;;ROPA;INDUMENTARIA;8-VARIOS;0,761;0;KG;3850;21;80230,29;;1;;;;;1;;
3;03-MAYOR A PUNTO DE PEDIDO;1002019;ZSTO;PANTALON JEAN T.54;MR01;0374;MI03;V1;5;HB;10;10;0;0;0;0;C28;SEGURIDAD/ROPA/EPP;134345,9;;;ROPA;INDUMENTARIA;8-VARIOS;0,788;0;KG;6264;21;134345,94;;;;1;;;1;;
2;02-MENOR A PUNTO DE PEDIDO;1002020;ZSTO;PANTALON JEAN T.56;MR01;0374;MI03;V1;2;HB;4;2;0;0;0;0;C28;SEGURIDAD/ROPA/EPP;20932,02;;;ROPA;INDUMENTARIA;8-VARIOS;0,795;0;KG;3348;21;20932,03;;1;;;;;1;;
2;02-MENOR A PUNTO DE PEDIDO;1002021;ZSTO;PANTALON JEAN T.58;MR01;0374;MI03;V1;2;HB;4;2;0;0;0;0;C28;SEGURIDAD/ROPA/EPP;16351,3;;;ROPA;INDUMENTARIA;8-VARIOS;0,814;0;KG;4292;21;16351,29;;1;;;;;1;;
4;04-MAYOR A STOCK MAXIMO;1002022;ZSTO;PANTALON JEAN T.60;MR01;0374;MI03;V1;1;HB;2;7;0;0;0;0;C28;SEGURIDAD/ROPA/EPP;61278,98;;;ROPA;INDUMENTARIA;8-VARIOS;0,835;0;KG;3520;21;61278,99;;;;;1;;1;;
3;03-MAYOR A PUNTO DE PEDIDO;1002043;ZSTO;CAMISETA PRIMERA PIEL T.S;MR01;0374;MF05;V1;10;HB;20;14;0;0;0;0;C28;SEGURIDAD/ROPA/EPP;119177,8;;;SEGURIDAD;INDUMENTARIA;8-VARIOS;0,309;0;KG;1750;20;119177,8;;;;1;;;1;;
2;02-MENOR A PUNTO DE PEDIDO;1002045;ZSTO;CAMISETA PRIMERA PIEL T.L;MR01;0374;MF05;V1;10;HB;20;6;0;0;0;0;C28;SEGURIDAD/ROPA/EPP;73466,82;;;SEGURIDAD;INDUMENTARIA;8-VARIOS;0,158;0;KG;1344;20;73466,79;;1;;;;;1;;
2;02-MENOR A PUNTO DE PEDIDO;1002046;ZSTO;CAMISETA PRIMERA PIEL T.XL;MR01;0374;MG05;V1;15;HB;30;3;0;0;0;0;C28;SEGURIDAD/ROPA/EPP;36484,2;;;SEGURIDAD;INDUMENTARIA;8-VARIOS;0,181;0;KG;1056;20;36484,21;;1;;;;;1;;
2;02-MENOR A PUNTO DE PEDIDO;1002047;ZSTO;CAMISETA PRIMERA PIEL T.XXL;MR01;0374;MG05;V1;15;HB;30;8;0;0;0;0;C28;SEGURIDAD/ROPA/EPP;78581,68;;;SEGURIDAD;INDUMENTARIA;8-VARIOS;0,17;0;KG;536,5;20;78581,71;;1;;;;;1;;
2;02-MENOR A PUNTO DE PEDIDO;1002048;ZSTO;CAMISETA PRIMERA PIEL T.XXXL;MR01;0374;MH05;V1;8;HB;16;5;0;0;0;0;C28;SEGURIDAD/ROPA/EPP;46208,1;;;SEGURIDAD;INDUMENTARIA;8-VARIOS;0,24;0;KG;2200;20;46208,11;;1;;;;;1;;
3;03-MAYOR A PUNTO DE PEDIDO;1002049;ZSTO;CAMPERA 2 PIEL T. S;MR01;0374;CB02;V1;8;HB;16;9;0;0;0;0;C28;SEGURIDAD/ROPA/EPP;135084,42;;;SEGURIDAD;INDUMENTARIA;8-VARIOS;0,496;0;KG;8550;30;135084,41;;;;1;;;1;;
3;03-MAYOR A PUNTO DE PEDIDO;1002050;ZSTO;CAMPERA 2 PIEL T. M;MR01;0374;CB02;V1;10;HB;20;12;0;0;0;0;C28;SEGURIDAD/ROPA/EPP;198021,24;;;SEGURIDAD;INDUMENTARIA;8-VARIOS;0,432;0;KG;4750;30;198021,27;;;;1;;;1;;
2;02-MENOR A PUNTO DE PEDIDO;1002051;ZSTO;CAMPERA 2 PIEL T. L;MR01;0374;CC02;V1;10;HB;20;5;0;0;0;0;C28;SEGURIDAD/ROPA/EPP;73901,6;;;SEGURIDAD;INDUMENTARIA;8-VARIOS;0,497;0;KG;7280;30;73901,59;;1;;;;;1;;
3;03-MAYOR A PUNTO DE PEDIDO;1002052;ZSTO;CAMPERA 2 PIEL T. XL;MR01;0374;CC02;V1;15;HB;30;26;0;0;0;0;C28;SEGURIDAD/ROPA/EPP;454799,54;;;SEGURIDAD;INDUMENTARIA;8-VARIOS;0,508;0;KG;7560;30;454799,54;;;;1;;;1;;
4;04-MAYOR A STOCK MAXIMO;1002053;ZSTO;CAMPERA 2 PIEL T. XXL;MR01;0374;CC02;V1;15;HB;30;52;0;0;0;0;C28;SEGURIDAD/ROPA/EPP;795866,76;;;SEGURIDAD;INDUMENTARIA;8-VARIOS;0,606;0;KG;8640;30;795866,58;;;;;1;;1;;
4;04-MAYOR A STOCK MAXIMO;1002054;ZSTO;CAMPERA 2 PIEL T. XXXL;MR01;0374;CC02;V1;8;HB;16;19;0;0;0;0;C28;SEGURIDAD/ROPA/EPP;254971,07;;;SEGURIDAD;INDUMENTARIA;8-VARIOS;0,662;0;KG;8400;30;254971,01;;;;;1;;1;;
4;04-MAYOR A STOCK MAXIMO;1002055;ZSTO;MEDIAS TERMICAS T. UNICO PARA -10 GRADOS;MR01;0374;MI06;V1;25;HB;50;58;0;0;0;0;C28;SEGURIDAD/ROPA/EPP;227698,72;;;ROPA;INDUMENTARIA;8-VARIOS;0,105;0;KG;712,5;15;227698,59;;;;;1;;1;;
4;04-MAYOR A STOCK MAXIMO;1002056;ZSTO;CAMPERA ABRIGO T. S ROJA CON LOGO;MR01;0374;CA02;V1;10;HB;20;22;0;0;0;0;C28;SEGURIDAD/ROPA/EPP;935997,48;No aplica;CON REFLECTIVO T. S;ROPA;INDUMENTARIA;8-VARIOS;0,85;0;KG;13468;30;935997,59;;;;;1;;1;;
3;03-MAYOR A PUNTO DE PEDIDO;1002057;ZSTO;CAMPERA ABRIGO T. M ROJA CON LOGO;MR01;0374;CA02;V1;10;HB;20;12;0;0;0;0;C28;SEGURIDAD/ROPA/EPP;546353,16;No aplica;CON REFLECTIVO T. M;ROPA;INDUMENTARIA;8-VARIOS;0,841;0;KG;17640;30;546353,12;;;;1;;;1;;
4;04-MAYOR A STOCK MAXIMO;1002058;ZSTO;CAMPERA ABRIGO T. L ROJA CON LOGO;MR01;0374;CA02;V1;10;HB;20;40;0;0;0;0;C28;SEGURIDAD/ROPA/EPP;1903244,4;No aplica;CON REFLECTIVO T. L;ROPA;INDUMENTARIA;8-VARIOS;0,926;0;KG;12000;30;1903244,43;;;;;1;;1;;
4;04-MAYOR A STOCK MAXIMO;1002059;ZSTO;CAMPERA ABRIGO T. XL ROJA CON LOGO;MR01;0374;CA02;V1;15;HB;30;99;0;0;0;0;C28;SEGURIDAD/ROPA/EPP;4397621,58;No aplica;CON REFLECTIVO T. XL;ROPA;INDUMENTARIA;8-VARIOS;0,985;0;KG;8960;30;4397621,27;;;;;1;;1;;
3;03-MAYOR A PUNTO DE PEDIDO;1002060;ZSTO;CAMPERA ABRIGO T. XXL ROJA CON LOGO;MR01;0374;CB02;V1;15;HB;30;20;0;0;0;0;C28;SEGURIDAD/ROPA/EPP;858865,8;No aplica;CON REFLECTIVO T. XXL;ROPA;INDUMENTARIA;8-VARIOS;1,16;0;KG;16632;30;858865,83;;;;1;;;1;;
3;03-MAYOR A PUNTO DE PEDIDO;1002061;ZSTO;CAMPERA ABRIGO T. XXXL ROJA CON LOGO;MR01;0374;CB02;V1;8;HB;16;13;0;0;0;0;C28;SEGURIDAD/ROPA/EPP;536492,32;No aplica;CON REFLECTIVO T. XXXL;ROPA;INDUMENTARIA;8-VARIOS;0,979;0;KG;8960;30;536492,32;;;;1;;;1;;
4;04-MAYOR A STOCK MAXIMO;1002064;ZSTO;PANTALON PRIMERA PIEL T.S;MR01;0374;MF06;V1;10;HB;20;25;0;0;0;0;C28;SEGURIDAD/ROPA/EPP;242230,75;;;SEGURIDAD;INDUMENTARIA;8-VARIOS;0,179;0;KG;1292;20;242230,84;;;;;1;;1;;
4;04-MAYOR A STOCK MAXIMO;1002065;ZSTO;PANTALON PRIMERA PIEL T.M;MR01;0374;MF06;V1;10;HB;20;28;0;0;0;0;C28;SEGURIDAD/ROPA/EPP;374368,4;;;SEGURIDAD;INDUMENTARIA;8-VARIOS;0,127;0;KG;1144;20;374368,3;;;;;1;;1;;
2;02-MENOR A PUNTO DE PEDIDO;1002066;ZSTO;PANTALON PRIMERA PIEL T.L;MR01;0374;MG06;V1;10;HB;20;1;0;0;0;0;C28;SEGURIDAD/ROPA/EPP;11792,69;;;SEGURIDAD;INDUMENTARIA;8-VARIOS;0,225;0;KG;1424,5;20;11792,69;;1;;;;;1;;
2;02-MENOR A PUNTO DE PEDIDO;1002067;ZSTO;PANTALON PRIMERA PIEL T.XL;MR01;0374;MG06;V1;15;HB;30;2;0;0;0;0;C28;SEGURIDAD/ROPA/EPP;23649,14;;;SEGURIDAD;INDUMENTARIA;8-VARIOS;0,158;0;KG;1600;20;23649,13;;1;;;;;1;;
2;02-MENOR A PUNTO DE PEDIDO;1002068;ZSTO;PANTALON PRIMERA PIEL T.XXL;MR01;0374;MG06;V1;15;HB;30;2;0;0;0;0;C28;SEGURIDAD/ROPA/EPP;22240,32;;;SEGURIDAD;INDUMENTARIA;8-VARIOS;0,156;0;KG;2070;20;22240,31;;1;;;;;1;;
4;04-MAYOR A STOCK MAXIMO;1002069;ZSTO;PANTALON PRIMERA PIEL T.XXXL;MR01;0374;MH06;V1;8;HB;16;33;0;0;0;0;C28;SEGURIDAD/ROPA/EPP;261736,86;;;SEGURIDAD;INDUMENTARIA;8-VARIOS;0,235;0;KG;1764;21;261736,96;;;;;1;;1;;
3;03-MAYOR A PUNTO DE PEDIDO;1002071;ZSTO;CAMPERA DESCARNE T.XXXL;MR01;0374;MA02;V1;3;HB;6;6;0;0;0;0;C28;SEGURIDAD/ROPA/EPP;224109,48;;;SEGURIDAD;INDUMENTARIA;8-VARIOS;0;0;KG;0;21;224109,46;;;;1;;;1;;
3;03-MAYOR A PUNTO DE PEDIDO;1002088;ZSTO;TRAJE DE LLUVIA T.XXL;MR01;0374;MB05;V1;3;HB;6;6;0;0;0;0;C28;SEGURIDAD/ROPA/EPP;97704,78;;;ROPA;INDUMENTARIA;8-VARIOS;1,374;0;KG;2400;15;97704,75;;;;1;;;1;;
3;03-MAYOR A PUNTO DE PEDIDO;1002089;ZSTO;CAPA DE LLUVIA T.L;MR01;0374;MB04;V1;3;HB;6;6;0;0;0;0;C28;SEGURIDAD/ROPA/EPP;68734,44;;;ROPA;INDUMENTARIA;8-VARIOS;1,111;0;KG;2625;15;68734,41;;;;1;;;1;;
2;02-MENOR A PUNTO DE PEDIDO;1002090;ZSTO;CAPA DE LLUVIA T.XL;MR01;0374;MB04;V1;3;HB;6;2;0;0;0;0;C28;SEGURIDAD/ROPA/EPP;19248,1;;;ROPA;INDUMENTARIA;8-VARIOS;0,959;0;KG;2448;15;19248,09;;1;;;;;1;;
3;03-MAYOR A PUNTO DE PEDIDO;1002092;ZSTO;CAPA DE LLUVIA T.XXXL;MR01;0374;MB04;V1;3;HB;6;6;0;0;0;0;C28;SEGURIDAD/ROPA/EPP;65410,44;;;ROPA;INDUMENTARIA;8-VARIOS;1,179;0;KG;2730;15;65410,47;;;;1;;;1;;
3;03-MAYOR A PUNTO DE PEDIDO;1002115;ZSTO;CORREA MOTOR;MR01;0374;TABLERO 1;V1;1;HB;2;2;0;0;0;0;C29;FILTROS/RESPUESTOS;1545;CATERPILLA;2432143;CORREAS;CAT 938 H;8-VARIOS;0,212;0;KG;1254;15;1545;;;;1;;;1;;
3;03-MAYOR A PUNTO DE PEDIDO;1002123;ZSTO;CORREA;MR01;0374;TABLERO 1;V1;1;HB;2;2;0;0;0;0;C29;FILTROS/RESPUESTOS;95376,14;JOHN DEERE // JOHN DEERE;T197521 // T428724;CORREAS;JD 544J;8-VARIOS;0,178;0;KG;94,5;25;95376,15;;;;1;;;1;;
3;03-MAYOR A PUNTO DE PEDIDO;1002156;ZSTO;CORREA D6T XUN;MR01;0374;TABLERO 1;V1;1;HB;3;3;0;0;0;0;C03;EQUIPOS;145108,59;CATERPILLA;2160349;CORREAS;D6T;8-VARIOS;0,22;0;KG;709,5;15;145108,59;;;;1;;;1;;
3;03-MAYOR A PUNTO DE PEDIDO;1002164;ZSTO;CORREA MOTOR VW 31-320 CONSTELATION XUN;MR01;0374;DA FRENTE;V1;1;HB;2;2;0;0;0;0;C29;FILTROS/RESPUESTOS;49889,72;CONTINENTA;8PK1980;CORREAS;VW 31-320 CONSTELATION;8-VARIOS;0,33;0;KG;1836;15;49889,72;;;;1;;;1;;
3;03-MAYOR A PUNTO DE PEDIDO;1002171;ZSTO;B25-EA VENTILADOR XUN;MR01;0374;TABLERO 1;V1;2;HB;3;3;0;0;0;0;C29;FILTROS/RESPUESTOS;416097,6;BOMAG GMBH;05715360;CORREAS;BOMAG;8-VARIOS;0,291;0;KG;735;25;416097,61;;;;1;;;1;;
3;03-MAYOR A PUNTO DE PEDIDO;1002172;ZSTO;CORREA VENTILADOR X3 UNIDADES;MR01;0374;TABLERO 1;V1;2;HB;4;3;0;0;0;0;C29;FILTROS/RESPUESTOS;490281,81;CATERPILLA;4P8087;CORREAS;CAT D6TXL;8-VARIOS;0,863;0;KG;6888;15;490281,82;;;;1;;;1;;
3;03-MAYOR A PUNTO DE PEDIDO;1002174;ZSTO;CORREA A A X UN;MR01;0374;TABLERO 1;V1;1;HB;2;2;0;0;0;0;C29;FILTROS/RESPUESTOS;151448,08;KOMATSU HO;412021761;CORREAS;PC350LC8;8-VARIOS;0,27;0;KG;4320;15;151448,09;;;;1;;;1;;
3;03-MAYOR A PUNTO DE PEDIDO;1002180;ZSTO;CORREA TOPADOR XUN;MR01;0374;TABLERO 1;V1;1;HB;3;3;0;0;0;0;C29;FILTROS/RESPUESTOS;253970,16;CATERPILLA;2414981;CORREAS;D6T;8-VARIOS;0,15;0;KG;672;25;253970,16;;;;1;;;1;;
3;03-MAYOR A PUNTO DE PEDIDO;1002190;ZSTO;CORREA AIRE ACONDICIONADO;MR01;0374;TABLERO 1;V1;2;HB;4;4;0;0;0;0;C29;FILTROS/RESPUESTOS;185814,4;BOMAG GMBH;6312244;CORREAS;BOMAG 213 HD4;8-VARIOS;0,119;0;KG;47;15;185814,42;;;;1;;;1;;
2;02-MENOR A PUNTO DE PEDIDO;1002195;ZSTO;CORREA DE ALTERNADOR;MR01;0374;TABLERO 1;V1;1;HB;1;1;0;0;0;0;C29;FILTROS/RESPUESTOS;11671,77;BOBCAT;7100104;CORREAS;BOBCAT S530;8-VARIOS;0,1;0;KG;792;25;11671,77;;1;;;;;1;;
4;04-MAYOR A STOCK MAXIMO;1002197;ZSTO;TENSOR CORREA BOMBA HIDRAULICA;MR01;0374;BB02;V1;1;HB;1;3;0;0;0;0;C29;FILTROS/RESPUESTOS;823191;;6735884;CORREAS;BOBCAT;8-VARIOS;3,615;0;KG;3146;25;823190,99;;;;;1;;1;;
3;03-MAYOR A PUNTO DE PEDIDO;1002202;ZSTO;CORREA PRINCIPAL;MR01;0374;TABLERO 1;V1;1;HB;2;2;0;0;0;0;C29;FILTROS/RESPUESTOS;242243,6;CATERPILLA;3508742;CORREAS;CORREAS;8-VARIOS;0,244;0;KG;973,5;15;242243,61;;;;1;;;1;;
3;03-MAYOR A PUNTO DE PEDIDO;1002203;ZSTO;CORREA POLI-V;MR01;0374;DA FRENTE;V1;1;HB;3;2;0;0;0;0;C03;EQUIPOS;177004,24;;90916T2033;CORREAS;HILUX 2019;8-VARIOS;0,226;0;KG;3300;15;177004,24;;;;1;;;1;;
3;03-MAYOR A PUNTO DE PEDIDO;1002204;ZSTO;CORREA ALTERNADOR;MR01;0374;TABLERO 1;V1;1;HB;2;2;0;0;0;0;C03;EQUIPOS;26887,92;;3032915 // AV 13X890;CORREAS;HIMOINSA LTA 8 V LED;8-VARIOS;0,115;0;KG;357;30;26887,91;;;;1;;;1;;
3;03-MAYOR A PUNTO DE PEDIDO;1002205;ZSTO;CORREA DE ALTERNADOR;MR01;0374;TABLERO1;V1;1;HB;2;2;0;0;0;0;C29;FILTROS/RESPUESTOS;210873,46;;1F504013617 // 5802350473;CORREAS;DIECHI SAMSON 75.10;8-VARIOS;0,192;0;KG;3024;15;210873,46;;;;1;;;1;;
3;03-MAYOR A PUNTO DE PEDIDO;1002207;ZSTO;CORREA ALTERNADOR;MR01;0374;TABLERO 1;V1;1;HB;3;2;0;0;0;0;C29;FILTROS/RESPUESTOS;375252,94;HAULOTTE G // CONTINENTA // No aplica;4000053460 // AVX 13X1188 // 2614B543;CORREAS;HAULOTTE 4014 /4017;8-VARIOS;0,286;0;KG;583;20;375252,94;;;;1;;;1;;
4;04-MAYOR A STOCK MAXIMO;1002211;ZSTO;CORREA VENTILADOR;MR01;0374;TABLERO 1;V1;2;HB;5;6;0;0;0;0;C03;EQUIPOS;392472,18;;10PK1448-20712530 // 10PK1448-24635977;CORREAS;PLATAFORMA DE MANTENIMIENTO VE;8-VARIOS;0,282;0;KG;1350;15;392472,15;;;;;1;;1;;
2;02-MENOR A PUNTO DE PEDIDO;1002212;ZSTO;CORREA DE ALTERNADOR;MR01;0374;TABLERO 1;V1;2;HB;5;1;0;0;0;0;C03;EQUIPOS;43192,81;CATERPILLA // // No aplica;8PK1537 // 22275091 // 8PK-1540 // 8PK1535;CORREAS;PLATAFORMA DE MANTENIMIENTO VE;8-VARIOS;0,228;0;KG;663;15;43192,81;;1;;;;;1;;
3;03-MAYOR A PUNTO DE PEDIDO;1002229;ZSTO;TUERCA CUCHILLA CORTE LATERAL;MR01;0374;BB02 BIS;V1;20;HB;40;23;0;0;0;0;G05;AJUSTE;44471,19;CATERPILLA // CATERPILLA;2J3507 // 8J2933;DESGASTE;938HG,D9T, 324DL, 330,336,988;7-PESADO;0,11;0;KG;25,12;25;44471,25;;;;1;;;1;;
3;03-MAYOR A PUNTO DE PEDIDO;1002230;ZSTO;CUCHILLA XUN;MR01;0374;FB02PALLET;V1;3;HB;6;4;0;0;0;0;G01;CUCHILLAS;134465,36;CATERPILLA;9W1878;DESGASTE;D6T;4-CUCHILLAS;41,5;0;KG;6247,5;25;134465,34;;;;1;;;1;;
3;03-MAYOR A PUNTO DE PEDIDO;1002231;ZSTO;TACOP T204018(TRABAESCARIFICADOR)XUN;MR01;0374;BB02BIS;V1;16;HB;32;31;0;0;0;0;G05;AJUSTE;7878,96;JOHN DEERE;T150347;DESGASTE;770D;7-PESADO;0,001;0;KG;7,359;15;7878,82;;;;1;;;1;;
3;03-MAYOR A PUNTO DE PEDIDO;1002235;ZSTO;CANTONERA DERECHAXUN;MR01;0374;GC01CAJON2;V1;2;HB;4;3;0;0;0;0;G02;LATERALES;61931,22;CATERPILLA // JOHN DEERE;9W8874 // T160425;DESGASTE;D6T JD850J;3-DESGASTE;18,5;0;KG;2300;25;61931,22;;;;1;;;1;;
2;02-MENOR A PUNTO DE PEDIDO;1002236;ZSTO;BULON PARA CUCHILLA XUN;MR01;0374;BB02BIS;V1;40;HB;80;24;0;0;0;0;G05;AJUSTE;50977,2;CATERPILLA;5J4773;DESGASTE;CAT 140K // CAT 988H // CAT D6T;7-PESADO;0,15;0;KG;49,455;25;50977,19;;1;;;;;1;;
3;03-MAYOR A PUNTO DE PEDIDO;1002237;ZSTO;CANTONERA IZQQUIERDA XUN;MR01;0374;GC01CAJON2;V1;2;HB;4;3;0;0;0;0;G02;LATERALES;143713,62;CATERPILLA // JOHN DEERE;9W8875 // T160426;DESGASTE;D6T JD850J;3-DESGASTE;18,5;0;KG;3588;25;143713,62;;;;1;;;1;;
3;03-MAYOR A PUNTO DE PEDIDO;1002239;ZSTO;RETEN. RIPPER;MR01;0374;BB02BIS;V1;14;HB;28;19;0;0;0;0;G03;RIPPER;60426,84;CATERPILLA // CATERPILLA;1140359 // 8E6359;DESGASTE;D6T, 140K, 988H;8-VARIOS;0,03;0;KG;12,56;25;60426,86;;;;1;;;1;;
3;03-MAYOR A PUNTO DE PEDIDO;1002240;ZSTO;TRABA RIPPER XUN;MR01;0374;BB02BIS;V1;4;HB;8;5;0;0;0;0;G05;AJUSTE;5310,35;CATERPILLA;1140358;DESGASTE;D6T;7-PESADO;0,23;0;KG;34,54;25;5310,37;;;;1;;;1;;
3;03-MAYOR A PUNTO DE PEDIDO;1002241;ZSTO;DIENTE BALDE XU;MR01;0374;EA1CAJON10;V1;7;HB;21;21;0;0;0;0;G04;UÑAS;32353,23;;1U3252TL;DESGASTE;938H/G 544J, 544K;3-DESGASTE;2,73;0;KG;1211,25;25;32353,23;;;;1;;;1;;
3;03-MAYOR A PUNTO DE PEDIDO;1002243;ZSTO;PERNO XUN;MR01;0374;;V1;7;HB;21;21;0;0;0;0;G05;AJUSTE;1262,31;CATERPILLA;1324763;DESGASTE;DIENTE CAT 938H;7-PESADO;0,09;0;KG;6,28;25;1262,31;;;;1;;;1;;
3;03-MAYOR A PUNTO DE PEDIDO;1002249;ZSTO;TRABA P K30SYL-K30RC XUN;MR01;0374;BB02 BIS;V1;4;HB;7;7;0;0;0;0;G05;AJUSTE;180420,59;KOMATSU HO // KOMATSU HO;KP30 // K30;DESGASTE;PC350LC8;7-PESADO;0,65;0;KG;104;25;180420,58;;;;1;;;1;;
3;03-MAYOR A PUNTO DE PEDIDO;1002255;ZSTO;SEGMENTO DE CUCHILLA XUN;MR01;0374;GC01CAJON2;V1;2;HB;4;4;0;0;0;0;G04;UÑAS;78742,4;JOHN DEERE // JOHN DEERE;T226229 // T167850;DESGASTE;JD 644K - 46776;3-DESGASTE;20,42;0;KG;2925;25;78742,41;;;;1;;;1;;
3;03-MAYOR A PUNTO DE PEDIDO;1002256;ZSTO;BULON SEGMENTO 25.4X50X6MXUN;MR01;0374;BB02BIS;V1;10;HB;21;13;0;0;0;0;G05;AJUSTE;2918,37;JOHN DEERE;T146933;DESGASTE;JD 644K - 46776;7-PESADO;0,33;0;KG;100,48;25;2918,37;;;;1;;;1;;
3;03-MAYOR A PUNTO DE PEDIDO;1002257;ZSTO;TUERCA P 146933 XUN;MR01;0374;BB02BIS;V1;10;HB;21;13;0;0;0;0;G05;AJUSTE;14313,65;JOHN DEERE;14H1048;DESGASTE;JD 644K - 46776;7-PESADO;0,12;0;KG;25,12;25;14313,69;;;;1;;;1;;
3;03-MAYOR A PUNTO DE PEDIDO;1002269;ZSTO;PATIN INFERIOR CIRC;MR01;0374;BB02BIS;V1;3;HB;6;6;0;0;0;0;G01;CUCHILLAS;280738,44;CATERPILLA // CATERPILLA;1289656 // 3330960;DESGASTE;CAT 140H;7-PESADO;0,3;0;KG;1152;25;280738,47;;;;1;;;1;;
3;03-MAYOR A PUNTO DE PEDIDO;1002272;ZSTO;BULON PARA CUCHILLA;MR01;0374;BB02 BIS;V1;5;HB;10;10;0;0;0;0;G05;AJUSTE;7919,2;;NRPBO6718199 // NRPBO6718199 // NRPBO6729510;DESGASTE;BOBCAT S530 /&#160 // S185;7-PESADO;0,085;0;KG;38,858;15;7919,22;;;;1;;;1;;
3;03-MAYOR A PUNTO DE PEDIDO;1002273;ZSTO;TUERCA AUTOFRENANTE 5 8W;MR01;0374;BB02 BIS;V1;5;HB;10;10;0;0;0;0;G05;AJUSTE;3290,6;;X3219;DESGASTE;BOBCAT S530 /&#160 // S185;7-PESADO;0,035;0;KG;9,813;15;3290,59;;;;1;;;1;;
3;03-MAYOR A PUNTO DE PEDIDO;1002274;ZSTO;CUCHILLA 7′ X 8″ X 5/8″ X 3/4″;MR01;0374;GA02PALLET;V1;4;HB;8;8;0;0;0;0;C29;FILTROS/RESPUESTOS;1158595,28;FERNANDEZ;7D1158;DESGASTE;CAT 140K;4-CUCHILLAS;47,5;0;KG;63900;15;1158595,29;;;;1;;;1;;
3;03-MAYOR A PUNTO DE PEDIDO;1002280;ZSTO;TUERCA;MR01;0374;BB02BIS;V1;4;HB;8;6;0;0;0;0;G05;AJUSTE;11088;KOMATSU HO;180302430;DESGASTE;KOMATSU 155AX6;7-PESADO;0,16;0;KG;37,68;25;11088,01;;;;1;;;1;;
3;03-MAYOR A PUNTO DE PEDIDO;1002282;ZSTO;TUERCA P 9H1776 JD 310J;MR01;0374;BB02BIS;V1;5;HB;10;10;0;0;0;0;G05;AJUSTE;606,8;JOHN DEERE;14H1039;DESGASTE;JD 310J;7-PESADO;0,04;0;KG;7,065;25;606,77;;;;1;;;1;;
3;03-MAYOR A PUNTO DE PEDIDO;1002283;ZSTO;DIENTE;MR01;0374;GC01CAJON2;V1;4;HB;8;5;0;0;0;0;G04;UÑAS;2300,55;JOHN DEERE;TF23D;DESGASTE;JD310J;3-DESGASTE;1,675;0;KG;787,5;25;2300,55;;;;1;;;1;;
3;03-MAYOR A PUNTO DE PEDIDO;1002284;ZSTO;TRABA PARA DIENTE;MR01;0374;BB02BIS;V1;4;HB;8;5;0;0;0;0;G05;AJUSTE;594,6;JOHN DEERE;TF23P;DESGASTE;JD 310J;7-PESADO;0,04;0;KG;10;25;594,6;;;;1;;;1;;
3;03-MAYOR A PUNTO DE PEDIDO;1002287;ZSTO;CUCHILLA;MR01;0374;GA01;V1;3;HB;5;5;0;0;0;0;G01;CUCHILLAS;62627,5;JOHN DEERE // JOHN DEERE;T150517 // T166437;DESGASTE;JD310J;4-CUCHILLAS;60;0;KG;8720;25;62627,52;;;;1;;;1;;
3;03-MAYOR A PUNTO DE PEDIDO;1002295;ZSTO;TORNILLO P CANTONTERA CAT XUN;MR01;0374;;V1;5;HB;10;8;0;0;0;0;G05;AJUSTE;13129,92;CATERPILLA // CATERPILLA;4J9208 // 1D4635;DESGASTE;CAT D9R, 324DL, 988H;7-PESADO;0,43;0;KG;125,6;25;13129,9;;;;1;;;1;;
3;03-MAYOR A PUNTO DE PEDIDO;1002298;ZSTO;TRABA PROT. RIPPER XUN;MR01;0374;BB02BIS;V1;12;HB;24;24;0;0;0;0;G05;AJUSTE;30669,36;CATERPILLA;1368308;DESGASTE;CAT 140K;7-PESADO;0,18;0;KG;26,69;25;30669,34;;;;1;;;1;;
3;03-MAYOR A PUNTO DE PEDIDO;1002299;ZSTO;UNA RIPPER X UN;MR01;0374;FC01CAJON9;V1;12;HB;25;22;0;0;0;0;G04;UÑAS;694319,34;CATERPILLA;6Y0309;DESGASTE;CAT 140K;3-DESGASTE;5,38;0;KG;2552;25;694319,42;;;;1;;;1;;
3;03-MAYOR A PUNTO DE PEDIDO;1002302;ZSTO;BRAZO ESCARIFICADOR CAT;MR01;0374;GC01CAJON2;V1;2;HB;3;3;0;0;0;0;G03;RIPPER;84962,97;CATERPILLA // No aplica // CATERPILLA;9F5124 // 19572189 // 1957218;DESGASTE;DIENTES/UÑAS/CUCHILLAS;3-DESGASTE;5,25;0;KG;1050;15;84962,96;;;;1;;;1;;
3;03-MAYOR A PUNTO DE PEDIDO;1002309;ZSTO;PROTECTOR ESCARIFICADOR X UN;MR01;0374;GC01CAJON2;V1;11;HB;22;22;0;0;0;0;G04;UÑAS;188890,02;CATERPILLA;6Y5230;DESGASTE;JD670 CAT 140K;3-DESGASTE;0;0;KG;0;25;188890,09;;;;1;;;1;;
3;03-MAYOR A PUNTO DE PEDIDO;1002316;ZSTO;SEGURO PUNTERA 175-71-22272 XUN;MR01;0374;BB02BIS;V1;6;HB;11;11;0;0;0;0;G05;AJUSTE;9304,13;;164322245;DESGASTE;KMS 155AX6;7-PESADO;0,03;0;KG;6,358;25;9304,15;;;;1;;;1;;
3;03-MAYOR A PUNTO DE PEDIDO;1002322;ZSTO;TUERCA X UN;MR01;0374;BB02BIS;V1;34;HB;69;41;0;0;0;0;G05;AJUSTE;47452,17;CATERPILLA;2J3506;DESGASTE;CAT 980H, 140K;7-PESADO;0,055;0;KG;10,598;15;47452,09;;;;1;;;1;;
3;03-MAYOR A PUNTO DE PEDIDO;1002329;ZSTO;ARANDELA P BULON CUCHILLA;MR01;0374;BB02BIS;V1;15;HB;30;29;0;0;0;0;G05;AJUSTE;56632,36;JOHN DEERE;24M7241;DESGASTE;JD310J;8-VARIOS;0,018;0;KG;1,414;25;56632,35;;;;1;;;1;;
3;03-MAYOR A PUNTO DE PEDIDO;1002330;ZSTO;DIENTE;MR01;0374;GC01CAJON2;V1;12;HB;23;23;0;0;0;0;G04;UÑAS;167940,71;JOHN DEERE;TF1U3302L;DESGASTE;JD. 644K;3-DESGASTE;4,14;0;KG;1035;25;167940,77;;;;1;;;1;;
3;03-MAYOR A PUNTO DE PEDIDO;1002331;ZSTO;TRABA P TF1U3302L;MR01;0374;BB02BIS;V1;5;HB;9;9;0;0;0;0;G05;AJUSTE;3122,37;JOHN DEERE;T9J2308;DESGASTE;JD 644K, 544K;7-PESADO;0,11;0;KG;16,25;25;3122,33;;;;1;;;1;;
3;03-MAYOR A PUNTO DE PEDIDO;1002338;ZSTO;RIPPER UNA X UN;MR01;0374;FB01CAJON6;V1;6;HB;12;9;0;0;0;0;G03;RIPPER;66645,72;CATERPILLA;6Y0359;DESGASTE;D6T;3-DESGASTE;9,66;0;KG;5544;15;66645,74;;;;1;;;1;;
3;03-MAYOR A PUNTO DE PEDIDO;1002340;ZSTO;BULON 5/8 X 21/2;MR01;0374;BB02BIS;V1;80;HB;190;120;0;0;0;0;G05;AJUSTE;230756,4;CATERPILLA // No aplica;3F5108 // PB510;DESGASTE;JD 770D/CAT 140K;7-PESADO;0,093;0;KG;29,438;60;230756,05;;;;1;;;1;;
3;03-MAYOR A PUNTO DE PEDIDO;1002341;ZSTO;UNA ROQUERA;MR01;0374;FC01CAJON9;V1;9;HB;18;18;0;0;0;0;G04;UÑAS;839584,62;KOMATSU HO // KOMATSU HO;K30RC // 30K-2L;DESGASTE;PC350;3-DESGASTE;12,5;0;KG;5278;25;839584,55;;;;1;;;1;;
3;03-MAYOR A PUNTO DE PEDIDO;1002346;ZSTO;PUNTERA IZQUIERDA;MR01;0374;FC01CAJON8;V1;1;HB;3;3;0;0;0;0;G02;LATERALES;342101,28;;1757122272;DESGASTE;KOM. D155;3-DESGASTE;0;0;KG;0;15;342101,27;;;;1;;;1;;
3;03-MAYOR A PUNTO DE PEDIDO;1002347;ZSTO;PUNTERA DERECHA;MR01;0374;FC01CAJON8;V1;2;HB;3;3;0;0;0;0;G02;LATERALES;438882,21;;1757122282;DESGASTE;KOM. D65EX15;3-DESGASTE;34,5;0;KG;11261,25;20;438882,22;;;;1;;;1;;
3;03-MAYOR A PUNTO DE PEDIDO;1002349;ZSTO;TRABA P UNA XUN;MR01;0374;BB02BIS;V1;9;HB;18;16;0;0;0;0;G05;AJUSTE;211066,08;CATERPILLA;2209090;DESGASTE;CAT324DL, 980H;7-PESADO;0,117;0;KG;36;25;211066,05;;;;1;;;1;;
3;03-MAYOR A PUNTO DE PEDIDO;1002351;ZSTO;TRABA ESCARIFICADOR;MR01;0374;BB02BIS;V1;10;HB;20;12;0;0;0;0;G05;AJUSTE;25846,44;JOHN DEERE;T204018;DESGASTE;JD 770 / JD 670D;7-PESADO;0,93;0;KG;240;25;25846,44;;;;1;;;1;;
3;03-MAYOR A PUNTO DE PEDIDO;1002353;ZSTO;TUERCA 5 8;MR01;0374;BA02BIS;V1;80;HB;180;120;0;0;0;0;G05;AJUSTE;571458;JOHN DEERE // JOHN DEERE // CATERPILLA;14H1095 // NP158 // 4K0367;DESGASTE;JD 770 670 CAT 140H;7-PESADO;0,041;0;KG;12,25;15;571458,48;;;;1;;;1;;
3;03-MAYOR A PUNTO DE PEDIDO;1002355;ZSTO;SEGURO TRABA RIPPER X UN;MR01;0374;TABLERO 3;V1;4;HB;8;8;0;0;0;0;G03;RIPPER;15995,44;CATERPILLA;5K1458;DESGASTE;140K;7-PESADO;0,003;0;KG;1,963;25;15995,46;;;;1;;;1;;
3;03-MAYOR A PUNTO DE PEDIDO;1002358;ZSTO;CORTADOR LATERAL;MR01;0374;GC01CAJON2;V1;4;HB;9;9;0;0;0;0;G02;LATERALES;116867,61;JOHN DEERE;T202876;DESGASTE;JD 670G;3-DESGASTE;7,765;0;KG;5231,25;25;116867,64;;;;1;;;1;;
4;04-MAYOR A STOCK MAXIMO;1002359;ZSTO;TUERCA 3 4 P CUCHILLA X UN;MR01;0374;BA02BIS;V1;18;HB;37;48;0;0;0;0;G05;AJUSTE;47822,4;JOHN DEERE;14H1058;DESGASTE;JD850J;7-PESADO;0,049;0;KG;10,598;20;47822,61;;;;;1;;1;;
3;03-MAYOR A PUNTO DE PEDIDO;1002363;ZSTO;DIENTE X UN;MR01;0374;FC01CAJON9;V1;22;HB;45;37;0;0;0;0;G04;UÑAS;1542713,52;JOHN DEERE // JOHN DEERE;TK250LD // 250LD;DESGASTE;544K;3-DESGASTE;3,515;0;KG;1360;25;1542713,66;;;;1;;;1;;
3;03-MAYOR A PUNTO DE PEDIDO;1002364;ZSTO;TRABA PARA DIENTE X UN;MR01;0374;BA02BIS;V1;8;HB;16;16;0;0;0;0;G05;AJUSTE;116966,4;JOHN DEERE;TK250P;DESGASTE;544K;7-PESADO;0,115;0;KG;36,797;15;116966,44;;;;1;;;1;;
2;02-MENOR A PUNTO DE PEDIDO;1002365;ZSTO;CUCHILLA PARA BALDE 68;MR01;0374;GA01;V1;1;HB;1;1;0;0;0;0;G01;CUCHILLAS;388243,28;BOBCAT;PRPBO6716015;DESGASTE;BOBCAT S530 /Á S185;4-CUCHILLAS;37;0;KG;5355;15;388243,28;;1;;;;;1;;
3;03-MAYOR A PUNTO DE PEDIDO;1002366;ZSTO;CORTADOR LATERAL DERECHO;MR01;0374;EA01CAJ10;V1;1;HB;2;2;0;0;0;0;G02;LATERALES;142682,64;CATERPILLA // CATERPILLA;3572696 // 5226333;DESGASTE;CAT;3-DESGASTE;22,5;0;KG;19305;15;142682,64;;;;1;;;1;;
3;03-MAYOR A PUNTO DE PEDIDO;1002367;ZSTO;CORTADOR LATERAL IZQUIERDO;MR01;0374;EA01CAJ10;V1;1;HB;2;2;0;0;0;0;G02;LATERALES;113814,78;CATERPILLA // CATERPILLA;3572697 // 5226334;DESGASTE;CAT;3-DESGASTE;22,5;0;KG;19305;25;113814,78;;;;1;;;1;;
4;04-MAYOR A STOCK MAXIMO;1002368;ZSTO;UÑA;MR01;0374;EA01CAJ10;V1;5;HB;10;14;0;0;0;0;G04;UÑAS;118301,68;CATERPILLA // CATERPILLA;2209093 // 4755482;DESGASTE;CAT;3-DESGASTE;6,85;0;KG;3220;15;118301,71;;;;;1;;1;;
3;03-MAYOR A PUNTO DE PEDIDO;1002373;ZSTO;TUERCAS PARA CORTADORES LATERALES;MR01;0374;BB02 BIS;V1;11;HB;22;22;0;0;0;0;G05;AJUSTE;60243,48;CATERPILLA;8T4131;DESGASTE;CAT;7-PESADO;0,06;0;KG;14,13;90;60243,56;;;;1;;;1;;
3;03-MAYOR A PUNTO DE PEDIDO;1002376;ZSTO;UNA BALDE TRAS;MR01;0374;GC01CAJON3;V1;6;HB;12;9;0;0;0;0;G04;UÑAS;62131,32;JOHN DEERE;TK225FD;DESGASTE;310L;3-DESGASTE;1,565;0;KG;830,7;25;62131,28;;;;1;;;1;;
3;03-MAYOR A PUNTO DE PEDIDO;1002377;ZSTO;PERNO UNA TRAS;MR01;0374;BA02BIS;V1;6;HB;12;9;0;0;0;0;G05;AJUSTE;12497,49;JOHN DEERE;TK225P;DESGASTE;310L;7-PESADO;0,075;0;KG;20,41;25;12497,51;;;;1;;;1;;
4;04-MAYOR A STOCK MAXIMO;1002378;ZSTO;TRABA BALDE TRAS;MR01;0374;BA02BIS;V1;20;HB;40;63;0;0;0;0;G05;AJUSTE;38968,65;JOHN DEERE;TK3LSER;DESGASTE;310L;7-PESADO;0,005;0;KG;1,766;70;38968,76;;;;;1;;1;;
4;04-MAYOR A STOCK MAXIMO;1002385;ZSTO;UNA;MR01;0374;GC01CAJON3;V1;15;HB;30;62;0;0;0;0;G04;UÑAS;1013731,62;HENSLEY // KOMATSU HO // KOMATSU HO;KH20S // IKA20LN // KH20EX // KH20HS // KH20SDX;DESGASTE;PC130-8 OM;3-DESGASTE;4,87;0;KG;2370,375;20;1013731,42;;;;;1;;1;;
4;04-MAYOR A STOCK MAXIMO;1002386;ZSTO;TRABA UNAS;MR01;0374;BB02BIS;V1;15;HB;30;62;0;0;0;0;G05;AJUSTE;1094381,84;;KH20P // K20;DESGASTE;PC130-8 OM;7-PESADO;0,35;0;KG;52,5;20;1094381,62;;;;;1;;1;;
3;03-MAYOR A PUNTO DE PEDIDO;1002389;ZSTO;ARANDELA  UNA;MR01;0374;BB02 BIS;V1;3;HB;5;5;0;0;0;0;G05;AJUSTE;11420,85;VOLVO MAQU;SA921318000 // VOE14884948;DESGASTE;VOLVO EC300D;7-PESADO;0,016;0;KG;3,533;20;11420,83;;;;1;;;1;;
2;02-MENOR A PUNTO DE PEDIDO;1002390;ZSTO;PORTA UNAS CENTRALES;MR01;0374;FC01CAJON9;V1;3;HB;3;3;0;0;0;0;G04;UÑAS;652220,34;;KH115020;DESGASTE;PC130-8 OM;3-DESGASTE;10;0;KG;3410;20;652220,33;;1;;;;;1;;
3;03-MAYOR A PUNTO DE PEDIDO;1002395;ZSTO;UNA;MR01;0374;FB01CAJON7;V1;9;HB;18;18;0;0;0;0;G04;UÑAS;531066,06;KOMATSU HO // No aplica // // KOMATSU HO // HENSLEY;KH23EX // 206920B740 // KH23HS // KH23HS // KH23SDX;DESGASTE;EXCAVADORA KOMATSU PC 240;3-DESGASTE;7,18;0;KG;2964,5;20;531066,12;;;;1;;;1;;
3;03-MAYOR A PUNTO DE PEDIDO;1002396;ZSTO;TRABA DE UNA;MR01;0374;BA02BIS;V1;4;HB;7;7;0;0;0;0;G05;AJUSTE;183296,05;No aplica;KH23P // 206920B750;DESGASTE;EXCAVADORA KOMATSU PC 240;7-PESADO;0,425;0;KG;55,125;20;183296,03;;;;1;;;1;;
3;03-MAYOR A PUNTO DE PEDIDO;1002397;ZSTO;PORTA UNAS CENTRALES;MR01;0374;FA01CAJON4;V1;2;HB;3;3;0;0;0;0;G04;UÑAS;158596,5;No aplica;KH117523 // 206920B730;DESGASTE;EXCAVADORA KOMATSU PC 240;3-DESGASTE;11;0;KG;3630;20;158596,51;;;;1;;;1;;
3;03-MAYOR A PUNTO DE PEDIDO;1002398;ZSTO;PORTA UÑAS DERECHOS;MR01;0374;FA01CAJON5;V1;1;HB;3;2;0;0;0;0;G04;UÑAS;149862,24;No aplica;KH617523R // 206920B840;DESGASTE;EXCAVADORA KOMATSU PC 240;3-DESGASTE;12;0;KG;3520;20;149862,24;;;;1;;;1;;
4;04-MAYOR A STOCK MAXIMO;1002399;ZSTO;PORTA UNAS IZQUIERDOS;MR01;0374;GC01CAJON3;V1;1;HB;3;4;0;0;0;0;G04;UÑAS;188968,84;IGARRETA M;206920B850 // KH617523L;DESGASTE;EXCAVADORA KOMATSU PC 240;3-DESGASTE;12;0;KG;3520;20;188968,84;;;;;1;;1;;
3;03-MAYOR A PUNTO DE PEDIDO;1002400;ZSTO;SEGMENTO DE CORTE DERECHO;MR01;0374;FC01CAJON8;V1;3;HB;6;6;0;0;0;0;G01;CUCHILLAS;121226,34;No aplica;2057074190 // 20Y70B1371;DESGASTE;EXCAVADORA KOMATSU PC 240;3-DESGASTE;15;0;KG;1950;20;121226,34;;;;1;;;1;;
3;03-MAYOR A PUNTO DE PEDIDO;1002401;ZSTO;SEGMENTOS DE CORTE IZQUIERDO;MR01;0374;FC01CAJON8;V1;3;HB;6;6;0;0;0;0;G01;CUCHILLAS;103126,98;KOMATSU HO;20Y70B1361 // 2057074180;DESGASTE;EXCAVADORA KOMATSU PC 240;3-DESGASTE;9,555;0;KG;3471;20;103127;;;;1;;;1;;
3;03-MAYOR A PUNTO DE PEDIDO;1002402;ZSTO;BULON-JUNTAR 1016281;MR01;0374;;V1;1;HB;2;2;0;0;0;0;C29;FILTROS/RESPUESTOS;12052,84;;1763211210;DESGASTE;EXCAVADORA KOMATSU PC 240;7-PESADO;0,43;0;KG;119,32;20;12052,84;;;;1;;;1;;
3;03-MAYOR A PUNTO DE PEDIDO;1002404;ZSTO;PORTA UNAS CENTRALES;MR01;0374;FA01CAJON5;V1;3;HB;6;6;0;0;0;0;G04;UÑAS;606435,12;CATERPILLA;2221087;DESGASTE;CAT 950;3-DESGASTE;14,68;0;KG;4961;15;606435,12;;;;1;;;1;;
3;03-MAYOR A PUNTO DE PEDIDO;1002405;ZSTO;PORTA UNAS IZQUIERDOS;MR01;0374;FA01CAJON5;V1;1;HB;3;3;0;0;0;0;G04;UÑAS;145635,99;CATERPILLA;2221089;DESGASTE;CAT 950;3-DESGASTE;20,82;0;KG;13104;15;145636;;;;1;;;1;;
3;03-MAYOR A PUNTO DE PEDIDO;1002406;ZSTO;SEGMENTOS DE CORTES CENTRALES LATERALES;MR01;0374;FA01CAJON5;V1;2;HB;3;3;0;0;0;0;G04;UÑAS;195610,32;CATERPILLA;2571762;DESGASTE;CAT 950;3-DESGASTE;19,56;0;KG;2940;15;195610,31;;;;1;;;1;;
3;03-MAYOR A PUNTO DE PEDIDO;1002407;ZSTO;PUNTA DESGARRADOR;MR01;0374;FB01CAJON6;V1;20;HB;30;28;0;0;0;0;G03;RIPPER;1505500,64;CATERPILLA //;4755473 // 2209089;DESGASTE;CAT 950;3-DESGASTE;5,165;0;KG;2362,5;15;1505500,63;;;;1;;;1;;
3;03-MAYOR A PUNTO DE PEDIDO;1002408;ZSTO;SEGMENTOS DE CORTE CENTRAL;MR01;0374;FA01CAJON5;V1;4;HB;8;8;0;0;0;0;G04;UÑAS;644253,76;CATERPILLA;1324715;DESGASTE;CAT 950;3-DESGASTE;20,7;0;KG;2940;15;644253,76;;;;1;;;1;;
3;03-MAYOR A PUNTO DE PEDIDO;1002409;ZSTO;PORTA UNAS DERECHOS;MR01;0374;FA01CAJON5;V1;1;HB;3;3;0;0;0;0;G04;UÑAS;203463,24;CATERPILLA;2221088;DESGASTE;CAT 950;3-DESGASTE;21,21;0;KG;14514;15;203463,24;;;;1;;;1;;
3;03-MAYOR A PUNTO DE PEDIDO;1002410;ZSTO;BULONES PARA SEGMENTOS DE CORTE;MR01;0374;BA02 BIS;V1;6;HB;11;11;0;0;0;0;G05;AJUSTE;51137,9;CATERPILLA;4F4042;DESGASTE;CAT 950;7-PESADO;0,33;0;KG;94,2;15;51137,88;;;;1;;;1;;
3;03-MAYOR A PUNTO DE PEDIDO;1002411;ZSTO;CUCHILLAS TALON DE BALDE;MR01;0374;GA01;V1;1;HB;3;2;0;0;0;0;G01;CUCHILLAS;57617,08;JOHN DEERE;T329197;DESGASTE;JD 310 L 4X4 - 4X2;4-CUCHILLAS;57;0;KG;8740;15;57617,09;;;;1;;;1;;
4;04-MAYOR A STOCK MAXIMO;1002412;ZSTO;BULONES PARA CUCHILLAS TALON;MR01;0374;BA02BIS;V1;3;HB;7;9;0;0;0;0;G05;AJUSTE;8621,01;JOHN DEERE;09H1777;DESGASTE;JD 310 L 4X4 - 4X2;7-PESADO;0,17;0;KG;49,455;15;8620,99;;;;;1;;1;;
4;04-MAYOR A STOCK MAXIMO;1002413;ZSTO;TUERCAS PARA BULON DE CUCHILLAS TALON;MR01;0374;BA02BIS;V1;3;HB;7;9;0;0;0;0;G05;AJUSTE;8318,88;JOHN DEERE;14H1113;DESGASTE;JD 310 L 4X4 - 4X2;7-PESADO;0,055;0;KG;10,598;15;8318,86;;;;;1;;1;;
4;04-MAYOR A STOCK MAXIMO;1002414;ZSTO;ARANDELAS PARA BULON DE CUCHILLAS TALON;MR01;0374;BA02BIS;V1;34;HB;69;95;0;0;0;0;G05;AJUSTE;63371,65;JOHN DEERE;24M7242;DESGASTE;JD 310 L 4X4 - 4X2;7-PESADO;0,035;0;KG;3,768;35;63372,08;;;;;1;;1;;
3;03-MAYOR A PUNTO DE PEDIDO;1002415;ZSTO;ARANDELA ACE;MR01;0374;BA02 BIS;V1;6;HB;12;7;0;0;0;0;G05;AJUSTE;1748,11;;2S0115;DESGASTE;CAT 815 K;7-PESADO;0,025;0;KG;4,808;15;1748,11;;;;1;;;1;;
3;03-MAYOR A PUNTO DE PEDIDO;1002416;ZSTO;ARANDELA ACE 3/4 X UN;MR01;0374;BA02BIS;V1;40;HB;80;52;0;0;0;0;G05;AJUSTE;36151,96;CATERPILLA;5P8248;DESGASTE;CAT 815 K;7-PESADO;0,015;0;KG;2,885;15;36151,88;;;;1;;;1;;
3;03-MAYOR A PUNTO DE PEDIDO;1002418;ZSTO;SEGMENTOS DE CORTE CENTRAL;MR01;0374;GA01;V1;3;HB;6;6;0;0;0;0;G01;CUCHILLAS;977368,68;CATERPILLA;4T3012;DESGASTE;CAT 815 K;3-DESGASTE;40;0;KG;6000;15;977368,68;;;;1;;;1;;
3;03-MAYOR A PUNTO DE PEDIDO;1002419;ZSTO;SEGMENTOS DE CORTE DERECHO;MR01;0374;FA01CAJON5;V1;3;HB;6;6;0;0;0;0;G01;CUCHILLAS;372453,48;CATERPILLA;4T3045;DESGASTE;CAT 815 K;3-DESGASTE;9,45;0;KG;1537,5;35;372453,48;;;;1;;;1;;
3;03-MAYOR A PUNTO DE PEDIDO;1002420;ZSTO;SEGMENTOS DE CORTE IZQUIERDO;MR01;0374;FA01CAJON5;V1;2;HB;4;3;0;0;0;0;G01;CUCHILLAS;143171,16;CATERPILLA;4T3046;DESGASTE;CAT 815 K;3-DESGASTE;9,495;0;KG;1558;15;143171,16;;;;1;;;1;;
3;03-MAYOR A PUNTO DE PEDIDO;1002421;ZSTO;TUERCAS PARA BULON DE SEGMENTOS DE CORTE;MR01;0374;BA02 BIS;V1;30;HB;60;60;0;0;0;0;G05;AJUSTE;37825,2;CATERPILLA;2J3506;DESGASTE;CAT 140K;7-PESADO;0,05;0;KG;10,598;15;37825,32;;;;1;;;1;;
3;03-MAYOR A PUNTO DE PEDIDO;1002422;ZSTO;PORTA UNAS CENTRALES;MR01;0374;FC01CAJON8;V1;2;HB;3;3;0;0;0;0;G04;UÑAS;55018,02;JOHN DEERE;TK250C100B;DESGASTE;JD 624 K;3-DESGASTE;6,64;0;KG;2430;15;55018,03;;;;1;;;1;;
4;04-MAYOR A STOCK MAXIMO;1002423;ZSTO;PORTA UNAS DERECHOS E IZQUIERDOS;MR01;0374;FA01CAJON4;V1;2;HB;3;4;0;0;0;0;G04;UÑAS;87729,4;JOHN DEERE;TK250E100B;DESGASTE;JD 624 K;3-DESGASTE;9,351;0;KG;4544;15;87729,4;;;;;1;;1;;
4;04-MAYOR A STOCK MAXIMO;1002424;ZSTO;SEGMENTOS DE CORTE CENTRALES;MR01;0374;FB02;V1;8;HB;16;32;0;0;0;0;G04;UÑAS;1260507,2;JOHN DEERE;T157493;DESGASTE;JD 624 K;3-DESGASTE;12,52;0;KG;1750;15;1260507,18;;;;;1;;1;;
4;04-MAYOR A STOCK MAXIMO;1002425;ZSTO;BULONES PARA SEGMENTOS DE CORTE;MR01;0374;BA02BIS;V1;10;HB;21;24;0;0;0;0;G05;AJUSTE;140374,56;JOHN DEERE;T146934;DESGASTE;JD 624 K;7-PESADO;0,15;0;KG;45,923;15;140374,58;;;;;1;;1;;
4;04-MAYOR A STOCK MAXIMO;1002426;ZSTO;BULON DE PORTA UNA CENTRAL;MR01;0374;BA02BIS;V1;5;HB;10;11;0;0;0;0;G05;AJUSTE;37857,71;JOHN DEERE;19H3167;DESGASTE;JD 624 K;7-PESADO;0,22;0;KG;63,585;15;37857,75;;;;;1;;1;;
3;03-MAYOR A PUNTO DE PEDIDO;1002427;ZSTO;BULON DE PORTA UNA IZQUIERDO Y DERECHO;MR01;0374;BA02BIS;V1;4;HB;8;6;0;0;0;0;G05;AJUSTE;54319,62;JOHN DEERE;19M8288;DESGASTE;JD 624 K;7-PESADO;0,405;0;KG;131,88;30;54319,64;;;;1;;;1;;
3;03-MAYOR A PUNTO DE PEDIDO;1002428;ZSTO;CUCHILLA CENTRALES;MR01;0374;GB01PALLET;V1;2;HB;3;3;0;0;0;0;G01;CUCHILLAS;101965,08;;14X9525180;DESGASTE;KOM D 65 EX 16;4-CUCHILLAS;25;0;KG;3760;30;101965,07;;;;1;;;1;;
3;03-MAYOR A PUNTO DE PEDIDO;1002429;ZSTO;PUNTERA IZQUIERDO;MR01;0374;FC01CAJON8;V1;1;HB;3;2;0;0;0;0;G02;LATERALES;105281,36;;14X9525550;DESGASTE;KOM D 65 EX 16;3-DESGASTE;29,28;0;KG;4590;30;105281,35;;;;1;;;1;;
3;03-MAYOR A PUNTO DE PEDIDO;1002430;ZSTO;PUNTERA DERECHO;MR01;0374;FC01CAJON8;V1;1;HB;3;2;0;0;0;0;G02;LATERALES;106155;;14X9525560;DESGASTE;KOM D 65 EX 16;3-DESGASTE;29,32;0;KG;3159;30;106155;;;;1;;;1;;
3;03-MAYOR A PUNTO DE PEDIDO;1002431;ZSTO;CUCHILLA CENTRAL IZQUIERDO;MR01;0374;FC01CAJON8;V1;1;HB;3;3;0;0;0;0;G01;CUCHILLAS;31127,34;;14X9525190;DESGASTE;KOM D 65 EX 16;4-CUCHILLAS;8,82;0;KG;1640;30;31127,33;;;;1;;;1;;
3;03-MAYOR A PUNTO DE PEDIDO;1002432;ZSTO;CUCHILLA CENTRAL DERECHO;MR01;0374;FC01CAJON8;V1;1;HB;3;3;0;0;0;0;G01;CUCHILLAS;38798,1;;14X9525210;DESGASTE;KOM D 65 EX 16;4-CUCHILLAS;8,915;0;KG;1640;15;38798,08;;;;1;;;1;;
3;03-MAYOR A PUNTO DE PEDIDO;1002438;ZSTO;UNAS;MR01;0374;GB01CAJON1;V1;17;HB;34;20;0;0;0;0;G04;UÑAS;1631608,2;HENSLEY // HENSLEY;KH40EX // KH40SDX;DESGASTE;KOMPC 450 LC-8;3-DESGASTE;15,7;0;KG;1736;20;1631608,27;;;;1;;;1;;
3;03-MAYOR A PUNTO DE PEDIDO;1002439;ZSTO;PASADOR;MR01;0374;BB01BIS;V1;6;HB;13;13;0;0;0;0;G05;AJUSTE;369312,71;HENSLEY;KH40P;DESGASTE;KOMPC 450 LC-8;7-PESADO;0,835;0;KG;130;20;369312,7;;;;1;;;1;;
3;03-MAYOR A PUNTO DE PEDIDO;1002440;ZSTO;PORTA UNAS CENTRALES;MR01;0374;FA01CAJON4;V1;4;HB;7;5;0;0;0;0;G04;UÑAS;239303,5;HENSLEY;KH120040;DESGASTE;KOMPC 450 LC-8;3-DESGASTE;21,9;0;KG;5863;20;239303,48;;;;1;;;1;;
3;03-MAYOR A PUNTO DE PEDIDO;1002441;ZSTO;PORTA UNAS DERECHOS IZQUIERDOS;MR01;0374;GB01CAJON1;V1;2;HB;5;5;0;0;0;0;G04;UÑAS;1502238,6;HENSLEY // IGARRETA M // HENSLEY;KH120040S // KH120040SL // KH120040SL;DESGASTE;KOMPC 450 LC-8;3-DESGASTE;24,98;0;KG;6396;20;1502238,59;;;;1;;;1;;
3;03-MAYOR A PUNTO DE PEDIDO;1002442;ZSTO;CANTONERAS LATERALES SUPERIOR INFERIOR;MR01;0374;GC01CAJON2;V1;4;HB;7;7;0;0;0;0;G02;LATERALES;2794050,56;HENSLEY;VS40;DESGASTE;KOMPC 450 LC-8;3-DESGASTE;22,6;0;KG;7438,5;20;2794050,53;;;;1;;;1;;
3;03-MAYOR A PUNTO DE PEDIDO;1002443;ZSTO;PLOW BOLT TUERCA;MR01;0374;BB01BIS;V1;4;HB;9;5;0;0;0;0;G05;AJUSTE;61801,6;HENSLEY;AC10412;DESGASTE;KOMPC 450 LC-8;7-PESADO;0,575;0;KG;144,44;15;61801,58;;;;1;;;1;;
3;03-MAYOR A PUNTO DE PEDIDO;1002446;ZSTO;CANTONERA LATERAL IZQ DER;MR01;0374;EA01CAJ.10;V1;2;HB;4;4;0;0;0;0;G02;LATERALES;594892,2;IGARRETA M;20770B1580 // SCB330SO;DESGASTE;KOM 350-8;3-DESGASTE;14,04;0;KG;8100;15;594892,19;;;;1;;;1;;
3;03-MAYOR A PUNTO DE PEDIDO;1002455;ZSTO;BULONES P SEGMENTO DE CORTE;MR01;0374;BB01 BIS;V1;3;HB;7;7;0;0;0;0;G05;AJUSTE;8951,67;CATERPILLA // CATERPILLA;6V6535 // 5P8823;DESGASTE;CAT 988;7-PESADO;0,7;0;KG;1,766;15;8951,66;;;;1;;;1;;
3;03-MAYOR A PUNTO DE PEDIDO;1002472;ZSTO;FILTRO COMBUSTIBLE XUN;MR01;0374;AE04;V1;12;HB;24;15;0;0;0;0;F06;FILTRO COMBUSTIBLE;982978,05;JOHN DEERE // JOHN DEERE;RE529643 // RE541922;FILTROS;PARA 544J 544;7-PESADO;0,378;0;KG;1481,125;25;982978,05;;;;1;;;1;;
3;03-MAYOR A PUNTO DE PEDIDO;1002473;ZSTO;FILTRO COMBUSTUBLE XUN;MR01;0374;AE04;V1;12;HB;24;16;0;0;0;0;F06;FILTRO COMBUSTIBLE;663711,84;JOHN DEERE;RE522878;FILTROS;JD 544J, 544K;7-PESADO;0,346;0;KG;1481,125;15;663711,83;;;;1;;;1;;
3;03-MAYOR A PUNTO DE PEDIDO;1002474;ZSTO;ELEMENTO FILTRO XUN;MR01;0374;AE04;V1;2;HB;3;3;0;0;0;0;F04;FILTRO AIRE;109515,66;SULLAIR AR // // SULLAIR AR;250028032 // P565149 // 250026-982;FILTROS;SULLAIR 185;7-PESADO;0,67;0;KG;1500;15;109515,66;;;;1;;;1;;
3;03-MAYOR A PUNTO DE PEDIDO;1002476;ZSTO;FILTRO HIDRAULICO;MR01;0374;AE04;V1;2;HB;4;3;0;0;0;0;F07;FILTRO FLUIDO HIDR;61703,22;BOMAG GMBH // DONALDSON;7993014 // P566212;FILTROS;BOMAG 213/219;7-PESADO;0,51;0;KG;2025;15;61703,21;;;;1;;;1;;
3;03-MAYOR A PUNTO DE PEDIDO;1002480;ZSTO;FILTRO ACEITE;MR01;0374;AE04;V1;10;HB;21;21;0;0;0;0;F03;FILTRO ACEITE;305141,76;BOMAG GMBH // DONALDSON;5710640 // P553771;FILTROS;BOMAG 213/219;7-PESADO;0,76;0;KG;1985,5;15;305141,73;;;;1;;;1;;
3;03-MAYOR A PUNTO DE PEDIDO;1002483;ZSTO;FILTRO ACEITE;MR01;0374;AE04;V1;4;HB;7;5;0;0;0;0;F03;FILTRO ACEITE;329340,8;KOMATSU HO // DONALDSON // KOMATSU HO;6002111340 // P559000 // 6002111341;FILTROS;KMS 155AX6, 375D, WA600;7-PESADO;2,07;0;KG;3617,28;30;329340,79;;;;1;;;1;;
3;03-MAYOR A PUNTO DE PEDIDO;1002485;ZSTO;FILTRO CABINA RECIRCULADO;MR01;0374;AE04;V1;2;HB;5;3;0;0;0;0;F05;FILTRO AIRE CABINA;95249,25;JOHN DEERE;AT184590;FILTROS;FILTROS;9-FRAGIL;0,443;0;KG;3919,5;15;95249,26;;;;1;;;1;;
3;03-MAYOR A PUNTO DE PEDIDO;1002486;ZSTO;CARTUCHO FILTRO VW XUN;MR01;0374;AE04;V1;4;HB;7;7;0;0;0;0;F01;CARTUCHO;217121,59;VOLKSWAGEN;2RP127491;FILTROS;FILTROS;7-PESADO;0,73;0;KG;1694;15;217121,57;;;;1;;;1;;
3;03-MAYOR A PUNTO DE PEDIDO;1002491;ZSTO;FILTRO ACEITE MOTOR;MR01;0374;AE04;V1;2;HB;5;4;0;0;0;0;F03;FILTRO ACEITE;164785,76;CATERPILLA // No aplica;2698325 // 4621171;FILTROS;CAT 938H;7-PESADO;0,61;0;KG;1271,7;25;164785,74;;;;1;;;1;;
3;03-MAYOR A PUNTO DE PEDIDO;1002506;ZSTO;FILTRO AIRE DARMET P SULLEIR;MR01;0374;AD05;V1;4;HB;7;7;0;0;0;0;F04;FILTRO AIRE;60001,41;DARMET;V728;FILTROS;185Q;9-FRAGIL;1,09;0;KG;10693;15;60001,41;;;;1;;;1;;
3;03-MAYOR A PUNTO DE PEDIDO;1002511;ZSTO;FILTRO AIRE DARMET P SULLAIR;MR01;0374;AD05;V1;4;HB;7;7;0;0;0;0;F04;FILTRO AIRE;59399,2;DARMET //;V728S // P777524;FILTROS;185Q;9-FRAGIL;0,33;0;KG;3600;15;59399,22;;;;1;;;1;;
3;03-MAYOR A PUNTO DE PEDIDO;1002514;ZSTO;FILTRO ACEITE;MR01;0374;AE04;V1;16;HB;32;28;0;0;0;0;F03;FILTRO ACEITE;868859,88;JOHN DEERE // JOHN DEERE;RE541420 // RE504836;FILTROS;J.D. 544K/310J;7-PESADO;0,619;0;KG;1550;25;868859,73;;;;1;;;1;;
3;03-MAYOR A PUNTO DE PEDIDO;1002515;ZSTO;FILTRO ACEITE XUN;MR01;0374;AE04;V1;2;HB;5;5;0;0;0;0;F03;FILTRO ACEITE;136461,6;JOHN DEERE // JOHN DEERE //;RE521420 // DZ101884 // DZ118283;FILTROS;JD 850J;7-PESADO;1,13;0;KG;3724;25;136461,6;;;;1;;;1;;
3;03-MAYOR A PUNTO DE PEDIDO;1002516;ZSTO;FILTRO ACEITE XUN;MR01;0374;AC04;V1;1;HB;2;2;0;0;0;0;F03;FILTRO ACEITE;17360,02;JOHN DEERE // JOHN DEERE // DONALDSON;RE59754 // DZ118286 // P551352;FILTROS;JD 6615;7-PESADO;0,63;0;KG;1500;25;17360,02;;;;1;;;1;;
3;03-MAYOR A PUNTO DE PEDIDO;1002524;ZSTO;FILTRO ACEITE MOTOR;MR01;0374;BA02;V1;1;HB;2;2;0;0;0;0;F03;FILTRO ACEITE;4148,94;MANN // // BALDWIN // FLEETGUARD;W962 // 0986B01027 // B236 // LF4054;FILTROS;FILTROS;7-PESADO;0,71;0;KG;1335,285;15;4148,94;;;;1;;;1;;
2;02-MENOR A PUNTO DE PEDIDO;1002527;ZSTO;FILTRO AIRE CABINA;MR01;0374;AD04;V1;1;HB;1;1;0;0;0;0;F05;FILTRO AIRE CABINA;38185,72;CATERPILLA // CATERPILLA;2457823 // 5460006;FILTROS;CAT 324DL;9-FRAGIL;0,074;0;KG;924,5;15;38185,72;;1;;;;;1;;
2;02-MENOR A PUNTO DE PEDIDO;1002529;ZSTO;FILTRO HIDRAULICO DE RETORNO XUN;MR01;0374;AD04;V1;2;HB;3;2;0;0;0;0;F07;FILTRO FLUIDO HIDR;337433,26;JOHN DEERE // JOHN DEERE;AT335977 // AT545968;FILTROS;JD 544K;7-PESADO;1,6;0;KG;7865;15;337433,26;;1;;;;;1;;
3;03-MAYOR A PUNTO DE PEDIDO;1002532;ZSTO;FILTRO RESPIRADERO XUN;MR01;0374;AD04;V1;14;HB;28;26;0;0;0;0;F04;FILTRO AIRE;534093,3;JOHN DEERE;AT223493;FILTROS;J.D.544K;9-FRAGIL;0,09;0;KG;302,5;15;534093,3;;;;1;;;1;;
3;03-MAYOR A PUNTO DE PEDIDO;1002541;ZSTO;FILTRO DE LINEA XUN;MR01;0374;AD04;V1;6;HB;12;10;0;0;0;0;F04;FILTRO AIRE;55884,7;JOHN DEERE;AT101565;FILTROS;JOHN DEERE;9-FRAGIL;0,09;0;KG;490;25;55884,7;;;;1;;;1;;
3;03-MAYOR A PUNTO DE PEDIDO;1002542;ZSTO;FILTRO ACEITE TRANSMISION JD;MR01;0374;AD04;V1;1;HB;3;2;0;0;0;0;C03;EQUIPOS;11515,42;JOHN DEERE // JOHN DEERE;AT466863 // AT179323;FILTROS;JD;7-PESADO;0,89;0;KG;2070;25;11515,43;;;;1;;;1;;
3;03-MAYOR A PUNTO DE PEDIDO;1002543;ZSTO;FILTRO AIRE X UN;MR01;0374;AD04;V1;10;HB;20;15;0;0;0;0;F04;FILTRO AIRE;586700,25;JOHN DEERE;AT191102;FILTROS;CABINA J.D. 544K;9-FRAGIL;0,321;0;KG;3536;15;586700,31;;;;1;;;1;;
3;03-MAYOR A PUNTO DE PEDIDO;1002544;ZSTO;FILTRO TRAMPA AGUA;MR01;0374;AD04;V1;5;HB;10;9;0;0;0;0;F13;FILTRO TRAMPA DE A;677435,58;PARKER RAC // PARKER RAC;2R000127177J // R120LJ10MAQII;FILTROS;VW31-3;7-PESADO;0,892;0;KG;2042,178;25;677435,58;;;;1;;;1;;
3;03-MAYOR A PUNTO DE PEDIDO;1002546;ZSTO;FILTRO HIDRAULICO;MR01;0374;AD04;V1;3;HB;6;5;0;0;0;0;F04;FILTRO AIRE;286987;JOHN DEERE //;AT308274 // AT367840;FILTROS;FILTROS;7-PESADO;2,77;0;KG;5915;25;286986,98;;;;1;;;1;;
3;03-MAYOR A PUNTO DE PEDIDO;1002552;ZSTO;COMBUSTIBLE J.D. XUN;MR01;0374;AC04;V1;1;HB;2;2;0;0;0;0;F06;FILTRO COMBUSTIBLE;49024,56;JOHN DEERE // JOHN DEERE;DQ24057 // AT81478;FILTROS;JD 6615;7-PESADO;0,58;0;KG;1300;15;49024,56;;;;1;;;1;;
3;03-MAYOR A PUNTO DE PEDIDO;1002557;ZSTO;FILTRO COMBUSTIBLE XUN;MR01;0374;AD04;V1;3;HB;5;5;0;0;0;0;F06;FILTRO COMBUSTIBLE;108095,25;JOHN DEERE;RE62418;FILTROS;JD 6615;7-PESADO;0,26;0;KG;1134;25;108095,23;;;;1;;;1;;
3;03-MAYOR A PUNTO DE PEDIDO;1002566;ZSTO;FILTRO LINEA COMBUSTIBLE;MR01;0374;AD04;V1;12;HB;24;13;0;0;0;0;F07;FILTRO FLUIDO HIDR;122629,65;FLEETGUARD // FLEETGUARD // FLEETGUARD // DONALDSON // // FLEETGUARD;FF5079 // FF5006 // FS5288 // P550090 // P550974 // 4080720;FILTROS;FILTROS;9-FRAGIL;0,118;0;KG;432;25;122629,71;;;;1;;;1;;
3;03-MAYOR A PUNTO DE PEDIDO;1002568;ZSTO;FILTRO HIDRAULICO J.D. XUN;MR01;0374;AC04;V1;1;HB;2;2;0;0;0;0;F07;FILTRO FLUIDO HIDR;41163,72;JOHN DEERE //;AL156625 // AL221066;FILTROS;JD 6615;7-PESADO;0,89;0;KG;1700;25;41163,71;;;;1;;;1;;
2;02-MENOR A PUNTO DE PEDIDO;1002569;ZSTO;FILTRO RESPIRADERO TANQUE HIDRAULICO XUN;MR01;0374;AD04;V1;2;HB;3;2;0;0;0;0;F04;FILTRO AIRE;22544,04;JOHN DEERE;AM39653;FILTROS;JD 544K;7-PESADO;0,39;0;KG;1100;15;22544,04;;1;;;;;1;;
3;03-MAYOR A PUNTO DE PEDIDO;1002575;ZSTO;FILTRO COMBUSTIBLE XUN;MR01;0374;AD04;V1;3;HB;6;6;0;0;0;0;F06;FILTRO COMBUSTIBLE;152784,24;JOHN DEERE;RE509031;FILTROS;J.D. 544J;8-VARIOS;0,29;0;KG;1296;15;152784,25;;;;1;;;1;;
3;03-MAYOR A PUNTO DE PEDIDO;1002580;ZSTO;FILTRO X UN;MR01;0374;AD04;V1;1;HB;2;2;0;0;0;0;F14;GENERICOS FILTROS;19238,08;FLEETGUARD // DONALDSON // DONALDSON //;WF2071 // P552070 // P552071 // WF2070;FILTROS;FILTROS;7-PESADO;0,5;0;KG;785;15;19238,06;;;;1;;;1;;
3;03-MAYOR A PUNTO DE PEDIDO;1002591;ZSTO;FILTRO DE COMBUSTIBLE PRINCIPAL XU;MR01;0374;AC04;V1;4;HB;7;7;0;0;0;0;F06;FILTRO COMBUSTIBLE;237286,56;KOMATSU HO // // // // KOMATSU HO;6754716130 // 6754716140 // FF5614 // P550881 // WK950/21 // 6754796140;FILTROS;PC350LC8;7-PESADO;0,72;0;KG;1334,5;25;237286,53;;;;1;;;1;;
3;03-MAYOR A PUNTO DE PEDIDO;1002592;ZSTO;FILTRO ACEITE MOTOR XUN;MR01;0374;AC04;V1;5;HB;8;6;0;0;0;0;F03;FILTRO ACEITE;186479,94;KOMATSU HO // KOMATSU HO // DONALDSON;6736515142 // DBL7349 // P550909;FILTROS;FILTROS;7-PESADO;0,61;0;KG;1239,809;15;186479,94;;;;1;;;1;;
3;03-MAYOR A PUNTO DE PEDIDO;1002598;ZSTO;FILTRO HIDRAULICO;MR01;0374;AC04;V1;2;HB;4;3;0;0;0;0;F07;FILTRO FLUIDO HIDR;172868,76;KOMATSU HO;14X6031150;FILTROS;KOM D 65 EX 16;7-PESADO;0;0;KG;0;15;172868,77;;;;1;;;1;;
3;03-MAYOR A PUNTO DE PEDIDO;1002600;ZSTO;FILTRO AIRE CABINA;MR01;0374;AC04;V1;3;HB;6;5;0;0;0;0;F05;FILTRO AIRE CABINA;2989,95;CATERPILLA // DONALDSON;9X3352 // P780163;FILTROS;CAT 815-F;9-FRAGIL;0,85;0;KG;4550;15;2989,95;;;;1;;;1;;
3;03-MAYOR A PUNTO DE PEDIDO;1002604;ZSTO;FILTRO AIRE XUN;MR01;0374;AC04;V1;2;HB;5;4;0;0;0;0;F04;FILTRO AIRE;530750,72;KOMATSU HO // DARMET;6001855120 // VP-3723;FILTROS;KOMATSU PC240 LC8;9-FRAGIL;0,925;0;KG;10824;25;530750,71;;;;1;;;1;;
3;03-MAYOR A PUNTO DE PEDIDO;1002605;ZSTO;FILTRO TRANSMISION;MR01;0374;AC04;V1;2;HB;4;3;0;0;0;0;F03;FILTRO ACEITE;65393,82;CATERPILLA // CATERPILLA // CATERPILLA;1328875 // 1R0773 // 3434464;FILTROS;CAT 815-F;7-PESADO;0,7;0;KG;1936;25;65393,81;;;;1;;;1;;
3;03-MAYOR A PUNTO DE PEDIDO;1002606;ZSTO;FILTRO COMBUSTIBLE X UN;MR01;0374;AC04;V1;9;HB;18;11;0;0;0;0;F06;FILTRO COMBUSTIBLE;477466,44;JOHN DEERE;AT365869;FILTROS;JD 850J;7-PESADO;0,96;0;KG;2975,625;25;477466,43;;;;1;;;1;;
3;03-MAYOR A PUNTO DE PEDIDO;1002610;ZSTO;FILTRO AIRE SECUNDARIO;MR01;0374;AC05;V1;2;HB;5;3;0;0;0;0;F04;FILTRO AIRE;181015,98;JOHN DEERE;AT175224;FILTROS;JD 850J;9-FRAGIL;0,92;0;KG;21200;25;181015,98;;;;1;;;1;;
3;03-MAYOR A PUNTO DE PEDIDO;1002611;ZSTO;FILTRO CABINA;MR01;0374;AC04;V1;2;HB;4;4;0;0;0;0;F05;FILTRO AIRE CABINA;338453,08;CATERPILLA;7T7358;FILTROS;CAT 140K;9-FRAGIL;1,26;0;KG;9800;25;338453,06;;;;1;;;1;;
3;03-MAYOR A PUNTO DE PEDIDO;1002612;ZSTO;FILTRO AIRE JOHN DEERE;MR01;0374;AC04;V1;1;HB;2;2;0;0;0;0;F04;FILTRO AIRE;138342,74;JOHN DEERE // No aplica // JOHN DEERE;AL177184 // 119095 // AL225552;FILTROS;JD 6615;9-FRAGIL;0,64;0;KG;6903;25;138342,73;;;;1;;;1;;
3;03-MAYOR A PUNTO DE PEDIDO;1002613;ZSTO;FILTRO AIRE;MR01;0374;AC04;V1;1;HB;2;2;0;0;0;0;F04;FILTRO AIRE;77395,54;JOHN DEERE;AL150288;FILTROS;JD 6615;9-FRAGIL;0,29;0;KG;2604;15;77395,54;;;;1;;;1;;
3;03-MAYOR A PUNTO DE PEDIDO;1002620;ZSTO;FILTRO LINEA XUN;MR01;0374;AC04;V1;3;HB;5;5;0;0;0;0;F07;FILTRO FLUIDO HIDR;30816,65;GOLD FILTE // DONALDSON;6511393 // P550094;FILTROS;BOBCAT S185;9-FRAGIL;0,03;0;KG;310,86;25;30816,66;;;;1;;;1;;
3;03-MAYOR A PUNTO DE PEDIDO;1002621;ZSTO;FILTRO AIRE 1 XUN;MR01;0374;AC05;V1;5;HB;10;7;0;0;0;0;F04;FILTRO AIRE;710533,6;JOHN DEERE;AT300487;FILTROS;JD. 544K;9-FRAGIL;2,175;0;KG;24022,875;15;710533,57;;;;1;;;1;;
3;03-MAYOR A PUNTO DE PEDIDO;1002623;ZSTO;FILTRO AIRE 2 XUN;MR01;0374;AC05;V1;5;HB;10;7;0;0;0;0;F04;FILTRO AIRE;712347,93;JOHN DEERE;AT314583;FILTROS;JOHN DEERE;9-FRAGIL;1,19;0;KG;21032,375;20;712347,91;;;;1;;;1;;
3;03-MAYOR A PUNTO DE PEDIDO;1002624;ZSTO;FILTRO GASOIL;MR01;0374;AC04;V1;1;HB;3;2;0;0;0;0;F06;FILTRO COMBUSTIBLE;16767,14;ATLAS COPC // FLEETGUARD // DONALDSON // No aplica // No aplica;2657828816 // FS19732 // P550848 // 219659 // 9414101756;FILTROS;GROVE RT540E;7-PESADO;0,8;0;KG;1648,5;20;16767,15;;;;1;;;1;;
3;03-MAYOR A PUNTO DE PEDIDO;1002628;ZSTO;FILTRO AIRE CABINA XUN;MR01;0374;AB04;V1;7;HB;14;9;0;0;0;0;F05;FILTRO AIRE CABINA;175693,59;JOHN DEERE;AT307501;FILTROS;JD 544K;9-FRAGIL;0,31;0;KG;4137,25;20;175693,6;;;;1;;;1;;
3;03-MAYOR A PUNTO DE PEDIDO;1002629;ZSTO;FILTRO ACEITE GROVE 540E;MR01;0374;AB04;V1;2;HB;4;4;0;0;0;0;F03;FILTRO ACEITE;88469,32;MANITOWOK // FLEETGUARD // DONALDSON // No aplica;9414101679 // LF3970 // P550428 // 3937736;FILTROS;GROVE RT540E;8-VARIOS;0,56;0;KG;1080,945;15;88469,32;;;;1;;;1;;
3;03-MAYOR A PUNTO DE PEDIDO;1002639;ZSTO;FILTRO DEPOSITO DIRECCION HIDRAULICA;MR01;0374;AB04;V1;2;HB;3;3;0;0;0;0;F07;FILTRO FLUIDO HIDR;5208,6;CNH INDUST // DONALDSON // No aplica // No aplica;1902137 // P550309 // T1100145397 // V600;FILTROS;VOLVO 330 // VW26310/IVECO/26280-19360;9-FRAGIL;0,149;0;KG;464,75;15;5208,6;;;;1;;;1;;
3;03-MAYOR A PUNTO DE PEDIDO;1002642;ZSTO;FILTRO AIRE;MR01;0374;AC05;V1;1;HB;2;2;0;0;0;0;F04;FILTRO AIRE;51681,02;MOTORCRAFT // //;RFA6B // C17308 // P619859;FILTROS;FILTROS;9-FRAGIL;1,3;0;KG;21296;15;51681,02;;;;1;;;1;;
3;03-MAYOR A PUNTO DE PEDIDO;1002650;ZSTO;FILTRO CORROSION KOMATSU XUN;MR01;0374;AB04;V1;1;HB;2;2;0;0;0;0;F02;FILTRO ANTICORROSI;32783,16;KOMATSU HO;6004111191;FILTROS;PC350LC8;8-VARIOS;0,49;0;KG;635,85;15;32783,16;;;;1;;;1;;
3;03-MAYOR A PUNTO DE PEDIDO;1002656;ZSTO;FILTRO AIRE CABINA INTERIOR XUN;MR01;0374;AB04;V1;4;HB;7;7;0;0;0;0;F05;FILTRO AIRE CABINA;372444,17;KOMATSU HO // DONALDSON // HIFI FILTE;20Y9796261 // P500268 // SC 80019;FILTROS;KMS 155AX6;9-FRAGIL;0,17;0;KG;2160;15;372444,18;;;;1;;;1;;
3;03-MAYOR A PUNTO DE PEDIDO;1002658;ZSTO;FILTRO HIDRAULICO KMS 155AX6 XUN;MR01;0374;AB04;V1;1;HB;2;2;0;0;0;0;F07;FILTRO FLUIDO HIDR;265666,86;KOMATSU HO // KOMATSU HO;2076071182 // 2076071181;FILTROS;KMS 155AX6 PC 350LC8;8-VARIOS;1,5;0;KG;8400;25;265666,86;;;;1;;;1;;
3;03-MAYOR A PUNTO DE PEDIDO;1002660;ZSTO;FILTRO HIDRAULICO;MR01;0374;AB04;V1;1;HB;2;2;0;0;0;0;F07;FILTRO FLUIDO HIDR;59658,72;JOHN DEERE // JOHN DEERE // JOHN DEERE;AL160316 // AL160771 // AL203061;FILTROS;JD 6615;8-VARIOS;0,76;0;KG;2187;15;59658,71;;;;1;;;1;;
4;04-MAYOR A STOCK MAXIMO;1002667;ZSTO;FILTRO CARGA HIDRAULICA XUN;MR01;0374;AB04;V1;1;HB;2;3;0;0;0;0;F07;FILTRO FLUIDO HIDR;124763,52;BOBCAT;6692337;FILTROS;BOBCAT S185;8-VARIOS;0,25;0;KG;1152;15;124763,52;;;;;1;;1;;
3;03-MAYOR A PUNTO DE PEDIDO;1002669;ZSTO;FITLRO ACEITE XUN;MR01;0374;AB04;V1;3;HB;5;5;0;0;0;0;F03;FILTRO ACEITE;86516,3;BOBCAT;6675517;FILTROS;BOBCAT S185;7-PESADO;0,44;0;KG;572,265;25;86516,32;;;;1;;;1;;
4;04-MAYOR A STOCK MAXIMO;1002675;ZSTO;FILTRO COMBUSTIBLE;MR01;0374;AB04;V1;2;HB;5;13;0;0;0;0;F06;FILTRO COMBUSTIBLE;536712,02;PERKINS // // PARKER // // // HAULOTTE G // PERKINS // PERKINS // MANITOU;26560201 // FS20009 // REC-154 // SN40645 // TCE1804I // 2427003070 // 26560201 // 4816636 // 605013;FILTROS;MANITOU/HAULOTTE;9-FRAGIL;0,236;0;KG;1336,5;15;536711,98;;;;;1;;1;;
3;03-MAYOR A PUNTO DE PEDIDO;1002685;ZSTO;ARE ACONDICIONADO CABINA;MR01;0374;AB04;V1;3;HB;6;4;0;0;0;0;F10;FILTRO HVAC;105431,44;VOLKSWAGEN // // No aplica // DONALDSON //;2R2819429 // MAH312 // MP5582 // P750019 // TAC5427;FILTROS;VW 31-320-19360;9-FRAGIL;0,13;0;KG;2668;15;105431,43;;;;1;;;1;;
3;03-MAYOR A PUNTO DE PEDIDO;1002686;ZSTO;FILTRO TRAMPA AGUA;MR01;0374;AB04;V1;4;HB;7;7;0;0;0;0;F13;FILTRO TRAMPA DE A;614541,27;KOMATSU HO // DONALDSON // DONALDSON // KOMATSU HO;6003194540 // P550937 // P553200 // 6003114510;FILTROS;D155, WA60;7-PESADO;1,2;0;KG;3316,625;15;614541,25;;;;1;;;1;;
2;02-MENOR A PUNTO DE PEDIDO;1002688;ZSTO;FILTRO GASOIL;MR01;0374;AB04;V1;3;HB;5;2;0;0;0;0;F06;FILTRO COMBUSTIBLE;51790,36;BOBCAT;6667352;FILTROS;BOBCAT S185;7-PESADO;0,3;0;KG;704;25;51790,35;;1;;;;;1;;
3;03-MAYOR A PUNTO DE PEDIDO;1002704;ZSTO;FILTRO AIRE XUN;MR01;0374;BB04;V1;6;HB;11;10;0;0;0;0;F04;FILTRO AIRE;1246746,2;CATERPILLA;6I2501;FILTROS;FILTROS;9-FRAGIL;2,59;0;KG;32400;15;1246746,24;;;;1;;;1;;
2;02-MENOR A PUNTO DE PEDIDO;1002705;ZSTO;FILTRO AIRE XUN;MR01;0374;AB05;V1;6;HB;11;6;0;0;0;0;F04;FILTRO AIRE;633730,14;CATERPILLA;6I2502;FILTROS;FILTROS;9-FRAGIL;0,76;0;KG;9248;25;633730,16;;1;;;;;1;;
3;03-MAYOR A PUNTO DE PEDIDO;1002706;ZSTO;FILTRO COMBUSTIBLE XUN;MR01;0374;AB04;V1;4;HB;8;5;0;0;0;0;F06;FILTRO COMBUSTIBLE;183233,65;CATERPILLA // // //;1R0762 // FF5624 // P550625 // SN 55429;FILTROS;CAT 980H, CAT 336 DLME,988H;7-PESADO;0,9;0;KG;1912,849;15;183233,67;;;;1;;;1;;
3;03-MAYOR A PUNTO DE PEDIDO;1002708;ZSTO;FILTRO AIRE X UN;MR01;0374;AA05;V1;6;HB;12;8;0;0;0;0;F04;FILTRO AIRE;304976,64;VOLKSWAGEN // VOLKSWAGEN // VOLKSWAGEN // // // FLEETGUARD;2S0129620B // CA-5626 // FLI6120 // P618941 // S3003 // AF2599700;FILTROS;VW;9-FRAGIL;2,544;0;KG;32928;15;304976,66;;;;1;;;1;;
3;03-MAYOR A PUNTO DE PEDIDO;1002709;ZSTO;CARTUCHO PARA FILTRO AIRE;MR01;0374;AA05;V1;6;HB;12;11;0;0;0;0;F01;CARTUCHO;205089,94;VOLKSWAGEN // // // MONZA // FLEETGUARD;2S0129620CA // AB3406 // CA5626 // FLI9141 // AF26211;FILTROS;WV;9-FRAGIL;0,687;0;KG;11008;15;205089,9;;;;1;;;1;;
3;03-MAYOR A PUNTO DE PEDIDO;1002710;ZSTO;FILTRO DE AIRE;MR01;0374;AA04;V1;2;HB;5;4;0;0;0;0;F04;FILTRO AIRE;202667,76;KOMATSU HO // // DARMET;6001855110 // P532503 // VP-3722;FILTROS;KOMATSU D65EX12;9-FRAGIL;2,982;0;KG;36366;15;202667,75;;;;1;;;1;;
3;03-MAYOR A PUNTO DE PEDIDO;1002713;ZSTO;FILTRO AIRE ANTERIOR;MR01;0374;AA04;V1;2;HB;3;3;0;0;0;0;F04;FILTRO AIRE;31411,65;CNH INDUST // // CNH INDUST;2992261 // Z8250 // 5803208328;FILTROS;VOLVO 330;7-PESADO;2,4;0;KG;2461,76;15;31411,65;;;;1;;;1;;
3;03-MAYOR A PUNTO DE PEDIDO;1002719;ZSTO;RESPIR. TQ. HIDRAULICO XUN;MR01;0374;AA04;V1;1;HB;2;2;0;0;0;0;F07;FILTRO FLUIDO HIDR;78,02;KOMATSU HO;20Y6021470;FILTROS;PC350LC8;8-VARIOS;0,01;0;KG;25,12;15;78,02;;;;1;;;1;;
3;03-MAYOR A PUNTO DE PEDIDO;1002722;ZSTO;FILTRO COMBUSTIBLE;MR01;0374;AA04;V1;9;HB;18;14;0;0;0;0;F06;FILTRO COMBUSTIBLE;787438,82;CATERPILLA //;1R0749 // P551311;FILTROS;CAT;7-PESADO;0,91;0;KG;1842,003;20;787438,77;;;;1;;;1;;
3;03-MAYOR A PUNTO DE PEDIDO;1002727;ZSTO;FILTRO AIRE CABINA XUN;MR01;0374;AA04;V1;9;HB;17;13;0;0;0;0;F05;FILTRO AIRE CABINA;810736,81;KOMATSU HO // DONALDSON;17M9113530 // P500138;FILTROS;KMS 155AX6;9-FRAGIL;0,271;0;KG;2103,75;15;810736,75;;;;1;;;1;;
3;03-MAYOR A PUNTO DE PEDIDO;1002728;ZSTO;FILTRO AIRE PRIMARIO X UN;MR01;0374;AB05;V1;8;HB;16;12;0;0;0;0;F04;FILTRO AIRE;866458,08;JOHN DEERE;AT178516;FILTROS;D 670 G // 670D;9-FRAGIL;2,27;0;KG;31250;15;866458,09;;;;1;;;1;;
3;03-MAYOR A PUNTO DE PEDIDO;1002729;ZSTO;FILTRO AIRE SECUNDARIO X UN;MR01;0374;AB05;V1;8;HB;16;12;0;0;0;0;F04;FILTRO AIRE;627132,12;JOHN DEERE;AT178517;FILTROS;D 670 G // 670D;9-FRAGIL;0,9;0;KG;10800;15;627132,06;;;;1;;;1;;
3;03-MAYOR A PUNTO DE PEDIDO;1002733;ZSTO;FILTRO AIRE CABINA XUN;MR01;0374;AA04;V1;1;HB;2;2;0;0;0;0;F05;FILTRO AIRE CABINA;149118,54;CATERPILLA // CATERPILLA;2321732 // 2314487;FILTROS;CAT;9-FRAGIL;0,85;0;KG;6360;25;149118,55;;;;1;;;1;;
3;03-MAYOR A PUNTO DE PEDIDO;1002734;ZSTO;FILTRO AIRE SECUNDARIO;MR01;0374;AE03;V1;1;HB;2;2;0;0;0;0;F04;FILTRO AIRE;210185,74;CATERPILLA // DONALDSON;2456376 // P782108;FILTROS;CAT 140K;9-FRAGIL;0,6;0;KG;14592;25;210185,74;;;;1;;;1;;
3;03-MAYOR A PUNTO DE PEDIDO;1002735;ZSTO;FILTRO AIRE PRIMARIO XUN;MR01;0374;AE03;V1;1;HB;2;2;0;0;0;0;F04;FILTRO AIRE;322304,3;CATERPILLA // DONALDSON;2456375 // P782105;FILTROS;CAT;9-FRAGIL;2,9;0;KG;32805;25;322304,3;;;;1;;;1;;
4;04-MAYOR A STOCK MAXIMO;1002736;ZSTO;FILTRO TANQUE HIDRAULICO XUN;MR01;0374;AE03;V1;1;HB;2;3;0;0;0;0;F07;FILTRO FLUIDO HIDR;117088,65;CATERPILLA;1R0774;FILTROS;CAT 416E // 140K;7-PESADO;0,64;0;KG;5488;20;117088,65;;;;;1;;1;;
3;03-MAYOR A PUNTO DE PEDIDO;1002738;ZSTO;Filtro Aceite Motor;MR01;0374;AE03;V1;2;HB;5;4;0;0;0;0;F03;FILTRO ACEITE;27401,92;FLEETGUARD // DONALDSON;LF3345 // P558616;FILTROS;ONAN 40DGCA;7-PESADO;0,46;0;KG;956,424;15;27401,93;;;;1;;;1;;
4;04-MAYOR A STOCK MAXIMO;1002740;ZSTO;FILTRO HIDRAULICO;MR01;0374;AE04;V1;1;HB;1;2;0;0;0;0;F07;FILTRO FLUIDO HIDR;93952,86;CATERPILLA;937521;FILTROS;CAT 330;7-PESADO;0,77;0;KG;2280;25;93952,86;;;;;1;;1;;
3;03-MAYOR A PUNTO DE PEDIDO;1002742;ZSTO;FILTRO ACEITE XUN;MR01;0374;AE03;V1;8;HB;16;10;0;0;0;0;F03;FILTRO ACEITE;797724;CATERPILLA // CATERPILLA // CATERPILLA;1R1808 // 1R0716 // 1R1808;FILTROS;CAT 755G;7-PESADO;1,68;0;KG;4291,988;25;797723,99;;;;1;;;1;;
2;02-MENOR A PUNTO DE PEDIDO;1002745;ZSTO;FILTRO AIRE CABINA;MR01;0374;AE03;V1;1;HB;1;1;0;0;0;0;F05;FILTRO AIRE CABINA;13101,6;CATERPILLA // CATERPILLA // CATERPILLA;2931183 // 3050329 // 4I1278;FILTROS;CAT 336 DLME;9-FRAGIL;0,48;0;KG;4995;25;13101,6;;1;;;;;1;;
4;04-MAYOR A STOCK MAXIMO;1002746;ZSTO;UNIDAD SELLO FILTRO HIDRAULICO;MR01;0374;AE04;V1;1;HB;1;2;0;0;0;0;C29;FILTROS/RESPUESTOS;81949,3;CATERPILLA;5I8670;FILTROS;CAT 330;7-PESADO;0,92;0;KG;1700;15;81949,3;;;;;1;;1;;
3;03-MAYOR A PUNTO DE PEDIDO;1002747;ZSTO;FILTRO AIRE PRIMARIO XUN;MR01;0374;AE05;V1;5;HB;10;10;0;0;0;0;F04;FILTRO AIRE;1052203,3;KOMATSU HO // // DONALDSON;6001856110 // AF25627 // P608885;FILTROS;KMS155AX6,PC350LC8,375D,WA600;9-FRAGIL;3,87;0;KG;60984;15;1052203,31;;;;1;;;1;;
3;03-MAYOR A PUNTO DE PEDIDO;1002748;ZSTO;FILTRO AIRE SECUNDARIO XUN;MR01;0374;AE05;V1;5;HB;10;10;0;0;0;0;F04;FILTRO AIRE;118351;DONALDSON // // DARMET // KOMATSU HO;P777869 // AF25468 // VP-2776 // 6001856120;FILTROS;KMS 155AX6, PC350LC8, WA600;9-FRAGIL;1,45;0;KG;19855;15;118351;;;;1;;;1;;
3;03-MAYOR A PUNTO DE PEDIDO;1002750;ZSTO;FILTRO COMBUSTIBLE;MR01;0374;AE03;V1;9;HB;16;16;0;0;0;0;F06;FILTRO COMBUSTIBLE;633245,28;KOMATSU HO // FLEETGUARD // // KOMATSU HO;6003193610 // FS1242 // P551864 // 6003113620;FILTROS;PC350LC8;7-PESADO;0,68;0;KG;1204,386;15;633245,28;;;;1;;;1;;
3;03-MAYOR A PUNTO DE PEDIDO;1002754;ZSTO;FILTRO A. U. COMPRESORA SULLAIR 185;MR01;0374;AE03;V1;2;HB;5;4;0;0;0;0;F04;FILTRO AIRE;445944,92;SULLAIR AR // // FLEETGUARD;2250078031 // OS 5194 // SE-1721;FILTROS;FILTROS;9-FRAGIL;2,38;0;KG;11132;25;445944,93;;;;1;;;1;;
3;03-MAYOR A PUNTO DE PEDIDO;1002760;ZSTO;FILTRO AIRE CABINA INTERIOR XUN;MR01;0374;AD03;V1;5;HB;8;7;0;0;0;0;F05;FILTRO AIRE CABINA;486962,49;KOMATSU HO;2089797620;FILTROS;PC350LC8;9-FRAGIL;0,12;0;KG;2016;15;486962,49;;;;1;;;1;;
3;03-MAYOR A PUNTO DE PEDIDO;1002766;ZSTO;FILTRO COMBUSTIBLE;MR01;0374;AD03;V1;16;HB;32;18;0;0;0;0;F06;FILTRO COMBUSTIBLE;456645,6;KOMATSU HO // //;4216035170 // AF4167 // P502574;FILTROS;WA600;9-FRAGIL;0,025;0;KG;90,75;25;456645,63;;;;1;;;1;;
3;03-MAYOR A PUNTO DE PEDIDO;1002771;ZSTO;FILTRO DE ACEITE;MR01;0374;AD03;V1;2;HB;4;3;0;0;0;0;F03;FILTRO ACEITE;109278,33;CATERPILLA;1R1807;FILTROS;CAT;7-PESADO;0,98;0;KG;2469,61;25;109278,32;;;;1;;;1;;
3;03-MAYOR A PUNTO DE PEDIDO;1002772;ZSTO;FILTRO COMBUSTIBLE XUN;MR01;0374;AD03;V1;3;HB;6;5;0;0;0;0;F06;FILTRO COMBUSTIBLE;123893,4;JOHN DEERE;RE62419;FILTROS;FILTROS;7-PESADO;0,28;0;KG;1296;15;123893,4;;;;1;;;1;;
3;03-MAYOR A PUNTO DE PEDIDO;1002776;ZSTO;FILTRO AIRE PRIMARIO XUN;MR01;0374;AA04;V1;3;HB;5;4;0;0;0;0;F04;FILTRO AIRE;99511,36;DARMET;V750;FILTROS;ONAN / MULLER;9-FRAGIL;1,4;0;KG;13284;30;99511,36;;;;1;;;1;;
3;03-MAYOR A PUNTO DE PEDIDO;1002780;ZSTO;FILTRO AIRE 1;MR01;0374;BA04;V1;5;HB;10;10;0;0;0;0;F04;FILTRO AIRE;137504;MANN // // MANN;5821149 // AB3006 // C23610;FILTROS;BOMAG 213/219;9-FRAGIL;1,52;0;KG;34496;25;137504,05;;;;1;;;1;;
3;03-MAYOR A PUNTO DE PEDIDO;1002781;ZSTO;FILTRO AIRE;MR01;0374;BA04;V1;1;HB;2;2;0;0;0;0;F04;FILTRO AIRE;255435,14;JOHN DEERE;AL172780;FILTROS;JD 6615;9-FRAGIL;1,01;0;KG;10880;25;255435,14;;;;1;;;1;;
3;03-MAYOR A PUNTO DE PEDIDO;1002796;ZSTO;ELEMENTO FILTRO ACEITE XUN;MR01;0374;AD03;V1;3;HB;6;6;0;0;0;0;F03;FILTRO ACEITE;173419,26;CATERPILLA;1R0722;FILTROS;FILTROS;8-VARIOS;0,655;0;KG;5586;15;173419,24;;;;1;;;1;;
3;03-MAYOR A PUNTO DE PEDIDO;1002809;ZSTO;FILTRO CABINA XUN;MR01;0374;AD03;V1;3;HB;6;4;0;0;0;0;F05;FILTRO AIRE CABINA;302036,12;CATERPILLA;6T0988;FILTROS;CAT D6;9-FRAGIL;1,13;0;KG;7752;25;302036,12;;;;1;;;1;;
3;03-MAYOR A PUNTO DE PEDIDO;1002810;ZSTO;FILTRO CABINA CAT D6 XUN;MR01;0374;AD03;V1;3;HB;6;4;0;0;0;0;F05;FILTRO AIRE CABINA;223470,44;CATERPILLA;6T5068;FILTROS;CAT D6;9-FRAGIL;0,22;0;KG;1728;15;223470,45;;;;1;;;1;;
3;03-MAYOR A PUNTO DE PEDIDO;1002811;ZSTO;FILTRO TRAMPA DE AGUA;MR01;0374;BA02;V1;1;HB;2;2;0;0;0;0;F13;FILTRO TRAMPA DE A;13801,02;PARKER RAC;2R0127177;FILTROS;FILTROS;7-PESADO;0,68;0;KG;1800;30;13801,02;;;;1;;;1;;
3;03-MAYOR A PUNTO DE PEDIDO;1002812;ZSTO;CF600 1;MR01;0374;AD03;V1;5;HB;10;9;0;0;0;0;F01;CARTUCHO;115456,41;MANN // DARMET;CF6001 // VP1740SC;FILTROS;BOMAG;9-FRAGIL;0,54;0;KG;6760;15;115456,38;;;;1;;;1;;
2;02-MENOR A PUNTO DE PEDIDO;1002815;ZSTO;FILTRO AIRE SECUNDARIO XUN;MR01;0374;AA04;V1;3;HB;5;3;0;0;0;0;F04;FILTRO AIRE;35145,48;DARMET // // MANN // DONALDSON // DARMET // No aplica // LEVAS BOSC;V750S // AF1840 // CF1000 // P776695 // V-717/S // C1000 // 0986B03904;FILTROS;ONAN / MULLER;9-FRAGIL;0,5;0;KG;6760;15;35145,49;;1;;;;;1;;
3;03-MAYOR A PUNTO DE PEDIDO;1002818;ZSTO;FILTRO GASOIL;MR01;0374;AD03;V1;6;HB;13;7;0;0;0;0;F06;FILTRO COMBUSTIBLE;237366,92;LEVAS BOSC // DONALDSON // PARKER RAC // LEVAS BOSC // BOMAG GMBH;5825010 // P551026 // R160T // 5825010 // 5825015;FILTROS;FILTROS;7-PESADO;1,21;0;KG;2662;15;237366,92;;;;1;;;1;;
3;03-MAYOR A PUNTO DE PEDIDO;1002819;ZSTO;FILTRO CABINA FIAT STRALIS 420;MR01;0374;AD03;V1;1;HB;3;2;0;0;0;0;F05;FILTRO AIRE CABINA;97063,22;CNH //;2995964 // CU4594;FILTROS;STRALIS;9-FRAGIL;0,21;0;KG;4800;25;97063,23;;;;1;;;1;;
4;04-MAYOR A STOCK MAXIMO;1002822;ZSTO;FILTRO COMBUSTIBLE VOLVO;MR01;0374;AD03;V1;2;HB;4;9;0;0;0;0;F06;FILTRO COMBUSTIBLE;124973,46;VOLVO CONS // VOLVO CONS // DONALDSON // VOLVO CONS;FL8193841 // O5717966 // P550372 // 20805349;FILTROS;FILTROS - VOLVO PL 3005D- FMX;7-PESADO;0,79;0;KG;1648,5;25;124973,44;;;;;1;;1;;
2;02-MENOR A PUNTO DE PEDIDO;1002830;ZSTO;FILTRO AIRE 1;MR01;0374;AC05;V1;1;HB;3;1;0;0;0;0;F04;FILTRO AIRE;78941,23;CATERPILLA;1318902;FILTROS;FILTROS;6-PESADO Y FRAGIL;1,32;0;KG;14022;15;78941,23;;1;;;;;1;;
3;03-MAYOR A PUNTO DE PEDIDO;1002832;ZSTO;FILTRO COMBUSTIBLE;MR01;0374;AD03;V1;3;HB;6;4;0;0;0;0;F06;FILTRO COMBUSTIBLE;49813,48;FLEETGUARD // // FLEETGUARD // DONALDSON // MANN;2RK127177A // DB0519 // FF5052 // P553004 // WK723;FILTROS;VW 26260 - ONAN;7-PESADO;0,393;0;KG;704;15;49813,49;;;;1;;;1;;
4;04-MAYOR A STOCK MAXIMO;1002838;ZSTO;FILTRO ACEITE;MR01;0374;AD03;V1;18;HB;37;73;0;0;0;0;F03;FILTRO ACEITE;993267,93;TOYOTA ARG // TOYOTA ARG;909152000300 // 90915YZZD2;FILTROS;PARA HILUX;8-VARIOS;0,27;0;KG;576;15;993267,8;;;;;1;;1;;
3;03-MAYOR A PUNTO DE PEDIDO;1002850;ZSTO;FILTRO AIRE 1 CAT. D8;MR01;0374;BB05;V1;3;HB;6;5;0;0;0;0;F04;FILTRO AIRE;962638,4;CATERPILLA;6I2505;FILTROS;FILTROS;9-FRAGIL;3,24;0;KG;44649;25;962638,41;;;;1;;;1;;
3;03-MAYOR A PUNTO DE PEDIDO;1002851;ZSTO;FILTRO AIRE 2 CAT. D8;MR01;0374;BB05;V1;3;HB;6;6;0;0;0;0;F04;FILTRO AIRE;639213,06;CATERPILLA;6I2506;FILTROS;FILTROS;9-FRAGIL;1,5;0;KG;24600;25;639213,07;;;;1;;;1;;
4;04-MAYOR A STOCK MAXIMO;1002852;ZSTO;FILTRO TRANSMISION XUN;MR01;0374;AC03;V1;2;HB;3;4;0;0;0;0;F03;FILTRO ACEITE;23825,92;CATERPILLA // CATERPILLA;3283655 // 1R1809;FILTROS;CAT D6T, 980H;7-PESADO;1,28;0;KG;4901;25;23825,94;;;;;1;;1;;
3;03-MAYOR A PUNTO DE PEDIDO;1002853;ZSTO;FILTRO HIDRAULICO;MR01;0374;AC03;V1;2;HB;3;3;0;0;0;0;F07;FILTRO FLUIDO HIDR;148241,85;CATERPILLA // DONALDSON;1R0777 // P550523;FILTROS;CAT D6T;7-PESADO;0,47;0;KG;3724;15;148241,86;;;;1;;;1;;
3;03-MAYOR A PUNTO DE PEDIDO;1002859;ZSTO;FILTRO ACEITE DIRECCION;MR01;0374;AC03;V1;1;HB;3;3;0;0;0;0;F03;FILTRO ACEITE;33652,68;CATERPILLA // // CATERPILLA;1560214 // P164378 // 3321871;FILTROS;CAT D6;7-PESADO;1,2;0;KG;2600;15;33652,68;;;;1;;;1;;
3;03-MAYOR A PUNTO DE PEDIDO;1002877;ZSTO;FILTRO EL. HIDR. PILOTO;MR01;0374;AC03;V1;2;HB;3;3;0;0;0;0;F07;FILTRO FLUIDO HIDR;303095,28;KOMATSU HO;20Y6251691;FILTROS;KMS 155AX6;9-FRAGIL;0,07;0;KG;250;15;303095,27;;;;1;;;1;;
2;02-MENOR A PUNTO DE PEDIDO;1002878;ZSTO;FILTRO RESPIRADERO TRANSMISION XUN;MR01;0374;AC03;V1;1;HB;1;1;0;0;0;0;F04;FILTRO AIRE;37693,24;KOMATSU HO //;0703000252 // FS 127;FILTROS;KMS 155AX6;8-VARIOS;0,1;0;KG;62,8;15;37693,24;;1;;;;;1;;
3;03-MAYOR A PUNTO DE PEDIDO;1002889;ZSTO;FILTRO COMBUSTIBLE;MR01;0374;AC03;V1;5;HB;10;9;0;0;0;0;F06;FILTRO COMBUSTIBLE;1191735,72;BOMAG GMBH // HIFI FILTE;5717961 // SN909110;FILTROS;BOMAG;7-PESADO;1,005;0;KG;2057;15;1191735,71;;;;1;;;1;;
3;03-MAYOR A PUNTO DE PEDIDO;1002895;ZSTO;FILTRO AIRE CABINA;MR01;0374;AC03;V1;3;HB;6;5;0;0;0;0;F05;FILTRO AIRE CABINA;361334,8;CATERPILLA;7X6041;FILTROS;CAT 815 F-2, D8, 980H;9-FRAGIL;1,06;0;KG;5775;15;361334,81;;;;1;;;1;;
3;03-MAYOR A PUNTO DE PEDIDO;1002899;ZSTO;FILTRO COMBUSTIBLE;MR01;0374;AC03;V1;2;HB;4;4;0;0;0;0;F06;FILTRO COMBUSTIBLE;54913,52;FLEETGUARD // DONALDSON;FF5488 // P550774;FILTROS;VW 31-320-19360;7-PESADO;0,62;0;KG;1204,386;15;54913,51;;;;1;;;1;;
3;03-MAYOR A PUNTO DE PEDIDO;1002901;ZSTO;FILTRO ACEITE;MR01;0374;AC03;V1;6;HB;13;13;0;0;0;0;F03;FILTRO ACEITE;498788,16;FLEETGUARD // DONALDSON // KOMATSU HO;LF9009 // P553000 // 6742014540;FILTROS;VW 31-320 - 19360;7-PESADO;1,53;0;KG;3391,2;15;498788,22;;;;1;;;1;;
3;03-MAYOR A PUNTO DE PEDIDO;1002907;ZSTO;FILTRO TRAMPA AGUA XUN;MR01;0374;AC03;V1;7;HB;14;11;0;0;0;0;F13;FILTRO TRAMPA DE A;943498,82;JOHN DEERE;AT365870;FILTROS;JD 644K, 544K;7-PESADO;0,783;0;KG;1764,876;25;943498,79;;;;1;;;1;;
2;02-MENOR A PUNTO DE PEDIDO;1002908;ZSTO;FILTRO TRANSIMISION HIDRAULICO XUN;MR01;0374;AC03;V1;2;HB;4;1;0;0;0;0;F07;FILTRO FLUIDO HIDR;61266,74;JOHN DEERE;AT367635;FILTROS;JD 524;7-PESADO;1,01;0;KG;2100;25;61266,74;;1;;;;;1;;
3;03-MAYOR A PUNTO DE PEDIDO;1002922;ZSTO;FILTRO ACEITE TRANSMISIÓN DIFERENCIAL;MR01;0374;AC03;V1;4;HB;8;6;0;0;0;0;F03;FILTRO ACEITE;936804,54;JOHN DEERE;AT335492;FILTROS;JD 644K, 544K;7-PESADO;2,59;0;KG;5915;30;936804,53;;;;1;;;1;;
3;03-MAYOR A PUNTO DE PEDIDO;1002923;ZSTO;FILTRO COMBUSTIBLE;MR01;0374;AC03;V1;5;HB;10;9;0;0;0;0;F06;FILTRO COMBUSTIBLE;165657,78;BOMAG GMBH // DONALDSON;5716779 // P554620;FILTROS;BW24RH;8-VARIOS;0,66;0;KG;1500;15;165657,82;;;;1;;;1;;
3;03-MAYOR A PUNTO DE PEDIDO;1002925;ZSTO;FILTRO AIRE PRIMARIO;MR01;0374;AD05;V1;6;HB;13;7;0;0;0;0;F04;FILTRO AIRE;295848,14;BOMAG GMBH // // DONALDSON // DONALDSON // BALDWIN;5821147 // C20500 // P778994 // P779894 // RS3992;FILTROS;BW24RH;9-FRAGIL;1,17;0;KG;18081;30;295848,17;;;;1;;;1;;
3;03-MAYOR A PUNTO DE PEDIDO;1002926;ZSTO;FILTRO AIRE SECUNDARIO;MR01;0374;AD05;V1;6;HB;13;9;0;0;0;0;F04;FILTRO AIRE;374185,08;BOMAG GMBH // // DONALDSON // BALDWIN;5821148 // CF5001 // P780036 // RS3993;FILTROS;BOMAG BW24 RH;9-FRAGIL;0,37;0;KG;4840;30;374185,04;;;;1;;;1;;
3;03-MAYOR A PUNTO DE PEDIDO;1002929;ZSTO;FILTRO HIDRAULICO;MR01;0374;AC03;V1;1;HB;3;3;0;0;0;0;F07;FILTRO FLUIDO HIDR;3125,25;BOMAG GMBH // BOMAG GMBH;7993022 // 7993022;FILTROS;BOMAG BW24 RH;7-PESADO;0,31;0;KG;1053;15;3125,25;;;;1;;;1;;
3;03-MAYOR A PUNTO DE PEDIDO;1002931;ZSTO;FILTRO ACEITE;MR01;0374;AB01;V1;22;HB;57;31;0;0;0;0;F03;FILTRO ACEITE;1207424,89;VOLVO CONS // VOLVO MAQU // FLEETGUARD // VOLVO CONS // VOLVO CONS;P21707133 // 17533660 // LF667 // VOE478736 // 23658092;FILTROS;VOLVO 330 // VOLVO L260H;7-PESADO;1,215;0;KG;2469,61;20;1207424,83;;;;1;;;1;;
3;03-MAYOR A PUNTO DE PEDIDO;1002932;ZSTO;FILTRO ACEITE;MR01;0374;AB03;V1;12;HB;27;16;0;0;0;0;F03;FILTRO ACEITE;654935,68;VOLVO CONS // VOLVO CONS;P21707132 // VOE477556;FILTROS;VOLVO L260H;7-PESADO;1,152;0;KG;2699,223;20;654935,66;;;;1;;;1;;
3;03-MAYOR A PUNTO DE PEDIDO;1002949;ZSTO;FILTRO COMBUSTIBLE;MR01;0374;AB03;V1;4;HB;7;7;0;0;0;0;F06;FILTRO COMBUSTIBLE;1080113,65;KOMATSU HO // FLEETGUARD // KOMATSU HO // KOMATSU HO;6003113841 // FF63040NN // FF63040NN // 6003193841;FILTROS;KMS 155AX6;7-PESADO;2,08;0;KG;5880;20;1080113,65;;;;1;;;1;;
2;02-MENOR A PUNTO DE PEDIDO;1002971;ZSTO;FILTRO DE TRANSMISION CAT;MR01;0374;AB03;V1;1;HB;1;1;0;0;0;0;F03;FILTRO ACEITE;194884,75;CATERPILLA //;3375270 // 5715253;FILTROS;CAT D8,D9,336,775,390,988;8-VARIOS;0,68;0;KG;5070;25;194884,75;;1;;;;;1;;
3;03-MAYOR A PUNTO DE PEDIDO;1002987;ZSTO;FILTRO DE ACEITE;MR01;0374;AB03;V1;3;HB;6;5;0;0;0;0;F03;FILTRO ACEITE;30176;FLEETGUARD // FLEETGUARD;218915 // HF28857;FILTROS;GRUA TEREX;7-PESADO;0,76;0;KG;1700;20;30176;;;;1;;;1;;
3;03-MAYOR A PUNTO DE PEDIDO;1002988;ZSTO;FILTRO DE ACEITE (HIDRAULICO);MR01;0374;AA05;V1;1;HB;3;3;0;0;0;0;F03;FILTRO ACEITE;44114,67;KOEHRING // FLEETGUARD;7086449 // HF7538;FILTROS;GRUA TEREX;7-PESADO;1,75;0;KG;11849;15;44114,68;;;;1;;;1;;
3;03-MAYOR A PUNTO DE PEDIDO;1002990;ZSTO;FILTRO DE AIRE PRIMARIO;MR01;0374;AB03;V1;3;HB;5;5;0;0;0;0;F04;FILTRO AIRE;128536,9;BOBCAT // DONALDSON;6666333 // P822768;FILTROS;BOBCAT S530;6-PESADO Y FRAGIL;0,654;0;KG;6664;25;128536,9;;;;1;;;1;;
3;03-MAYOR A PUNTO DE PEDIDO;1002991;ZSTO;FILTRO DE AIRE SECUNDARIO;MR01;0374;AC05;V1;3;HB;5;5;0;0;0;0;F04;FILTRO AIRE;66220,9;BOBCAT // DONALDSON;6666334 // P822769;FILTROS;BOBCAT;8-VARIOS;0,26;0;KG;4114;25;66220,89;;;;1;;;1;;
4;04-MAYOR A STOCK MAXIMO;1002992;ZSTO;FILTRO RESPIRADERO TANQUE;MR01;0374;AB03;V1;1;HB;2;3;0;0;0;0;F04;FILTRO AIRE;1850,91;BOBCAT;6727475;FILTROS;S530;8-VARIOS;0,1;0;KG;381,51;25;1850,91;;;;;1;;1;;
3;03-MAYOR A PUNTO DE PEDIDO;1002994;ZSTO;PERKINS FILTRO ACEITE;MR01;0374;AB03;V1;2;HB;5;5;0;0;0;0;F03;FILTRO ACEITE;76257,4;HAULOTTE G // DONALDSON // PERKINS;2427003080 // P554407 // 2654407;FILTROS;HAULOTTE HTL 4014/4017/4010;7-PESADO;0,58;0;KG;1800;15;76257,4;;;;1;;;1;;
4;04-MAYOR A STOCK MAXIMO;1002995;ZSTO;FILTRO HIDRAULICO DE PRESION;MR01;0374;AB03;V1;1;HB;2;3;0;0;0;0;F07;FILTRO FLUIDO HIDR;151826,37;HAULOTTE G // // DONALDSON;2427002910 // P564860 // P783753;FILTROS;HAULOTTE HTL 4014/4017/4010;9-FRAGIL;0,2;0;KG;1152;15;151826,34;;;;;1;;1;;
4;04-MAYOR A STOCK MAXIMO;1002996;ZSTO;FILTRO RESP DE TANQUE;MR01;0374;AA03;V1;1;HB;2;3;0;0;0;0;F04;FILTRO AIRE;43036,65;HAULOTTE G;2505003370;FILTROS;HAULOTTE HTL 4014/4017/4010;9-FRAGIL;0,24;0;KG;904,32;15;43036,64;;;;;1;;1;;
3;03-MAYOR A PUNTO DE PEDIDO;1002997;ZSTO;FILTRO CABINA INTERIOR;MR01;0374;AA03;V1;2;HB;3;3;0;0;0;0;F05;FILTRO AIRE CABINA;113549,76;HAULOTTE G // HIFI FILTE // DIECI;2820301610 // SC 70087 // 2I094123;FILTROS;HAULOTTE HTL 4014/4017/4010;9-FRAGIL;0,27;0;KG;1680;20;113549,75;;;;1;;;1;;
3;03-MAYOR A PUNTO DE PEDIDO;1002998;ZSTO;FILTRO COMBUSTIBLE;MR01;0374;AA03;V1;2;HB;5;4;0;0;0;0;F06;FILTRO COMBUSTIBLE;30356,64;PERKINS // FLEETGUARD // DONALDSON // // MANN;4415122 // FF5788 // P502420 // P556245 // P917X;FILTROS;HAULOTTE;9-FRAGIL;0,12;0;KG;900;15;30356,64;;;;1;;;1;;
4;04-MAYOR A STOCK MAXIMO;1003000;ZSTO;FILTRO HIDRAULICO DE RETORNO;MR01;0374;AA03;V1;1;HB;2;4;0;0;0;0;F07;FILTRO FLUIDO HIDR;708186,88;HAULOTTE G //;2505001940 // 16782 ELEVAMUNDO;FILTROS;HAULOTTE HTL 4014/4017;8-VARIOS;0,66;0;KG;2000;15;708186,87;;;;;1;;1;;
3;03-MAYOR A PUNTO DE PEDIDO;1003001;ZSTO;FILTRO DE AIRE PRIMARIO;MR01;0374;AA03;V1;2;HB;5;3;0;0;0;0;F04;FILTRO AIRE;95676,27;FLEETGUARD // FLEETGUARD // DONALDSON;2324005070 // AF25557 // P828889;FILTROS;HAULOTTE HTL 4014/4017/4010;9-FRAGIL;1,04;0;KG;12996;45;95676,27;;;;1;;;1;;
4;04-MAYOR A STOCK MAXIMO;1003002;ZSTO;FILTRO DE AIRE SECUNDARIO;MR01;0374;AA03;V1;2;HB;5;13;0;0;0;0;F04;FILTRO AIRE;275026,83;HAULOTTE G // DONALDSON;2326001910 // P829333;FILTROS;HAULOTTE HTL 4014/4017/4010;9-FRAGIL;0,38;0;KG;5328;15;275026,87;;;;;1;;1;;
3;03-MAYOR A PUNTO DE PEDIDO;1003006;ZSTO;FILTRO DE AIRE PRIMARIO;MR01;0374;AB03;V1;1;HB;3;2;0;0;0;0;F04;FILTRO AIRE;13141,3;HAULOTTE G;4000007200;FILTROS;COMPACT 12X;9-FRAGIL;0,371;0;KG;2380,022;15;13141,31;;;;1;;;1;;
3;03-MAYOR A PUNTO DE PEDIDO;1003016;ZSTO;FILTRO DE ACEITE MOTOR;MR01;0374;AA03;V1;4;HB;7;6;0;0;0;0;F03;FILTRO ACEITE;54429,9;HAULOTTE G // // DONALDSON //;4000076270 // LF 3311 // P550939 // 5741616;FILTROS;HAULOTTE;8-VARIOS;0,42;0;KG;508,68;15;54429,9;;;;1;;;1;;
3;03-MAYOR A PUNTO DE PEDIDO;1003019;ZSTO;FILTRO RESPIRADERO TANQUE HIDRAULICO;MR01;0374;AA03;V1;1;HB;2;2;0;0;0;0;F07;FILTRO FLUIDO HIDR;91688,56;KOMATSU HO;2076051311;FILTROS;KOMATSU PC 350;9-FRAGIL;0,06;0;KG;78,5;25;91688,56;;;;1;;;1;;
3;03-MAYOR A PUNTO DE PEDIDO;1003020;ZSTO;FILTRO AIRE MOTOR;MR01;0374;AA05;V1;5;HB;10;6;0;0;0;0;F04;FILTRO AIRE;341510,82;JOHN DEERE;AT332908;FILTROS;JD 310K;9-FRAGIL;1,06;0;KG;19844;25;341510,84;;;;1;;;1;;
3;03-MAYOR A PUNTO DE PEDIDO;1003021;ZSTO;FILTRO AIRE SEGURIDAD;MR01;0374;AA03;V1;5;HB;10;7;0;0;0;0;F04;FILTRO AIRE;277920,86;JOHN DEERE;AT332909;FILTROS;JD 310K;9-FRAGIL;0,41;0;KG;10496;15;277920,84;;;;1;;;1;;
3;03-MAYOR A PUNTO DE PEDIDO;1003024;ZSTO;ELEMENTO FILTRO AIRE;MR01;0374;AE03;V1;3;HB;5;5;0;0;0;0;F04;FILTRO AIRE;217322,85;FLEETGUARD // No aplica // No aplica;AF26094 // 8200651 // A034P660;FILTROS;ONAN C66D5;9-FRAGIL;1,5;0;KG;11664;15;217322,86;;;;1;;;1;;
3;03-MAYOR A PUNTO DE PEDIDO;1003025;ZSTO;ELEMENTO FILTRO AIRE;MR01;0374;AE03;V1;3;HB;5;5;0;0;0;0;F04;FILTRO AIRE;86371,95;FLEETGUARD // // No aplica // No aplica;AF26093 // P131394 // 8200650 // A034P656;FILTROS;ONAN C66D5;9-FRAGIL;0,48;0;KG;4176;45;86371,95;;;;1;;;1;;
3;03-MAYOR A PUNTO DE PEDIDO;1003026;ZSTO;FILTRO SEPARADOR DE AGUA;MR01;0374;AA03;V1;11;HB;22;18;0;0;0;0;F13;FILTRO TRAMPA DE A;323523,72;FLEETGUARD // FLEETGUARD // DONALDSON;FS19652 // FS1280 // P551329;FILTROS;ONAN C66D5;7-PESADO;0,65;0;KG;1256;15;323523,7;;;;1;;;1;;
3;03-MAYOR A PUNTO DE PEDIDO;1003027;ZSTO;ELEMENTO FILTRO DE ACEITE;MR01;0374;AA03;V1;3;HB;5;4;0;0;0;0;F03;FILTRO ACEITE;200670,28;FLEETGUARD // BALDWIN // // // No aplica;LF16061 // B7362 // DBL7349 // LF3806 // P556615;FILTROS;ONAN C66D5;8-VARIOS;0,75;0;KG;1800;15;200670,28;;;;1;;;1;;
2;02-MENOR A PUNTO DE PEDIDO;1003031;ZSTO;FILTRO DE COMBUSTIBLE;MR01;0374;AE02;V1;1;HB;2;1;0;0;0;0;F06;FILTRO COMBUSTIBLE;40919,48;CATERPILLA;1R1804;FILTROS;CAT;7-PESADO;0,24;0;KG;1080,945;25;40919,48;;1;;;;;1;;
2;02-MENOR A PUNTO DE PEDIDO;1003032;ZSTO;FILTRO TRAMPA DE AGUA;MR01;0374;AE02;V1;1;HB;2;1;0;0;0;0;F13;FILTRO TRAMPA DE A;122955,15;CATERPILLA;4385386;FILTROS;CAT;7-PESADO;2,12;0;KG;7875;25;122955,15;;1;;;;;1;;
3;03-MAYOR A PUNTO DE PEDIDO;1003033;ZSTO;FILTRO DE ACEITE MOTOR;MR01;0374;AA03;V1;2;HB;4;3;0;0;0;0;F03;FILTRO ACEITE;119208,6;CATERPILLA;3223155;FILTROS;CAT 323;7-PESADO;0,37;0;KG;2904;15;119208,59;;;;1;;;1;;
4;04-MAYOR A STOCK MAXIMO;1003035;ZSTO;CARTUCHO DE AIRE SEGURIDAD;MR01;0374;AE02;V1;2;HB;4;5;0;0;0;0;F01;CARTUCHO;74932,75;SCANIA ARG // DONALDSON // DARMET;1869990 // P636521 // VP-2768;FILTROS;CAMION TRACTOR SCANIA G410;8-VARIOS;1,12;0;KG;20800;15;74932,75;;;;;1;;1;;
3;03-MAYOR A PUNTO DE PEDIDO;1003036;ZSTO;FILTRO GASOIL;MR01;0374;AE02;V1;2;HB;4;4;0;0;0;0;F06;FILTRO COMBUSTIBLE;132401,32;SCANIA ARG //;1873018 // PU941X;FILTROS;CAMION TRACTOR SCANIA G410;7-PESADO;0,19;0;KG;954,56;15;132401,3;;;;1;;;1;;
3;03-MAYOR A PUNTO DE PEDIDO;1003037;ZSTO;FILTRO CABINA PGR;MR01;0374;AE02;V1;2;HB;4;4;0;0;0;0;F05;FILTRO AIRE CABINA;98472,96;SCANIA ARG //;1913500 // CU4594.;FILTROS;CAMION TRACTOR SCANIA G410;9-FRAGIL;0,17;0;KG;1596;15;98472,98;;;;1;;;1;;
3;03-MAYOR A PUNTO DE PEDIDO;1003038;ZSTO;FILTRO DE ACEITE;MR01;0374;AE02;V1;2;HB;4;4;0;0;0;0;F03;FILTRO ACEITE;66279,68;MANN // //;HU10771X // HU1077/2Z // SO 11103;FILTROS;CAMION TRACTOR SCANIA G410;7-PESADO;0,215;0;KG;2800;15;66279,67;;;;1;;;1;;
3;03-MAYOR A PUNTO DE PEDIDO;1003039;ZSTO;FILTRO SECADOR DE AIRE;MR01;0374;AE02;V1;1;HB;2;2;0;0;0;0;F11;FILTRO SECADOR DE;31374,88;SCANIA ARG // SCANIA ARG // SCANIA ARG // SCANIA ARG;2307617 // 2081360 // 2484686 // 2562323;FILTROS;CAMION TRACTOR SCANIA G410;8-VARIOS;2,33;0;KG;2769,48;15;31374,86;;;;1;;;1;;
2;02-MENOR A PUNTO DE PEDIDO;1003043;ZSTO;FILTRO DE AIRE SECUNDARIO CAT;MR01;0374;BA04BIS;V1;1;HB;3;1;0;0;0;0;F04;FILTRO AIRE;46514,48;CATERPILLA // CATERPILLA;1318903 // 1106331;FILTROS;CAT 312 D2L;8-VARIOS;0,347;0;KG;4893,25;25;46514,48;;1;;;;;1;;
3;03-MAYOR A PUNTO DE PEDIDO;1003044;ZSTO;FILTRO HIDRAULICO DE RETORNO;MR01;0374;BA04BIS;V1;1;HB;2;2;0;0;0;0;F07;FILTRO FLUIDO HIDR;15679,1;CATERPILLA;3987171;FILTROS;CAT 312 D2L;8-VARIOS;1,78;0;KG;6762;20;15679,11;;;;1;;;1;;
3;03-MAYOR A PUNTO DE PEDIDO;1003057;ZSTO;ELEMENTO FILTRO DE AIRE PRIMARIO;MR01;0374;BA04;V1;2;HB;5;3;0;0;0;0;F04;FILTRO AIRE;428079,93;JOHN DEERE;AT175223;FILTROS;MOTONIVELADORA JD 770 G;9-FRAGIL;3,337;0;KG;41552;25;428079,93;;;;1;;;1;;
3;03-MAYOR A PUNTO DE PEDIDO;1003058;ZSTO;KIT FILTRO COMBUSTIBLE COMPLETO;MR01;0374;AE02;V1;2;HB;5;5;0;0;0;0;F06;FILTRO COMBUSTIBLE;680515,2;JOHN DEERE // JOHN DEERE;RE525523 // RE52090652323;FILTROS;MOTONIVELADORA JD 770 G;7-PESADO;1,09;0;KG;4968;25;680515,21;;;;1;;;1;;
3;03-MAYOR A PUNTO DE PEDIDO;1003060;ZSTO;FILTRO ACEITE;MR01;0374;BA02;V1;4;HB;7;6;0;0;0;0;F03;FILTRO ACEITE;163523,16;VOLKSWAGEN // VOLKSWAGEN;03L115562 // L3L115562;FILTROS;VW AMAROK;9-FRAGIL;0,1;0;KG;539;15;163523,13;;;;1;;;1;;
3;03-MAYOR A PUNTO DE PEDIDO;1003061;ZSTO;FILTRO AIRE;MR01;0374;BA02;V1;4;HB;7;6;0;0;0;0;F04;FILTRO AIRE;275240,04;VOLKSWAGEN;2H0129620A;FILTROS;VW AMAROK;9-FRAGIL;0,71;0;KG;6890;15;275240,05;;;;1;;;1;;
3;03-MAYOR A PUNTO DE PEDIDO;1003062;ZSTO;FILTRO COMBUSTIBLE VW AMAROK;MR01;0374;BA02;V1;4;HB;7;6;0;0;0;0;F06;FILTRO COMBUSTIBLE;933864,42;VOLKSWAGEN // VOLKSWAGEN;2H0127401D // 2HO127401G;FILTROS;VW AMAROK;9-FRAGIL;0,693;0;KG;5766;15;933864,42;;;;1;;;1;;
3;03-MAYOR A PUNTO DE PEDIDO;1003063;ZSTO;FILTRO HABITACULO;MR01;0374;BA02;V1;4;HB;7;6;0;0;0;0;F05;FILTRO AIRE CABINA;307029,78;VOLKSWAGEN // // //;7H0819631A // 7E0819631 // CB0575 // 7EO-819-631;FILTROS;VW AMAROK;9-FRAGIL;0,32;0;KG;1848;15;307029,8;;;;1;;;1;;
2;02-MENOR A PUNTO DE PEDIDO;1003069;ZSTO;SECANTE CSA 2018;MR01;0374;AE02;V1;1;HB;1;1;0;0;0;0;F14;GENERICOS FILTROS;343885,26;CATERPILLA //;2032389 // 5879321;FILTROS;CAT 140 K;8-VARIOS;2,75;0;KG;4913;15;343885,26;;1;;;;;1;;
4;04-MAYOR A STOCK MAXIMO;1003087;ZSTO;FILTRO COMBUSTIBLE;MR01;0374;AE02;V1;18;HB;37;73;0;0;0;0;F06;FILTRO COMBUSTIBLE;6162229,3;TOYOTA ARG //;233900L07000 // 233900L100;FILTROS;HILUX 2017;8-VARIOS;0,184;0;KG;1150;15;6162229,6;;;;;1;;1;;
4;04-MAYOR A STOCK MAXIMO;1003088;ZSTO;FILTRO AIRE;MR01;0374;AE02;V1;18;HB;37;73;0;0;0;0;F04;FILTRO AIRE;4063831,89;TOYOTA ARG // TOYOTA ARG;178010L04000 // 178010E030;FILTROS;HILUX 2017;9-FRAGIL;0,57;0;KG;5443,75;15;4063831,64;;;;;1;;1;;
3;03-MAYOR A PUNTO DE PEDIDO;1003089;ZSTO;FILTRO DE CABINA;MR01;0374;AD02;V1;18;HB;37;31;0;0;0;0;F05;FILTRO AIRE CABINA;755859,98;TOYOTA ARG;871390K080;FILTROS;HILUX 2017;9-FRAGIL;0,08;0;KG;1383,75;15;755860,03;;;;1;;;1;;
3;03-MAYOR A PUNTO DE PEDIDO;1003090;ZSTO;FILTRO DE AIRE SECUNDARIO;MR01;0374;AD02;V1;5;HB;8;7;0;0;0;0;F04;FILTRO AIRE;347083,66;FLEETGUARD // DONALDSON;AF25904 // P500970;FILTROS;SULLAIR C22D5;9-FRAGIL;0,93;0;KG;5096;15;347083,68;;;;1;;;1;;
3;03-MAYOR A PUNTO DE PEDIDO;1003091;ZSTO;FILTRO ACEITE MOTOR;MR01;0374;AD02;V1;5;HB;8;7;0;0;0;0;F03;FILTRO ACEITE;77355,53;FLEETGUARD // DONALDSON;LF16087 // P554408;FILTROS;SULLAIR C22D5;7-PESADO;0,43;0;KG;753,6;45;77355,56;;;;1;;;1;;
3;03-MAYOR A PUNTO DE PEDIDO;1003093;ZSTO;FILTRO DE COMBUSTIBLE;MR01;0374;AA03;V1;12;HB;27;15;0;0;0;0;F06;FILTRO COMBUSTIBLE;615706,35;VOLVO CONS // VOLVO CONS;P22480372 // VOE15126069;FILTROS;VOLVO FM460;7-PESADO;1,15;0;KG;2469,61;15;615706,36;;;;1;;;1;;
3;03-MAYOR A PUNTO DE PEDIDO;1003094;ZSTO;FILTRO DE DRENAJE BOMBA;MR01;0374;AD02;V1;2;HB;5;4;0;0;0;0;F07;FILTRO FLUIDO HIDR;79122,72;VOLVO CONS // // No aplica;21392404 // 20580233 // 7632141111;FILTROS;VOLVO 330 // VOLVO FM460;9-FRAGIL;0,105;0;KG;282,6;15;79122,73;;;;1;;;1;;
3;03-MAYOR A PUNTO DE PEDIDO;1003095;ZSTO;FILTRO TRAMPA DE AGUA COMBUSTIBLE;MR01;0374;AD02;V1;12;HB;27;15;0;0;0;0;F13;FILTRO TRAMPA DE A;734527,65;PARKER RAC //;21925732 // 23662435;FILTROS;VOLVO FM460;7-PESADO;0,72;0;KG;1329,79;15;734527,62;;;;1;;;1;;
3;03-MAYOR A PUNTO DE PEDIDO;1003096;ZSTO;FILTRO DE AIRE TANQUE DE COMBUSTIBLE;MR01;0374;AD02;V1;22;HB;57;53;0;0;0;0;F06;FILTRO COMBUSTIBLE;1696804,54;VOLVO CONS // DONALDSON;21743197 // P954869;FILTROS;VOLVO 330 // VOLVO FM460;9-FRAGIL;0,09;0;KG;480,42;15;1696804,37;;;;1;;;1;;
3;03-MAYOR A PUNTO DE PEDIDO;1003097;ZSTO;FILTRO DE AIRE PRIMARIO;MR01;0374;BA05;V1;12;HB;27;15;0;0;0;0;F04;FILTRO AIRE;2712606,6;VOLVO CONS;21337557;FILTROS;VOLVO FM460;9-FRAGIL;3,39;0;KG;49940,125;30;2712606,58;;;;1;;;1;;
3;03-MAYOR A PUNTO DE PEDIDO;1003098;ZSTO;FILTRO COMBUSTIBLE;MR01;0374;AD02;V1;4;HB;7;6;0;0;0;0;F06;FILTRO COMBUSTIBLE;551166,9;BOMAG GMBH;O5718268;FILTROS;BOMAG;7-PESADO;0,74;0;KG;1500;30;551166,92;;;;1;;;1;;
3;03-MAYOR A PUNTO DE PEDIDO;1003100;ZSTO;FILTRO AIRE PRIMARIO;MR01;0374;AD02;V1;2;HB;4;4;0;0;0;0;F04;FILTRO AIRE;196241,24;SCANIA ARG;1335680;FILTROS;SCANIA;6-PESADO Y FRAGIL;1,108;0;KG;18278;15;196241,26;;;;1;;;1;;
3;03-MAYOR A PUNTO DE PEDIDO;1003101;ZSTO;FILTRO DE COMBUSTIBLE;MR01;0374;AD02;V1;2;HB;4;4;0;0;0;0;F06;FILTRO COMBUSTIBLE;131997,48;SCANIA ARG;1518512;FILTROS;SCANIA;7-PESADO;0,839;0;KG;1709,73;15;131997,46;;;;1;;;1;;
3;03-MAYOR A PUNTO DE PEDIDO;1003102;ZSTO;FILTRO DE COMBUSTIBLE;MR01;0374;AD02;V1;4;HB;7;6;0;0;0;0;F06;FILTRO COMBUSTIBLE;389042,76;VOLKSWAGEN // HENGST // VOLKSWAGEN;2V5201512 // E422KP D98 // FF 5629;FILTROS;FILTROS;7-PESADO;0,26;0;KG;1800;15;389042,78;;;;1;;;1;;
2;02-MENOR A PUNTO DE PEDIDO;1003103;ZSTO;FILTRO ACEITE MOTOR;MR01;0374;AD02;V1;4;HB;7;4;0;0;0;0;F03;FILTRO ACEITE;84738,68;MANN // HENGST // MANN // DONALDSON // PARKER;07W115436 // E161H01 D28 // HU947/2 2X // P550451 // REL-814;FILTROS;FILTROS;9-FRAGIL;0,16;0;KG;1782;15;84738,7;;1;;;;;1;;
3;03-MAYOR A PUNTO DE PEDIDO;1003104;ZSTO;FILTRO DE AIRE PRIMARIO;MR01;0374;BA04BIS;V1;1;HB;3;2;0;0;0;0;F04;FILTRO AIRE;53045,74;CATERPILLA // DONALDSON;225220 // P119373;FILTROS;TEREX;6-PESADO Y FRAGIL;1,42;0;KG;24192;15;53045,75;;;;1;;;1;;
3;03-MAYOR A PUNTO DE PEDIDO;1003105;ZSTO;FILTRO DE AIRE SECUNDARIO;MR01;0374;BA04BIS;V1;1;HB;3;2;0;0;0;0;F04;FILTRO AIRE;134273,32;CATERPILLA // DONALDSON;225221 // P182046;FILTROS;TEREX;8-VARIOS;2,91;0;KG;39600;60;134273,31;;;;1;;;1;;
3;03-MAYOR A PUNTO DE PEDIDO;1003108;ZSTO;FILTRO DE AIRE PRIMARIO;MR01;0374;BA03BIS;V1;2;HB;4;4;0;0;0;0;F04;FILTRO AIRE;137124,6;CASE // FLEETGUARD;87344135 // AF25174;FILTROS;FARMALL A-120;6-PESADO Y FRAGIL;1,436;0;KG;21537,75;15;137124,59;;;;1;;;1;;
3;03-MAYOR A PUNTO DE PEDIDO;1003109;ZSTO;FILTRO DE AIRE SECUNDARIO;MR01;0374;BA03BIS;V1;2;HB;4;4;0;0;0;0;F04;FILTRO AIRE;91918,92;MANN;87344136 // CF360;FILTROS;FARMALL A-120;8-VARIOS;0,447;0;KG;5123,25;15;91918,93;;;;1;;;1;;
3;03-MAYOR A PUNTO DE PEDIDO;1003110;ZSTO;FILTRO DE COMBUSTIBLE;MR01;0374;BB03BIS;V1;2;HB;4;4;0;0;0;0;F06;FILTRO COMBUSTIBLE;26518,72;DONALDSON;47377748 // P556287;FILTROS;FARMALL A-120;7-PESADO;0,265;0;KG;1378,125;15;26518,71;;;;1;;;1;;
3;03-MAYOR A PUNTO DE PEDIDO;1003111;ZSTO;FILTRO MOTOR;MR01;0374;BB03BIS;V1;2;HB;4;3;0;0;0;0;F03;FILTRO ACEITE;12321,12;;84228488 // LF16117;FILTROS;FARMALL A-120;8-VARIOS;0,735;0;KG;1080,945;15;12321,11;;;;1;;;1;;
3;03-MAYOR A PUNTO DE PEDIDO;1003112;ZSTO;FILTRO HIDRAULICO;MR01;0374;BB03BIS;V1;1;HB;2;2;0;0;0;0;F07;FILTRO FLUIDO HIDR;4056,16;CNH // DONALDSON;47628831 // P164375;FILTROS;FARMALL A-120;7-PESADO;0,82;0;KG;1874,25;15;4056,16;;;;1;;;1;;
3;03-MAYOR A PUNTO DE PEDIDO;1003113;ZSTO;FILTRO HIDRAULICO;MR01;0374;BB03BIS;V1;1;HB;2;2;0;0;0;0;F07;FILTRO FLUIDO HIDR;4369,46;CNH // DONALDSON;47427164 // P551364;FILTROS;FARMALL A-120;7-PESADO;1,366;0;KG;4901;15;4369,46;;;;1;;;1;;
3;03-MAYOR A PUNTO DE PEDIDO;1003114;ZSTO;FILTRO HIDRAULICO;MR01;0374;BB03BIS;V1;1;HB;2;2;0;0;0;0;F07;FILTRO FLUIDO HIDR;19631,94;CNH // DONALDSON;47628830 // P551551;FILTROS;FARMALL A-120;7-PESADO;0,532;0;KG;1263,5;15;19631,93;;;;1;;;1;;
3;03-MAYOR A PUNTO DE PEDIDO;1003119;ZSTO;FILTRO DE AIRE PRIMARIO;MR01;0374;AD05;V1;1;HB;4;4;0;0;0;0;F04;FILTRO AIRE;441608,68;VOLVO MAQU;21436535;FILTROS;VOLVO 330;9-FRAGIL;3,2;0;KG;43120;20;441608,68;;;;1;;;1;;
3;03-MAYOR A PUNTO DE PEDIDO;1003120;ZSTO;FILTRO DE COMBUSTIBLE;MR01;0374;AC02;V1;1;HB;4;4;0;0;0;0;F06;FILTRO COMBUSTIBLE;167780,32;VOLVO CONS;22095097;FILTROS;VOLVO 330;7-PESADO;0,95;0;KG;1899,7;20;167780,31;;;;1;;;1;;
3;03-MAYOR A PUNTO DE PEDIDO;1003121;ZSTO;FILTRO DE UREA;MR01;0374;AC02;V1;1;HB;3;2;0;0;0;0;F09;FILTRO DE UREA;102651,74;VOLVO CONS;82269261;FILTROS;VOLVO 330;9-FRAGIL;0,07;0;KG;238,64;20;102651,74;;;;1;;;1;;
4;04-MAYOR A STOCK MAXIMO;1003124;ZSTO;FILTRO DE TRANSMISION CAJA DE CAMBIOS;MR01;0374;AC02;V1;1;HB;1;2;0;0;0;0;F03;FILTRO ACEITE;14140,48;VOLVO CONS;21479106;FILTROS;VOLVO 330;8-VARIOS;0,21;0;KG;1683;20;14140,48;;;;;1;;1;;
3;03-MAYOR A PUNTO DE PEDIDO;1003125;ZSTO;FILTRO SECADOR DE AIRE;MR01;0374;AC02;V1;1;HB;2;2;0;0;0;0;F11;FILTRO SECADOR DE;148224,84;VOLVO CONS;21620181;FILTROS;VOLVO 330;7-PESADO;2,304;0;KG;2058;20;148224,84;;;;1;;;1;;
3;03-MAYOR A PUNTO DE PEDIDO;1003126;ZSTO;FILTRO SECADO DE AIRE;MR01;0374;AC02;V1;4;HB;9;7;0;0;0;0;F11;FILTRO SECADOR DE;1097376,56;VOLVO CONS // VOLVO CONS // VOLVO CONS //;21412848 // 22223804 // 23260134 // 23690622;FILTROS;VOLVO FM460;7-PESADO;1,38;0;KG;4913;25;1097376,56;;;;1;;;1;;
2;02-MENOR A PUNTO DE PEDIDO;1003138;ZSTO;FILTRO DE COMBUSTIBLE;MR01;0374;AC02;V1;6;HB;11;6;0;0;0;0;F06;FILTRO COMBUSTIBLE;849269,1;KOMATSU HO // KOMATSU HO;6003193750 // 6003113750;FILTROS;KOMATSU PC 200-8;7-PESADO;0,81;0;KG;1239,809;20;849269,09;;1;;;;;1;;
3;03-MAYOR A PUNTO DE PEDIDO;1003139;ZSTO;FILTRO HIDRAULICO;MR01;0374;AC02;V1;1;HB;3;3;0;0;0;0;F07;FILTRO FLUIDO HIDR;799343,85;KOMATSU HO;2076071183;FILTROS;KOMATSU PC 200-8;7-PESADO;1,4;0;KG;8400;20;799343,85;;;;1;;;1;;
3;03-MAYOR A PUNTO DE PEDIDO;1003140;ZSTO;FILTRO DE LINEA DE M;MR01;0374;AC02 CAJA3;V1;1;HB;3;3;0;0;0;0;F07;FILTRO FLUIDO HIDR;283995,03;KOMATSU HO // No aplica // No aplica;20Y9701820 // 1,62071E+12 // 1620706311046;FILTROS;KOMATSU PC 200-8;7-PESADO;0,8;0;KG;3630;20;283995,03;;;;1;;;1;;
3;03-MAYOR A PUNTO DE PEDIDO;1003145;ZSTO;FILTRO DE AIRE PRIMARIO;MR01;0374;AC02;V1;4;HB;7;6;0;0;0;0;F04;FILTRO AIRE;73648,56;BOMAG GMBH // HIFI FILTE;5727662 // SA17554;FILTROS;BOMAG BW100 AD-5;6-PESADO Y FRAGIL;0,41;0;KG;5577;30;73648,58;;;;1;;;1;;
3;03-MAYOR A PUNTO DE PEDIDO;1003146;ZSTO;FILTRO DE AIRE SECUNDARIO;MR01;0374;AC02 CAJA3;V1;4;HB;7;6;0;0;0;0;F04;FILTRO AIRE;35932,68;BOMAG GMBH // HIFI FILTE;5727663 // SA17555;FILTROS;BOMAG BW100 AD-6;8-VARIOS;0,15;0;KG;1519;30;35932,68;;;;1;;;1;;
3;03-MAYOR A PUNTO DE PEDIDO;1003147;ZSTO;FILTRO DE COMBUSTIBLE;MR01;0374;AC02 CAJA3;V1;4;HB;7;6;0;0;0;0;F06;FILTRO COMBUSTIBLE;143008,8;BOMAG GMBH // DONALDSON;5821454 // P551433;FILTROS;BOMAG BW100 AD-7;7-PESADO;0,45;0;KG;1620;30;143008,81;;;;1;;;1;;
3;03-MAYOR A PUNTO DE PEDIDO;1003148;ZSTO;FILTRO DE LINEA COMBUSTIBLE;MR01;0374;AC02 CAJA3;V1;4;HB;7;6;0;0;0;0;F06;FILTRO COMBUSTIBLE;31224,12;BOMAG GMBH // DONALDSON;5727894 // P550012;FILTROS;BOMAG BW100 AD-10;8-VARIOS;0,05;0;KG;275;30;31224,14;;;;1;;;1;;
3;03-MAYOR A PUNTO DE PEDIDO;1003157;ZSTO;KIT FILTROS AIRE PRIMARIO Y SECUNDARIO;MR01;0374;BA02;V1;1;HB;2;2;0;0;0;0;F04;FILTRO AIRE;189490,26;KOMATSU HO //;6001852100 // 1106326;FILTROS;PC130-8 OM;6-PESADO Y FRAGIL;1,274;0;KG;13284;20;189490,26;;;;1;;;1;;
3;03-MAYOR A PUNTO DE PEDIDO;1003158;ZSTO;FILTRO DE COMBUSTIBLE;MR01;0374;BA02;V1;1;HB;2;2;0;0;0;0;F06;FILTRO COMBUSTIBLE;84065,18;KOMATSU HO;6003193870;FILTROS;PC130-8 OM;7-PESADO;0,537;0;KG;1083,75;20;84065,16;;;;1;;;1;;
3;03-MAYOR A PUNTO DE PEDIDO;1003159;ZSTO;FILTRO TRAMPA DE AGUA;MR01;0374;BA02;V1;1;HB;2;2;0;0;0;0;F13;FILTRO TRAMPA DE A;118156,52;KOMATSU HO //;6003194110 // 6003114120;FILTROS;PC130-8 OM;8-VARIOS;0,635;0;KG;921,001;20;118156,53;;;;1;;;1;;
3;03-MAYOR A PUNTO DE PEDIDO;1003160;ZSTO;FILTRO ACEITE MOTOR;MR01;0374;BA02;V1;1;HB;2;2;0;0;0;0;F03;FILTRO ACEITE;27987,52;KOMATSU HO;6002112111;FILTROS;PC130-8 OM;7-PESADO;0,268;0;KG;478,125;20;27987,5;;;;1;;;1;;
3;03-MAYOR A PUNTO DE PEDIDO;1003161;ZSTO;FILTRO DE RETORNO;MR01;0374;AB02;V1;1;HB;2;2;0;0;0;0;F07;FILTRO FLUIDO HIDR;6059,74;PALFINGER // HIFI FILTE // HIFI FILTE // MAHLE FILT //;EA5811 // SF FILTER HY9784‑SET // SH55186 // D176945RN2010V17 // MDH8165;FILTROS;PALFINGER PK23500B (S406-SKA);8-VARIOS;0,33;0;KG;1280;20;6059,74;;;;1;;;1;;
3;03-MAYOR A PUNTO DE PEDIDO;1003162;ZSTO;FILTRO EN LINEA DE PRESION;MR01;0374;AB02;V1;1;HB;2;2;0;0;0;0;F07;FILTRO FLUIDO HIDR;205085,06;PALFINGER;EA4923;FILTROS;PALFINGER PK23500B (S406-SKA);8-VARIOS;0,3;0;KG;864;20;205085,06;;;;1;;;1;;
4;04-MAYOR A STOCK MAXIMO;1003164;ZSTO;FILTRO DE BOMBA SIST. UREA;MR01;0374;AC-PARANTE;V1;1;HB;1;2;0;0;0;0;F09;FILTRO DE UREA;6185,16;VOLVO CONS;20877958;FILTROS;VOLVO 330;9-FRAGIL;0,03;0;KG;0,006;15;6185,16;;;;;1;;1;;
3;03-MAYOR A PUNTO DE PEDIDO;1003169;ZSTO;FILTRO TRAMPA DE AGUA;MR01;0374;AB02;V1;1;HB;4;4;0;0;0;0;F13;FILTRO TRAMPA DE A;192691,24;SUDAMERICA // //;24226451 // 22752360 // 24226451;FILTROS;VOLVO 330;9-FRAGIL;0,17;0;KG;1100;15;192691,25;;;;1;;;1;;
3;03-MAYOR A PUNTO DE PEDIDO;1003170;ZSTO;FILTRO DE AIRE PRIMARIO;MR01;0374;AB02;V1;6;HB;10;7;0;0;0;0;F04;FILTRO AIRE;352203,25;FLEETGUARD // // FILPLUS;AF26085 // FAI6085 // MSA26085;FILTROS;FILTRO AIRE;9-FRAGIL;0,49;0;KG;4752;15;352203,26;;;;1;;;1;;
3;03-MAYOR A PUNTO DE PEDIDO;1003171;ZSTO;FILTRO DE AIRE SECUNDARIO;MR01;0374;AB02;V1;6;HB;10;9;0;0;0;0;F04;FILTRO AIRE;1510891,74;FLEETGUARD // FILPLUS;AF26086 // MSA26086;FILTROS;FILTRO AIRE;9-FRAGIL;2,1;0;KG;16000;15;1510891,78;;;;1;;;1;;
3;03-MAYOR A PUNTO DE PEDIDO;1003172;ZSTO;Filtro Aceite Motor;MR01;0374;AB02;V1;6;HB;10;7;0;0;0;0;F03;FILTRO ACEITE;66605,49;FLEETGUARD // DONALDSON // DONALDSON;LF16011 // P550335 // P551132;FILTROS;CAT 950;7-PESADO;0,29;0;KG;452,16;15;66605,5;;;;1;;;1;;
3;03-MAYOR A PUNTO DE PEDIDO;1003173;ZSTO;FILTRO DE AIRE PRIMARIO;MR01;0374;AB05;V1;2;HB;5;4;0;0;0;0;F04;FILTRO AIRE;453520,36;CATERPILLA;3370790;FILTROS;CAT 950;9-FRAGIL;0,74;0;KG;12032;15;453520,37;;;;1;;;1;;
3;03-MAYOR A PUNTO DE PEDIDO;1003174;ZSTO;FILTRO DE AIRE SECUNDARIO;MR01;0374;AB05;V1;2;HB;5;4;0;0;0;0;F04;FILTRO AIRE;991287,72;CATERPILLA //;3862097 // 5771433;FILTROS;CAT 950;9-FRAGIL;2,82;0;KG;40950;15;991287,72;;;;1;;;1;;
3;03-MAYOR A PUNTO DE PEDIDO;1003175;ZSTO;FILTRO DE COMBUSTIBLE;MR01;0374;AB02;V1;4;HB;7;5;0;0;0;0;F06;FILTRO COMBUSTIBLE;284715,1;CATERPILLA;3608960;FILTROS;CAT 950;8-VARIOS;0,24;0;KG;1377;15;284715,12;;;;1;;;1;;
3;03-MAYOR A PUNTO DE PEDIDO;1003176;ZSTO;FILTRO A A CABINA INTERIOR;MR01;0374;AB02;V1;2;HB;3;3;0;0;0;0;F10;FILTRO HVAC;292610,4;CATERPILLA //;2902288 // 5019255;FILTROS;CAT 950;9-FRAGIL;0,326;0;KG;5754,375;15;292610,41;;;;1;;;1;;
3;03-MAYOR A PUNTO DE PEDIDO;1003177;ZSTO;FILTRO TRAMPA DE AGUA;MR01;0374;AB02;V1;7;HB;14;14;0;0;0;0;F13;FILTRO TRAMPA DE A;1547424,9;CATERPILLA;4238524;FILTROS;CAT 950;7-PESADO;0,97;0;KG;2659,58;15;1547424,85;;;;1;;;1;;
3;03-MAYOR A PUNTO DE PEDIDO;1003178;ZSTO;FILTRO HIDRAULICO;MR01;0374;AB02;V1;1;HB;3;2;0;0;0;0;F07;FILTRO FLUIDO HIDR;287045;CATERPILLA;4363443;FILTROS;CAT 950;7-PESADO;0,22;0;KG;900;15;287045;;;;1;;;1;;
3;03-MAYOR A PUNTO DE PEDIDO;1003179;ZSTO;FILTRO DE TRANSMISION (CARTUCHO);MR01;0374;AC02;V1;1;HB;3;2;0;0;0;0;F03;FILTRO ACEITE;412421,96;CATERPILLA;3761288;FILTROS;CAT 950;7-PESADO;2,639;0;KG;12160;15;412421,96;;;;1;;;1;;
3;03-MAYOR A PUNTO DE PEDIDO;1003180;ZSTO;FILTRO DE AIRE;MR01;0374;AB02;V1;5;HB;10;9;0;0;0;0;F04;FILTRO AIRE;163880,73;DBT S.A. // DONALDSON // DARMET;3025127 // P822686 // VP-2735;FILTROS;HIMOINSA LTA 8 V LED;9-FRAGIL;0,27;0;KG;2662;15;163880,7;;;;1;;;1;;
3;03-MAYOR A PUNTO DE PEDIDO;1003181;ZSTO;FILTRO DE COMBUSTIBLE;MR01;0374;AB02 CAJA2;V1;5;HB;10;9;0;0;0;0;F06;FILTRO COMBUSTIBLE;83136,06;DBT S.A. // FLEETGUARD // DONALDSON // HIFI FILTE;3048841 // FF 5259 // P502166 // SN 21590;FILTROS;HIMOINSA LTA 8 V LED;9-FRAGIL;0,05;0;KG;144;15;83136,03;;;;1;;;1;;
3;03-MAYOR A PUNTO DE PEDIDO;1003182;ZSTO;FILTRO GASOIL;MR01;0374;AB02 CAJA2;V1;5;HB;10;9;0;0;0;0;F06;FILTRO COMBUSTIBLE;122548,05;DBT S.A. // DONALDSON // VER // HIMOINSA S;3024206 // P502406 // 17108155910 // 3082015;FILTROS;HIMOINSA LTA 8 V LED;9-FRAGIL;0,04;0;KG;144;15;122548,09;;;;1;;;1;;
3;03-MAYOR A PUNTO DE PEDIDO;1003183;ZSTO;FILTRO DE ACEITE MOTOR;MR01;0374;AB02 CAJA2;V1;5;HB;10;9;0;0;0;0;F03;FILTRO ACEITE;101932,29;DBT S.A. // // FLEETGUARD // DONALDSON // // //;3035098 // LF3925 // LF3925 // P502067 // T 600 // W67/1 // W671;FILTROS;HIMOINSA LTA 8 V LED;7-PESADO;0,23;0;KG;343;15;101932,33;;;;1;;;1;;
3;03-MAYOR A PUNTO DE PEDIDO;1003196;ZSTO;FILTRO SEPARADOR;MR01;0374;BA03BIS;V1;3;HB;6;4;0;0;0;0;F12;FILTRO SEPARADOR;612166,84;MANN // DONALDSON;LB9622 // P783499;FILTROS;IS VENTEC 6TK/2TB/AY/TECEL/11,;8-VARIOS;1,011;0;KG;2370,375;15;612166,83;;;;1;;;1;;
3;03-MAYOR A PUNTO DE PEDIDO;1003197;ZSTO;FILTRO AIRE;MR01;0374;AB02;V1;3;HB;6;4;0;0;0;0;F04;FILTRO AIRE;43270,56;FILPLUS;A8116;FILTROS;IS VENTEC 6TK/2TB/AY/TECEL/11,;9-FRAGIL;0;0;KG;0;15;43270,55;;;;1;;;1;;
3;03-MAYOR A PUNTO DE PEDIDO;1003199;ZSTO;FILTRO AIRE;MR01;0374;BA03 BIS;V1;3;HB;6;4;0;0;0;0;F04;FILTRO AIRE;138238,84;DONALDSON;C065003;FILTROS;IS VENTEC 6TK/2TB/AY/TECEL/11,;7-PESADO;0,59;0;KG;5202;15;138238,84;;;;1;;;1;;
3;03-MAYOR A PUNTO DE PEDIDO;1003200;ZSTO;FILTRO HIDRAULICO;MR01;0374;AB02 CAJA1;V1;1;HB;3;3;0;0;0;0;F07;FILTRO FLUIDO HIDR;127385,52;DONALDSON;P567075;FILTROS;IS VENTEC 6TK/2TB/AY/TECEL/11,;7-PESADO;0,48;0;KG;2106;15;127385,53;;;;1;;;1;;
3;03-MAYOR A PUNTO DE PEDIDO;1003201;ZSTO;FILTRO ACEITE HIDRAULICO;MR01;0374;AB02CAJA1;V1;3;HB;6;4;0;0;0;0;F07;FILTRO FLUIDO HIDR;62943,76;DONALDSON;P550940;FILTROS;CAMION VOLVO FMX 460;7-PESADO;0,422;0;KG;637,616;15;62943,74;;;;1;;;1;;
4;04-MAYOR A STOCK MAXIMO;1003203;ZSTO;FILTRO ACEITE;MR01;0374;AB02 CAJA1;V1;2;HB;4;5;0;0;0;0;F03;FILTRO ACEITE;12556,8;MANN // MAHLE FILT // DONALDSON;W6103 // OC 195 // P502007;FILTROS;IS VENTEC 6TK/2TB/AY/TECEL/11,;7-PESADO;0,253;0;KG;465,5;15;12556,82;;;;;1;;1;;
3;03-MAYOR A PUNTO DE PEDIDO;1003205;ZSTO;SILICAGEL AZUL X KG SILICONA;MR01;0374;AC01;V1;2;HB;4;4;0;0;0;0;C17;INSUMOS A;32086,96;;MP000040;FILTROS;IS VENTEC 6TK/2TB/AY/TECEL/11,;6-PESADO Y FRAGIL;0;0;KG;0;15;32086,94;;;;1;;;1;;
3;03-MAYOR A PUNTO DE PEDIDO;1003206;ZSTO;FILTRO TRAMPA DE AGUA;MR01;0374;BB03BIS;V1;1;HB;2;2;0;0;0;0;F13;FILTRO TRAMPA DE A;97638,36;VOLKSWAGEN // //;2T2201847 // FS19727 // FS20047;FILTROS;VW 19-360;8-VARIOS;0,45;0;KG;2500;30;97638,36;;;;1;;;1;;
3;03-MAYOR A PUNTO DE PEDIDO;1003219;ZSTO;FILTRO VENTILACION DE CARTER;MR01;0374;AB02 CAJA1;V1;2;HB;5;5;0;0;0;0;F04;FILTRO AIRE;194028,05;CATERPILLA;2735711;FILTROS;CAT 815 K;7-PESADO;0,74;0;KG;1980;15;194028,05;;;;1;;;1;;
3;03-MAYOR A PUNTO DE PEDIDO;1003220;ZSTO;FILTRO DE AIRE PRIMARIO;MR01;0374;BB04;V1;2;HB;4;4;0;0;0;0;F04;FILTRO AIRE;858699,28;CNH;5801440581;FILTROS;IVECO TRAKKER 410 T 44 EUROTRO;9-FRAGIL;3,13;0;KG;43120;15;858699,28;;;;1;;;1;;
3;03-MAYOR A PUNTO DE PEDIDO;1003221;ZSTO;FILTRO DE AIRE SECUNDARIO;MR01;0374;BA04;V1;2;HB;4;4;0;0;0;0;F04;FILTRO AIRE;222640;CNH;5801440583;FILTROS;IVECO TRAKKER 410 T 44 EUROTRO;9-FRAGIL;0,81;0;KG;14416;15;222640,01;;;;1;;;1;;
3;03-MAYOR A PUNTO DE PEDIDO;1003222;ZSTO;FILTRO DE COMBUSTIBLE;MR01;0374;AB02 CAJA1;V1;2;HB;4;4;0;0;0;0;F06;FILTRO COMBUSTIBLE;296256,88;CNH // CNH;5801445628 // 5801445630;FILTROS;IVECO TRAKKER 410 T 44 EUROTRO;7-PESADO;1,07;0;KG;2541;15;296256,89;;;;1;;;1;;
3;03-MAYOR A PUNTO DE PEDIDO;1003223;ZSTO;FILTRO TRAMPA DE AGUA;MR01;0374;AB02 CAJA1;V1;2;HB;4;4;0;0;0;0;F13;FILTRO TRAMPA DE A;259724,96;CNH;5801403243;FILTROS;IVECO TRAKKER 410 T 44 EUROTRO;7-PESADO;0,95;0;KG;2089,67;15;259724,96;;;;1;;;1;;
4;04-MAYOR A STOCK MAXIMO;1003224;ZSTO;7ILTRO DE UREA A BOMBA;MR01;0374;AB02 CAJA1;V1;1;HB;2;3;0;0;0;0;F09;FILTRO DE UREA;73888,2;CNH // CNH;500055972 // 2997594;FILTROS;IVECO TRAKKER 410 T 44 EUROTRO;9-FRAGIL;0,18;0;KG;1100;15;73888,19;;;;;1;;1;;
3;03-MAYOR A PUNTO DE PEDIDO;1003225;ZSTO;FILTRO ACEITE MOTOR CARTUCHO;MR01;0374;AB02 CAJA1;V1;2;HB;4;4;0;0;0;0;F03;FILTRO ACEITE;284956,76;CNH // //;500086331 // 500091645 // 500058320;FILTROS;IVECO TRAKKER 410 T 44 EUROTRO;9-FRAGIL;0,53;0;KG;6084;15;284956,76;;;;1;;;1;;
4;04-MAYOR A STOCK MAXIMO;1003226;ZSTO;FILTRO TANQUE DE UREA;MR01;0374;AB02PARANT;V1;1;HB;2;3;0;0;0;0;F09;FILTRO DE UREA;30038,58;CNH;42555466;FILTROS;IVECO TRAKKER 410 T 44 EUROTRO;9-FRAGIL;0,005;0;KG;0,785;15;30038,57;;;;;1;;1;;
2;02-MENOR A PUNTO DE PEDIDO;1003229;ZSTO;FILTRO DE TRANSMISION;MR01;0374;AB02 CAJA1;V1;2;HB;3;2;0;0;0;0;F03;FILTRO ACEITE;66601,36;JOHN DEERE;AT468647;FILTROS;JD 624 K;8-VARIOS;1,3;0;KG;3025;15;66601,36;;1;;;;;1;;
3;03-MAYOR A PUNTO DE PEDIDO;1003232;ZSTO;FILTRO DE VENTEO HIDRAULICO;MR01;0374;AB02 CAJA1;V1;1;HB;3;2;0;0;0;0;F04;FILTRO AIRE;130790,1;CATERPILLA;3468340;FILTROS;CAT 950L;8-VARIOS;0,06;0;KG;251,2;15;130790,1;;;;1;;;1;;
3;03-MAYOR A PUNTO DE PEDIDO;1003237;ZSTO;FILTRO DE COMBUSTIBLE;MR01;0374;AB02 CAJA1;V1;1;HB;2;2;0;0;0;0;F06;FILTRO COMBUSTIBLE;82745,5;CATERPILLA;5000480;FILTROS;CAT 140K;7-PESADO;0,46;0;KG;2904;35;82745,5;;;;1;;;1;;
3;03-MAYOR A PUNTO DE PEDIDO;1003238;ZSTO;FILTRO TRAMPA DE AGUA;MR01;0374;AA02;V1;1;HB;2;2;0;0;0;0;F13;FILTRO TRAMPA DE A;177177,42;CATERPILLA //;4367077 // SN40863;FILTROS;CAT 140K;8-VARIOS;0,54;0;KG;3456;20;177177,42;;;;1;;;1;;
2;02-MENOR A PUNTO DE PEDIDO;1003241;ZSTO;MANN CF1651;MR01;0374;AA02;V1;1;HB;2;1;0;0;0;0;F14;GENERICOS FILTROS;40145,84;MANN //;CF1651 // P750003;FILTROS;VOLVO 330;9-FRAGIL;0,81;0;KG;15606;15;40145,84;;1;;;;;1;;
3;03-MAYOR A PUNTO DE PEDIDO;1003243;ZSTO;FILTRO TRAMPA DE AGUA;MR01;0374;AA02;V1;3;HB;6;5;0;0;0;0;F13;FILTRO TRAMPA DE A;357748,05;JOHN DEERE;AT491450;FILTROS;JD 310 L;8-VARIOS;0,823;0;KG;2248,25;15;357748,05;;;;1;;;1;;
3;03-MAYOR A PUNTO DE PEDIDO;1003246;ZSTO;FILTRO DE TANQUE HIDRAULICO;MR01;0374;AA02;V1;1;HB;3;2;0;0;0;0;F07;FILTRO FLUIDO HIDR;508704,52;REMOLQUES // HIFI FILTE;14896990 // SH 93214;FILTROS;VOLCADORA OMBU;8-VARIOS;0,199;0;KG;807,765;15;508704,52;;;;1;;;1;;
2;02-MENOR A PUNTO DE PEDIDO;1003247;ZSTO;FILTRO DE VENTEO TANQUE HIDRAULICO;MR01;0374;AA02;V1;1;HB;3;1;0;0;0;0;F07;FILTRO FLUIDO HIDR;22807,65;FILPLUS // No aplica;MSA07 // TAP0126;FILTROS;VOLCADORA OMBU;8-VARIOS;0,095;0;KG;340,298;15;22807,65;;1;;;;;1;;
3;03-MAYOR A PUNTO DE PEDIDO;1003250;ZSTO;FILTRO DE AIRE PRIMARIO;MR01;0374;BA04BIS;V1;1;HB;3;2;0;0;0;0;F04;FILTRO AIRE;18226,14;DONALDSON // FILPLUS;BHC5028 // MSA 5028;FILTROS;DIECHI SAMSON 75.10;6-PESADO Y FRAGIL;2,07;0;KG;30186;30;18226,15;;;;1;;;1;;
3;03-MAYOR A PUNTO DE PEDIDO;1003251;ZSTO;FILTRO DE AIRE SECUNDARIO;MR01;0374;BA04BIS;V1;1;HB;3;2;0;0;0;0;F04;FILTRO AIRE;162119,24;DONALDSON //;BHC5029 // MSA5029;FILTROS;DIECHI SAMSON 75.10;8-VARIOS;0,37;0;KG;5746;30;162119,24;;;;1;;;1;;
3;03-MAYOR A PUNTO DE PEDIDO;1003252;ZSTO;FILTRO DE COMBUSTIBLE;MR01;0374;AC03;V1;1;HB;3;2;0;0;0;0;F06;FILTRO COMBUSTIBLE;19273,64;DIECI //;1F1930010 // P550248;FILTROS;DIECHI SAMSON 75.10;7-PESADO;0,4;0;KG;896;30;19273,64;;;;1;;;1;;
3;03-MAYOR A PUNTO DE PEDIDO;1003253;ZSTO;FILTRO A A CABINA INTERIOR;MR01;0374;AC03;V1;1;HB;3;2;0;0;0;0;F10;FILTRO HVAC;49373,54;DIECI //;4MG02070010 // SC70148;FILTROS;DIECHI SAMSON 75.10;9-FRAGIL;0,05;0;KG;510;30;49373,55;;;;1;;;1;;
3;03-MAYOR A PUNTO DE PEDIDO;1003255;ZSTO;FILTRO HIDRAULICO;MR01;0374;BA04BIS;V1;1;HB;2;2;0;0;0;0;F07;FILTRO FLUIDO HIDR;32714,78;DIECI // //;BHC3012 // P171621 // P565244;FILTROS;DIECHI SAMSON 75.10;8-VARIOS;1,481;0;KG;4441,5;30;32714,78;;;;1;;;1;;
3;03-MAYOR A PUNTO DE PEDIDO;1003257;ZSTO;FILTRO HIDRAULICO DE DEPOSITO;MR01;0374;BA04BIS;V1;1;HB;2;2;0;0;0;0;F07;FILTRO FLUIDO HIDR;292891,62;DIECI //;BHC0105 // SH77508;FILTROS;DIECHI SAMSON 75.10;8-VARIOS;0,384;0;KG;2039,625;15;292891,62;;;;1;;;1;;
3;03-MAYOR A PUNTO DE PEDIDO;1003269;ZSTO;FILTRO HIDRAULICO LINEA DE MARTILLO;MR01;0374;AA02;V1;2;HB;3;3;0;0;0;0;F07;FILTRO FLUIDO HIDR;517122,78;KOMATSU HO;2079705121;FILTROS;KOMPC 450 LC-8;8-VARIOS;0,98;0;KG;2783;15;517122,78;;;;1;;;1;;
3;03-MAYOR A PUNTO DE PEDIDO;1003272;ZSTO;FILTRO HIDRAULICO;MR01;0374;AA02;V1;1;HB;3;2;0;0;0;0;F07;FILTRO FLUIDO HIDR;725403,44;KOMATSU HO;2086071124;FILTROS;KOMPC 450 LC-8;8-VARIOS;1,84;0;KG;10164;20;725403,44;;;;1;;;1;;
3;03-MAYOR A PUNTO DE PEDIDO;1003275;ZSTO;FILTRO TRANSMISION ACEITE;MR01;0374;AA02;V1;1;HB;3;2;0;0;0;0;F03;FILTRO ACEITE;280293,5;CATERPILLA;3891079;FILTROS;CAT 950;8-VARIOS;0,336;0;KG;1863;15;280293,5;;;;1;;;1;;
4;04-MAYOR A STOCK MAXIMO;1003276;ZSTO;FILTRO TANQUE HIDRAULICO;MR01;0374;AA02;V1;1;HB;2;4;0;0;0;0;F07;FILTRO FLUIDO HIDR;20913,76;PARKER // No aplica //;921999 // K22001 // P551551;FILTROS;VOLCADORA MILICIC // VOLVO 330;7-PESADO;0,48;0;KG;858,398;15;20913,77;;;;;1;;1;;
3;03-MAYOR A PUNTO DE PEDIDO;1003278;ZSTO;FILTRO DE ACEITE MOTOR;MR01;0374;AA02;V1;2;HB;5;4;0;0;0;0;F03;FILTRO ACEITE;102266,28;TEREX // BALDWIN // //;RPTX07049700120 // B7177 // LF3970 // NRPSANB222100000303;FILTROS;TEREX RT 35;8-VARIOS;0;0;KG;0;15;102266,26;;;;1;;;1;;
3;03-MAYOR A PUNTO DE PEDIDO;1003279;ZSTO;FILTRO DE COMBUSTIBLE;MR01;0374;AA02;V1;2;HB;5;3;0;0;0;0;F06;FILTRO COMBUSTIBLE;453656,34;TEREX // HIFI FILTE;RPTX0704970519 // SN40705;FILTROS;TEREX RT 35;8-VARIOS;0;0;KG;0;15;453656,34;;;;1;;;1;;
3;03-MAYOR A PUNTO DE PEDIDO;1003280;ZSTO;FILTRO TRAMPA DE AGUA;MR01;0374;AA02;V1;2;HB;5;3;0;0;0;0;F13;FILTRO TRAMPA DE A;559256,16;TEREX //;RPTX0704970773 // NRPSAN60254486;FILTROS;TEREX RT 35;8-VARIOS;0;0;KG;0;15;559256,17;;;;1;;;1;;
3;03-MAYOR A PUNTO DE PEDIDO;1003281;ZSTO;FILTRO DE AIRE SECUNDARIO;MR01;0374;AA02;V1;2;HB;5;4;0;0;0;0;F04;FILTRO AIRE;518151,8;TEREX;RPTX70497070780;FILTROS;TEREX RT 35;9-FRAGIL;0;0;KG;0;15;518151,8;;;;1;;;1;;
3;03-MAYOR A PUNTO DE PEDIDO;1003282;ZSTO;FILTRO COLADOR DE TANQUE COMBUSTIBLE;MR01;0374;AA02;V1;1;HB;2;2;0;0;0;0;F06;FILTRO COMBUSTIBLE;7536,1;TEREX;RPTX0906040353;FILTROS;TEREX RT 35;8-VARIOS;0;0;KG;0;15;7536,1;;;;1;;;1;;
3;03-MAYOR A PUNTO DE PEDIDO;1003283;ZSTO;FILTRO HIDRAULICO;MR01;0374;AA02;V1;1;HB;2;2;0;0;0;0;F07;FILTRO FLUIDO HIDR;96954,94;TEREX;RPTX0906041039;FILTROS;TEREX RT 35;8-VARIOS;1,641;0;KG;5285,25;20;96954,94;;;;1;;;1;;
3;03-MAYOR A PUNTO DE PEDIDO;1003284;ZSTO;FILTRO DE AIRE PRIMARIO;MR01;0374;AA05;V1;1;HB;3;2;0;0;0;0;F04;FILTRO AIRE;308599,06;FLEETGUARD // DONALDSON;AF55014 // DBA5292;FILTROS;GRUA TEREX 780;6-PESADO Y FRAGIL;2,08;0;KG;19743,75;20;308599,07;;;;1;;;1;;
3;03-MAYOR A PUNTO DE PEDIDO;1003285;ZSTO;FILTRO DE AIRE SECUNDARIO;MR01;0374;AB03;V1;1;HB;3;2;0;0;0;0;F04;FILTRO AIRE;108985,24;FLEETGUARD // DONALDSON;AF55308 // P633483;FILTROS;GRUA TEREX 780;8-VARIOS;0,45;0;KG;2700;20;108985,24;;;;1;;;1;;
3;03-MAYOR A PUNTO DE PEDIDO;1003287;ZSTO;FILTRO DE REFRIGERACION;MR01;0374;AA02;V1;1;HB;3;3;0;0;0;0;C29;FILTROS/RESPUESTOS;11052,69;DONALDSON // // FLEETGUARD;P554685 // WF2077 // WF2107;FILTROS;GRUA TEREX 780;8-VARIOS;0,46;0;KG;883,08;20;11052,69;;;;1;;;1;;
3;03-MAYOR A PUNTO DE PEDIDO;1003288;ZSTO;FILTRO HIDRAULICO;MR01;0374;AA04;V1;1;HB;3;3;0;0;0;0;F07;FILTRO FLUIDO HIDR;239248,92;DONALDSON;P165569;FILTROS;GRUA TEREX 780;8-VARIOS;2,08;0;KG;5239;15;239248,91;;;;1;;;1;;
3;03-MAYOR A PUNTO DE PEDIDO;1003290;ZSTO;FILTRO CENTRAL HIDRAULICO;MR01;0374;AA02;V1;1;HB;3;2;0;0;0;0;F07;FILTRO FLUIDO HIDR;312748,08;DONALDSON //;P164174 // P164166;FILTROS;PLATAFORMA DE MANTENIMIENTO VE;8-VARIOS;0,465;0;KG;1012,5;15;312748,08;;;;1;;;1;;
3;03-MAYOR A PUNTO DE PEDIDO;1003294;ZSTO;FILTRO;MR01;0374;AA02;V1;1;HB;3;3;0;0;0;0;C29;FILTROS/RESPUESTOS;8114,67;;T11145397 // OB1652;FILTROS;CAMION MANT. COMBUSTIBLE VW 17-280 4X2 // CAMION REGADOR VW 26-280 DC;8-VARIOS;0;0;KG;0;15;8114,68;;;;1;;;1;;
4;04-MAYOR A STOCK MAXIMO;1003299;ZSTO;FILTRO RETORNO TANQUE HIDRAULICO;MR01;0374;AA02;V1;1;HB;1;2;0;0;0;0;F07;FILTRO FLUIDO HIDR;30251,76;UFI FILTER // DONALDSON;ESE11NCC // P565243;FILTROS;VOLCADORA BACO;8-VARIOS;0,526;0;KG;1359,822;20;30251,76;;;;;1;;1;;
2;02-MENOR A PUNTO DE PEDIDO;1003300;ZSTO;FILTRO DOSIFICACION DE UREA (COLADOR);MR01;0374;TABLERO3;V1;2;HB;5;2;0;0;0;0;F09;FILTRO DE UREA;38429,4;VOLVO CONS;21954674;FILTROS;VOLVO 460 FMX;9-FRAGIL;0,01;0;KG;90;20;38429,41;;1;;;;;1;;
2;02-MENOR A PUNTO DE PEDIDO;1003301;ZSTO;FILTRO DE TANQUE;MR01;0374;BB03;V1;2;HB;5;2;0;0;0;0;F06;FILTRO COMBUSTIBLE;109589,8;VOLVO CONS // VOLVO CONS;21516229 // 23381562;FILTROS;VOLVO 460 FMX;9-FRAGIL;0,1;0;KG;735;20;109589,79;;1;;;;;1;;
3;03-MAYOR A PUNTO DE PEDIDO;1003302;ZSTO;FILTRO ACEITE CAJA DE CAMBIO;MR01;0374;BB03;V1;2;HB;5;3;0;0;0;0;F03;FILTRO ACEITE;71874,84;VOLVO CONS // VOLVO CONS;20779040 // 24283117;FILTROS;VOLVO 460 FMX;8-VARIOS;0,09;0;KG;784;15;71874,84;;;;1;;;1;;
3;03-MAYOR A PUNTO DE PEDIDO;1003309;ZSTO;FILTRO PRIMARIO;MR01;0374;AB03;V1;1;HB;3;3;0;0;0;0;F04;FILTRO AIRE;755796;TEREX;906040718;FILTROS;TEREX QUADSTAR 1075L;6-PESADO Y FRAGIL;1,597;0;KG;20312,25;15;755796,01;;;;1;;;1;;
3;03-MAYOR A PUNTO DE PEDIDO;1003310;ZSTO;FILTRO DE COMBUSTIBLE;MR01;0374;AB03;V1;1;HB;3;3;0;0;0;0;F06;FILTRO COMBUSTIBLE;55722,24;;704970231;FILTROS;TEREX QUADSTAR 1075L;7-PESADO;0,574;0;KG;1205;15;55722,23;;;;1;;;1;;
4;04-MAYOR A STOCK MAXIMO;1003311;ZSTO;FILTRO TRAMPA DE AGUA;MR01;0374;AB03;V1;1;HB;3;8;0;0;0;0;F13;FILTRO TRAMPA DE A;364132,08;DONALDSON // TEREX;P550848 // 704970240;FILTROS;TEREX QUADSTAR 1075L;8-VARIOS;0;0;KG;0;15;364132,1;;;;;1;;1;;
3;03-MAYOR A PUNTO DE PEDIDO;1003312;ZSTO;FILTRO ACEITE MOTOR;MR01;0374;AB03;V1;1;HB;3;3;0;0;0;0;F03;FILTRO ACEITE;116992,17;;704970120;FILTROS;TEREX QUADSTAR 1075L;7-PESADO;0,562;0;KG;1579,375;15;116992,16;;;;1;;;1;;
3;03-MAYOR A PUNTO DE PEDIDO;1003313;ZSTO;FILTRO TRANSMISION;MR01;0374;AB03;V1;1;HB;3;3;0;0;0;0;F03;FILTRO ACEITE;352308,48;TEREX //;906041009 // P765075;FILTROS;TEREX QUADSTAR 1075L;8-VARIOS;0;0;KG;0;15;352308,48;;;;1;;;1;;
3;03-MAYOR A PUNTO DE PEDIDO;1003314;ZSTO;FILTRO SECUNDARIO;MR01;0374;AB03;V1;1;HB;3;3;0;0;0;0;F04;FILTRO AIRE;240545,25;TEREX;906040719;FILTROS;TEREX QUADSTAR 1075L;8-VARIOS;0,463;0;KG;6961,5;15;240545,25;;;;1;;;1;;
3;03-MAYOR A PUNTO DE PEDIDO;1003315;ZSTO;FILTRO TANQUE DE COMBUSTIBLE;MR01;0374;AB03;V1;1;HB;3;3;0;0;0;0;F06;FILTRO COMBUSTIBLE;150975,87;TEREX // TEREX;906040353 // MO 7415;FILTROS;TEREX QUADSTAR 1075L;8-VARIOS;0,019;0;KG;147;15;150975,87;;;;1;;;1;;
3;03-MAYOR A PUNTO DE PEDIDO;1003334;ZSTO;FILTRO ACEITE F100 ELECTRONICA;MR01;0374;;V1;2;HB;3;3;0;0;0;0;F03;FILTRO ACEITE;54295,35;FLEETGUARD // No aplica // //;LF16015 // P550011 // P551100. // W950/26;FILTROS;F-100;7-PESADO;0,72;0;KG;1458;15;54295,34;;;;1;;;1;;
3;03-MAYOR A PUNTO DE PEDIDO;1003341;ZSTO;FILTRO SECADOR AIRE;MR01;0374;BB03;V1;3;HB;5;5;0;0;0;0;F11;FILTRO SECADOR DE;100362,65;WABCO // FLEETGUARD // // HENGST //;4324100202 // AF27817 // P781466 // T250W // TB1374X;FILTROS;VW (WACO);7-PESADO;2,66;0;KG;3570;15;100362,65;;;;1;;;1;;
3;03-MAYOR A PUNTO DE PEDIDO;1003343;ZSTO;FILTRO COMBUSTIBLE;MR01;0374;BA02;V1;1;HB;2;2;0;0;0;0;F06;FILTRO COMBUSTIBLE;35331,52;VOLKSWAGEN // // // // FORD // MWM INTERN;90541150027 // P551523 // WK 962/13 // 2R0127177N // 6L5Z7A508AB // 905411510042;FILTROS;VW 26.260;7-PESADO;0,84;0;KG;2200;15;35331,52;;;;1;;;1;;
3;03-MAYOR A PUNTO DE PEDIDO;1003345;ZSTO;FILTRO DE AIRE;MR01;0374;BB03;V1;2;HB;5;5;0;0;0;0;F04;FILTRO AIRE;93230,25;FLEETGUARD;AH8742;FILTROS;KOMATSU;9-FRAGIL;0,662;0;KG;6693,75;15;93230,22;;;;1;;;1;;
3;03-MAYOR A PUNTO DE PEDIDO;1003359;ZSTO;FILTRO DE AIRE PRIMARIO;MR01;0374;BB03;V1;3;HB;5;4;0;0;0;0;F10;FILTRO HVAC;316859,28;KOMATSU HO //;2A59791551 // AF55884;FILTROS;KOMATSU PC 200-8;9-FRAGIL;0,13;0;KG;2300;15;316859,29;;;;1;;;1;;
3;03-MAYOR A PUNTO DE PEDIDO;1003360;ZSTO;FILTRO A A CABINA EXTERIOR;MR01;0374;BB03;V1;2;HB;3;3;0;0;0;0;F10;FILTRO HVAC;396924,78;CATERPILLA //;2902287 // 5019254;FILTROS;CAT 950;9-FRAGIL;1,14;0;KG;12300;15;396924,78;;;;1;;;1;;
4;04-MAYOR A STOCK MAXIMO;1003364;ZSTO;FILTRO AIRE SECUNDARIO;MR01;0374;BB03BIS;V1;5;HB;8;9;0;0;0;0;F04;FILTRO AIRE;344652,21;FLEETGUARD // DONALDSON // // DARMET // KOMATSU HO;AF26114 // P533781 // TR9988 // VP-2741 // 6001854120;FILTROS;FLEETGUARD;9-FRAGIL;0,769;0;KG;11564,046;20;344652,18;;;;;1;;1;;
3;03-MAYOR A PUNTO DE PEDIDO;1003365;ZSTO;FILTRO AIRE PRIMARIO;MR01;0374;BB03BIS;V1;5;HB;8;8;0;0;0;0;F04;FILTRO AIRE;450534,24;FLEETGUARD // DONALDSON // // KOMATSU HO;AF25667 // P532966 // VP2740 // 6001854110;FILTROS;FLEETGUARD;9-FRAGIL;2,68;0;KG;47824;15;450534,27;;;;1;;;1;;
2;02-MENOR A PUNTO DE PEDIDO;1003373;ZSTO;FILTROAIREACONDCABINAEXTERIORINTERIOR;MR01;0374;BB03;V1;4;HB;9;4;0;0;0;0;F10;FILTRO HVAC;120990,76;VOLVO CONS;21758906;FILTROS;VOLVO FM460;9-FRAGIL;0,22;0;KG;2420;15;120990,77;;1;;;;;1;;
3;03-MAYOR A PUNTO DE PEDIDO;1003379;ZSTO;PISTOLA DE ENGRASE NEUMATICA;MR01;0374;BA02;V1;1;HB;2;2;0;0;0;0;C27;FERRETERIA MR01;82035,48;VULCANO;MG301;HERRAMIENTAS;HERRAMIENTAS MANUALES;8-VARIOS;0,74;0;KG;1173;15;82035,48;;;;1;;;1;;
2;02-MENOR A PUNTO DE PEDIDO;1003381;ZSTO;PICO AUTOMATICODEDESPACHDECOMBUSTIBLE3 4;MR01;0374;BB03;RE;1;HB;1;1;0;0;0;0;C27;FERRETERIA MR01;65645,53;;;REPUESTOS;?;8-VARIOS;1,26;0;KG;4560;21;65645,53;;1;;;;;1;;
3;03-MAYOR A PUNTO DE PEDIDO;1003467;ZSTO;FARO ROJO AMBAR x UN;MR01;0374;AD03;V1;4;HB;12;12;0;0;0;0;C29;FILTROS/RESPUESTOS;125037,96;BAIML;6156342;REPUESTOS;CAMIONES;9-FRAGIL;0,33;0;KG;2160;15;125038;;;;1;;;1;;
3;03-MAYOR A PUNTO DE PEDIDO;1003474;ZSTO;ESCOBILLA LIMPIAPARABRIZAS 24;MR01;0374;TABLERO 3;V1;1;HB;3;3;0;0;0;0;C29;FILTROS/RESPUESTOS;60932,82;;APLICA A VW 31320 / JD 310;REPUESTOS;VW 31320 / JD 310;9-FRAGIL;0,23;0;KG;1533;15;60932,82;;;;1;;;1;;
3;03-MAYOR A PUNTO DE PEDIDO;1003557;ZSTO;TENSOR;MR01;0374;BB03;V1;1;HB;3;3;0;0;0;0;C29;FILTROS/RESPUESTOS;172218,9;CNH;504006261;REPUESTOS;CAMIONES;7-PESADO;1,37;0;KG;1859;15;172218,91;;;;1;;;1;;
2;02-MENOR A PUNTO DE PEDIDO;1003669;ZSTO;PIN PIN STOP;MR01;0374;BB01BISSUB;V1;4;HB;4;4;0;0;0;0;C29;FILTROS/RESPUESTOS;146968,92;DAEMO ENGI;B23510153;REPUESTOS;DAEMO;7-PESADO;0,455;0;KG;63,617;70;146968,92;;1;;;;;1;;
2;02-MENOR A PUNTO DE PEDIDO;1003670;ZSTO;PIN PIN CHISEL;MR01;0374;BA01BISSUB;V1;2;HB;2;2;0;0;0;0;C29;FILTROS/RESPUESTOS;159197,8;DAEMO ENGI //;B23510780 // B23510783;REPUESTOS;DAEMO;7-PESADO;5,58;0;KG;848;70;159197,8;;1;;;;;1;;
4;04-MAYOR A STOCK MAXIMO;1003674;ZSTO;CHISEL (W P);MR01;0374;EB01PALLET;V1;1;HB;2;3;0;0;0;0;C29;FILTROS/RESPUESTOS;993341,73;DAEMO ENGI;B23112130000;REPUESTOS;DAEMO B210 CINCEL;3-DESGASTE;123;0;KG;19232,5;90;993341,73;;;;;1;;1;;
3;03-MAYOR A PUNTO DE PEDIDO;1003675;ZSTO;CHISEL (C P);MR01;0374;EB01PALLET;V1;1;HB;2;2;0;0;0;0;C29;FILTROS/RESPUESTOS;644176,28;DAEMO ENGI;"B23112140000&#160;";REPUESTOS;DAEMO 210;3-DESGASTE;118;0;KG;19232,5;90;644176,28;;;;1;;;1;;
4;04-MAYOR A STOCK MAXIMO;1003705;ZSTO;TENSOR DE CORREA MOVIL;MR01;0374;BB03;V1;1;HB;2;3;0;0;0;0;C29;FILTROS/RESPUESTOS;89658,9;CNH;504046191;REPUESTOS;IVECO TRAKKER 410 T 44 EUROTRO;8-VARIOS;1,625;0;KG;2281,25;15;89658,9;;;;;1;;1;;
3;03-MAYOR A PUNTO DE PEDIDO;1003707;ZSTO;CORREA;MR01;0374;DA FRENTE;V1;1;HB;2;2;0;0;0;0;C29;FILTROS/RESPUESTOS;40575,16;CNH // No aplica;504049426 // 5802113881;REPUESTOS;POLY V 12pk1835;8-VARIOS;0,34;0;KG;1840;15;40575,16;;;;1;;;1;;
3;03-MAYOR A PUNTO DE PEDIDO;1003711;ZSTO;BOLT (M24 X 3 X 190 MM);MR01;0374;BB01BIS;V1;5;HB;10;10;0;0;0;0;C29;FILTROS/RESPUESTOS;234886,5;;7Y5235;REPUESTOS;?;?;0;0;KG;0;15;234886,5;;;;1;;;1;;
3;03-MAYOR A PUNTO DE PEDIDO;1003712;ZSTO;WASHER-HARD 26 X 44X4 MM THK;MR01;0374;BB01BIS;V1;5;HB;10;10;0;0;0;0;C29;FILTROS/RESPUESTOS;11898,3;;8T4167;REPUESTOS;?;?;0;0;KG;0;15;11898,31;;;;1;;;1;;
3;03-MAYOR A PUNTO DE PEDIDO;1003724;ZSTO;AMORTIGUADOR TRASERO DERECHO;MR01;0374;BA01SUB;V1;1;HB;2;2;0;0;0;0;C29;FILTROS/RESPUESTOS;80080,02;TOYOTA ARG // TOYOTA ARG;485318Z021 / 485318Z019 // 485318Z019;REPUESTOS;HILUX 2017;7-PESADO;2,435;0;KG;4470;15;182559,36;;;;1;;;1;;
3;03-MAYOR A PUNTO DE PEDIDO;1003725;ZSTO;AMORTIGUADOR TRASERO IZQUIERDO;MR01;0374;BA01SUB;V1;1;HB;2;2;0;0;0;0;C29;FILTROS/RESPUESTOS;50976,99;TOYOTA ARG;4854109361;REPUESTOS;HILUX 2017;7-PESADO;2,348;0;KG;4162,5;15;153456,33;;;;1;;;1;;
3;03-MAYOR A PUNTO DE PEDIDO;1003839;ZSTO;JUNTA TORICA FILTRO PILOTO;MR01;0374;BB03PARANT;V1;1;HB;2;2;0;0;0;0;C29;FILTROS/RESPUESTOS;26902,6;KOMATSU HO;7067671390;REPUESTOS;KOMATSU PC 200-8;8-VARIOS;0,001;0;KG;7,389;15;26902,6;;;;1;;;1;;
3;03-MAYOR A PUNTO DE PEDIDO;1003841;ZSTO;FILTRO RESPIRADERO TANQUE COMBUSTIBLE;MR01;0374;BB03;V1;2;HB;3;3;0;0;0;0;F06;FILTRO COMBUSTIBLE;548999,85;CATERPILLA;1162810;REPUESTOS;CAT D8T;8-VARIOS;0,067;0;KG;149,324;15;548999,85;;;;1;;;1;;
3;03-MAYOR A PUNTO DE PEDIDO;1003855;ZSTO;RETEN ARANDELA SEG. JD XUN;MR01;0374;BA02BIS;V1;5;HB;9;9;0;0;0;0;C29;FILTROS/RESPUESTOS;3099,87;JOHN DEERE // No aplica;T3G9609 // 8E6259;REPUESTOS;JD 644K, 544K;8-VARIOS;0,03;0;KG;4,5;25;3099,91;;;;1;;;1;;
4;04-MAYOR A STOCK MAXIMO;1003856;ZSTO;TRABA ESC.;MR01;0374;BB01BIS;V1;8;HB;16;32;0;0;0;0;C29;FILTROS/RESPUESTOS;136501,76;CATERPILLA;5K1459;REPUESTOS;CAT 140K;7-PESADO;0,3;0;KG;55;30;136501,8;;;;;1;;1;;
4;04-MAYOR A STOCK MAXIMO;1003864;ZSTO;CORREA VENTILADOR xUN (jgox3);MR01;0374;TABLERO 1;V1;1;HB;1;2;0;0;0;0;C29;FILTROS/RESPUESTOS;1945,64;CATERPILLA;3196293;REPUESTOS;CAT 140K;8-VARIOS;0,57;0;KG;1640;15;1945,64;;;;;1;;1;;
3;03-MAYOR A PUNTO DE PEDIDO;1003873;ZSTO;TRABA PARA RASCADOR XUN;MR01;0374;BA02BIS;V1;6;HB;13;8;0;0;0;0;C29;FILTROS/RESPUESTOS;18807,84;;9151215;REPUESTOS;BOMAG 213DH4;7-PESADO;0,022;0;KG;3,927;15;18807,8;;;;1;;;1;;
3;03-MAYOR A PUNTO DE PEDIDO;1003889;ZSTO;ESCOBILLA LIMPIAPARABRIZAS XUN;MR01;0374;TABLERO 3;V1;1;HB;3;3;0;0;0;0;C29;FILTROS/RESPUESTOS;189245,46;KOMATSU HO;20Y5439450;REPUESTOS;PC220;8-VARIOS;0,179;0;KG;412,5;15;189245,47;;;;1;;;1;;
3;03-MAYOR A PUNTO DE PEDIDO;1003901;ZSTO;TRABA UNA RIPPER;MR01;0374;BA02BIS;V1;4;HB;7;7;0;0;0;0;G03;RIPPER;55234,55;KOMATSU HO;924402508;REPUESTOS;KMS 155AX6;7-PESADO;0,44;0;KG;75;15;55234,57;;;;1;;;1;;
3;03-MAYOR A PUNTO DE PEDIDO;1003929;ZSTO;TORNILLO P PUNTERA XUN;MR01;0374;BB01 BIS;V1;3;HB;7;7;0;0;0;0;C29;FILTROS/RESPUESTOS;46278,05;KOMATSU HO // No aplica;1987121720 // 6V8360;REPUESTOS;KMS 375D;6-PESADO Y FRAGIL;0,775;0;KG;215,985;15;46278,06;;;;1;;;1;;
3;03-MAYOR A PUNTO DE PEDIDO;1003939;ZSTO;UNA RIPER;MR01;0374;FA01CAJON4;V1;4;HB;8;8;0;0;0;0;G04;UÑAS;339306,8;;6Y0352 // 6Y0359;DESGASTE;CAT D6T XL // DESGASTE;3-DESGASTE;0;0;KG;0;15;339306,78;;;;1;;;1;;
2;02-MENOR A PUNTO DE PEDIDO;1003953;ZSTO;BATERIA 12V 75AMP;MR01;0374;DC01;V1;2;HB;4;1;0;0;0;0;C03;EQUIPOS;145979,27;MOURA;M30LD;REPUESTOS;hilux 2017 en adelante;7-PESADO;16,5;0;KG;9044;15;145979,27;;1;;;;;1;;
3;03-MAYOR A PUNTO DE PEDIDO;1003954;ZSTO;BATERIA 12V 180AMP;MR01;0374;DC01;V1;2;HB;5;3;0;0;0;0;C29;FILTROS/RESPUESTOS;687759,03;;25 PLACAS POR ELEMENTO;REPUESTOS;MAQUINARIA PESADA;7-PESADO;43;0;KG;23126,475;15;687759,03;;;;1;;;1;;
4;04-MAYOR A STOCK MAXIMO;1003957;ZSTO;BATERIA 12V 110 AMP  318X162X220;MR01;0374;DC01;V1;2;HB;5;12;0;0;0;0;C29;FILTROS/RESPUESTOS;2421005,28;MOURA;ME100HA;REPUESTOS;BOMAG;7-PESADO;24,5;0;KG;11781;15;2421005,22;;;;;1;;1;;
3;03-MAYOR A PUNTO DE PEDIDO;1004005;ZSTO;TUERCA CARGADORA;MR01;0374;BA02BIS;V1;7;HB;14;10;0;0;0;0;G05;AJUSTE;11116,8;;14M7278;DESGASTE;CARGADOR FRONTAL JD 544K;6-PESADO Y FRAGIL;0;0;KG;0;15;11116,83;;;;1;;;1;;
3;03-MAYOR A PUNTO DE PEDIDO;1004011;ZSTO;LAMPARA 12V-5W S CULOTE X UN;MR01;0374;BA02;V1;20;HB;40;38;0;0;0;0;C03;EQUIPOS;13258,2;;PHILIPS-OSRAM;REPUESTOS;ELECTRICIDAD AUTOMOTOR;9-FRAGIL;0,001;0;KG;1,257;15;13258,35;;;;1;;;1;;
3;03-MAYOR A PUNTO DE PEDIDO;1004012;ZSTO;LAMPARA 12V-5W C CULOTE X UN;MR01;0374;BA02;V1;10;HB;20;20;0;0;0;0;C29;FILTROS/RESPUESTOS;6211,6;;BA15S;REPUESTOS;ELECTRICIDAD AUTOMOTOR;9-FRAGIL;0,005;0;KG;10,996;15;6211,6;;;;1;;;1;;
3;03-MAYOR A PUNTO DE PEDIDO;1004014;ZSTO;LAMPARA 12V-H7 55W X UN;MR01;0374;BA02;V1;10;HB;20;20;0;0;0;0;C03;EQUIPOS;69244,2;;PX26D;REPUESTOS;ELECTRICIDAD AUTOMOTOR;9-FRAGIL;0,015;0;KG;63,525;15;69244,26;;;;1;;;1;;
3;03-MAYOR A PUNTO DE PEDIDO;1004015;ZSTO;LAMPARA 12V-H3 55W X UN;MR01;0374;BA02;V1;10;HB;20;18;0;0;0;0;C03;EQUIPOS;44664,48;;PK22S;REPUESTOS;ELECTRICIDAD AUTOMOTOR;9-FRAGIL;0,01;0;KG;40,625;15;44664,55;;;;1;;;1;;
2;02-MENOR A PUNTO DE PEDIDO;1004020;ZSTO;LAMPARA 12V-H4 P43T X UN;MR01;0374;BA02;V1;10;HB;20;9;0;0;0;0;C29;FILTROS/RESPUESTOS;26467,11;;P43T38;REPUESTOS;ELECTRICIDAD AUTOMOTOR;9-FRAGIL;0,03;0;KG;154,63;15;26467,15;;1;;;;;1;;
3;03-MAYOR A PUNTO DE PEDIDO;1004022;ZSTO;LAMPARA 12V-21 5W X UN;MR01;0374;BA02;V1;10;HB;20;20;0;0;0;0;C03;EQUIPOS;11102,8;;PATADESPBAY15D;REPUESTOS;ELECTRICIDAD AUTOMOTOR;9-FRAGIL;0,01;0;KG;22,089;15;11102,86;;;;1;;;1;;
3;03-MAYOR A PUNTO DE PEDIDO;1004026;ZSTO;LAMPARA 12V-27 7W E1 2HB X UN;MR01;0374;BA02;V1;10;HB;20;20;0;0;0;0;C29;FILTROS/RESPUESTOS;7803,6;;SYL3157;REPUESTOS;ELECTRICIDAD AUTOMOTOR;9-FRAGIL;0,005;0;KG;24,544;15;7803,58;;;;1;;;1;;
3;03-MAYOR A PUNTO DE PEDIDO;1004027;ZSTO;LAMPARA 12V-21W AMBAR X UN;MR01;0374;BA02;V1;10;HB;20;20;0;0;0;0;C29;FILTROS/RESPUESTOS;3945;;BAU15S;REPUESTOS;ELECTRICIDAD AUTOMOTOR;9-FRAGIL;0,005;0;KG;22,089;15;3945,02;;;;1;;;1;;
3;03-MAYOR A PUNTO DE PEDIDO;1004030;ZSTO;LAMPARA 24V-5W S CULOTE XUN;MR01;0374;BA02;V1;10;HB;20;20;0;0;0;0;C29;FILTROS/RESPUESTOS;6028,9;;PHILIPS-OSRAM;REPUESTOS;ELECTRICIDAD AUTOMOTOR;9-FRAGIL;0,001;0;KG;1,257;15;20904,93;;;;1;;;1;;
3;03-MAYOR A PUNTO DE PEDIDO;1004031;ZSTO;LAMPARA 24V-21 5W PATA PAREJ. X UN;MR01;0374;BA02;V1;10;HB;20;13;0;0;0;0;C29;FILTROS/RESPUESTOS;1887,08;;BA15D;REPUESTOS;ELECTRICIDAD AUTOMOTOR;9-FRAGIL;0,005;0;KG;22,089;15;1887,08;;;;1;;;1;;
3;03-MAYOR A PUNTO DE PEDIDO;1004032;ZSTO;LAMPARA 24V-21 5W PATA DESP. X UN;MR01;0374;BA02;V1;10;HB;20;20;0;0;0;0;C29;FILTROS/RESPUESTOS;3229,4;;;REPUESTOS;ELECTRICIDAD AUTOMOTOR;9-FRAGIL;0,009;0;KG;28,125;15;3229,43;;;;1;;;1;;
3;03-MAYOR A PUNTO DE PEDIDO;1004033;ZSTO;LAMPARA 24V-5W C CULOTE X UN;MR01;0374;BA02;V1;10;HB;20;20;0;0;0;0;C29;FILTROS/RESPUESTOS;8155,8;;BA15S;REPUESTOS;ELECTRICIDAD AUTOMOTOR;9-FRAGIL;0,004;0;KG;12;15;8155,76;;;;1;;;1;;
3;03-MAYOR A PUNTO DE PEDIDO;1004039;ZSTO;LAMPARA 24V-H1 70W X UN;MR01;0374;BA02;V1;10;HB;20;20;0;0;0;0;C29;FILTROS/RESPUESTOS;92571,2;;P145S;REPUESTOS;ELECTRICIDAD AUTOMOTOR;9-FRAGIL;0,01;0;KG;40,625;15;92571,22;;;;1;;;1;;
4;04-MAYOR A STOCK MAXIMO;1004040;ZSTO;LAMPARA 24V-H3 70W X UN;MR01;0374;BA02;V1;10;HB;20;22;0;0;0;0;C29;FILTROS/RESPUESTOS;11247,5;;PK22S;REPUESTOS;ELECTRICIDAD AUTOMOTOR;9-FRAGIL;0,007;0;KG;35;15;149196,51;;;;;1;;1;;
3;03-MAYOR A PUNTO DE PEDIDO;1004042;ZSTO;LAMPARA 24V-H7 70W X UN;MR01;0374;BA02;V1;40;HB;100;54;0;0;0;0;C29;FILTROS/RESPUESTOS;555813,36;;PX26D-PHILIPS-OSRAM;REPUESTOS;ELECTRICIDAD AUTOMOTOR;9-FRAGIL;0,014;0;KG;73,5;15;555813,35;;;;1;;;1;;
3;03-MAYOR A PUNTO DE PEDIDO;1004043;ZSTO;LAMPARA 24V-75 70W P43T X UN;MR01;0374;BA02;V1;10;HB;20;20;0;0;0;0;C29;FILTROS/RESPUESTOS;29724,8;;P43T38;REPUESTOS;ELECTRICIDAD AUTOMOTOR;9-FRAGIL;0,03;0;KG;141,75;15;29724,87;;;;1;;;1;;
3;03-MAYOR A PUNTO DE PEDIDO;1004044;ZSTO;ALARMA RETROCESO (INTELIGENTE);MR01;0374;BB03;V1;2;HB;5;5;0;0;0;0;C29;FILTROS/RESPUESTOS;73066,8;;B250 // BOC 12505 DZE;REPUESTOS;ELECTRICIDAD DE TALLER;9-FRAGIL;0,24;0;KG;425,88;15;73066,81;;;;1;;;1;;
4;04-MAYOR A STOCK MAXIMO;1004046;ZSTO;BATERIA 12V 200 AMP;MR01;0374;DC01;V1;4;HB;7;13;0;0;0;0;C29;FILTROS/RESPUESTOS;4990225,11;LEVAS BOSC // LEVAS BOSC // LEVAS BOSC // VOLVO CONS;4180E12VOL180AH1390 // BAT BOSCH S4200E // S5X 220E BOSCH // 22813727;REPUESTOS;VOLVO FMX HID VOLCADORA;7-PESADO;58,5;0;KG;26574;15;4990225,15;;;;;1;;1;;
3;03-MAYOR A PUNTO DE PEDIDO;1004051;ZSTO;ARANDELA P 1D-4635 4J-9208 X UN;MR01;0374;BB01BIS;V1;5;HB;10;10;0;0;0;0;C29;FILTROS/RESPUESTOS;12526;CATERPILLA;3K5234;REPUESTOS;CAT 324/330;8-VARIOS;0,055;0;KG;8,675;15;12526,02;;;;1;;;1;;
4;04-MAYOR A STOCK MAXIMO;1004069;ZSTO;RASCADOR X UN;MR01;0374;FA01CAJON4;V1;6;HB;13;18;0;0;0;0;C29;FILTROS/RESPUESTOS;1363388,58;BOMAG GMBH;58030521;REPUESTOS;BOMAG 213 DH4;3-DESGASTE;2;0;KG;169,56;20;1363388,55;;;;;1;;1;;
4;04-MAYOR A STOCK MAXIMO;1004163;ZSTO;ORING DE BALDE;MR01;0374;TABLERO3;V1;2;HB;4;8;0;0;0;0;C29;FILTROS/RESPUESTOS;146809,76;CATERPILLA;3678467;REPUESTOS;CAT 320;8-VARIOS;0,046;0;KG;201,062;30;146809,79;;;;;1;;1;;
4;04-MAYOR A STOCK MAXIMO;1004263;ZSTO;LAMPARA 12V-51W XUN;MR01;0374;BA02;V1;10;HB;20;26;0;0;0;0;C29;FILTROS/RESPUESTOS;260196,82;;(HB4 O 9006);REPUESTOS;ELECTRICIDAD AUTOMOTOR;9-FRAGIL;30;0;KG;118,125;15;260196,9;;;;;1;;1;;
3;03-MAYOR A PUNTO DE PEDIDO;1004264;ZSTO;BULON DE RUEDA;MR01;0374;BB01BIS;V1;51;HB;102;78;0;0;0;0;C29;FILTROS/RESPUESTOS;2170899,12;VOLVO CONS //;21147687 // 24076067;REPUESTOS;VOLVO 460 FMX;7-PESADO;0,444;0;KG;118,279;15;2170898,91;;;;1;;;1;;
3;03-MAYOR A PUNTO DE PEDIDO;1004308;ZSTO;ACEITE HIDRAULICO X 20LT;MR01;0374;JAULA;V1;1;HB;2;2;0;0;0;0;C29;FILTROS/RESPUESTOS;152707,58;BECHEM SUD;ATF;LUBRICANTES;LUBRICANTES;6-PESADO Y FRAGIL;0;0;KG;0;15;152707,58;;;;1;;;1;;
4;04-MAYOR A STOCK MAXIMO;1004310;ZSTO;ACEITE ISO 46 HIDRAULICO  X 20LT;MR01;0374;JAULA;V1;1;HB;3;5;0;0;0;0;C29;FILTROS/RESPUESTOS;260868,3;BECHEM SUD;BP46;LUBRICANTES;LUBRICANTES;6-PESADO Y FRAGIL;0;0;KG;0;15;260868,28;;;;;1;;1;;
3;03-MAYOR A PUNTO DE PEDIDO;1004311;ZSTO;ACEITE SAE 80W90 X 20LT;MR01;0374;JAULA;V1;2;HB;5;5;0;0;0;0;C29;FILTROS/RESPUESTOS;269091,85;;MOBILUBE;LUBRICANTES;LUBRICANTES;6-PESADO Y FRAGIL;0;0;KG;0;15;269091,86;;;;1;;;1;;
3;03-MAYOR A PUNTO DE PEDIDO;1004313;ZSTO;ACEITE TRANSMISSION OIL AT102 X 200LTS;MR01;0374;JAULA;V1;1;HB;2;2;0;0;0;0;C29;FILTROS/RESPUESTOS;1270521,78;VOLVO CONS;VOE15143389 / 97342;LUBRICANTES;LUBRICANTES;2-TACHO;0;0;KG;0;15;1270521,77;;;;1;;;1;;
3;03-MAYOR A PUNTO DE PEDIDO;1004317;ZSTO;ACEITE CAJA DE CAMBIOS x 205LTS;MR01;0374;JAULA;V1;1;HB;3;3;0;0;0;0;L01;ACEITES;10007365,29;VOLVO CONS // //;97307//85136284 // TRAXIUM GEAR 8 75W80 // 97315;LUBRICANTES;VOLVO;2-TACHO;180;0;KG;235025,86;15;10007365,3;;;;1;;;1;;
2;02-MENOR A PUNTO DE PEDIDO;1004401;ZSTO;LAMPARA12V-45WPATASIGUALESXUN;MR01;0374;BA02;V1;10;HB;20;10;0;0;0;0;C29;FILTROS/RESPUESTOS;1409,9;;(BA15S);REPUESTOS;ELECTRICIDAD AUTOMOTOR;9-FRAGIL;0,014;0;KG;73,5;15;1409,93;;1;;;;;1;;
3;03-MAYOR A PUNTO DE PEDIDO;1004576;ZSTO;DIENTE ROQUERO;MR01;0374;FC01CAJON9;V1;5;HB;10;7;0;0;0;0;C29;FILTROS/RESPUESTOS;391838,51;KOMATSU HO;1417811253;DESGASTE;D65EX15;3-DESGASTE;0;0;KG;0;15;391838,53;;;;1;;;1;;
3;03-MAYOR A PUNTO DE PEDIDO;1004669;ZSTO;ANTIPARRA 3M - MOD. 2890 XUN;MR01;0374;MF04;V1;3;HB;6;6;0;0;0;0;C28;SEGURIDAD/ROPA/EPP;181319,82;;;SEGURIDAD;ACCESORIO SEGURIDAD;8-VARIOS;0;0;KG;0;15;181319,79;;;;1;;;1;;
3;03-MAYOR A PUNTO DE PEDIDO;1004672;ZSTO;BOTA GOMA P.ACERO N 47;MR01;0374;CC04;V1;2;HB;4;4;0;0;0;0;C28;SEGURIDAD/ROPA/EPP;1091,84;;;SEGURIDAD;CALZADO;8-VARIOS;3,525;0;KG;16896;15;1091,84;;;;1;;;1;;
3;03-MAYOR A PUNTO DE PEDIDO;1004687;ZSTO;TUERCA DE RUEDA VOLVO;MR01;0374;BB01BIS;V1;101;HB;202;178;0;0;0;0;C29;FILTROS/RESPUESTOS;5079648,3;VOLVO CONS;21303956;REPUESTOS;VOLVO 460 FMX;7-PESADO;0,173;0;KG;4768,875;15;5079647,62;;;;1;;;1;;
3;03-MAYOR A PUNTO DE PEDIDO;1009466;ZSTO;TUERCA;MR01;0374;BB01BIS;V1;12;HB;23;23;0;0;0;0;C03;EQUIPOS;160678,92;KOMATSU HO // No aplica;02290-11219 // 205-70-74190;DESGASTE;DESGASTE;7-PESADO;0;0;KG;0;15;160678,95;;;;1;;;1;;
4;04-MAYOR A STOCK MAXIMO;1013522;ZSCD;ACEITE DIFERENCIALES VOLVO97312 x 205LTS;MR01;0374;JAULA;V1;1;HB;2;4;0;0;0;0;C29;FILTROS/RESPUESTOS;16214182,96;SHELL PLC.;SPIRAX S6 GXME 75W90;LUBRICANTES;LUBRICANTES;?;0;0;KG;0;15;16214182,93;;;;;1;;1;;
3;03-MAYOR A PUNTO DE PEDIDO;1013523;ZSCD;"ACEITE ISO&#160; HIDRAULICO BP32 x 205L";MR01;0374;JAULA;V1;1;HB;2;2;0;0;0;0;C29;FILTROS/RESPUESTOS;846952,6;;;LUBRICANTES;?;?;220;0;KG;232385,12;15;846952,6;;;;1;;;1;;
3;03-MAYOR A PUNTO DE PEDIDO;1013701;ZSSD;21584844  TAPA DE DEPOSITO DE UREA;MR01;0374;TABLERO 3;V1;1;HB;2;2;0;0;0;0;C29;FILTROS/RESPUESTOS;215520,38;;;EQUIPOS;REPUESTOS VARIOS;?;0;0;KG;0;15;215520,38;;;;1;;;1;;
3;03-MAYOR A PUNTO DE PEDIDO;1015761;ZSSD;BOLSAS DE RESIDUOS 45X60 x ROLLO;MR01;0374;MJ03;V1;80;HB;150;98;0;0;0;0;C17;INSUMOS A;74614,26;;;LIMPIEZA;LIMPIEZA /SEGURIDAD;?;0;0;KG;0;15;74614,5;;;;1;;;1;;
3;03-MAYOR A PUNTO DE PEDIDO;1015780;ZSSD;CINTA METRICA X 10 MTS;MR01;0374;FC03PALLET;V1;30;HB;60;56;0;0;0;0;C27;FERRETERIA MR01;798323,1;;;FERRETERIA;FERRETERIA;?;0;0;KG;0;15;927605,02;;;;1;;;1;;
3;03-MAYOR A PUNTO DE PEDIDO;1015783;ZSSD;CINTA REFLECTIVA ROJA X MTS;MR01;0374;;V1;25;HB;50;50;0;0;0;0;C27;FERRETERIA MR01;218011,5;;;SEGURIDAD;SEÑALIZACION;?;0;0;KG;0;15;218011,46;;;;1;;;1;;
4;04-MAYOR A STOCK MAXIMO;1015785;ZSSD;CORRECTOR EN CINTA;MR01;0374;ARMARIO;V1;5;HB;10;13;0;0;0;0;C17;INSUMOS A;16590,47;;;LIBRERIA;LIBRERIA;?;0;0;KG;0;15;16590,53;;;;;1;;1;;
2;02-MENOR A PUNTO DE PEDIDO;1015788;ZSSD;DESODORANTE LÍQUIDO PARA PISO X 5 LTS;MR01;0374;AB01;V1;40;HB;80;28;0;0;0;0;C17;INSUMOS A;145421,64;;;LIMPIEZA;LIMPIEZA /SEGURIDAD;?;0;0;KG;0;15;145421,67;;1;;;;;1;;
3;03-MAYOR A PUNTO DE PEDIDO;1015789;ZSSD;DETERGENTE X 5 LTS;MR01;0374;AB01;CL;10;HB;20;18;0;0;0;0;C17;INSUMOS A;128013,3;;;LIMPIEZA;LIMPIEZA /SEGURIDAD;?;0;0;KG;0;15;128013,36;;;;1;;;1;;
2;02-MENOR A PUNTO DE PEDIDO;1015790;ZSSD;ESPONJA P/LAVAR VAJILLA X UN;MR01;0374;MJ01;RE;10;HB;20;9;0;0;0;0;C17;INSUMOS A;5884,56;;;LIMPIEZA;LIMPIEZA /SEGURIDAD;?;0;0;KG;0;15;5884,57;;1;;;;;1;;
4;04-MAYOR A STOCK MAXIMO;1015794;ZSSD;FUSIBLE PLANO 30AMP. XUN;MR01;0374;CAJON EST.;V1;10;HB;20;115;0;0;0;0;C03;EQUIPOS;30677,4;;;REPUESTOS;ELECTRICIDAD AUTOMOTOR;?;0;0;KG;0;15;30677,79;;;;;1;;1;;
4;04-MAYOR A STOCK MAXIMO;1015795;ZSSD;FUSIBLE PLANO 3AMP. XUN;MR01;0374;CAJON EST.;V1;10;HB;20;25;0;0;0;0;C03;EQUIPOS;2551,25;;;REPUESTOS;ELECTRICIDAD AUTOMOTOR;?;0;0;KG;0;15;2551,33;;;;;1;;1;;
4;04-MAYOR A STOCK MAXIMO;1015796;ZSSD;FUSIBLE PLANO 40AMP. XUN;MR01;0374;CAJON EST.;V1;10;HB;20;30;0;0;0;0;C03;EQUIPOS;3010,5;;;REPUESTOS;ELECTRICIDAD AUTOMOTOR;?;0;0;KG;0;15;3010,42;;;;;1;;1;;
3;03-MAYOR A PUNTO DE PEDIDO;1015801;ZSSD;GUANTES LATEX TALLE M;MR01;0374;FC03PALLET;V1;12;HB;24;24;0;0;0;0;C17;INSUMOS A;76662,72;;;SEGURIDAD;GUANTE;?;0;0;KG;0;15;76662,72;;;;1;;;1;;
4;04-MAYOR A STOCK MAXIMO;1015802;ZSSD;HOJA DE SIERRA 18D;MR01;0374;;V1;15;HB;30;48;0;0;0;0;C27;FERRETERIA MR01;93491,04;;;FERRETERIA;INSUMOS;?;0;0;KG;0;15;93490,88;;;;;1;;1;;
4;04-MAYOR A STOCK MAXIMO;1015804;ZSSD;HOJA DE SIERRA 32D;MR01;0374;MI05;V1;15;HB;30;38;0;0;0;0;C27;FERRETERIA MR01;78354,1;;;FERRETERIA;INSUMOS;?;0;0;KG;0;15;78354,1;;;;;1;;1;;
4;04-MAYOR A STOCK MAXIMO;1015805;ZSSD;"HOJA DE SIERRA PARA ARCO 24D&#160; XUN";MR01;0374;MI05;V1;10;HB;20;107;0;0;0;0;C27;FERRETERIA MR01;232856,61;;;FERRETERIA;INSUMOS;?;0;0;KG;0;15;232857,1;;;;;1;;1;;
3;03-MAYOR A PUNTO DE PEDIDO;1015807;ZSSD;LAVANDINA X 5 LTS;MR01;0374;AB01;CL;25;HB;60;42;0;0;0;0;C17;INSUMOS A;175143,78;;;LIMPIEZA;LIMPIEZA /SEGURIDAD;?;0;0;KG;0;15;175143,69;;;;1;;;1;;
3;03-MAYOR A PUNTO DE PEDIDO;1015813;ZSSD;LÍQUIDO PARA LAMPAZO X 5 LTS;MR01;0374;AB01;V1;12;HB;24;24;0;0;0;0;C17;INSUMOS A;533560,32;;;LIMPIEZA;LIMPIEZA /SEGURIDAD;?;0;0;KG;0;15;533560,4;;;;1;;;1;;
3;03-MAYOR A PUNTO DE PEDIDO;1015853;ZSSD;PRECINTO PLASTICO AL-3 X 175MM;MR01;0374;;V1;5;HB;10;10;0;0;0;0;C27;FERRETERIA MR01;27353,6;;MÚLT. 100U;FERRETERIA;INSUMOS;?;0;0;KG;0;15;27353,63;;;;1;;;1;;
3;03-MAYOR A PUNTO DE PEDIDO;1015854;ZSSD;PRECINTO PLASTICO AL-4 X 200MM;MR01;0374;;V1;5;HB;10;10;0;0;0;0;C27;FERRETERIA MR01;27296,7;;MÚLT. 100U;FERRETERIA;INSUMOS;?;0;0;KG;0;15;27296,7;;;;1;;;1;;
3;03-MAYOR A PUNTO DE PEDIDO;1015855;ZSSD;PRECINTO PLASTICO AL-5 X 300MM;MR01;0374;MI05;V1;5;HB;10;10;0;0;0;0;C27;FERRETERIA MR01;63324,6;;MÚLT. 100U;FERRETERIA;INSUMOS;?;0;0;KG;0;15;63324,6;;;;1;;;1;;
3;03-MAYOR A PUNTO DE PEDIDO;1015856;ZSSD;PRECINTO PLASTICO AL-7 X400MM X UN;MR01;0374;;V1;5;HB;10;7;0;0;0;0;C27;FERRETERIA MR01;119464,52;;MÚLT. 100U;FERRETERIA;INSUMOS;?;0;0;KG;0;15;119464,52;;;;1;;;1;;
3;03-MAYOR A PUNTO DE PEDIDO;1015858;ZSSD;RAID COMÚN  X UN;MR01;0374;MJ01;CL;24;HB;48;47;0;0;0;0;C17;INSUMOS A;300519,88;;;LIMPIEZA;LIMPIEZA /SEGURIDAD;?;0;0;KG;0;15;300519,66;;;;1;;;1;;
3;03-MAYOR A PUNTO DE PEDIDO;1015866;ZSSD;TRAPO DE PISO X UN;MR01;0374;MJ03;CL;30;HB;50;47;0;0;0;0;C17;INSUMOS A;58619,81;;;LIMPIEZA;INSUMOS;?;0;0;KG;0;15;58619,77;;;;1;;;1;;
3;03-MAYOR A PUNTO DE PEDIDO;1015940;ZSCD;DISCO DESBASTE 178X7X22.2 XUN;MR01;0374;;V1;25;HB;50;50;0;0;0;0;C27;FERRETERIA MR01;218399;;;FERRETERIA;INSUMOS;?;0;0;KG;0;15;218399,2;;;;1;;;1;;
3;03-MAYOR A PUNTO DE PEDIDO;1016017;ZSCD;BOTIN CONW 53 BAF MARRON FLOR P.ACER N36;MR01;0374;EA02PALLET;CL;3;HB;6;4;0;0;0;0;C28;SEGURIDAD/ROPA/EPP;160586,88;;;SEGURIDAD;CALZADO;?;0;0;KG;0;15;160586,86;;;;1;;;1;;
3;03-MAYOR A PUNTO DE PEDIDO;1016077;ZSTO;ARANDELA;MR01;0374;BB01BIS;V1;13;HB;26;21;0;0;0;0;G05;AJUSTE;55004,25;JOHN DEERE;24M7243;DESGASTE;VOLVO EC 480D;8-VARIOS;0,061;0;KG;9,812;25;55004,23;;;;1;;;1;;
3;03-MAYOR A PUNTO DE PEDIDO;1016080;ZSCD;BOTIN CONW 53 BAF MARRON FLOR P.ACER N39;MR01;0374;EA02PALLET;CL;5;HB;10;8;0;0;0;0;C28;SEGURIDAD/ROPA/EPP;321924;;;SEGURIDAD;CALZADO;?;0;0;KG;0;15;321924;;;;1;;;1;;
3;03-MAYOR A PUNTO DE PEDIDO;1016193;ZSTO;CUBIERTA 245/65 R17 111T;MR01;0374;HC03;V1;2;HB;10;4;0;0;0;0;C47;CUBIERTAS AUTOMOTR;863939,28;PIRELLI NE // GOOD YEAR;111T XL SCORPION // 111T XL WRANGLERWORKHORS;CUBIERTAS;VW AMAROK;5-CUBIERTAS;16,5;0;KG;103167,84;15;863939,29;;;;1;;;1;;
3;03-MAYOR A PUNTO DE PEDIDO;1016195;ZSTO;CUBIERTA DELANTERO 13 R 22.5 I;MR01;0374;GC03;V1;6;HB;11;11;0;0;0;0;C48;CUBIERTAS CAMIONES;6487534,13;PIRELLI NE //;FG:01 // S811;CUBIERTAS;CAMION;5-CUBIERTAS;75;0;KG;77715;15;6487534,18;;;;1;;;1;;
4;04-MAYOR A STOCK MAXIMO;1016196;ZSTO;CUBIERTA TRASERO 13 R 22.5;MR01;0374;HB01/02/03;V1;9;HB;18;21;0;0;0;0;C48;CUBIERTAS CAMIONES;12108120,78;PIRELLI NE // TRIANGLE T;TQ:01 // TR918 18PR;CUBIERTAS;CAMION;5-CUBIERTAS;78;0;KG;295411,2;15;12108120,72;;;;;1;;1;;
3;03-MAYOR A PUNTO DE PEDIDO;1016239;ZSTO;Filtro Primario;MR01;0374;BB04;V1;2;HB;5;3;0;0;0;0;F04;FILTRO AIRE;596259,09;FLEETGUARD // DONALDSON // //;AF 55021 // DBA5294 // FAI5294 // SA16797;FILTROS;GRUA TEREX 780;8-VARIOS;2,065;0;KG;19270;15;596259,09;;;;1;;;1;;
3;03-MAYOR A PUNTO DE PEDIDO;1016240;ZSTO;FILTRO DE CABINA;MR01;0374;BA03;V1;2;HB;3;3;0;0;0;0;F05;FILTRO AIRE CABINA;40408,83;FRAMM // MANN;CF 5818 // CU3138;FILTROS;GRUA TEREX 780;9-FRAGIL;0,114;0;KG;3240;15;40408,83;;;;1;;;1;;
3;03-MAYOR A PUNTO DE PEDIDO;1016279;ZSTO;FILTRO LINEA HIDRAULICO;MR01;0374;BA03;V1;1;HB;2;2;0;0;0;0;F06;FILTRO COMBUSTIBLE;158279,52;BOMAG GMBH // HIFI FILTE;07993094 // SH 52628;FILTROS;FILTRO COMB;7-PESADO;0,35;0;KG;1114,75;20;158279,52;;;;1;;;1;;
3;03-MAYOR A PUNTO DE PEDIDO;1016281;ZSTO;KIT TUERCA/BULON 30 U P/SEGMENTO CORTE;MR01;0374;BA01BIS;V1;1;HB;2;2;0;0;0;0;G05;AJUSTE;380809,28;KOMATSU HO;1783205000;DESGASTE;EXCAVADORA KOMATSU PC 240;7-PESADO;17,5;0;KG;10626;15;380809,29;;;;1;;;1;;
3;03-MAYOR A PUNTO DE PEDIDO;1016296;ZSTO;Tuerca de Portauñas izq/ der;MR01;0374;BB02 BIS;V1;2;HB;4;4;0;0;0;0;G05;AJUSTE;67273,08;CATERPILLA;2J5997;DESGASTE;CAT 950L;7-PESADO;0,241;0;KG;54,95;15;67273,06;;;;1;;;1;;
3;03-MAYOR A PUNTO DE PEDIDO;1016297;ZSTO;Tornillo de Portauñas centrales;MR01;0374;BA01 BIS;V1;3;HB;6;6;0;0;0;0;G05;AJUSTE;20200,5;CATERPILLA;5P8136;DESGASTE;CAT 950L;8-VARIOS;4,384;0;KG;2197;15;20200,5;;;;1;;;1;;
3;03-MAYOR A PUNTO DE PEDIDO;1016308;ZSTO;Correa de A/A;MR01;0374;TABLERO2;V1;1;HB;2;2;0;0;0;0;C29;FILTROS/RESPUESTOS;8484;GOOD YEAR // POWER SPAN;13X1060 // A42;CORREAS;CORREAS;8-VARIOS;0,123;0;KG;148,5;15;8484;;;;1;;;1;;
3;03-MAYOR A PUNTO DE PEDIDO;1016413;ZSTO;UÑA (INCLUYE TRABA);MR01;0374;FB01CAJON7;V1;10;HB;15;15;0;0;0;0;G04;UÑAS;1296836,85;CATERPILLA;505-4097;DESGASTE;CAT 323;3-DESGASTE;10;0;KG;5460;15;1296836,81;;;;1;;;1;;
3;03-MAYOR A PUNTO DE PEDIDO;1016422;ZSTO;Filtro de Aire Primario;MR01;0374;BB02;V1;1;HB;3;3;0;0;0;0;F04;FILTRO AIRE;218325,57;CATERPILLA;479-8989;FILTROS;CAT 323;6-PESADO Y FRAGIL;2,276;0;KG;26040;20;218325,56;;;;1;;;1;;
3;03-MAYOR A PUNTO DE PEDIDO;1016424;ZSTO;Filtro de Aire Secundario;MR01;0374;BB02;V1;1;HB;3;3;0;0;0;0;F04;FILTRO AIRE;133598,49;CATERPILLA;479-8991;FILTROS;CAT 323;8-VARIOS;0,512;0;KG;5328;20;133598,5;;;;1;;;1;;
3;03-MAYOR A PUNTO DE PEDIDO;1016425;ZSTO;Filtro Cartucho de Combustible;MR01;0374;BB02;V1;1;HB;3;3;0;0;0;0;F06;FILTRO COMBUSTIBLE;80203,35;CATERPILLA;509-5694;FILTROS;CAT 323;9-FRAGIL;0,387;0;KG;1709,73;20;80203,33;;;;1;;;1;;
3;03-MAYOR A PUNTO DE PEDIDO;1016426;ZSTO;Filtro Cartucho de Trampa de Agua;MR01;0374;BB02;V1;1;HB;3;3;0;0;0;0;F13;FILTRO TRAMPA DE A;100710,42;CATERPILLA;523-4987;FILTROS;CAT 323;8-VARIOS;0,44;0;KG;3267;20;100710,41;;;;1;;;1;;
3;03-MAYOR A PUNTO DE PEDIDO;1016427;ZSTO;Filtro Tanque Hidraulico;MR01;0374;BB02;V1;1;HB;3;3;0;0;0;0;F07;FILTRO FLUIDO HIDR;931358,31;CATERPILLA //;491-5241 // 5909787;FILTROS;CAT 323;8-VARIOS;2,069;0;KG;15360;20;931358,3;;;;1;;;1;;
3;03-MAYOR A PUNTO DE PEDIDO;1016429;ZSTO;Filtro A/A Cabina Exterior;MR01;0374;BB02;V1;1;HB;3;3;0;0;0;0;F10;FILTRO HVAC;304125,15;CATERPILLA;580-5439;FILTROS;CAT 323;9-FRAGIL;0,413;0;KG;5328;20;304125,15;;;;1;;;1;;
3;03-MAYOR A PUNTO DE PEDIDO;1016434;ZSTO;Kit Correa y Tensores;MR01;0374;BA03;V1;6;HB;11;10;0;0;0;0;C29;FILTROS/RESPUESTOS;6634025;VOLVO MAQU // // //;20002072 // 20712530+22275091 // 22696301+21479276+21919687 // 22696301+21479276+24201573;REPUESTOS;VOLVO FM460;8-VARIOS;5,6;0;KG;5124;15;6634024,95;;;;1;;;1;;
3;03-MAYOR A PUNTO DE PEDIDO;1016443;ZSTO;Uña;MR01;0374;GC01CAJON3;V1;8;HB;16;16;0;0;0;0;G04;UÑAS;669097,92;KOMATSU HO // KOMATSU HO;KH20S // 20Y-70-B1960;DESGASTE;PC210;3-DESGASTE;4,5;0;KG;2315,25;15;669097,96;;;;1;;;1;;
3;03-MAYOR A PUNTO DE PEDIDO;1016444;ZSTO;Traba de Uña;MR01;0374;;V1;8;HB;16;16;0;0;0;0;G05;AJUSTE;487175,04;KOMATSU HO //;20Y70B1970 // KH20P;DESGASTE;PC210;7-PESADO;0,349;0;KG;66,5;15;487175,09;;;;1;;;1;;
2;02-MENOR A PUNTO DE PEDIDO;1016479;ZSCD;PROTECTOR SOLAR (CREMA) FACT 60 X 120ML;MR01;0374;ME02;V1;300;HB;600;280;0;0;0;0;C28;SEGURIDAD/ROPA/EPP;2442308,4;;;SEGURIDAD;INSUMO;?;0;0;KG;2185;0;2442309,56;;1;;;;;1;;
3;03-MAYOR A PUNTO DE PEDIDO;1016480;ZSCD;PROTECTOR SOLAR DE LABIO x UN;MR01;0374;ME02;V1;300;HB;600;600;0;0;0;0;C28;SEGURIDAD/ROPA/EPP;4501740;;;SEGURIDAD;INSUMO;?;0;0;KG;2,185;0;4501738,41;;;;1;;;1;;
3;03-MAYOR A PUNTO DE PEDIDO;1016494;ZSSD;CASCO CARCAZA GRIS;MR01;0374;CA03;V1;4;HB;10;10;0;0;0;0;C28;SEGURIDAD/ROPA/EPP;38539,5;;;SEGURIDAD;ACCESORIO SEGURIDAD;?;0;0;KG;0;0;38539,47;;;;1;;;1;;
3;03-MAYOR A PUNTO DE PEDIDO;1016537;ZSTO;KIT FILTRO DE AIRE PRIMARIO Y SECUNDARIO;MR01;0374;BA03BIS;V1;1;HB;2;2;0;0;0;0;F04;FILTRO AIRE;653528,6;KOMATSU HO // DARMET;6001855100 // VP-3722 + VP-3723;FILTROS;PC2000;6-PESADO Y FRAGIL;3,496;0;KG;38175,75;15;653528,6;;;;1;;;1;;
3;03-MAYOR A PUNTO DE PEDIDO;1016894;ZSTO;MAMEL. 1°CAL. DESC. LAMIN.BLANCO 60GRXXL;MR01;0374;DB03PALLET;V1;400;HB;600;572;0;0;0;0;C28;SEGURIDAD/ROPA/EPP;4826358,68;;FABRICANTE DUPONT/MODELO TIVEK 500;SEGURIDAD;INDUMENTARIA;8-VARIOS;0,205;0;KG;2418;21;4826361,53;;;;1;;;1;;
2;02-MENOR A PUNTO DE PEDIDO;1016909;ZSSD;CINTA METRICA X5MT;MR01;0374;FC03PALLET;V1;15;HB;30;14;0;0;0;0;C27;FERRETERIA MR01;43701,68;;;FERRETERIA;INSUMOS;?;0;0;KG;0;0;62921,64;;1;;;;;1;;
2;02-MENOR A PUNTO DE PEDIDO;1016911;ZSSD;CINTA METRICA X20MT;MR01;0374;FC03PALLET;V1;3;HB;6;2;0;0;0;0;C27;FERRETERIA MR01;58961,92;;;FERRETERIA;INSUMOS;?;0;0;KG;0;0;58961,91;;1;;;;;1;;
4;04-MAYOR A STOCK MAXIMO;1016919;ZSSD;LUBRICANTE MULTIUSO WD-40 440CC;MR01;0374;ARMARIO;V1;50;HB;70;78;0;0;0;0;C27;FERRETERIA MR01;494003,95;;;FERRETERIA;ADHESIVOS/SELLADORES/LUBRICANT;?;0;0;KG;0;0;677070,85;;;;;1;;1;;
2;02-MENOR A PUNTO DE PEDIDO;1016920;ZSSD;SOGA NAUTICA 12MM;MR01;0374;MJ05;V1;200;HB;400;200;0;0;0;0;C27;FERRETERIA MR01;180118;;MÚLT. 100 MTS;FERRETERIA;FERRETERIA;8-VARIOS;0;0;KG;0;0;180118,06;;1;;;;;1;;
3;03-MAYOR A PUNTO DE PEDIDO;1016921;ZSSD;SOGA NAUTICA 8MM;MR01;0374;;V1;200;HB;400;400;0;0;0;0;C27;FERRETERIA MR01;121712;;MÚLT. 100 MTS;FERRETERIA;FERRETERIA;?;0;0;KG;0;0;121711,3;;;;1;;;1;;
3;03-MAYOR A PUNTO DE PEDIDO;1016922;ZSSD;CHOCLA 30MT;MR01;0374;EA03CAJON;V1;60;HB;100;65;0;0;0;0;C27;FERRETERIA MR01;650509,6;;;FERRETERIA;FERRETERIA;?;0;0;KG;0;0;650509,44;;;;1;;;1;;
4;04-MAYOR A STOCK MAXIMO;1016926;ZSSD;SERRUCHO COSTILLA 9DPP - 12PG;MR01;0374;FB03PALLET;V1;2;HB;6;10;0;0;0;0;C27;FERRETERIA MR01;98365,2;;;FERRETERIA;HERRAMIENTAS;?;0;0;KG;0;0;98365,17;;;;;1;;1;;
3;03-MAYOR A PUNTO DE PEDIDO;1016927;ZSSD;CLAVERA SIMPLE;MR01;0374;DB2PALLET;V1;20;HB;40;40;0;0;0;0;C27;FERRETERIA MR01;471923,2;;;FERRETERIA;?;?;0;0;KG;0;0;471923,07;;;;1;;;1;;
2;02-MENOR A PUNTO DE PEDIDO;1016928;ZSSD;FRATACHO PLASTICO C GOMA ESPUMA 30CM;MR01;0374;FC03PALLET;V1;5;HB;10;2;0;0;0;0;C27;FERRETERIA MR01;5115,5;;;FERRETERIA;FERRETERIA;?;0;0;KG;0;0;5115,51;;1;;;;;1;;
2;02-MENOR A PUNTO DE PEDIDO;1016930;ZSSD;BALDE ALBANIL PLASTICO;MR01;0374;EB03 CAJON;V1;25;HB;50;9;0;0;0;0;C27;FERRETERIA MR01;19107,72;;;FERRETERIA;FERRETERIA;?;0;0;KG;0;0;19107,76;;1;;;;;1;;
3;03-MAYOR A PUNTO DE PEDIDO;1016931;ZSSD;CARRETILLA 75LT REFORZADA C RUEDA NEUMAT;MR01;0374;CACBCC01;V1;5;HB;10;8;0;0;0;0;C27;FERRETERIA MR01;188501,58;;;FERRETERIA;FERRETERIA;?;0;0;KG;0;0;736617,18;;;;1;;;1;;
4;04-MAYOR A STOCK MAXIMO;1016932;ZSSD;RUEDA NEUMATICA P CARRETILLA 70LT;MR01;0374;EB03 CAJON;V1;10;HB;20;26;0;0;0;0;C27;FERRETERIA MR01;613834,52;;;FERRETERIA;INSUMOS;?;0;0;KG;0;0;613834,63;;;;;1;;1;;
2;02-MENOR A PUNTO DE PEDIDO;1016937;ZSSD;NIVEL DE BURBUJA 30CM;MR01;0374;FB02PALLET;V1;2;HB;4;2;0;0;0;0;C27;FERRETERIA MR01;0;;;FERRETERIA;HERRAMIENTAS;?;0;0;KG;0;0;17600;;1;;;;;1;;
4;04-MAYOR A STOCK MAXIMO;1016938;ZSSD;SILICONA LIQUIDA BRILLO SILICONADO X5LT;MR01;0374;AB01;CL;10;HB;20;24;0;0;0;0;C17;INSUMOS A;1090428,96;;;LIMPIEZA;LIMPIEZA /SEGURIDAD;?;0;0;KG;0;0;1090428,98;;;;;1;;1;;
2;02-MENOR A PUNTO DE PEDIDO;1016940;ZSSD;DESODORANTE EN AEROSOL;MR01;0374;MJ03;CL;96;HB;144;86;0;0;0;0;C17;INSUMOS A;239897;;;LIMPIEZA;LIMPIEZA /SEGURIDAD;?;0;0;KG;0;0;239897,28;;1;;;;;1;;
2;02-MENOR A PUNTO DE PEDIDO;1016942;ZSSD;BIBLIORATO PVC A4 LOMO ANCHO;MR01;0374;ARMARIO;CL;20;HB;50;18;0;0;0;0;C17;INSUMOS A;60595,92;;;LIBRERIA;LIBRERIA;?;0;0;KG;0;0;60595,84;;1;;;;;1;;
3;03-MAYOR A PUNTO DE PEDIDO;1016946;ZSSD;TALO LIBRETA DE MAQUINISTA 50H X DUPLICA;MR01;0374;MI04;V1;100;HB;200;200;0;0;0;0;C17;INSUMOS A;1767706;;;LIBRERIA;TALONARIOS;?;0;0;KG;0;0;1767705,76;;;;1;;;1;;
3;03-MAYOR A PUNTO DE PEDIDO;1016950;ZSSD;ARRANCAMOTOR AEROSOL WURTH START-RAPID;MR01;0374;ARMARIO;V1;10;HB;20;17;0;0;0;0;C27;FERRETERIA MR01;207366,17;;;FERRETERIA;INSUMOS;?;0;0;KG;0;0;207366,24;;;;1;;;1;;
4;04-MAYOR A STOCK MAXIMO;1016954;ZSSD;TANZA 0.80MM -COLOR ROJO- XROLLO;MR01;0374;FB02PALLET;V1;18;HB;36;45;0;0;0;0;C27;FERRETERIA MR01;104322,15;;;FERRETERIA;ACCESORIOS;?;0;0;KG;0;0;104322;;;;;1;;1;;
2;02-MENOR A PUNTO DE PEDIDO;1016955;ZSSD;SOGA NAUTICA 10MM;MR01;0374;MJ06;V1;200;HB;400;200;0;0;0;0;C27;FERRETERIA MR01;75610;;MÚLT. 100 MTS;FERRETERIA;ACCESORIOS;?;0;0;KG;0;0;75610,19;;1;;;;;1;;
4;04-MAYOR A STOCK MAXIMO;1016957;ZSSD;SEPARADOR A4 PLASTICO C LENGUETAS;MR01;0374;ARMARIO;CL;12;HB;24;28;0;0;0;0;C17;INSUMOS A;24466,12;;MÚLT. 12U;LIBRERIA;PAPEL;?;0;0;KG;0;0;24466,19;;;;;1;;1;;
2;02-MENOR A PUNTO DE PEDIDO;1016960;ZSSD;RESALTADOR VERDE PUNTA CHANFLEADA;MR01;0374;ARMARIO;CL;10;HB;20;8;0;0;0;0;C17;INSUMOS A;2411,52;;MÚLT. 10U;LIBRERIA;ESCRITURA;?;0;0;KG;0;0;2411,51;;1;;;;;1;;
2;02-MENOR A PUNTO DE PEDIDO;1016961;ZSSD;RESALTADOR ROSA PUNTA CHANFLEADA;MR01;0374;ARMARIO;CL;10;HB;20;6;0;0;0;0;C17;INSUMOS A;2199,6;;MÚLT. 10U;LIBRERIA;ESCRITURA;?;0;0;KG;0;0;2199,63;;1;;;;;1;;
2;02-MENOR A PUNTO DE PEDIDO;1016962;ZSSD;RESALTADOR NARANJA PUNTA CHANFLEADA;MR01;0374;ARMARIO;CL;10;HB;20;6;0;0;0;0;C17;INSUMOS A;2130,72;;MÚLT. 10U;LIBRERIA;ESCRITURA;?;0;0;KG;0;0;2130,71;;1;;;;;1;;
3;03-MAYOR A PUNTO DE PEDIDO;1016963;ZSSD;RESALTADOR CELESTE PUNTA CHANFLEADA;MR01;0374;ARMARIO;CL;10;HB;20;18;0;0;0;0;C17;INSUMOS A;1298,76;;MÚLT. 10U;LIBRERIA;ESCRITURA;?;0;0;KG;0;0;7526,05;;;;1;;;1;;
3;03-MAYOR A PUNTO DE PEDIDO;1016964;ZSSD;RESALTADOR AMARILLO PUNTA CHANFLEADA;MR01;0374;ARMARIO;CL;10;HB;20;13;0;0;0;0;C17;INSUMOS A;3702,66;;MÚLT. 10U;LIBRERIA;ESCRITURA;?;0;0;KG;0;0;3702,61;;;;1;;;1;;
2;02-MENOR A PUNTO DE PEDIDO;1016965;ZSSD;PORTABLOCK ACRILICO C CLIP SUPERIOR;MR01;0374;ARMARIO;CL;15;HB;25;6;0;0;0;0;C17;INSUMOS A;33199,26;;;LIBRERIA;ACCESORIOS;?;0;0;KG;0;0;33199,23;;1;;;;;1;;
3;03-MAYOR A PUNTO DE PEDIDO;1016967;ZSSD;PERFORADORA MET MIT 40-45 HJ C REGLA;MR01;0374;ARMARIO;CL;1;HB;2;2;0;0;0;0;C17;INSUMOS A;36615,84;;;LIBRERIA;LIBRERIA;?;0;0;KG;0;0;36615,83;;;;1;;;1;;
3;03-MAYOR A PUNTO DE PEDIDO;1016968;ZSSD;PERFORADORA MET MIT 20-25 HJ C REGLA;MR01;0374;ARMARIO;CL;1;HB;2;2;0;0;0;0;C17;INSUMOS A;20500,62;;;LIBRERIA;LIBRERIA;?;0;0;KG;0;0;20500,62;;;;1;;;1;;
2;02-MENOR A PUNTO DE PEDIDO;1016971;ZSSD;NOTAS ADHESIVAS (POST IT) 38X54 MM;MR01;0374;ARMARIO;CL;12;HB;24;10;0;0;0;0;C17;INSUMOS A;4552,1;;MÚLT. 12U;LIBRERIA;PAPEL;?;0;0;KG;0;0;4552,09;;1;;;;;1;;
2;02-MENOR A PUNTO DE PEDIDO;1016973;ZSSD;MAZA MINERO 3 KG;MR01;0374;EA03CAJON;V1;3;HB;6;3;0;0;0;0;C27;FERRETERIA MR01;98761,02;;;FERRETERIA;HERRAMIENTA MANUAL;?;0;0;KG;0;0;98761,02;;1;;;;;1;;
3;03-MAYOR A PUNTO DE PEDIDO;1016975;ZSSD;MARCADOR P PIZARRA ROJO;MR01;0374;ARMARIO;CL;10;HB;20;15;0;0;0;0;C17;INSUMOS A;11731,35;;MÚLT. 10U;LIBRERIA;ESCRITURA;?;0;0;KG;0;0;11731,42;;;;1;;;1;;
3;03-MAYOR A PUNTO DE PEDIDO;1016976;ZSSD;MARCADOR P PIZARRA NEGRO;MR01;0374;ARMARIO;CL;10;HB;20;15;0;0;0;0;C17;INSUMOS A;10616,55;;MÚLT. 10U;LIBRERIA;ESCRITURA;?;0;0;KG;0;0;10616,48;;;;1;;;1;;
3;03-MAYOR A PUNTO DE PEDIDO;1016977;ZSSD;MARCADOR P PIZARRA AZUL;MR01;0374;ARMARIO;CL;10;HB;20;17;0;0;0;0;C17;INSUMOS A;13435,95;;MÚLT. 10U;LIBRERIA;ESCRITURA;?;0;0;KG;0;0;13435,87;;;;1;;;1;;
3;03-MAYOR A PUNTO DE PEDIDO;1016978;ZSSD;GRINFA D8;MR01;0374;FC03PALLET;V1;2;HB;6;6;0;0;0;0;C27;FERRETERIA MR01;43994,34;;;FERRETERIA;HERRAMIENTAS;?;0;0;KG;0;0;43994,34;;;;1;;;1;;
3;03-MAYOR A PUNTO DE PEDIDO;1016980;ZSSD;GRINFA D12;MR01;0374;FC03PALLET;V1;2;HB;6;4;0;0;0;0;C27;FERRETERIA MR01;18359,6;;;FERRETERIA;HERRAMIENTAS;?;0;0;KG;0;0;18359,62;;;;1;;;1;;
3;03-MAYOR A PUNTO DE PEDIDO;1016981;ZSSD;GRINFA D10;MR01;0374;FC03PALLET;V1;2;HB;6;4;0;0;0;0;C27;FERRETERIA MR01;17877,4;;;FERRETERIA;HERRAMIENTAS;?;0;0;KG;0;0;17877,38;;;;1;;;1;;
2;02-MENOR A PUNTO DE PEDIDO;1016982;ZSSD;FOLIO A4 ST X100;MR01;0374;ARMARIO;CL;10;HB;20;4;0;0;0;0;C17;INSUMOS A;21612,72;;;LIBRERIA;PAPEL;?;0;0;KG;0;0;21612,74;;1;;;;;1;;
2;02-MENOR A PUNTO DE PEDIDO;1016983;ZSSD;CUCHARA ALBANIL FORJADA 7PG;MR01;0374;FB03PALLET;V1;15;HB;30;15;0;0;0;0;C27;FERRETERIA MR01;118868,85;;;FERRETERIA;HERRAMIENTA MANUAL;?;0;0;KG;0;0;118868,8;;1;;;;;1;;
2;02-MENOR A PUNTO DE PEDIDO;1016986;ZSSD;CORTAFRIO FORJADO 22X200;MR01;0374;FC03PALLET;V1;10;HB;15;9;0;0;0;0;C27;FERRETERIA MR01;68752,8;;;FERRETERIA;INSUMOS;?;0;0;KG;0;0;68752,8;;1;;;;;1;;
3;03-MAYOR A PUNTO DE PEDIDO;1016988;ZSSD;CINTA METRICA 3MT;MR01;0374;FC03PALLET;V1;10;HB;30;18;0;0;0;0;C27;FERRETERIA MR01;0;;;FERRETERIA;INSUMOS;?;0;0;KG;0;0;69102,72;;;;1;;;1;;
3;03-MAYOR A PUNTO DE PEDIDO;1016995;ZSSD;BROCHES FLEX CON FILO N50 X1000;MR01;0374;ARMARIO;CL;20;HB;40;26;0;0;0;0;C17;INSUMOS A;24846,64;;;LIBRERIA;LIBRERIA;?;0;0;KG;0;0;24846,71;;;;1;;;1;;
4;04-MAYOR A STOCK MAXIMO;1016997;ZSSD;BOLIGRAFO TRAZO GRUESO ROJO;MR01;0374;ARMARIO;V1;12;HB;24;38;0;0;0;0;C17;INSUMOS A;17035,4;;MÚLT. 50U;LIBRERIA;ESCRITURA;?;0;0;KG;0;0;17035,3;;;;;1;;1;;
3;03-MAYOR A PUNTO DE PEDIDO;1016998;ZSSD;BOLIGRAFO TRAZO GRUESO NEGRO;MR01;0374;ARMARIO;CL;75;HB;100;97;0;0;0;0;C17;INSUMOS A;21979,23;;MÚLT. 50U;LIBRERIA;ESCRITURA;?;0;0;KG;0;0;21979,47;;;;1;;;1;;
3;03-MAYOR A PUNTO DE PEDIDO;1016999;ZSSD;BOLIGRAFO TRAZO GRUESO AZUL;MR01;0374;ARMARIO;CL;75;HB;150;126;0;0;0;0;C17;INSUMOS A;44108,82;;MÚLT. 50U;LIBRERIA;LIBRERIA;?;0;0;KG;0;0;44108,65;;;;1;;;1;;
2;02-MENOR A PUNTO DE PEDIDO;1017002;ZSSD;PILA ALCALINA AAA;MR01;0374;ARMARIO;CL;25;HB;50;25;0;0;0;0;C27;FERRETERIA MR01;38534,5;;;FERRETERIA;INSUMOS;?;0;0;KG;0;0;38534,47;;1;;;;;1;;
3;03-MAYOR A PUNTO DE PEDIDO;1017003;ZSSD;BATERIA 9V;MR01;0374;ARMARIO;CL;4;HB;6;6;0;0;0;0;C27;FERRETERIA MR01;79351,56;;;FERRETERIA;BATERIAS;?;0;0;KG;0;0;79351,56;;;;1;;;1;;
3;03-MAYOR A PUNTO DE PEDIDO;1017005;ZSSD;CADENA PLASTICA ROJA Y BLANCA X ML;MR01;0374;EA02PALLET;V1;500;HB;1000;1000;0;0;0;0;C28;SEGURIDAD/ROPA/EPP;1245230;;MÚLT. 50/100 MTS;SEGURIDAD;SEGURIDAD;?;0;0;KG;0;0;1245231,71;;;;1;;;1;;
3;03-MAYOR A PUNTO DE PEDIDO;1017006;ZSSD;APRIETAPAPEL 32MM;MR01;0374;ARMARIO;CL;20;HB;40;30;0;0;0;0;C17;INSUMOS A;4310,7;;MÚLT. 12U;LIBRERIA;ACCESORIOS;?;0;0;KG;0;0;4310,81;;;;1;;;1;;
3;03-MAYOR A PUNTO DE PEDIDO;1017007;ZSSD;APRIETAPAPEL 51MM;MR01;0374;ARMARIO;CL;20;HB;40;30;0;0;0;0;C17;INSUMOS A;8562,3;;MÚLT. 12U;LIBRERIA;ACCESORIOS;?;0;0;KG;0;0;8562,4;;;;1;;;1;;
2;02-MENOR A PUNTO DE PEDIDO;1017008;ZSSD;ADHESIVO SINTETICO 50GR;MR01;0374;ARMARIO;CL;2;HB;4;1;0;0;0;0;C17;INSUMOS A;783,82;;VOLIGOMA;FERRETERIA;ADHESIVOS;?;0;0;KG;0;0;783,82;;1;;;;;1;;
2;02-MENOR A PUNTO DE PEDIDO;1017009;ZSSD;BLOCK A5 ESPIRAL CUADRIC 70HS;MR01;0374;ARMARIO;CL;12;HB;24;7;0;0;0;0;C17;INSUMOS A;12616,94;;;LIBRERIA;LIBRERIA;?;0;0;KG;0;0;12616,92;;1;;;;;1;;
2;02-MENOR A PUNTO DE PEDIDO;1017010;ZSSD;BOLIGRAFO TRAZO FINO AZUL;MR01;0374;ARMARIO;CL;72;HB;144;18;0;0;0;0;C17;INSUMOS A;8737,02;;MÚLT. 24U;LIBRERIA;ESCRITURA;?;0;0;KG;0;0;8737,05;;1;;;;;1;;
4;04-MAYOR A STOCK MAXIMO;1017011;ZSSD;CUADERNO ESPIRAL RAY A4 T.SEMIDURA 80 HJ;MR01;0374;ARMARIO;CL;5;HB;10;14;0;0;0;0;C17;INSUMOS A;64017,38;;;LIBRERIA;PAPEL;?;0;0;KG;0;0;64017,43;;;;;1;;1;;
2;02-MENOR A PUNTO DE PEDIDO;1017012;ZSSD;CARPETA CRISTAL BASE OPACA A4 AZUL NEGRA;MR01;0374;ARMARIO;CL;12;HB;24;10;0;0;0;0;C17;INSUMOS A;5487,7;;MÚLT. 12U;LIBRERIA;INSUMOS;?;0;0;KG;0;0;5487,75;;1;;;;;1;;
2;02-MENOR A PUNTO DE PEDIDO;1017013;ZSSD;CORRECTOR LAPIZ 7MM;MR01;0374;ARMARIO;CL;12;HB;24;5;0;0;0;0;C17;INSUMOS A;1812,95;;;LIBRERIA;ACCESORIOS;?;0;0;KG;0;0;1812,95;;1;;;;;1;;
4;04-MAYOR A STOCK MAXIMO;1017018;ZSSD;MINAS 0.5MM 2B X12;MR01;0374;ARMARIO;CL;5;HB;10;24;0;0;0;0;C17;INSUMOS A;9650,64;;;LIBRERIA;INSUMOS;?;0;0;KG;0;0;9650,71;;;;;1;;1;;
3;03-MAYOR A PUNTO DE PEDIDO;1017019;ZSSD;ABROCHADORA PINZA N10;MR01;0374;ARMARIO;CL;2;HB;4;4;0;0;0;0;C17;INSUMOS A;29160,16;;;LIBRERIA;ACCESORIOS;?;0;0;KG;0;0;29160,15;;;;1;;;1;;
2;02-MENOR A PUNTO DE PEDIDO;1017023;ZSSD;CUADERNO ESPIRAL RAY A4 T.DURA 80 HJ;MR01;0374;MA03;CL;5;HB;10;5;0;0;0;0;C17;INSUMOS A;23648,05;;;LIBRERIA;ESCRITURA;?;0;0;KG;0;0;23648,07;;1;;;;;1;;
4;04-MAYOR A STOCK MAXIMO;1017030;ZSSD;CINTA AISLADORA AZUL ( GENERICO );MR01;0374;ARM.SUP;V1;30;HB;45;113;0;0;0;0;C27;FERRETERIA MR01;31242,78;;;FERRETERIA;INSUMOS;?;0;0;KG;0;0;151870,52;;;;;1;;1;;
3;03-MAYOR A PUNTO DE PEDIDO;1017031;ZSSD;GUANTES ALTO IMPACTO X PAR;MR01;0374;DA01CAJON;V1;700;HB;1000;702;0;0;0;0;C28;SEGURIDAD/ROPA/EPP;4442206,86;;MÚLT. 12U;INDUMENTARIA;EPP;?;0;0;KG;0;0;4442209,26;;;;1;;;1;;
3;03-MAYOR A PUNTO DE PEDIDO;1017035;ZSSD;GOMA DE BORRAR LAPIZ;MR01;0374;ARMARIO;CL;2;HB;4;4;0;0;0;0;C17;INSUMOS A;616,16;;;LIBRERIA;LIBRERIA;?;0;0;KG;0;0;616,15;;;;1;;;1;;
3;03-MAYOR A PUNTO DE PEDIDO;1017037;ZSSD;MARCADOR P PIZARRA VERDE;MR01;0374;ARMARIO;CL;5;HB;10;10;0;0;0;0;C17;INSUMOS A;7421,6;;MÚLT. 10U;LIBRERIA;ESCRITURA;?;0;0;KG;0;0;7421,62;;;;1;;;1;;
2;02-MENOR A PUNTO DE PEDIDO;1017043;ZSSD;CABO MADERA PARA BARREDOR;MR01;0374;;CL;10;HB;15;9;0;0;0;0;C17;INSUMOS A;20558,43;;;LIMPIEZA;LIMPIEZA /SEGURIDAD;?;0;0;KG;0;0;20558,43;;1;;;;;1;;
2;02-MENOR A PUNTO DE PEDIDO;1017045;ZSSD;SECADOR DE PISO 30CM;MR01;0374;MJ03;CL;4;HB;8;4;0;0;0;0;C17;INSUMOS A;11672,96;;;LIMPIEZA;INSUMOS;?;0;0;KG;0;0;11672,95;;1;;;;;1;;
3;03-MAYOR A PUNTO DE PEDIDO;1017046;ZSSD;CEPILLO VIOLIN P LAVAR COCHES;MR01;0374;MJ03;CL;10;HB;20;13;0;0;0;0;C17;INSUMOS A;48349,21;;;LIMPIEZA;?;?;0;0;KG;0;0;48349,16;;;;1;;;1;;
3;03-MAYOR A PUNTO DE PEDIDO;1017047;ZSSD;TRAPO REJILLA;MR01;0374;MJ03;CL;60;HB;80;64;0;0;0;0;C17;INSUMOS A;67487,36;;;LIMPIEZA;LIMPIEZA /SEGURIDAD;?;0;0;KG;0;0;67487,6;;;;1;;;1;;
3;03-MAYOR A PUNTO DE PEDIDO;1017048;ZSSD;FRANELA;MR01;0374;MJ03;CL;60;HB;80;77;0;0;0;0;C17;INSUMOS A;103677,42;;;LIMPIEZA;LIMPIEZA /SEGURIDAD;?;0;0;KG;0;0;103677,21;;;;1;;;1;;
3;03-MAYOR A PUNTO DE PEDIDO;1017050;ZSSD;BOBINA PAPEL 25CM 400MT;MR01;0374;FC02PALLET;CL;15;HB;40;25;0;0;0;0;C17;INSUMOS A;349737,25;;;LIMPIEZA;LIMPIEZA /SEGURIDAD;?;0;0;KG;0;0;349737,18;;;;1;;;1;;
3;03-MAYOR A PUNTO DE PEDIDO;1017066;ZSSD;BALIZA TIPO DESTELLANTE 1000HS;MR01;0374;AD01;V1;5;HB;10;10;0;0;0;0;C28;SEGURIDAD/ROPA/EPP;203616,5;;;SEGURIDAD;?;?;0;0;KG;0;0;203616,49;;;;1;;;1;;
3;03-MAYOR A PUNTO DE PEDIDO;1017067;ZSSD;BATERIA P BALIZA 1000HS;MR01;0374;AD01;V1;5;HB;10;10;0;0;0;0;C28;SEGURIDAD/ROPA/EPP;70274,3;;;SEGURIDAD;?;?;0;0;KG;0;0;70274,33;;;;1;;;1;;
3;03-MAYOR A PUNTO DE PEDIDO;1017068;ZSSD;CINTA REFLECTIVA BLANCA XMT;MR01;0374;MJ05;V1;50;HB;70;70;0;0;0;0;C28;SEGURIDAD/ROPA/EPP;178736,6;;MÚLT. 45,7 MTS;SEGURIDAD;SEÑALIZACION;?;0;0;KG;0;0;178736,65;;;;1;;;1;;
2;02-MENOR A PUNTO DE PEDIDO;1017083;ZSSD;PILA ALCALINA AA;MR01;0374;ARMARIO;CL;15;HB;30;5;0;0;0;0;C27;FERRETERIA MR01;9476,65;;;FERRETERIA;INSUMOS;?;0;0;KG;0;0;9476,63;;1;;;;;1;;
2;02-MENOR A PUNTO DE PEDIDO;1017084;ZSSD;CEPILLO ACERO 4X19 C MANGO MADERA;MR01;0374;MB03;V1;8;HB;15;5;0;0;0;0;C27;FERRETERIA MR01;11923,15;;;LIMPIEZA;INSUMOS;?;0;0;KG;0;0;11923,15;;1;;;;;1;;
3;03-MAYOR A PUNTO DE PEDIDO;1017089;ZSSD;ESPATULA METALICA 2PG;MR01;0374;ARMARIO;V1;5;HB;10;6;0;0;0;0;C27;FERRETERIA MR01;12978,12;;;FERRETERIA;INSUMOS;?;0;0;KG;0;0;12978,11;;;;1;;;1;;
2;02-MENOR A PUNTO DE PEDIDO;1017090;ZSSD;ESPATULA METALICA 3PG;MR01;0374;ARMARIO;V1;5;HB;10;3;0;0;0;0;C27;FERRETERIA MR01;6991,71;;;FERRETERIA;INSUMOS;?;0;0;KG;0;0;6991,69;;1;;;;;1;;
4;04-MAYOR A STOCK MAXIMO;1017091;ZSSD;HOJA DE SIERRA PARA ARCO 32D;MR01;0374;;V1;5;HB;10;20;0;0;0;0;C27;FERRETERIA MR01;41494,6;;;FERRETERIA;HERRAMIENTAS;?;0;0;KG;0;0;41494,6;;;;;1;;1;;
4;04-MAYOR A STOCK MAXIMO;1017092;ZSSD;MAZA DE GOMA 1KG;MR01;0374;EA03CAJON;V1;2;HB;4;8;0;0;0;0;C27;FERRETERIA MR01;59885,36;;;FERRETERIA;HERRAMIENTAS;?;0;0;KG;0;0;59885,33;;;;;1;;1;;
3;03-MAYOR A PUNTO DE PEDIDO;1017096;ZSSD;SERRUCHO COSTILLA 9DPP - 20PG;MR01;0374;FB03PALLET;V1;4;HB;10;7;0;0;0;0;C27;FERRETERIA MR01;76707,96;;;FERRETERIA;INSUMOS;?;0;0;KG;0;0;76707,99;;;;1;;;1;;
3;03-MAYOR A PUNTO DE PEDIDO;1017112;ZSSD;PALA PLASTICA ANTICHISPA;MR01;0374;EA01CAJON;V1;5;HB;15;10;0;0;0;0;C28;SEGURIDAD/ROPA/EPP;355158,5;;;FERRETERIA;INSUMOS;?;0;0;KG;0;0;355158,48;;;;1;;;1;;
3;03-MAYOR A PUNTO DE PEDIDO;1017147;ZSSD;BARRETA SACACLAVOS 19X1000;MR01;0374;;V1;2;HB;4;3;0;0;0;0;C27;FERRETERIA MR01;98287,23;;;FERRETERIA;INSUMOS;?;0;0;KG;0;0;98287,24;;;;1;;;1;;
3;03-MAYOR A PUNTO DE PEDIDO;1017148;ZSSD;BARRETA SACACLAVOS 19X400;MR01;0374;FB02PALLET;V1;2;HB;4;4;0;0;0;0;C27;FERRETERIA MR01;32285,8;;;FERRETERIA;INSUMOS;?;0;0;KG;0;0;32285,81;;;;1;;;1;;
3;03-MAYOR A PUNTO DE PEDIDO;1017149;ZSSD;BARRETA SACACLAVOS 19X600;MR01;0374;;V1;2;HB;4;4;0;0;0;0;C27;FERRETERIA MR01;72823,84;;;FERRETERIA;INSUMOS;?;0;0;KG;0;0;72823,83;;;;1;;;1;;
3;03-MAYOR A PUNTO DE PEDIDO;1017202;ZSSD;PINZA PICO DE LORO 10PG;MR01;0374;DA02PALLET;V1;1;HB;2;2;0;0;0;0;C27;FERRETERIA MR01;27452,62;;;FERRETERIA;HERRAMIENTAS;?;0;0;KG;0;0;27452,62;;;;1;;;1;;
3;03-MAYOR A PUNTO DE PEDIDO;1017203;ZSSD;PINZA PICO DE LORO 8PG;MR01;0374;DA02PALLET;V1;1;HB;2;2;0;0;0;0;C27;FERRETERIA MR01;24455,26;;;FERRETERIA;HERRAMIENTAS;?;0;0;KG;0;0;24455,26;;;;1;;;1;;
3;03-MAYOR A PUNTO DE PEDIDO;1017212;ZSSD;DISCO COPA DESBASTE HORMIGON AMOL 4 1 2P;MR01;0374;;V1;10;HB;20;16;0;0;0;0;C27;FERRETERIA MR01;186195,68;;;DESGASTE;INSUMOS;?;0;0;KG;0;0;186195,63;;;;1;;;1;;
3;03-MAYOR A PUNTO DE PEDIDO;1017213;ZSSD;DISCO COPA DESBASTE HORMIGON AMOLAD 7PG;MR01;0374;;V1;20;HB;50;50;0;0;0;0;C27;FERRETERIA MR01;2453429,5;;;DESGASTE;INSUMOS;?;0;0;KG;0;0;2453429,42;;;;1;;;1;;
3;03-MAYOR A PUNTO DE PEDIDO;1017218;ZSSD;LAMPAZO;MR01;0374;;V1;3;HB;8;8;0;0;0;0;C17;INSUMOS A;35217,44;;;LIMPIEZA;LIMPIEZA /SEGURIDAD;?;0;0;KG;0;0;35217,44;;;;1;;;1;;
4;04-MAYOR A STOCK MAXIMO;1017222;ZSSD;LAPIZ A MINA 05 MM B;MR01;0374;ARMARIO;CL;3;HB;6;23;0;0;0;0;C17;INSUMOS A;34785,43;;;LIBRERIA;INSUMOS;?;0;0;KG;0;0;34785,4;;;;;1;;1;;
3;03-MAYOR A PUNTO DE PEDIDO;1017223;ZSSD;LAPIZ A MINA 07 MM 2B;MR01;0374;ARMARIO;CL;3;HB;6;6;0;0;0;0;C17;INSUMOS A;5606,1;;;LIBRERIA;INSUMOS;?;0;0;KG;0;0;5606,11;;;;1;;;1;;
3;03-MAYOR A PUNTO DE PEDIDO;1017224;ZSSD;LAPIZ CARPINTERO;MR01;0374;ARMARIO;V1;50;HB;100;52;0;0;0;0;C27;FERRETERIA MR01;16094,52;;;FERRETERIA;FERRETERIA;?;0;0;KG;0;0;16094,71;;;;1;;;1;;
2;02-MENOR A PUNTO DE PEDIDO;1017233;ZSSD;PAPEL HIGIENICO X72UN XUN;MR01;0374;;V1;2;HB;5;2;0;0;0;0;C17;INSUMOS A;57237,5;;;LIMPIEZA;LIMPIEZA /SEGURIDAD;?;0;0;KG;0;0;57237,5;;1;;;;;1;;
2;02-MENOR A PUNTO DE PEDIDO;1017236;ZSSD;"LUSTRAMUEBLES ""BLEM"" - ORIGINAL XUN";MR01;0374;MJ03;CL;48;HB;96;34;0;0;0;0;C17;INSUMOS A;175218,66;;;LIMPIEZA;LIMPIEZA /SEGURIDAD;?;0;0;KG;0;0;175218,82;;1;;;;;1;;
2;02-MENOR A PUNTO DE PEDIDO;1017792;ZSTO;CORREA DE ALTERNADOR;MR01;0374;TABLERO 2;V1;1;HB;2;1;0;0;0;0;C29;FILTROS/RESPUESTOS;68094,34;JOHN DEERE // JOHN DEERE;T321428 // T496608;CORREAS;CORREAS;8-VARIOS;321;0;KG;1785;15;68094,34;;1;;;;;1;;
4;04-MAYOR A STOCK MAXIMO;1017948;ZSTO;Conjunto Respiradero;MR01;0374;BA01 BIS;V1;1;HB;2;3;0;0;0;0;F04;FILTRO AIRE;101870,88;CATERPILLA;1833873;REPUESTOS;140K;8-VARIOS;0,25;0;KG;48,08;15;101870,88;;;;;1;;1;;
3;03-MAYOR A PUNTO DE PEDIDO;1017949;ZSTO;Correa de Alternador;MR01;0374;TABLERO 2;V1;1;HB;2;2;0;0;0;0;C29;FILTROS/RESPUESTOS;320131,84;KOMATSU HO // // KOMATSU HO;6732813531 // 6732-81-3531 // 8PK1700(ALTERNATIVO);CORREAS;CORREAS;8-VARIOS;270;0;KG;1008;15;320131,84;;;;1;;;1;;
3;03-MAYOR A PUNTO DE PEDIDO;1017962;ZSTO;Respiradero Tanque Combustible;MR01;0374;BB02;V1;3;HB;5;4;0;0;0;0;F06;FILTRO COMBUSTIBLE;136334,72;JOHN DEERE;H216169;FILTROS;JD670D;8-VARIOS;13;0;KG;36,796;15;136334,72;;;;1;;;1;;
3;03-MAYOR A PUNTO DE PEDIDO;1017974;ZSTO;LIMPIACONTACTOS AEROSOL X240ML;MR01;0374;BB01;V1;6;HB;12;12;0;0;0;0;C27;FERRETERIA MR01;259003,68;;440CC 350G DELTA;INSUMOS;INFORMATICA;8-VARIOS;227;0;KG;157;15;259003,72;;;;1;;;1;;
4;04-MAYOR A STOCK MAXIMO;1017975;ZSTO;LAMPARA HB4 12V 55W;MR01;0374;BA02;V1;20;HB;40;48;0;0;0;0;C29;FILTROS/RESPUESTOS;437399,52;;9006;REPUESTOS;TOYOTA HILUX CD SR 2.8 TDI 6 MT 4X4 // HILUX;9-FRAGIL;0,27;0;KG;94,2;15;437399,46;;;;;1;;1;;
3;03-MAYOR A PUNTO DE PEDIDO;1018128;ZSTO;Filtro Cabina Exterior;MR01;0374;BB03;V1;2;HB;5;4;0;0;0;0;F05;FILTRO AIRE CABINA;59920,84;VOLVO MAQU;84425617;FILTROS;VOLVO 460 FMX;8-VARIOS;270;0;KG;2898;25;59920,82;;;;1;;;1;;
3;03-MAYOR A PUNTO DE PEDIDO;1018257;ZSTO;FILTRO TRANSMISION;MR01;0374;BA03;V1;1;HB;2;2;0;0;0;0;F03;FILTRO ACEITE;22141;TEREX // // TEREX;H2650573 // P550445 // RPTXH2650573;FILTROS;PC350LC8;8-VARIOS;0,823;0;KG;1800;15;22141;;;;1;;;1;;
3;03-MAYOR A PUNTO DE PEDIDO;1018427;ZSTO;Correa A/A;MR01;0374;TABLERO 2;V1;1;HB;2;2;0;0;0;0;C29;FILTROS/RESPUESTOS;76750,5;CATERPILLA;1749030;CORREAS;CAT D6T;8-VARIOS;0;0;KG;50;15;76750,5;;;;1;;;1;;
3;03-MAYOR A PUNTO DE PEDIDO;1018507;ZSTO;Filtro Cabina - Habitaculo;MR01;0374;BA03;V1;3;HB;6;4;0;0;0;0;F05;FILTRO AIRE CABINA;130410,88;COMPACTADO //;05579415 // SC50347;FILTROS;BOMAG BW213;8-VARIOS;0,081;0;KG;1936;20;130410,88;;;;1;;;1;;
3;03-MAYOR A PUNTO DE PEDIDO;1018580;ZSSD;BULONES;MR01;0374;BB01BIS;V1;12;HB;23;23;0;0;0;0;C29;FILTROS/RESPUESTOS;96013,5;IGARRETA M;02090-11270;DESGASTE;?;?;0;0;KG;0;0;96013,5;;;;1;;;1;;
3;03-MAYOR A PUNTO DE PEDIDO;1018609;ZSTO;CORREA MOTOR;MR01;0374;TABLERO 2;V1;1;HB;3;2;0;0;0;0;C29;FILTROS/RESPUESTOS;54153,3;JOHN DEERE;T452270;CORREAS;644K;9-FRAGIL;0,24;0;KG;1402,5;15;54153,29;;;;1;;;1;;
3;03-MAYOR A PUNTO DE PEDIDO;1021945;ZSTO;ACEITE Hydrau x 209 lts  ;MR01;0374;JAULA;V1;1;HB;3;3;0;0;0;0;L01;ACEITES;4167510,12;JOHN DEERE;TY27368;LUBRICANTES;JOHN DEERE;2-TACHO;193;0;KG;232385,12;15;4167510,12;;;;1;;;1;;
3;03-MAYOR A PUNTO DE PEDIDO;1021948;ZSTO;TONER CF283A;MR01;0374;;V1;3;HB;6;6;0;0;0;0;C05;INFORMÁT.-HARDWARE;31965,42;;;INSUMOS;INSUMOS;?;0,626;0;KG;2295;15;31965,4;;;;1;;;1;;
3;03-MAYOR A PUNTO DE PEDIDO;1022037;ZSTO;CORREA MOTOR;MR01;0374;TABLERO 2;V1;1;HB;3;2;0;0;0;0;C29;FILTROS/RESPUESTOS;187708,6;;5741438;REPUESTOS;BOMAG BW100 AD-5;8-VARIOS;0;0;KG;0;15;187708,6;;;;1;;;1;;
4;04-MAYOR A STOCK MAXIMO;1022039;ZSTO;FILTRO CABINA RECIRCULACION;MR01;0374;BA01SUB;V1;2;HB;3;4;0;0;0;0;F05;FILTRO AIRE CABINA;241188,64;COMPACTADO // COMPACTADO;05990092;FILTROS;BOMAG 213;8-VARIOS;0;0;KG;216;15;241188,64;;;;;1;;1;;
3;03-MAYOR A PUNTO DE PEDIDO;1022044;ZSTO;BULON DE CANTONERA;MR01;0374;BB01BIS;V1;3;HB;7;7;0;0;0;0;G05;AJUSTE;47692,54;KOMATSU HO;02090-11495;DESGASTE;KOM. D65EX15;8-VARIOS;0;0;KG;0;15;47692,52;;;;1;;;1;;
3;03-MAYOR A PUNTO DE PEDIDO;1022046;ZSTO;TUERCA DE CANTONERA;MR01;0374;BB01BIS;V1;6;HB;11;11;0;0;0;0;G05;AJUSTE;34058,31;KOMATSU HO;02290-11422;DESGASTE;KOMATSU D65 EX15;8-VARIOS;0;0;KG;50,625;15;34058,36;;;;1;;;1;;
2;02-MENOR A PUNTO DE PEDIDO;1022049;ZSTO;CUCHILLA CENTRAL DERECHA;MR01;0374;GB01PALLET;V1;1;HB;3;1;0;0;0;0;G01;CUCHILLAS;190280,85;KOMATSU HO;130-70-41130;DESGASTE;KOMATSU D65 EX15;3-DESGASTE;0;0;KG;0;15;190280,85;;1;;;;;1;;
2;02-MENOR A PUNTO DE PEDIDO;1022050;ZSTO;CUCHILLA CENTRAL IZQUIERDA;MR01;0374;GB01PALLET;V1;1;HB;3;1;0;0;0;0;G01;CUCHILLAS;228198,21;KOMATSU HO;130-920-2180;DESGASTE;KOMATSU D65 EX15;3-DESGASTE;0;0;KG;0;15;228198,21;;1;;;;;1;;
3;03-MAYOR A PUNTO DE PEDIDO;1022053;ZSTO;CORREA ALTERNADOR;MR01;0374;TABLERO 2;V1;1;HB;2;2;0;0;0;0;C29;FILTROS/RESPUESTOS;226868,46;KOMATSU HO;20Y-01-B4010;REPUESTOS;KOMATSU PC-220;8-VARIOS;0;0;KG;1089;25;226868,46;;;;1;;;1;;
3;03-MAYOR A PUNTO DE PEDIDO;1022055;ZSTO;PORTA UÑA CENTRAL;MR01;0374;FA01CAJON4;V1;2;HB;4;4;0;0;0;0;G04;UÑAS;569229,88;KOMATSU HO;20Y-70-B1950;DESGASTE;KOMATSU PC-220;3-DESGASTE;0;0;KG;0;25;569229,88;;;;1;;;1;;
2;02-MENOR A PUNTO DE PEDIDO;1022061;ZSTO;CORREA ALTERNADOR DE 90AMP;MR01;0374;TABLERO 2;V1;1;HB;2;1;0;0;0;0;C29;FILTROS/RESPUESTOS;85937,65;KOMATSU HO;6741-61-1621;REPUESTOS;KOMATSU D65EX15;8-VARIOS;0;0;KG;0;15;85937,65;;1;;;;;1;;
3;03-MAYOR A PUNTO DE PEDIDO;1022062;ZSTO;CORREA ALTERNADOR;MR01;0374;TABLERO 2;V1;1;HB;2;2;0;0;0;0;C29;FILTROS/RESPUESTOS;301686,28;KOMATSU HO;6743-61-1411;REPUESTOS;KOMATSU PC 200-8;8-VARIOS;0;0;KG;1089;25;301686,28;;;;1;;;1;;
3;03-MAYOR A PUNTO DE PEDIDO;1022105;ZSTO;Tornillo de Cuchilla;MR01;0374;;V1;4;HB;8;8;0;0;0;0;G05;AJUSTE;0;JOHN DEERE;10H1047;DESGASTE;MINICARGADORA JD 324G;3-DESGASTE;0,128;0;KG;42,39;25;53325,05;;;;1;;;1;;
3;03-MAYOR A PUNTO DE PEDIDO;1022106;ZSTO;Reten de Protector Laterales;MR01;0374;;V1;4;HB;8;8;0;0;0;0;C29;FILTROS/RESPUESTOS;0;JOHN DEERE;14H794;REPUESTOS;MINICARGADORA JD 324G;8-VARIOS;0,909;0;KG;864;15;37394,2;;;;1;;;1;;
3;03-MAYOR A PUNTO DE PEDIDO;1022107;ZSTO;Filtro Admision Primario;MR01;0374;BA03;V1;1;HB;2;2;0;0;0;0;F04;FILTRO AIRE;170957,18;JOHN DEERE;AT338105;FILTROS;MINICARGADORA JD 324G;8-VARIOS;0,721;0;KG;7612,5;20;170957,18;;;;1;;;1;;
3;03-MAYOR A PUNTO DE PEDIDO;1022108;ZSTO;Filtro Admision Secundario;MR01;0374;BA03;V1;1;HB;2;2;0;0;0;0;F04;FILTRO AIRE;89765,6;JOHN DEERE;AT336803;FILTROS;MINICARGADORA JD 324G;8-VARIOS;0,227;0;KG;4174,5;20;89765,6;;;;1;;;1;;
3;03-MAYOR A PUNTO DE PEDIDO;1022109;ZSTO;Filtro Aceite Hidraulico;MR01;0374;BA03;V1;1;HB;2;2;0;0;0;0;F07;FILTRO FLUIDO HIDR;183869,98;JOHN DEERE;AT435649;FILTROS;MINICARGADORA JD 324G;8-VARIOS;0,337;0;KG;1589,5;15;183869,97;;;;1;;;1;;
3;03-MAYOR A PUNTO DE PEDIDO;1022110;ZSTO;Filtro Cabina aire fresco;MR01;0374;BA03;V1;1;HB;2;2;0;0;0;0;F05;FILTRO AIRE CABINA;42339,56;JOHN DEERE;AT441536;FILTROS;MINICARGADORA JD 324G;8-VARIOS;0,13;0;KG;1436,5;25;42339,56;;;;1;;;1;;
3;03-MAYOR A PUNTO DE PEDIDO;1022112;ZSTO;Filtro Recirculacion de Cabina;MR01;0374;BA03;V1;1;HB;2;2;0;0;0;0;F05;FILTRO AIRE CABINA;43595,76;JOHN DEERE;AT359416;FILTROS;MINICARGADORA JD 324G;8-VARIOS;0,12;0;KG;729;15;43595,76;;;;1;;;1;;
2;02-MENOR A PUNTO DE PEDIDO;1022223;ZSTO;"ESCOBILLA HILUX 16"" L/2016+";MR01;0374;TABLERO 3;V1;2;HB;4;2;0;0;0;0;C03;EQUIPOS;31958,6;TOYOTA ARG;85212-42130;REPUESTOS;AUTOMOTOR;?;0;0;KG;0;15;31958,6;;1;;;;;1;;
2;02-MENOR A PUNTO DE PEDIDO;1022224;ZSTO;"ESCOBILLA HILUX 22"" L/2016+";MR01;0374;TABLERO 3;V1;2;HB;4;2;0;0;0;0;C03;EQUIPOS;45811,2;TOYOTA ARG;85222-71010;REPUESTOS;AUTOMOTOR;?;0;0;KG;0;15;45811,19;;1;;;;;1;;
4;04-MAYOR A STOCK MAXIMO;1022227;ZSTO;AMORTIGUADOR DELANTERO;MR01;0374;BB01SUB;V1;1;HB;2;4;0;0;0;0;C03;EQUIPOS;250074,54;;48510-8Z206;REPUESTOS;HILUX;?;0;0;KG;0;0;468256,36;;;;;1;;1;;
3;03-MAYOR A PUNTO DE PEDIDO;1022269;ZSTO;Filtro Aceite Motor;MR01;0374;BA03;V1;1;HB;2;2;0;0;0;0;F03;FILTRO ACEITE;39333,96;JOHN DEERE;MIU800650;FILTROS;MINICARGADORA JD 324G;8-VARIOS;0,418;0;KG;940,5;15;39333,96;;;;1;;;1;;
4;04-MAYOR A STOCK MAXIMO;1022393;ZSTO;PULMON DE FRENO 2DO EJE TRASERO;MR01;0374;BA05;RE;2;HB;4;7;0;0;0;0;C03;EQUIPOS;5276759,11;;21149785;REPUESTOS;EQUIPOS;?;0;0;KG;0;0;5276759,11;;;;;1;;1;;
3;03-MAYOR A PUNTO DE PEDIDO;1022444;ZSTO;CORREA POLI V;MR01;0374;TABLERO 2;V1;2;HB;3;3;0;0;0;0;C03;EQUIPOS;267395,4;;20430614;CORREAS;?;?;0;0;KG;0;0;267395,4;;;;1;;;1;;
3;03-MAYOR A PUNTO DE PEDIDO;1022791;ZSTO;CORREA;MR01;0374;TABLERO 2;V1;2;HB;4;4;0;0;0;0;C03;EQUIPOS;446270,88;;0511-0260;CORREAS;G. ELECT. ONAN C 110 D 5 - 4;?;0;0;KG;0;0;446270,88;;;;1;;;1;;
3;03-MAYOR A PUNTO DE PEDIDO;1022798;ZSTO;CORREA;MR01;0374;TABLERO 2;V1;2;HB;3;3;0;0;0;0;C03;EQUIPOS;246128,34;;T328202;CORREAS;?;?;0;0;KG;0;0;246128,35;;;;1;;;1;;
3;03-MAYOR A PUNTO DE PEDIDO;1022802;ZSTO;CORREA A/A;MR01;0374;TABLERO 2;V1;1;HB;3;3;0;0;0;0;C03;EQUIPOS;104589,15;;04120-217650;CORREAS;?;?;0;0;KG;0;0;104589,14;;;;1;;;1;;
3;03-MAYOR A PUNTO DE PEDIDO;1022803;ZSTO;CORREA VENTILADOR - JD 310;MR01;0374;TABLERO 2;V1;1;HB;3;3;0;0;0;0;C03;EQUIPOS;289005,18;;T428848 / T227609;CORREAS;JD 310 L;8-VARIOS;0,307;0;KG;3000;15;289005,19;;;;1;;;1;;
2;02-MENOR A PUNTO DE PEDIDO;1022812;ZSTO;CORREA COMPRESOR A/A;MR01;0374;;V1;1;HB;2;1;0;0;0;0;C03;EQUIPOS;77144,9;;04120-21766;EQUIPOS;?;?;0;0;KG;0;0;77144,9;;1;;;;;1;;
3;03-MAYOR A PUNTO DE PEDIDO;1022823;ZSTO;CORREA POLY-V;MR01;0374;TABLERO 2;V1;1;HB;2;2;0;0;0;0;C03;EQUIPOS;191400;;2V2903137A;CORREAS;?;?;0;0;KG;0;0;191400;;;;1;;;1;;
3;03-MAYOR A PUNTO DE PEDIDO;1022824;ZSTO;CORREA TRAPEZOIDAL;MR01;0374;TABLERO 2;V1;2;HB;3;3;0;0;0;0;C03;EQUIPOS;657937,35;;8820183;CORREAS;?;?;0;0;KG;0;0;657937,35;;;;1;;;1;;
3;03-MAYOR A PUNTO DE PEDIDO;1022825;ZSTO;CORREAAPEZOIDAL;MR01;0374;TABERO 2;V1;1;HB;2;2;0;0;0;0;C03;EQUIPOS;158142,6;JOHN DEERE;R123307 // DZ119059;CORREAS;?;?;0;0;KG;0;0;158142,6;;;;1;;;1;;
3;03-MAYOR A PUNTO DE PEDIDO;1022964;ZSTO;ESCOBILLA DELANTERA;MR01;0374;TABLERO 3;V1;1;HB;3;3;0;0;0;0;C03;EQUIPOS;213069,78;;AT470620;DESGASTE;?;?;0;0;KG;0;0;213069,77;;;;1;;;1;;
3;03-MAYOR A PUNTO DE PEDIDO;1022969;ZSTO;ESCOBILLA TRASERA;MR01;0374;TABLERO 3;V1;1;HB;3;3;0;0;0;0;C03;EQUIPOS;90269,82;;AT478409;DESGASTE;?;?;0;0;KG;0;0;90269,82;;;;1;;;1;;
3;03-MAYOR A PUNTO DE PEDIDO;1023623;ZSTO;ACEITE MOBIL SHC 629 BEARING-GEAR X20L;MR01;0374;JAULA;V1;2;HB;4;4;0;0;0;0;C03;EQUIPOS;3664830,92;PARANA MAQ;MOBIL SHC 629 SYNTHETIC X20L;LUBRICANTES;ACEITES;?;0;0;KG;0;0;3664830,92;;;;1;;;1;;
3;03-MAYOR A PUNTO DE PEDIDO;1023722;ZSTO;OMALA S2 G150 x 20LTS.;MR01;0374;JAULA;V1;2;HB;3;3;0;0;0;0;L01;ACEITES;248420,67;;G150;LUBRICANTES;TEREX;6-PESADO Y FRAGIL;0;0;KG;0;0;248420,66;;;;1;;;1;;
3;03-MAYOR A PUNTO DE PEDIDO;1023822;ZSTO;PATIN CORTO;MR01;0374;BA01 BIS;V1;1;HB;2;2;0;0;0;0;C03;EQUIPOS;128530,78;SERVICIOS;5T-8366;DESGASTE;CAT 140H;?;0;0;KG;0;0;128530,78;;;;1;;;1;;
3;03-MAYOR A PUNTO DE PEDIDO;1023830;ZSTO;UTILIZAR 1002270;MR01;0374;BA01 BIS;V1;1;HB;2;2;0;0;0;0;C03;EQUIPOS;243523,96;;178-1685;DESGASTE;CAT 140H;?;0;0;KG;0;0;243523,96;;;;1;;;1;;
3;03-MAYOR A PUNTO DE PEDIDO;1024018;ZSTO;PORTA ESCARIFICADOR;MR01;0374;FB01CAJON7;RE;0;HB;3;3;0;0;0;0;C03;EQUIPOS;2851881,21;;T9J6586;REPUESTOS;EQUIPOS;?;0;0;KG;0;0;2851881,2;;;;1;;;1;;
3;03-MAYOR A PUNTO DE PEDIDO;1024825;ZSTO;TENSOR DE CORREA MOVIL;MR01;0374;BB02;V1;1;HB;3;2;0;0;0;0;C03;EQUIPOS;304546,98;;RE518097 ORDER RE548027;REPUESTOS;?;?;0;0;KG;0;0;304546,97;;;;1;;;1;;
2;02-MENOR A PUNTO DE PEDIDO;1025339;ZSTO;CORREA VENTILADOR MOTOR;MR01;0374;TABLERO 2;V1;1;HB;2;1;0;0;0;0;C03;EQUIPOS;318842,76;;5715360;CORREAS;?;?;0;0;KG;0;0;318842,76;;1;;;;;1;;
3;03-MAYOR A PUNTO DE PEDIDO;1025582;ZSTO;CORREA TRAPEZOIDAL;MR01;0374;TABLERO 2;V1;1;HB;2;2;0;0;0;0;C03;EQUIPOS;96970,82;;6312244;CORREAS;?;?;0;0;KG;0;0;96970,81;;;;1;;;1;;
2;02-MENOR A PUNTO DE PEDIDO;1025947;ZSSD;ESCOBA DE PLASTICO;MR01;0374;MJ03;CL;10;HB;15;9;0;0;0;0;C17;INSUMOS A;21095,73;;;LIMPIEZA;LIMPIEZA /SEGURIDAD;?;0;0;KG;0;15;21095,75;;1;;;;;1;;
2;02-MENOR A PUNTO DE PEDIDO;1025951;ZSSD;MECHA ACERO RAPIDO D8 MM;MR01;0374;MJ04;V1;4;HB;8;1;0;0;0;0;C27;FERRETERIA MR01;4837,51;;;FERRETERIA;HERRAMIENTAS;?;0;0;KG;0;0;4837,51;;1;;;;;1;;
3;03-MAYOR A PUNTO DE PEDIDO;1026066;ZSTO;BULON DE RUEDA DELANTERO;MR01;0374;BA01 BIS;V1;51;HB;102;102;0;0;0;0;C29;FILTROS/RESPUESTOS;2704922,7;;24075971 / 20515515;DESGASTE;JD850J;?;0;0;KG;0;15;2704923,03;;;;1;;;1;;
3;03-MAYOR A PUNTO DE PEDIDO;1026078;ZSTO;LAMPARA 12V-H11 55W X UN;MR01;0374;BA02;V1;20;HB;40;40;0;0;0;0;C03;EQUIPOS;888852;;12V-H11 55W-PHILIPS-OSRAM;REPUESTOS;LAMPARAS;9-FRAGIL;0,015;0;KG;63,525;15;888851,98;;;;1;;;1;;
3;03-MAYOR A PUNTO DE PEDIDO;1026082;ZSSD;MAZA VOLEO 5KG BRONCE/CABO PLASTICO;MR01;0374;FB05CAJON;V1;5;HB;10;10;0;0;0;0;C27;FERRETERIA MR01;5240108,2;;;FERRETERIA;HERRAMIENTAS;?;0;0;KG;0;0;5240108,2;;;;1;;;1;;
3;03-MAYOR A PUNTO DE PEDIDO;1026174;ZSTO;"JUEGO ESCOBILLAS VW AMAROK 24""";MR01;0374;TABLERO 3;V1;1;HB;3;3;0;0;0;0;C03;EQUIPOS;95857,05;;;DESGASTE;?;?;0;0;KG;0;0;95857,05;;;;1;;;1;;
3;03-MAYOR A PUNTO DE PEDIDO;1026211;ZSTO;ESCOBILLA;MR01;0374;TABLERO3;V1;3;HB;7;7;0;0;0;0;C03;EQUIPOS;353551,03;;82485683;REPUESTOS;VOLVO 460 FMX;8-VARIOS;0;0;KG;0;0;353551,04;;;;1;;;1;;
3;03-MAYOR A PUNTO DE PEDIDO;1026248;ZSCD;"DISCO FLAP TYROLIT (847929SL)7""x7/8 G80";MR01;0374;FB03PALLET;V1;20;HB;40;30;0;0;0;0;C27;FERRETERIA MR01;250197,3;;;FERRETERIA;ABRASIVOS/DISCOS;?;0;0;KG;0;15;250197,44;;;;1;;;1;;
2;02-MENOR A PUNTO DE PEDIDO;1026272;ZSCD;DELANTAL KEVLAR C TRIPLE PROT ABDOMINAL;MR01;0374;MB05;V1;10;HB;20;10;0;0;0;0;C28;SEGURIDAD/ROPA/EPP;875348,6;;;INDUMENTARIA;INSUMOS;?;0;0;KG;0;0;875348,62;;1;;;;;1;;
3;03-MAYOR A PUNTO DE PEDIDO;1026279;ZSTO;ESCOBILLA VM 330;MR01;0374;TABLERO 3;V1;2;HB;4;4;0;0;0;0;C29;FILTROS/RESPUESTOS;193507,4;;20537656;DESGASTE;?;?;0;0;KG;0;0;193507,38;;;;1;;;1;;
4;04-MAYOR A STOCK MAXIMO;1026342;ZSTO;FILTRO BOMBA DE COMBUSTIBLE;MR01;0374;BB02;V1;3;HB;6;10;0;0;0;0;F06;FILTRO COMBUSTIBLE;1454714,3;TOYOTA ARG;23390-0E011;FILTROS;?;?;0;0;KG;2541;20;1454714,32;;;;;1;;1;;
4;04-MAYOR A STOCK MAXIMO;1026602;ZSTO;RASPADOR BOMAG;MR01;0374;BA01BIS;RE;1;HB;1;4;0;0;0;0;C29;FILTROS/RESPUESTOS;932823,36;;58030113;DESGASTE;?;?;0;0;KG;0;0;932823,36;;;;;1;;1;;
2;02-MENOR A PUNTO DE PEDIDO;1026933;ZSCD;PLOMADA 250GR;MR01;0374;;V1;2;HB;4;2;0;0;0;0;C27;FERRETERIA MR01;7017,62;;;FERRETERIA;FERRETERIA;?;0;0;KG;0;15;7017,63;;1;;;;;1;;
4;04-MAYOR A STOCK MAXIMO;1026934;ZSCD;PLOMADA 500GR;MR01;0374;;V1;2;HB;4;5;0;0;0;0;C27;FERRETERIA MR01;25405,7;;;FERRETERIA;FERRETERIA;?;0;0;KG;0;15;25405,68;;;;;1;;1;;
4;04-MAYOR A STOCK MAXIMO;1026940;ZSCD;ELECTRODO 6010 Ø2,5MM;MR01;0374;BB01SUB;V1;5;HB;25;30;0;0;0;0;C27;FERRETERIA MR01;389359,5;;;FERRETERIA;INSUMOS;?;0;0;KG;0;15;389359,5;;;;;1;;1;;
3;03-MAYOR A PUNTO DE PEDIDO;1026941;ZSCD;ELECTRODO 6010 Ø3,2MM;MR01;0374;BB01SUB;V1;5;HB;25;25;0;0;0;0;C27;FERRETERIA MR01;410531;;;SOLDADURA;ELECTRODOS;?;0;0;KG;0;15;410531,08;;;;1;;;1;;
2;02-MENOR A PUNTO DE PEDIDO;1026942;ZSCD;ESCUADRA ALBANIL 45° 20CMx30CM METAL;MR01;0374;FB02PALLET;V1;1;HB;2;1;0;0;0;0;C27;FERRETERIA MR01;11387,42;;;FERRETERIA;HERRAMIENTAS;?;0;0;KG;0;15;11387,42;;1;;;;;1;;
3;03-MAYOR A PUNTO DE PEDIDO;1026943;ZSCD;ESCUADRA ALBANIL 90° 60CMx90CM METAL;MR01;0374;FB02PALLET;V1;1;HB;2;2;0;0;0;0;C27;FERRETERIA MR01;30791,98;;;FERRETERIA;HERRAMIENTAS;?;0;0;KG;0;15;30791,98;;;;1;;;1;;
4;04-MAYOR A STOCK MAXIMO;1026944;ZSCD;FERRITE ROJO XKG;MR01;0374;FB02PALLET;V1;10;HB;20;26;0;0;0;0;C27;FERRETERIA MR01;77052,56;;;FERRETERIA;FERRETERIA;?;0;0;KG;0;15;77052,47;;;;;1;;1;;
3;03-MAYOR A PUNTO DE PEDIDO;1027021;ZSTO;Aceite Caja de Engranaje 85W90 GL-5;MR01;0374;JAULA;V1;1;HB;2;2;0;0;0;0;C29;FILTROS/RESPUESTOS;319425,56;VOLVO MAQU;BALDE DE 20LTS;LUBRICANTES;?;6-PESADO Y FRAGIL;0;0;KG;0;15;319425,56;;;;1;;;1;;
3;03-MAYOR A PUNTO DE PEDIDO;1027113;ZSTO;ESCOBILLA;MR01;0374;TABLERO 3;V1;4;HB;8;8;0;0;0;0;C29;FILTROS/RESPUESTOS;400461,84;VOLVO TRUC;8189631;DESGASTE;?;?;0;0;KG;0;0;400461,86;;;;1;;;1;;
3;03-MAYOR A PUNTO DE PEDIDO;1027149;ZSSD;DISCO FLAP TYROLIT 115x22 GRANO 80;MR01;0374;FC03PALLET;V1;20;HB;40;38;0;0;0;0;C27;FERRETERIA MR01;140725,02;;;FERRETERIA;?;?;0;0;KG;0;15;140725,02;;;;1;;;1;;
3;03-MAYOR A PUNTO DE PEDIDO;1027157;ZSSD;CORREA ALTERNADOR;MR01;0374;TABLERO2;V1;1;HB;2;2;0;0;0;0;C03;EQUIPOS;62299,1;;8PK1230;CORREAS;?;?;0;0;KG;708,75;0;62299,1;;;;1;;;1;;
3;03-MAYOR A PUNTO DE PEDIDO;1027332;ZSTO;CORREA;MR01;0374;TABLERO 2;V1;1;HB;2;2;0;0;0;0;C03;EQUIPOS;89413,16;JOHN DEERE;T230728;CORREAS;?;?;0;0;KG;0;0;89413,14;;;;1;;;1;;
2;02-MENOR A PUNTO DE PEDIDO;1027673;ZSTO;KIT CORREA Y TENSOR VM;MR01;0374;BB02;V1;2;HB;3;2;0;0;0;0;C03;EQUIPOS;847715,24;VOLVO TRUC;20002070 (20430614+21549016+21574656);CORREAS;?;?;0;0;KG;0;0;847715,24;;1;;;;;1;;
2;02-MENOR A PUNTO DE PEDIDO;1027863;ZSTO;CORREA MOTOR;MR01;0374;TABLERO 2;V1;2;HB;4;2;0;0;0;0;C03;EQUIPOS;54277,14;;8PK-2250;CORREAS;?;?;0;0;KG;0;0;54277,14;;1;;;;;1;;
3;03-MAYOR A PUNTO DE PEDIDO;1027864;ZSTO;CORREA TRAPEZOIDAL;MR01;0374;TABLERO 2;V1;2;HB;4;4;0;0;0;0;C03;EQUIPOS;184329,92;;4P-2405;CORREAS;?;?;0;0;KG;0;15;184329,92;;;;1;;;1;;
3;03-MAYOR A PUNTO DE PEDIDO;1027866;ZSTO;PUNTA;MR01;0374;FA01CAJON4;V1;4;HB;7;7;0;0;0;0;C03;EQUIPOS;472815;;106-2047;DESGASTE;?;?;0;0;KG;0;15;472815;;;;1;;;1;;
3;03-MAYOR A PUNTO DE PEDIDO;1029327;ZSTO;CORREA MOTOR;MR01;0374;;V1;1;HB;2;2;0;0;0;0;C03;EQUIPOS;66552,92;;8PK1800;EQUIPOS;AUTOMOTOR;?;0;0;KG;0;0;66552,91;;;;1;;;1;;
3;03-MAYOR A PUNTO DE PEDIDO;1029358;ZSTO;CORREA MOTOR;MR01;0374;TABLERO 2;V1;1;HB;2;2;0;0;0;0;C03;EQUIPOS;147385,66;;07W903137;CORREAS;?;8-VARIOS;0;0;KG;0;0;147385,65;;;;1;;;1;;
3;03-MAYOR A PUNTO DE PEDIDO;1029359;ZSTO;CORREA A/A;MR01;0374;TABLERO 2;V1;1;HB;3;3;0;0;0;0;C03;EQUIPOS;194252,04;;07W145933;CORREAS;?;?;0;0;KG;0;0;194252,05;;;;1;;;1;;
3;03-MAYOR A PUNTO DE PEDIDO;1029477;ZSTO;CORREA 8PK-1420;MR01;0374;TABLERO 2;V1;2;HB;4;4;0;0;0;0;C03;EQUIPOS;76820,04;;8PK-1420;CORREAS;?;?;0;0;KG;0;0;76820,04;;;;1;;;1;;
3;03-MAYOR A PUNTO DE PEDIDO;1029480;ZSTO;CORREA B-45;MR01;0374;TABLERO 2;V1;1;HB;2;2;0;0;0;0;C29;FILTROS/RESPUESTOS;14477,8;;B-45 DUNLOP;CORREAS;CAMIONES REGADORES;8-VARIOS;0,31;0;KG;1080;15;14477,81;;;;1;;;1;;
2;02-MENOR A PUNTO DE PEDIDO;1029481;ZSTO;CORREA POLY V 4PK-1000;MR01;0374;TABLERO2;V1;1;HB;2;1;0;0;0;0;C29;FILTROS/RESPUESTOS;7314,13;SKF;4PK1000 POLY V CONTINENTAL;CORREAS;?;?;0;0;KG;1905,75;0;7314,13;;1;;;;;1;;
3;03-MAYOR A PUNTO DE PEDIDO;1029584;ZSTO;CORREA TRAPEZOIDAL;MR01;0374;TABLERO 2;V1;2;HB;3;3;0;0;0;0;C29;FILTROS/RESPUESTOS;210870,96;;T437052;CORREAS;?;?;0;0;KG;0;0;210870,95;;;;1;;;1;;
3;03-MAYOR A PUNTO DE PEDIDO;1029585;ZSTO;CAMARA 17X5.25;MR01;0374;BA01;V1;3;HB;6;6;0;0;0;0;C52;CAMARAS;466053,72;;;CUBIERTAS;?;?;0;0;KG;0;0;466053,75;;;;1;;;1;;
3;03-MAYOR A PUNTO DE PEDIDO;1029760;ZSTO;GRASA MOBILITH SHC 220 X 16 KG;MR01;0374;JAULA;V1;1;HB;2;2;0;0;0;0;L03;GRASAS;1680174,34;;GRASA MOBILITH SHC 220 X20 KG;FERRETERIA;INSUMO;?;0;0;KG;2156;0;1680174,34;;;;1;;;1;;
3;03-MAYOR A PUNTO DE PEDIDO;1029809;ZSTO;CORREA 8PK-1730;MR01;0374;TABLERO 2;V1;1;HB;3;3;0;0;0;0;C03;EQUIPOS;87002,52;KOMATSU HO;8PK-1730;CORREAS;GRUA TEREX 780;9-FRAGIL;0,155;0;KG;67,2;0;87002,53;;;;1;;;1;;
3;03-MAYOR A PUNTO DE PEDIDO;1029810;ZSTO;FILTRO SECANTE DE FRENOS;MR01;0374;BB01SUB;V1;1;HB;3;3;0;0;0;0;C03;EQUIPOS;361485,48;VOLVO TRUC;20773824;FILTROS;GRUA TEREX 780;8-VARIOS;0;0;KG;0;0;361485,48;;;;1;;;1;;
3;03-MAYOR A PUNTO DE PEDIDO;1029977;ZSTO;GRASA BECHEM HIGH - LUB LM 2EP X20KG;MR01;0374;JAULA;V1;2;HB;4;3;0;0;0;0;L01;ACEITES;1273077;;GRASA BECHEM NLGI 2 X20KG;EQUIPOS;?;?;0;0;KG;2156;0;1273077;;;;1;;;1;;
2;02-MENOR A PUNTO DE PEDIDO;1030003;ZSTO;CORREA A/C;MR01;0374;TABLERO 2;V1;1;HB;3;1;0;0;0;0;C29;FILTROS/RESPUESTOS;64331,65;;04120-21747;CORREAS;EXCAVADORA KOMATSU PC 240;?;0;0;KG;0;0;64331,65;;1;;;;;1;;
3;03-MAYOR A PUNTO DE PEDIDO;1033383;ZSTO;FUNDAS DE ASIENTO TOYOTA HILUX / 2016 +;MR01;0374;DA02PALLET;RE;1;HB;3;3;0;0;0;0;C03;EQUIPOS;437619,9;;CUERO/CUERINA-D/C C/APOY.BASTONES-TEAM;EQUIPOS;hilux 2017 en adelante;8-VARIOS;0;0;KG;0;15;437619,89;;;;1;;;1;;
3;03-MAYOR A PUNTO DE PEDIDO;1033628;ZSTO;FILTRO HIDRAULICO;MR01;0374;BB02;V1;1;HB;2;2;0;0;0;0;F07;FILTRO FLUIDO HIDR;311508,98;;07993110 / SH 52308;FILTROS;COMP BOMAG BW 219 DH-5;8-VARIOS;0,517;0;KG;1950,75;15;311508,98;;;;1;;;1;;
3;03-MAYOR A PUNTO DE PEDIDO;1033944;ZSTO;PORTAUÑAS CENTRAL K30;MR01;0374;FA01CAJON5;V1;2;HB;4;4;0;0;0;0;C03;EQUIPOS;534584,4;;K117530;REPUESTOS;?;?;15,5;0;KG;8775;0;534584,4;;;;1;;;1;;
4;04-MAYOR A STOCK MAXIMO;1034134;ZSCD;"GRILLETE CORAZON 2 TN 1/2"" C CERTIFICADO";MR01;0374;DC03CAJON;V1;4;HB;8;10;0;0;0;0;C27;FERRETERIA MR01;439357,2;;;SEGURIDAD;LOGISTICA;7-PESADO;4,26;0;KG;2380;15;439357,23;;;;;1;;1;;
4;04-MAYOR A STOCK MAXIMO;1034135;ZSCD;"GRILLETE CORAZON 4 TN 3/4"" C CERTIFICADO";MR01;0374;DC03CAJON;V1;4;HB;8;16;0;0;0;0;C27;FERRETERIA MR01;721385,92;;;SEGURIDAD;LOGISTICA;7-PESADO;4,26;0;KG;2380;15;721385,98;;;;;1;;1;;
4;04-MAYOR A STOCK MAXIMO;1034221;ZSTO;GRASA PARA CABLE MOLYSIL 369X X16KG;MR01;0374;;V1;1;HB;2;6;0;0;0;0;C29;FILTROS/RESPUESTOS;9548494,5;;MOLYSIL 369X X 16KG;LUBRICANTES;TIENDETUBOS VOLVO PL3005D;6-PESADO Y FRAGIL;17,5;0;KG;28260;15;9548494,46;;;;;1;;1;;
2;02-MENOR A PUNTO DE PEDIDO;1034240;ZSSD;CHALECO GRAFA NARANJA C/REFLECTIVO T.XXL;MR01;0374;AE01;V1;30;HB;60;3;0;0;0;0;C28;SEGURIDAD/ROPA/EPP;49824,87;;;SEGURIDAD;INDUMENTARIA;?;0;0;KG;0;15;49824,88;;1;;;;;1;;
3;03-MAYOR A PUNTO DE PEDIDO;1034466;ZSTO;PASADOR JD 770 G;MR01;0374;;RE;0;HB;3;3;0;0;0;0;C03;EQUIPOS;615978,75;;T235401;REPUESTOS;EQUIPOS;?;0;0;KG;0;0;615978,75;;;;1;;;1;;
4;04-MAYOR A STOCK MAXIMO;1034628;ZSTO;JUNTA DE BALANCINES;MR01;0374;TABLERO 3;V1;1;HB;1;2;0;0;0;0;C29;FILTROS/RESPUESTOS;202433,18;;3027433 // 119718-11310;REPUESTOS;HIMOINSA LTA 8 V LED;8-VARIOS;0;0;KG;0;15;202433,18;;;;;1;;1;;
2;02-MENOR A PUNTO DE PEDIDO;1034629;ZSTO;JUNTA TAPA PRINCIPAL;MR01;0374;TABLERO 3;V1;1;HB;1;1;0;0;0;0;C29;FILTROS/RESPUESTOS;121179,81;DBT S.A. //;3036097 // 119717-11331;REPUESTOS;HIMOINSA LTA 8 V LED;8-VARIOS;0;0;KG;0;15;121179,8;;1;;;;;1;;
4;04-MAYOR A STOCK MAXIMO;1035039;ZSTO;CORREA A/C;MR01;0374;TABLERO 2;V1;1;HB;2;3;0;0;0;0;C03;EQUIPOS;300360,3;;04120-21748;CORREAS;?;?;0;0;KG;0;0;300360,3;;;;;1;;1;;
2;02-MENOR A PUNTO DE PEDIDO;1035198;ZSTO;CORREA POLY V;MR01;0374;TABLERO 2;V1;1;HB;3;1;0;0;0;0;C03;EQUIPOS;105854,87;;0412021760;CORREAS;?;?;0;0;KG;0;15;105854,87;;1;;;;;1;;
3;03-MAYOR A PUNTO DE PEDIDO;1035319;ZSSD;"ARCO SIERRA 12"" 300MM";MR01;0374;MI02;V1;10;HB;20;20;0;0;0;0;C27;FERRETERIA MR01;228822,4;;;FERRETERIA;INSUMOS;?;0;0;KG;0;15;228822,38;;;;1;;;1;;
2;02-MENOR A PUNTO DE PEDIDO;1036100;ZSTO;CONO FLEX. C/REFLECT. Y BASE CAUCHO 70CM;MR01;0374;EA02 PALLE;V1;50;HB;75;25;0;0;0;0;C28;SEGURIDAD/ROPA/EPP;296197,25;;NARANJA DE PVC FLEXIBLE CON MEMORIA-70CM;SEGURIDAD;SEÑALIZACION;?;1;0;KG;88078,5;15;296197,2;;1;;;;;1;;
2;02-MENOR A PUNTO DE PEDIDO;1041529;ZSCD;HOJA CALADORA P/BOSCHGST650 T111C;MR01;0374;ARMARIO;V1;10;HB;20;5;0;0;0;0;C27;FERRETERIA MR01;6533,8;;;FERRETERIA;INSUMOS;?;0;0;KG;0;15;6533,81;;1;;;;;1;;
3;03-MAYOR A PUNTO DE PEDIDO;1041530;ZSSD;PRECINTO PLASTICO AL-2 X 104MM X 100UN;MR01;0374;;V1;5;HB;10;10;0;0;0;0;C27;FERRETERIA MR01;8656,3;;;FERRETERIA;INSUMOS;?;0;0;KG;0;15;8656,28;;;;1;;;1;;
3;03-MAYOR A PUNTO DE PEDIDO;1041531;ZSCD;DISCO P SIERRA CIRCULAR D9PG 24 DIENTES;MR01;0374;MI04;V1;10;HB;20;16;0;0;0;0;C27;FERRETERIA MR01;310220;;;FERRETERIA;INSUMOS;?;0;0;KG;0;15;310220,06;;;;1;;;1;;
4;04-MAYOR A STOCK MAXIMO;1041532;ZSCD;DISCO P SIERRA CIRCULAR D9PG 40 DIENTES;MR01;0374;MI03;V1;10;HB;20;46;0;0;0;0;C27;FERRETERIA MR01;550582,28;;;FERRETERIA;INSUMOS;?;0;0;KG;0;15;550582,3;;;;;1;;1;;
3;03-MAYOR A PUNTO DE PEDIDO;1041533;ZSCD;PLOMADA 750GR;MR01;0374;MF03;V1;3;HB;6;4;0;0;0;0;C27;FERRETERIA MR01;31635,92;;;FERRETERIA;INSUMOS;?;0;0;KG;0;15;31635,92;;;;1;;;1;;
4;04-MAYOR A STOCK MAXIMO;1041534;ZSCD;PLOMADA 1000GR;MR01;0374;MF03;V1;3;HB;6;13;0;0;0;0;C27;FERRETERIA MR01;124852,52;;;FERRETERIA;INSUMOS;?;0;0;KG;0;15;124852,56;;;;;1;;1;;
2;02-MENOR A PUNTO DE PEDIDO;1041725;ZSTO;"CUCHILLA (7′ X 8″ X 5/8″) X 15 Aguj 5/8""";MR01;0374;GA02PALLET;V1;20;HB;40;12;0;0;0;0;G01;CUCHILLAS;2594700;;5D9561 / T71979 (BORO);EQUIPOS;DESGASTE;?;0;0;KG;0;15;2594700;;1;;;;;1;;
3;03-MAYOR A PUNTO DE PEDIDO;1041935;ZSCD;MAMELUCO GRAFA AZUL C/LOGO Y REFL. T.XS;MR01;0374;MH03;CL;2;HB;3;3;0;0;0;0;C28;SEGURIDAD/ROPA/EPP;126701,55;;;INDUMENTARIA;EPP;?;0;0;KG;0;15;126701,55;;;;1;;;1;;
3;03-MAYOR A PUNTO DE PEDIDO;1041936;ZSCD;MAMELUCO GRAFA AZUL C/LOGO Y REFL. T.S;MR01;0374;MH03;CL;2;HB;3;3;0;0;0;0;C28;SEGURIDAD/ROPA/EPP;94577,07;;;INDUMENTARIA;EPP;?;0;0;KG;0;15;94577,06;;;;1;;;1;;
3;03-MAYOR A PUNTO DE PEDIDO;1041937;ZSCD;MAMELUCO GRAFA AZUL C/LOGO Y REFL. T.M;MR01;0374;MH03;CL;4;HB;8;8;0;0;0;0;C28;SEGURIDAD/ROPA/EPP;262283,76;;;INDUMENTARIA;EPP;?;0;0;KG;0;15;262283,73;;;;1;;;1;;
3;03-MAYOR A PUNTO DE PEDIDO;1041938;ZSCD;MAMELUCO GRAFA AZUL C/LOGO Y REFL. T.L;MR01;0374;MG03;CL;4;HB;8;8;0;0;0;0;C28;SEGURIDAD/ROPA/EPP;269520;;;INDUMENTARIA;EPP;?;0;0;KG;0;15;269520;;;;1;;;1;;
3;03-MAYOR A PUNTO DE PEDIDO;1041939;ZSCD;MAMELUCO GRAFA AZUL C/LOGO Y REFL. T.XL;MR01;0374;MG03;CL;5;HB;10;10;0;0;0;0;C28;SEGURIDAD/ROPA/EPP;261716;;;INDUMENTARIA;EPP;?;0;0;KG;0;15;261716;;;;1;;;1;;
2;02-MENOR A PUNTO DE PEDIDO;1041940;ZSCD;MAMELUCO GRAFA AZUL C/LOGO Y REFL. T.XXL;MR01;0374;MF03;CL;5;HB;10;3;3;0;0;120;C28;SEGURIDAD/ROPA/EPP;102829,8;;;INDUMENTARIA;EPP;?;0;0;KG;0;15;102829,81;;1;;;;1;;;
3;03-MAYOR A PUNTO DE PEDIDO;1042118;ZSTO;CORREA MOTOR TRACTOR JD 6405;MR01;0374;TABLERO 2;V1;1;HB;2;2;0;0;0;0;C03;EQUIPOS;308936,9;;L111601 // 82310 8203 TRACTOR JD 6615 DT CON 3 PUNT;CORREAS;JD 6405;8-VARIOS;0;0;KG;1078;0;308936,9;;;;1;;;1;;
3;03-MAYOR A PUNTO DE PEDIDO;1042148;ZSTO;PASADOR DE FIJACIÓN RÁPIDA;MR01;0374;;RE;0;HB;6;6;0;0;0;0;C03;EQUIPOS;50774,1;;AR83396;REPUESTOS;EQUIPOS;?;0;0;KG;1078;0;50774,1;;;;1;;;1;;
3;03-MAYOR A PUNTO DE PEDIDO;1042512;ZSCD;BOTIN CONW 53 BAF MARRON P.ACER N37;MR01;0374;EA02PALLET;CL;3;HB;6;4;0;0;0;0;C28;SEGURIDAD/ROPA/EPP;189880,72;;;SEGURIDAD;CALZADO;?;0;0;KG;0;15;189880,71;;;;1;;;1;;
3;03-MAYOR A PUNTO DE PEDIDO;1042513;ZSCD;BOTIN CONW 53 BAF MARRON P.ACER N38;MR01;0374;EA02PALLET;CL;2;HB;4;3;0;0;0;0;C28;SEGURIDAD/ROPA/EPP;139410,42;;;SEGURIDAD;CALZADO;?;0;0;KG;0;15;139410,41;;;;1;;;1;;
3;03-MAYOR A PUNTO DE PEDIDO;1042514;ZSCD;BOTIN CONW 53 BAF MARRON P.ACER N40;MR01;0374;EB02PALLET;CL;20;HB;40;31;0;0;0;0;C28;SEGURIDAD/ROPA/EPP;1231562,73;;;SEGURIDAD;CALZADO;?;0;0;KG;0;15;1231562,61;;;;1;;;1;;
3;03-MAYOR A PUNTO DE PEDIDO;1042515;ZSCD;BOTIN CONW 53 BAF MARRON P.ACER N41;MR01;0374;EB02PALLET;CL;20;HB;40;39;0;0;0;0;C28;SEGURIDAD/ROPA/EPP;1901115,84;;;SEGURIDAD;CALZADO;?;0;0;KG;0;15;1901115,93;;;;1;;;1;;
3;03-MAYOR A PUNTO DE PEDIDO;1042516;ZSCD;BOTIN CONW 53 BAF MARRON P.ACER N42;MR01;0374;EC02PALLET;CL;20;HB;40;39;0;0;0;0;C28;SEGURIDAD/ROPA/EPP;1658799,48;;;SEGURIDAD;CALZADO;?;0;0;KG;0;15;1658799,49;;;;1;;;1;;
3;03-MAYOR A PUNTO DE PEDIDO;1042517;ZSCD;BOTIN CONW 53 BAF MARRON P.ACER N43;MR01;0374;EC02PALLET;CL;20;HB;40;27;0;0;0;0;C28;SEGURIDAD/ROPA/EPP;1072178,91;;;SEGURIDAD;CALZADO;?;0;0;KG;0;15;1072178,89;;;;1;;;1;;
3;03-MAYOR A PUNTO DE PEDIDO;1042518;ZSCD;BOTIN CONW 53 BAF MARRON P.ACER N44;MR01;0374;EC02PALLET;CL;8;HB;16;11;0;0;0;0;C28;SEGURIDAD/ROPA/EPP;608303,19;;;SEGURIDAD;CALZADO;?;0;0;KG;0;15;608303,2;;;;1;;;1;;
3;03-MAYOR A PUNTO DE PEDIDO;1042519;ZSCD;BOTIN CONW 53 BAF MARRON P.ACER N45;MR01;0374;EC02PALLET;CL;4;HB;8;5;0;0;0;0;C28;SEGURIDAD/ROPA/EPP;288133,05;;;SEGURIDAD;CALZADO;?;0;0;KG;0;15;288133,05;;;;1;;;1;;
3;03-MAYOR A PUNTO DE PEDIDO;1042520;ZSCD;BOTIN CONW 53 BAF MARRON P.ACER N46;MR01;0374;EC02PALLET;CL;2;HB;4;3;0;0;0;0;C28;SEGURIDAD/ROPA/EPP;159453,3;;;SEGURIDAD;CALZADO;?;0;0;KG;0;15;159453,3;;;;1;;;1;;
3;03-MAYOR A PUNTO DE PEDIDO;1042677;ZSCD;MAMELUCO GRAFA AZUL C/LOGO Y REFL. T.3XL;MR01;0374;MG04;CL;5;HB;10;8;0;0;0;0;C28;SEGURIDAD/ROPA/EPP;311096,72;;;INDUMENTARIA;EPP;?;0;0;KG;0;15;311096,74;;;;1;;;1;;
3;03-MAYOR A PUNTO DE PEDIDO;1042678;ZSCD;MAMELUCO GRAFA AZUL C/LOGO Y REFL. T.4XL;MR01;0374;MG04;CL;5;HB;10;8;0;0;0;0;C28;SEGURIDAD/ROPA/EPP;313955,2;;;INDUMENTARIA;EPP;?;0;0;KG;0;15;313955,17;;;;1;;;1;;
2;02-MENOR A PUNTO DE PEDIDO;1042798;ZSCD;GUANTE LÁTEX NEGRO INDUSTRIAL T10;MR01;0374;;V1;200;HB;400;58;0;0;0;0;C28;SEGURIDAD/ROPA/EPP;78610,88;;;INDUMENTARIA;EPP;?;0;0;KG;0;0;78610,93;;1;;;;;1;;
3;03-MAYOR A PUNTO DE PEDIDO;1042816;ZSSD;VIRUTA DE ACERO MEDIANA X 250GR.;MR01;0374;FB03PALLET;V1;5;HB;20;20;0;0;0;0;C27;FERRETERIA MR01;80675,6;;;FERRETERIA;ABRASIVOS/DISCOS;?;0;0;KG;0;15;80675,68;;;;1;;;1;;
3;03-MAYOR A PUNTO DE PEDIDO;1042817;ZSSD;VIRUTA DE ACERO GRUESA X 250GR.;MR01;0374;FB02PALLET;V1;5;HB;20;6;0;0;0;0;C27;FERRETERIA MR01;24247,98;;;FERRETERIA;ABRASIVOS/DISCOS;?;0;0;KG;0;15;24247,95;;;;1;;;1;;
3;03-MAYOR A PUNTO DE PEDIDO;1042867;ZSCD;CRIQUE TENSOR C/TERMINAL 50MM. X 6MTS.;MR01;0374;DC03CAJON;V1;1;HB;2;2;0;0;0;0;C27;FERRETERIA MR01;0;;;FERRETERIA;ELEMENTOS DE IZAJE;?;0;0;KG;0;15;99173,56;;;;1;;;1;;
4;04-MAYOR A STOCK MAXIMO;1042868;ZSSD;LLANA DENTADA 270MM. X 135MM.;MR01;0374;FB04PALLET;V1;5;HB;15;35;0;0;0;0;C27;FERRETERIA MR01;205243,15;;;FERRETERIA;HERRAMIENTAS MANUALES;?;0;0;KG;0;0;205243,27;;;;;1;;1;;
3;03-MAYOR A PUNTO DE PEDIDO;1042869;ZSSD;LLANA LISA 280MM. X 130MM.;MR01;0374;FB04PALLET;V1;5;HB;15;13;0;0;0;0;C27;FERRETERIA MR01;102439,48;;;FERRETERIA;HERRAMIENTAS MANUALES;?;0;0;KG;0;0;102439,5;;;;1;;;1;;
3;03-MAYOR A PUNTO DE PEDIDO;1043077;ZSCD;CAPUCHON PARA HIERRO P. 8/25 MM.;MR01;0374;FC05CAJON;V1;500;HB;2000;1200;0;0;0;0;C27;FERRETERIA MR01;737844;;;FERRETERIA;INSUMOS;?;0;0;KG;0;0;737838,25;;;;1;;;1;;
4;04-MAYOR A STOCK MAXIMO;1043624;ZSCD;PORTA HERRAMIENTA CORDON RETRACTIL;MR01;0374;DB02PALLET;V1;10;HB;20;25;0;0;0;0;C27;FERRETERIA MR01;153939;;;FERRETERIA;HERRAMIENTAS;?;0;0;KG;0;15;153939;;;;;1;;1;;
4;04-MAYOR A STOCK MAXIMO;1046075;ZSSD;SELLADOR DE ROSCAS LOCTITE 243 X 50 GR.;MR01;0374;;V1;2;HB;4;6;0;0;0;0;C18;HORMIGÓN;267768,6;;;FERRETERIA;INSUMOS;?;0;0;KG;0;0;267768,6;;;;;1;;1;;
2;02-MENOR A PUNTO DE PEDIDO;1046486;ZSTO;CORREA ALTERNADOR;MR01;0374;TABLERO3;V1;1;HB;2;1;0;0;0;0;C03;EQUIPOS;271476,16;;6205-61-3580;EQUIPOS;?;?;0;0;KG;0;0;271476,16;;1;;;;;1;;
3;03-MAYOR A PUNTO DE PEDIDO;1046936;ZSCD;GUANTE LATEX NEGRO INDUSTRIAL T8 XPAR;MR01;0374;;V1;5;HB;10;6;0;0;0;0;C28;SEGURIDAD/ROPA/EPP;8415,36;;;INDUMENTARIA;EPP;?;0;0;KG;0;0;8415,37;;;;1;;;1;;
3;03-MAYOR A PUNTO DE PEDIDO;1047113;ZSTO;LAMPARA S/CULOTE W21-5W 12V X UN;MR01;0374;;V1;10;HB;20;14;0;0;0;0;C03;EQUIPOS;102399,64;;12066CP PHILLIPS;EQUIPOS;?;?;0;0;KG;0;0;102399,62;;;;1;;;1;;
2;02-MENOR A PUNTO DE PEDIDO;1047245;ZSCD;MAZA MINERO 1KG C/ CABO PLASTICO;MR01;0374;EA03CAJON;V1;3;HB;6;1;0;0;0;0;C27;FERRETERIA MR01;9986;;;FERRETERIA;HERRAMIENTA MANUAL;?;0;0;KG;0;0;9986;;1;;;;;1;;
2;02-MENOR A PUNTO DE PEDIDO;1047246;ZSCD;MAZA MINERO 2KG C/ CABO PLASTICO;MR01;0374;EA03CAJON;V1;2;HB;4;2;0;0;0;0;C27;FERRETERIA MR01;40826,04;;;FERRETERIA;HERRAMIENTA MANUAL;?;0;0;KG;0;0;40826,04;;1;;;;;1;;
2;02-MENOR A PUNTO DE PEDIDO;1047247;ZSCD;"TIJERA CORTAPERNO 12"" (HASTA D4MM)";MR01;0374;DA02PALLET;V1;1;HB;3;1;0;0;0;0;C27;FERRETERIA MR01;20968,36;;;FERRETERIA;HERRAMIENTA MANUAL;?;0;0;KG;0;0;20968,36;;1;;;;;1;;
3;03-MAYOR A PUNTO DE PEDIDO;1047249;ZSCD;"TIJERA CORTAPERNO 30"" (HASTA D13MM)";MR01;0374;DA02PALLET;V1;1;HB;3;2;0;0;0;0;C27;FERRETERIA MR01;23680,42;;;FERRETERIA;HERRAMIENTA MANUAL;?;0;0;KG;0;0;23680,42;;;;1;;;1;;
3;03-MAYOR A PUNTO DE PEDIDO;1047251;ZSCD;BIDON DE SEGURIDAD GAS OIL X19LT;MR01;0374;EB03PALLET;V1;2;HB;6;5;0;0;0;0;C27;FERRETERIA MR01;205785,15;;MARCA: JUSTRITE;SEGURIDAD;COMBUSTIBLE;?;0;0;KG;0;0;205785,14;;;;1;;;1;;
3;03-MAYOR A PUNTO DE PEDIDO;1047252;ZSCD;MOCHILA PULVERIZADORA X20LT;MR01;0374;FC03PALLET;V1;1;HB;2;2;0;0;0;0;C27;FERRETERIA MR01;150044,5;;;FERRETERIA;ACCESORIOS;?;0;0;KG;0;0;150044,48;;;;1;;;1;;
3;03-MAYOR A PUNTO DE PEDIDO;1047254;ZSCD;ARNES ANTICAIDA;MR01;0374;DB2PALLET;V1;5;HB;15;7;0;0;0;0;C28;SEGURIDAD/ROPA/EPP;377972;;MARCA:CARAN | MODELO: CR 02;SEGURIDAD;EPP;?;0;0;KG;0;0;377972;;;;1;;;1;;
3;03-MAYOR A PUNTO DE PEDIDO;1047255;ZSCD;COLA DE AMARRE SIMPLE;MR01;0374;;V1;5;HB;15;15;0;0;0;0;C27;FERRETERIA MR01;394860,45;;;SEGURIDAD;ELEMENTOS DE IZAJE;?;0;0;KG;0;0;394860,45;;;;1;;;1;;
4;04-MAYOR A STOCK MAXIMO;1047256;ZSCD;COLA DE AMARRE DOBLE;MR01;0374;DB02PALLET;V1;5;HB;15;20;0;0;0;0;C27;FERRETERIA MR01;1249359,6;;;SEGURIDAD;ELEMENTOS DE IZAJE;?;0;0;KG;0;0;1249359,6;;;;;1;;1;;
4;04-MAYOR A STOCK MAXIMO;1047257;ZSCD;PARCHES P/ REPARACION;MR01;0374;;V1;5;HB;20;100;0;0;0;0;C27;FERRETERIA MR01;8264;;;FERRETERIA;INSUMOS;?;0;0;KG;0;0;8264;;;;;1;;1;;
4;04-MAYOR A STOCK MAXIMO;1047259;ZSCD;MECHA ACERO RAPIDO D16MM;MR01;0374;MJ04;V1;2;HB;6;11;0;0;0;0;C27;FERRETERIA MR01;367326,19;;;FERRETERIA;ACCESORIOS;?;0;0;KG;0;15;367326,21;;;;;1;;1;;
4;04-MAYOR A STOCK MAXIMO;1047264;ZSCD;MECHA WIDIA SDS MAX Ø16MM 220MM;MR01;0374;;V1;2;HB;4;8;0;0;0;0;C27;FERRETERIA MR01;151866,24;;;FERRETERIA;ACCESORIOS;?;0;0;KG;0;15;151866,26;;;;;1;;1;;
3;03-MAYOR A PUNTO DE PEDIDO;1047265;ZSCD;MECHA WIDIA SDS MAX Ø18MM 220MM;MR01;0374;;V1;2;HB;4;4;0;0;0;0;C27;FERRETERIA MR01;80913,96;;;FERRETERIA;ACCESORIOS;?;0;0;KG;0;15;80913,95;;;;1;;;1;;
4;04-MAYOR A STOCK MAXIMO;1047266;ZSCD;MECHA WIDIA SDS MAX Ø20MM 220MM;MR01;0374;;V1;2;HB;4;8;0;0;0;0;C27;FERRETERIA MR01;191201,28;;;FERRETERIA;ACCESORIOS;?;0;0;KG;0;15;191201,26;;;;;1;;1;;
3;03-MAYOR A PUNTO DE PEDIDO;1047267;ZSCD;MECHA WIDIA SDS MAX Ø25MM 220MM;MR01;0374;;V1;2;HB;4;4;0;0;0;0;C27;FERRETERIA MR01;170602,12;;;FERRETERIA;ACCESORIOS;?;0;0;KG;0;15;170602,11;;;;1;;;1;;
3;03-MAYOR A PUNTO DE PEDIDO;1047269;ZSCD;MECHA WIDIA SDS PLUS Ø8MM 220MM;MR01;0374;;V1;2;HB;4;4;0;0;0;0;C27;FERRETERIA MR01;10450,04;;;FERRETERIA;ACCESORIOS;?;0;0;KG;0;15;10450,05;;;;1;;;1;;
3;03-MAYOR A PUNTO DE PEDIDO;1047270;ZSCD;MECHA WIDIA SDS PLUS Ø10MM 220MM;MR01;0374;;V1;2;HB;4;4;0;0;0;0;C27;FERRETERIA MR01;13106,32;;;FERRETERIA;ACCESORIOS;?;0;0;KG;0;15;13106,31;;;;1;;;1;;
3;03-MAYOR A PUNTO DE PEDIDO;1047271;ZSCD;MECHA WIDIA SDS PLUS Ø12MM 220MM;MR01;0374;;V1;2;HB;4;4;0;0;0;0;C27;FERRETERIA MR01;16039;;;FERRETERIA;ACCESORIOS;?;0;0;KG;0;15;16039,01;;;;1;;;1;;
3;03-MAYOR A PUNTO DE PEDIDO;1047272;ZSCD;MECHA WIDIA SDS PLUS Ø16MM 220MM;MR01;0374;;V1;2;HB;4;4;0;0;0;0;C27;FERRETERIA MR01;23361,96;;;FERRETERIA;ACCESORIOS;?;0;0;KG;0;15;23361,98;;;;1;;;1;;
4;04-MAYOR A STOCK MAXIMO;1047273;ZSCD;MECHA WIDIA SDS PLUS Ø18MM 220MM;MR01;0374;;V1;2;HB;4;8;0;0;0;0;C27;FERRETERIA MR01;89069,76;;;FERRETERIA;ACCESORIOS;?;0;0;KG;0;15;89069,76;;;;;1;;1;;
4;04-MAYOR A STOCK MAXIMO;1047274;ZSCD;MECHA WIDIA SDS PLUS Ø20MM 220MM;MR01;0374;;V1;2;HB;4;7;0;0;0;0;C27;FERRETERIA MR01;80423,42;;;FERRETERIA;ACCESORIOS;?;0;0;KG;0;15;80423,42;;;;;1;;1;;
4;04-MAYOR A STOCK MAXIMO;1047275;ZSCD;MECHA WIDIA SDS PLUS Ø25MM 220MM;MR01;0374;;V1;2;HB;4;8;0;0;0;0;C27;FERRETERIA MR01;145257,6;;;FERRETERIA;ACCESORIOS;?;0;0;KG;0;15;145257,58;;;;;1;;1;;
4;04-MAYOR A STOCK MAXIMO;1047278;ZSCD;MECHA WIDIA SDS MAX Ø16MM 450MM;MR01;0374;;V1;2;HB;4;8;0;0;0;0;C27;FERRETERIA MR01;201476,56;;;FERRETERIA;ACCESORIOS;?;0;0;KG;0;15;201476,55;;;;;1;;1;;
4;04-MAYOR A STOCK MAXIMO;1047279;ZSCD;MECHA WIDIA SDS MAX Ø18MM 450MM;MR01;0374;;V1;2;HB;4;8;0;0;0;0;C27;FERRETERIA MR01;218527,12;;;FERRETERIA;ACCESORIOS;?;0;0;KG;0;15;218527,1;;;;;1;;1;;
3;03-MAYOR A PUNTO DE PEDIDO;1047280;ZSCD;MECHA WIDIA SDS MAX Ø20MM 450MM;MR01;0374;;V1;2;HB;4;4;0;0;0;0;C27;FERRETERIA MR01;120843,48;;;FERRETERIA;ACCESORIOS;?;0;0;KG;0;15;120843,47;;;;1;;;1;;
3;03-MAYOR A PUNTO DE PEDIDO;1047281;ZSCD;MECHA WIDIA SDS MAX Ø25MM 450MM;MR01;0374;;V1;2;HB;4;4;0;0;0;0;C27;FERRETERIA MR01;161363,8;;;FERRETERIA;ACCESORIOS;?;0;0;KG;0;15;161363,79;;;;1;;;1;;
4;04-MAYOR A STOCK MAXIMO;1047283;ZSCD;MECHA WIDIA SDS PLUS Ø8MM 450MM;MR01;0374;;V1;2;HB;4;8;0;0;0;0;C27;FERRETERIA MR01;49329,92;;;FERRETERIA;ACCESORIOS;?;0;0;KG;0;15;49329,92;;;;;1;;1;;
3;03-MAYOR A PUNTO DE PEDIDO;1047284;ZSCD;MECHA WIDIA SDS PLUS Ø10MM 450MM;MR01;0374;;V1;2;HB;4;4;0;0;0;0;C27;FERRETERIA MR01;29407,64;;;FERRETERIA;ACCESORIOS;?;0;0;KG;0;15;29407,64;;;;1;;;1;;
2;02-MENOR A PUNTO DE PEDIDO;1047285;ZSCD;MECHA WIDIA SDS PLUS Ø12MM 450MM;MR01;0374;;V1;2;HB;4;2;0;0;0;0;C27;FERRETERIA MR01;15088;;;FERRETERIA;ACCESORIOS;?;0;0;KG;0;15;15088;;1;;;;;1;;
3;03-MAYOR A PUNTO DE PEDIDO;1047286;ZSCD;MECHA WIDIA SDS PLUS Ø16MM 450MM;MR01;0374;;V1;2;HB;4;4;0;0;0;0;C27;FERRETERIA MR01;41339,08;;;FERRETERIA;ACCESORIOS;?;0;0;KG;0;15;41339,09;;;;1;;;1;;
3;03-MAYOR A PUNTO DE PEDIDO;1047287;ZSCD;MECHA WIDIA SDS PLUS Ø18MM 450MM;MR01;0374;;V1;2;HB;4;4;0;0;0;0;C27;FERRETERIA MR01;65494,2;;;FERRETERIA;ACCESORIOS;?;0;0;KG;0;15;65494,21;;;;1;;;1;;
4;04-MAYOR A STOCK MAXIMO;1047288;ZSCD;MECHA WIDIA SDS PLUS Ø20MM 450MM;MR01;0374;;V1;2;HB;4;8;0;0;0;0;C27;FERRETERIA MR01;123817,12;;;FERRETERIA;ACCESORIOS;?;0;0;KG;0;15;123817,12;;;;;1;;1;;
4;04-MAYOR A STOCK MAXIMO;1047289;ZSCD;MECHA WIDIA SDS PLUS Ø25MM 450MM;MR01;0374;;V1;2;HB;4;8;0;0;0;0;C27;FERRETERIA MR01;173216,64;;;FERRETERIA;ACCESORIOS;?;0;0;KG;0;15;173216,64;;;;;1;;1;;
3;03-MAYOR A PUNTO DE PEDIDO;1047447;ZSCD;PROTECTOR METATARSAL EXTERNO XPAR;MR01;0374;MH04;V1;15;HB;30;30;0;0;0;0;C28;SEGURIDAD/ROPA/EPP;560646;;;SEGURIDAD;EPP;?;0;0;KG;0;15;560646,08;;;;1;;;1;;
3;03-MAYOR A PUNTO DE PEDIDO;1047449;ZSCD;CARTUCHO P/VAPOR S/ANEXO XPAR;MR01;0374;;V1;1;HB;4;4;0;0;0;0;C28;SEGURIDAD/ROPA/EPP;211743,48;;MARCA: 3M | COD: 6001;SEGURIDAD;EPP;?;0;0;KG;0;15;211743,48;;;;1;;;1;;
3;03-MAYOR A PUNTO DE PEDIDO;1047451;ZSCD;TALOCHA 1200MM C/EXTENDEDOR;MR01;0374;FB04PALLET;V1;1;HB;2;2;0;0;0;0;C27;FERRETERIA MR01;930946,56;;;FERRETERIA;HERRAMIENTAS MANUALES;?;0;0;KG;0;15;930946,55;;;;1;;;1;;
3;03-MAYOR A PUNTO DE PEDIDO;1047452;ZSCD;AEROSOL GALVANIZADO X454GR;MR01;0374;;V1;6;HB;24;12;0;0;0;0;C27;FERRETERIA MR01;376859,52;;MARCA: RUST OLEUM;FERRETERIA;INSUMOS;?;0;0;KG;0;15;376859,52;;;;1;;;1;;
3;03-MAYOR A PUNTO DE PEDIDO;1047454;ZSCD;MEDIA SOMBRA NEGRA 80% XROLLO 2X50M;MR01;0374;FA02PALLET;V1;1;HB;3;3;0;0;0;0;C27;FERRETERIA MR01;127500;;;FERRETERIA;INSUMOS;?;0;0;KG;0;15;127500;;;;1;;;1;;
3;03-MAYOR A PUNTO DE PEDIDO;1047455;ZSCD;TACHO PVC AZUL X200LT;MR01;0374;;V1;1;HB;4;4;0;0;0;0;C27;FERRETERIA MR01;528259,2;;;FERRETERIA;?;?;0;0;KG;0;15;528259,19;;;;1;;;1;;
2;02-MENOR A PUNTO DE PEDIDO;1047471;ZSCD;TRIPA P/VIBRADOR DE H° HEXAG. 38MMX6M;MR01;0374;;V1;2;HB;4;2;0;0;0;0;C27;FERRETERIA MR01;640000;;;HORMIGON;ACCESORIOS;?;0;0;KG;0;15;640000;;1;;;;;1;;
2;02-MENOR A PUNTO DE PEDIDO;1047472;ZSCD;TRIPA P/VIBRADOR DE H° HEXAG. 45MMX6M;MR01;0374;EB03PALLET;V1;2;HB;4;2;0;0;0;0;C27;FERRETERIA MR01;512396,7;;;HORMIGON;ACCESORIOS;?;0;0;KG;0;15;512396,7;;1;;;;;1;;
2;02-MENOR A PUNTO DE PEDIDO;1047473;ZSCD;TRIPA P/VIBRADOR DE H° HEXAG. 35MMX3,5M;MR01;0374;;V1;4;HB;8;4;0;0;0;0;C27;FERRETERIA MR01;1680000;;;HORMIGON;ACCESORIOS;?;0;0;KG;0;15;1680000;;1;;;;;1;;
2;02-MENOR A PUNTO DE PEDIDO;1047474;ZSCD;SOGA NAUTICA 16MM;MR01;0374;;V1;200;HB;400;200;0;0;0;0;C27;FERRETERIA MR01;245874;;;FERRETERIA;?;?;0;0;KG;0;15;245874,11;;1;;;;;1;;
3;03-MAYOR A PUNTO DE PEDIDO;1047475;ZSCD;SOLUCION PEGAMENTO P/PARCHE 250CC;MR01;0374;;V1;1;HB;2;2;0;0;0;0;C27;FERRETERIA MR01;26446,28;;;FERRETERIA;INSUMOS;?;0;0;KG;0;0;26446,28;;;;1;;;1;;
4;04-MAYOR A STOCK MAXIMO;1047504;ZSCD;"DISCO WIDIA DIAMANTADO P/AMOLADORA 4""";MR01;0374;MI03;V1;25;HB;50;52;0;0;0;0;C27;FERRETERIA MR01;199707,04;;;REPUESTOS;HERRAMIENTAS ELECTRICAS;?;0;0;KG;0;15;199706,83;;;;;1;;1;;
3;03-MAYOR A PUNTO DE PEDIDO;1047505;ZSCD;"DISCO WIDIA DIAMANTADO P/AMOLADORA 9""";MR01;0374;;V1;25;HB;50;50;0;0;0;0;C27;FERRETERIA MR01;650427,5;;;REPUESTOS;HERRAMIENTAS ELECTRICAS;?;0;0;KG;0;15;650427,5;;;;1;;;1;;
3;03-MAYOR A PUNTO DE PEDIDO;1047506;ZSCD;"DISCO DE CORTE P/AMOLADORA 9""";MR01;0374;MH04;V1;25;HB;50;50;0;0;0;0;C27;FERRETERIA MR01;268544,5;;;FERRETERIA;HERRAMIENTAS MANUALES;?;0;0;KG;0;15;268544,52;;;;1;;;1;;
3;03-MAYOR A PUNTO DE PEDIDO;1047507;ZSCD;MORSA BARBERO N°8;MR01;0374;CC01PALLET;RE;1;HB;2;2;0;0;0;0;C27;FERRETERIA MR01;646639,8;;;FERRETERIA;HERRAMIENTAS MANUALES;?;0;0;KG;0;0;646639,79;;;;1;;;1;;
4;04-MAYOR A STOCK MAXIMO;1047508;ZSCD;MARTILLO LAYHER P/ANDAMISTA;MR01;0374;;V1;2;HB;6;8;0;0;0;0;C27;FERRETERIA MR01;124893,04;;;FERRETERIA;HERRAMIENTAS MANUALES;?;0;0;KG;0;0;124893,04;;;;;1;;1;;
3;03-MAYOR A PUNTO DE PEDIDO;1047509;ZSCD;"CEPILLO DE ACERO RIZADO P/AMOLADORA  4""";MR01;0374;FB03PALLET;V1;10;HB;20;11;0;0;0;0;C27;FERRETERIA MR01;65979,43;;;REPUESTOS;HERRAMIENTAS ELECTRICAS;?;0;0;KG;0;15;65979,38;;;;1;;;1;;
3;03-MAYOR A PUNTO DE PEDIDO;1047510;ZSCD;"CEPILLO DE ACERO RIZADO P/AMOLADORA 7""";MR01;0374;FB03PALLET;V1;20;HB;40;40;0;0;0;0;C27;FERRETERIA MR01;736206;;;REPUESTOS;HERRAMIENTAS ELECTRICAS;?;0;0;KG;0;15;736206,06;;;;1;;;1;;
3;03-MAYOR A PUNTO DE PEDIDO;1047511;ZSCD;"CEPILLO DE ACERO RIZADO P/AMOLADORA 9""";MR01;0374;FC03PALLET;V1;10;HB;20;20;0;0;0;0;C27;FERRETERIA MR01;510721,6;;;REPUESTOS;HERRAMIENTAS ELECTRICAS;?;0;0;KG;0;15;510721,59;;;;1;;;1;;
3;03-MAYOR A PUNTO DE PEDIDO;1047512;ZSCD;"CEPILLO DE ACERO TRENZADO P/AMOLADORA 4""";MR01;0374;FB03PALLET;V1;5;HB;10;7;0;0;0;0;C27;FERRETERIA MR01;82310,97;;;REPUESTOS;HERRAMIENTAS ELECTRICAS;?;0;0;KG;0;15;82310,96;;;;1;;;1;;
4;04-MAYOR A STOCK MAXIMO;1047513;ZSCD;"CEPILLO DE ACERO TRENZADO P/AMOLADORA 7""";MR01;0374;FB03PALLET;V1;10;HB;20;24;0;0;0;0;C27;FERRETERIA MR01;423510,48;;;REPUESTOS;HERRAMIENTAS ELECTRICAS;?;0;0;KG;0;15;423510,44;;;;;1;;1;;
4;04-MAYOR A STOCK MAXIMO;1047514;ZSCD;"CEPILLO DE ACERO TRENZADO P/AMOLADORA 9""";MR01;0374;FC03PALLET;V1;5;HB;10;17;0;0;0;0;C27;FERRETERIA MR01;357989,06;;;REPUESTOS;HERRAMIENTAS ELECTRICAS;?;0;0;KG;0;15;357989,02;;;;;1;;1;;
2;02-MENOR A PUNTO DE PEDIDO;1047515;ZSCD;TANZA 1MM AMARILLA XROLLO 80M;MR01;0374;FB02PALLET;V1;20;HB;40;9;0;0;0;0;C27;FERRETERIA MR01;31191,03;;;FERRETERIA;INSUMOS;?;0;0;KG;0;0;31191,04;;1;;;;;1;;
3;03-MAYOR A PUNTO DE PEDIDO;1047516;ZSCD;PUNTA P/ATORNILLADOR PHILLIPS 6;MR01;0374;;V1;4;HB;8;8;0;0;0;0;C27;FERRETERIA MR01;6470,56;;;FERRETERIA;HERRAMIENTAS ELECTRICAS;?;0;0;KG;0;0;6470,53;;;;1;;;1;;
3;03-MAYOR A PUNTO DE PEDIDO;1047517;ZSCD;PUNTA P/ATORNILLADOR PHILLIPS 8;MR01;0374;;V1;4;HB;8;5;0;0;0;0;C27;FERRETERIA MR01;5348,05;;;FERRETERIA;HERRAMIENTAS ELECTRICAS;?;0;0;KG;0;0;5348,03;;;;1;;;1;;
3;03-MAYOR A PUNTO DE PEDIDO;1047518;ZSCD;PUNTA P/ATORNILLADOR PHILLIPS 10;MR01;0374;;V1;4;HB;8;8;0;0;0;0;C27;FERRETERIA MR01;8542,16;;;FERRETERIA;HERRAMIENTAS ELECTRICAS;?;0;0;KG;0;0;8542,15;;;;1;;;1;;
3;03-MAYOR A PUNTO DE PEDIDO;1047519;ZSCD;PUNTA P/ATORNILLADOR PHILLIPS 12;MR01;0374;;V1;4;HB;8;7;0;0;0;0;C27;FERRETERIA MR01;9314,06;;;FERRETERIA;HERRAMIENTAS ELECTRICAS;?;0;0;KG;0;0;9314,06;;;;1;;;1;;
3;03-MAYOR A PUNTO DE PEDIDO;1047520;ZSCD;CINCEL PLANO C/ENCASTRE SDS MAX 400MM;MR01;0374;;V1;4;HB;8;8;0;0;0;0;C27;FERRETERIA MR01;94213,76;;;FERRETERIA;HERRAMIENTAS MANUALES;?;0;0;KG;0;0;94213,76;;;;1;;;1;;
2;02-MENOR A PUNTO DE PEDIDO;1047521;ZSCD;CINCEL PUNTA C/ENCASTRE SDS MAX 400MM;MR01;0374;;V1;4;HB;8;4;0;0;0;0;C27;FERRETERIA MR01;35372,44;;;FERRETERIA;HERRAMIENTAS MANUALES;?;0;0;KG;0;0;35372,42;;1;;;;;1;;
3;03-MAYOR A PUNTO DE PEDIDO;1047558;ZSCD;PICO PUNTA Y PALA CABO DE FIBRA 5 LBS;MR01;0374;;V1;4;HB;8;8;0;0;0;0;C27;FERRETERIA MR01;400681,12;;;FERRETERIA;HERRAMIENTAS;?;0;0;KG;0;15;400681,12;;;;1;;;1;;
2;02-MENOR A PUNTO DE PEDIDO;1047700;ZSCD;CHALECO REFLECTIVO NARANJA C2 C/LOGO T.S;MR01;0374;MI06;V1;20;HB;35;15;0;0;0;0;C28;SEGURIDAD/ROPA/EPP;243459,45;;;INDUMENTARIA;EPP;?;0;0;KG;0;15;243459,52;;1;;;;;1;;
2;02-MENOR A PUNTO DE PEDIDO;1047701;ZSCD;CHALECO REFLECTIVO NARANJA C2 C/LOGO T.M;MR01;0374;MI06;V1;20;HB;35;4;0;0;0;0;C28;SEGURIDAD/ROPA/EPP;63995,2;;;INDUMENTARIA;EPP;?;0;0;KG;0;15;63995,2;;1;;;;;1;;
2;02-MENOR A PUNTO DE PEDIDO;1047702;ZSCD;CHALECO REFLECTIVO NARANJA C2 C/LOGO T.L;MR01;0374;MI06;V1;25;HB;45;3;0;0;0;0;C28;SEGURIDAD/ROPA/EPP;47996,4;;;INDUMENTARIA;EPP;?;0;0;KG;0;15;47996,4;;1;;;;;1;;
2;02-MENOR A PUNTO DE PEDIDO;1047983;ZSCD;TENAZA ARMADOR 1/2 CORTE L.30CM MIN.;MR01;0374;DA02PALLET;V1;35;HB;50;16;0;0;0;0;C27;FERRETERIA MR01;255612,96;;;FERRETERIA;HERRAMIENTAS;?;0;0;KG;0;0;255612,92;;1;;;;;1;;
3;03-MAYOR A PUNTO DE PEDIDO;1048027;ZSCD;LIJA AL AGUA GRANO 1500;MR01;0374;;V1;25;HB;50;49;0;0;0;0;C27;FERRETERIA MR01;44494,45;;;FERRETERIA;INSUMOS;?;0;0;KG;0;0;44494,29;;;;1;;;1;;
2;02-MENOR A PUNTO DE PEDIDO;1048029;ZSCD;LIJA AL AGUA GRANO 1000;MR01;0374;;V1;25;HB;50;21;0;0;0;0;C27;FERRETERIA MR01;11626,86;;;FERRETERIA;INSUMOS;?;0;0;KG;0;0;11626,89;;1;;;;;1;;
3;03-MAYOR A PUNTO DE PEDIDO;1048036;ZSCD;PRENSA SARGENTO 80CM;MR01;0374;;V1;2;HB;6;4;0;0;0;0;C27;FERRETERIA MR01;189260,48;;BREMEN 8 PZ PULGADA WHITWORTH 7695;FERRETERIA;HERRAMIENTAS;?;0;0;KG;0;0;189260,48;;;;1;;;1;;
3;03-MAYOR A PUNTO DE PEDIDO;1048841;ZSCD;CARTUCHO TONER W1500A/150A;MR01;0374;OFICINA;V1;3;HB;5;5;0;0;0;0;C05;INFORMÁT.-HARDWARE;94056,3;;133;LIBRERIA;?;?;0;0;KG;0;15;94056,28;;;;1;;;1;;
3;03-MAYOR A PUNTO DE PEDIDO;1048842;ZSCD;CARTUCHO TONER NEXT ONE TN660/2370;MR01;0374;OFICINA;V1;3;HB;5;5;0;0;0;0;C05;INFORMÁT.-HARDWARE;92761,6;;133;LIBRERIA;?;?;0;0;KG;0;15;92761,62;;;;1;;;1;;
3;03-MAYOR A PUNTO DE PEDIDO;1048843;ZSCD;CARTUCHO TONER RICOH IM460F;MR01;0374;OFICINA;V1;2;HB;3;3;0;0;0;0;C05;INFORMÁT.-HARDWARE;314918,58;;133;LIBRERIA;?;?;0;0;KG;0;15;314918,57;;;;1;;;1;;
3;03-MAYOR A PUNTO DE PEDIDO;1048856;ZSCD;BALDE PLASTICO 12LTS.;MR01;0374;EA03CAJON;V1;3;HB;6;6;0;0;0;0;C17;INSUMOS A;14913,3;;;FERRETERIA;?;?;0;0;KG;0;15;14913,32;;;;1;;;1;;
3;03-MAYOR A PUNTO DE PEDIDO;1049304;ZSCD;HOJA CALADORA;MR01;0374;;V1;30;HB;50;50;0;0;0;0;C27;FERRETERIA MR01;86777;LEVAS BOSC;T119;FERRETERIA;?;?;0;0;KG;0;15;86777;;;;1;;;1;;
2;02-MENOR A PUNTO DE PEDIDO;1049436;ZSCD;MARTILLO CARPINTERO C/CABO DE FIBRA;MR01;0374;DA02CAJON;V1;20;HB;40;10;0;0;0;0;C27;FERRETERIA MR01;86450;;;FERRETERIA;?;?;0;0;KG;0;0;86450;;1;;;;;1;;
3;03-MAYOR A PUNTO DE PEDIDO;1049470;ZSCD;ELECTRODO 6013 X 1,5MM X KG;MR01;0374;;V1;50;HB;75;75;0;0;0;0;C27;FERRETERIA MR01;1174447,5;;;FERRETERIA;?;?;0;0;KG;0;0;1174447,5;;;;1;;;1;;
3;03-MAYOR A PUNTO DE PEDIDO;1049535;ZSSD;GUANTES LATEX TALLE L;MR01;0374;FC03PALLET;V1;12;HB;24;23;0;0;0;0;C17;INSUMOS A;41737,41;;;LIMPIEZA;?;?;0;0;KG;0;15;41737,29;;;;1;;;1;;
3;03-MAYOR A PUNTO DE PEDIDO;1049668;ZSTO;TORNILLO;MR01;0374;;V1;136;HB;270;194;0;0;0;0;C03;EQUIPOS;919164,24;;19H3030;EQUIPOS;?;?;0;0;KG;0;0;919163,72;;;;1;;;1;;
4;04-MAYOR A STOCK MAXIMO;1049669;ZSTO;TUERCA DE SEGURIDAD;MR01;0374;;V1;136;HB;270;290;0;0;0;0;C03;EQUIPOS;738424,1;;B30963;EQUIPOS;?;?;0;0;KG;0;0;738423,85;;;;;1;;1;;
2;02-MENOR A PUNTO DE PEDIDO;1049670;ZSTO;DIENTE CORTE IZQUIERDO;MR01;0374;BB01BIS;V1;34;HB;68;31;0;0;0;0;C03;EQUIPOS;319456,55;;KV17002 / BOBCAT 06634415;EQUIPOS;?;?;0;0;KG;0;0;319456,46;;1;;;;;1;;
2;02-MENOR A PUNTO DE PEDIDO;1049671;ZSTO;DIENTE CORTE DERECHO;MR01;0374;BB01BIS;V1;34;HB;68;30;0;0;0;0;C03;EQUIPOS;340487,1;;KV17003 / BOBCAT 06634414;EQUIPOS;?;?;0,5;0;KG;9900;0;340486,98;;1;;;;;1;;
3;03-MAYOR A PUNTO DE PEDIDO;1049984;ZSCD;CHALECO GRAFA REFLECTIVO VERDE C2 T.S;MR01;0374;EA01PALLET;V1;2;HB;4;4;0;0;0;0;C28;SEGURIDAD/ROPA/EPP;75600;;;SEGURIDAD;INDUMENTARIA;?;0;0;KG;0;15;75600;;;;1;;;1;;
3;03-MAYOR A PUNTO DE PEDIDO;1050293;ZSTO;FILTRO AIRE PRIMARIO - SANY SRC900T;MR01;0374;BA02;V1;1;HB;2;2;0;0;0;0;C29;FILTROS/RESPUESTOS;100432,6;;160602020025B;EQUIPOS;?;?;0;0;KG;0;15;100432,6;;;;1;;;1;;
3;03-MAYOR A PUNTO DE PEDIDO;1050295;ZSTO;FILTRO AIRE SECUNDARIO - SANY SRC900T;MR01;0374;BA01SUB;V1;1;HB;2;2;0;0;0;0;C29;FILTROS/RESPUESTOS;59091,06;;160602010040B001;EQUIPOS;?;?;0;0;KG;0;15;59091,05;;;;1;;;1;;
3;03-MAYOR A PUNTO DE PEDIDO;1050296;ZSTO;FILTRO DE ACEITE - SANY SRC900T;MR01;0374;BA01SUB;V1;1;HB;2;2;0;0;0;0;C29;FILTROS/RESPUESTOS;37858,5;;60034227;EQUIPOS;?;?;0;0;KG;0;0;37858,5;;;;1;;;1;;
3;03-MAYOR A PUNTO DE PEDIDO;1050297;ZSTO;FILTRO COMBUSTIBLE  - SANY SRC900T;MR01;0374;BA01SUB;V1;1;HB;2;2;0;0;0;0;C29;FILTROS/RESPUESTOS;39559,4;;131288000041A // 5289992 DCEC CUMMINS;EQUIPOS;?;?;0;0;KG;0;0;39559,4;;;;1;;;1;;
3;03-MAYOR A PUNTO DE PEDIDO;1050298;ZSTO;FILTRO COMBUSTIBLE  - SANY SRC900T;MR01;0374;BA01SUB;V1;1;HB;2;2;0;0;0;0;C29;FILTROS/RESPUESTOS;71677,5;;60252396;EQUIPOS;?;?;0;0;KG;0;15;71677,5;;;;1;;;1;;
3;03-MAYOR A PUNTO DE PEDIDO;1050299;ZSTO;FILTRO TRAMPA DE AGUA  - SANY SRC900T;MR01;0374;BA01SUB;V1;1;HB;2;2;0;0;0;0;C29;FILTROS/RESPUESTOS;123809,16;;60242352 // 400-880-9119 CUMMINS;EQUIPOS;?;?;0;0;KG;0;15;123809,14;;;;1;;;1;;
3;03-MAYOR A PUNTO DE PEDIDO;1054304;ZSSD;SOGA NAUTICA 4MM;MR01;0374;MJ06;V1;100;HB;200;199;0;0;0;0;C27;FERRETERIA MR01;17999,55;;MÚLT. 100 MTS;FERRETERIA;?;?;0;0;KG;0;0;17999,55;;;;1;;;1;;
2;02-MENOR A PUNTO DE PEDIDO;1054305;ZSCD;AEROSOL BASE AGUA ROJO X440CC;MR01;0374;;V1;96;HB;240;18;0;0;0;0;C22;INSUMOS C;254682;;;INSUMOS;?;?;0;0;KG;0;15;254682;;1;;;;;1;;
3;03-MAYOR A PUNTO DE PEDIDO;1054306;ZSCD;AEROSOL BASE AGUA AZUL X440CC;MR01;0374;;V1;96;HB;240;120;0;0;0;0;C22;INSUMOS C;1697880;;;INSUMOS;?;?;0;0;KG;0;15;1697880;;;;1;;;1;;
3;03-MAYOR A PUNTO DE PEDIDO;1054307;ZSCD;AEROSOL BASE AGUA NEGRO X440CC;MR01;0374;;V1;12;HB;24;18;0;0;0;0;C22;INSUMOS C;262327,32;;;INSUMOS;?;?;0;0;KG;0;15;262327,32;;;;1;;;1;;
2;02-MENOR A PUNTO DE PEDIDO;1054308;ZSCD;AEROSOL BASE AGUA AMARILLO X440CC;MR01;0374;;V1;12;HB;24;12;0;0;0;0;C22;INSUMOS C;175153,08;;;INSUMOS;?;?;0;0;KG;0;15;175153,14;;1;;;;;1;;
3;03-MAYOR A PUNTO DE PEDIDO;1054310;ZSCD;AEROSOL BASE AGUA BLANCO X440CC;MR01;0374;;V1;48;HB;96;96;0;0;0;0;C22;INSUMOS C;1381115,52;;;INSUMOS;?;?;0;0;KG;0;15;1381115,22;;;;1;;;1;;
3;03-MAYOR A PUNTO DE PEDIDO;1054311;ZSCD;AEROSOL BASE AGUA VERDE X440CC;MR01;0374;;V1;12;HB;24;24;0;0;0;0;C22;INSUMOS C;345572,4;;;INSUMOS;?;?;0;0;KG;0;15;345572,32;;;;1;;;1;;
3;03-MAYOR A PUNTO DE PEDIDO;1054316;ZSSD;SIKAGROUT 212 X25KG;MR01;0374;;V1;100;HB;200;200;0;0;0;0;C18;HORMIGÓN;3864384;;;HORMIGON;?;?;0;0;KG;0;15;3864384;;;;1;;;1;;
3;03-MAYOR A PUNTO DE PEDIDO;1054328;ZSSD;SIKA MONOTOP 312 X25KG;MR01;0374;;V1;5;HB;10;10;0;0;0;0;C18;HORMIGÓN;376505;;;HORMIGON;ADITIVO;?;0;0;KG;0;15;376505;;;;1;;;1;;
2;02-MENOR A PUNTO DE PEDIDO;1054331;ZSSD;SIKA ANTISOL BASE SOLVENTE X200LT;MR01;0374;;V1;1;HB;2;1;0;0;0;0;C18;HORMIGÓN;1216788,09;;;HORMIGON;?;?;0;0;KG;0;15;1216788,09;;1;;;;;1;;
2;02-MENOR A PUNTO DE PEDIDO;1054337;ZSCD;HOJA CALADORA;MR01;0374;;V1;10;HB;20;10;0;0;0;0;C27;FERRETERIA MR01;14000;LEVAS BOSC;T144DP;FERRETERIA;?;?;0;0;KG;0;15;14000;;1;;;;;1;;
3;03-MAYOR A PUNTO DE PEDIDO;1054338;ZSCD;PINTURA AEROSOL ALTO RENDIMIENTO GRIS;MR01;0374;;V1;48;HB;96;96;0;0;0;0;C22;INSUMOS C;1163424;;ULTRA COVER 2X;INSUMOS;?;?;0;0;KG;0;15;1163424;;;;1;;;1;;
3;03-MAYOR A PUNTO DE PEDIDO;1054414;ZSCD;TONER CF279A;MR01;0374;;V1;3;HB;6;6;0;0;0;0;C05;INFORMÁT.-HARDWARE;60030,84;HEWLETT PA;CF279A;LIBRERIA;?;?;0;0;KG;0;15;60030,86;;;;1;;;1;;
3;03-MAYOR A PUNTO DE PEDIDO;1054418;ZSCD;CARTUCHO TONER AMARILLO LC406XL;MR01;0374;;V1;4;HB;8;7;0;0;0;0;C05;INFORMÁT.-HARDWARE;690900;;LC406XL BROTHER MOD 2;LIBRERIA;?;?;0;0;KG;0;15;690900;;;;1;;;1;;
3;03-MAYOR A PUNTO DE PEDIDO;1054419;ZSCD;CARTUCHO TONER CYAN LC406XL;MR01;0374;;V1;4;HB;8;7;0;0;0;0;C05;INFORMÁT.-HARDWARE;690900;;LC406XL BROTHER MOD 2;LIBRERIA;?;?;0;0;KG;0;15;690900;;;;1;;;1;;
3;03-MAYOR A PUNTO DE PEDIDO;1054420;ZSCD;CARTUCHO TONER MAGENTA LC406XL;MR01;0374;;V1;4;HB;8;7;0;0;0;0;C05;INFORMÁT.-HARDWARE;690900;;LC406XL BROTHER MOD 2;LIBRERIA;?;?;0;0;KG;0;15;690900;;;;1;;;1;;
3;03-MAYOR A PUNTO DE PEDIDO;1054421;ZSCD;CARTUCHO TONER NEGRO LC406XL;MR01;0374;;V1;4;HB;8;7;0;0;0;0;C05;INFORMÁT.-HARDWARE;623000;;LC406XL BROTHER MOD 2;LIBRERIA;?;?;0;0;KG;0;15;623000;;;;1;;;1;;
3;03-MAYOR A PUNTO DE PEDIDO;1054745;ZSCD;PLANCHA TELGOPOR ALTA DENSI 1X1MT X10MM;MR01;0374;;V1;100;HB;200;200;0;0;0;0;C19;ARQ./AMOBLAMIENTO;387400;;;FERRETERIA;?;?;0;0;KG;0;0;387400;;;;1;;;1;;
3;03-MAYOR A PUNTO DE PEDIDO;1055216;ZSSD;CARTUCHO P/POLVO S/ANEXO XPAR;MR01;0374;;V1;10;HB;20;20;0;0;0;0;C28;SEGURIDAD/ROPA/EPP;593334;;MARCA: 3M | COD: 2091 P100;SEGURIDAD;EPP;?;0;0;KG;0;15;593334;;;;1;;;1;;
3;03-MAYOR A PUNTO DE PEDIDO;1055223;ZSCD;MAZA VOLEO AC. FORJ. C/CABO PLAST. 10KG;MR01;0374;;V1;2;HB;4;4;0;0;0;0;C27;FERRETERIA MR01;600000;;;FERRETERIA;?;?;0;0;KG;0;0;600000;;;;1;;;1;;
3;03-MAYOR A PUNTO DE PEDIDO;1055451;ZSTO;MAMEL. 1°CAL. DESC. LAMIN.BLANCO 60GXXXL;MR01;0374;;V1;400;HB;600;600;0;0;0;0;C28;SEGURIDAD/ROPA/EPP;5236302;;FABRICANTE DUPONT/MODELO TIVEK 500;SEGURIDAD;INDUMENTARIA;?;0,205;0;KG;2418;21;5236302;;;;1;;;1;;
3;03-MAYOR A PUNTO DE PEDIDO;1000026;ZSTO;FILTRO DE RETORNO (HIDRAULICO);MR01;0377;C2F2;V1;1;HB;2;2;0;0;0;0;F07;FILTRO FLUIDO HIDR;6167,6;VOLVO CONS;VOE14539482;FILTROS;PIPELAYER PL 3005D VOLVO;7-PESADO;3,62;0;KG;12032;30;6167,6;;;;1;;;1;;
3;03-MAYOR A PUNTO DE PEDIDO;1000030;ZSTO;FILTRO HIDRAULICO;MR01;0377;C2 C3;V1;1;HB;2;2;0;0;0;0;F07;FILTRO FLUIDO HIDR;13674,68;PALFINGER //;EA1412 // MSA02 KIT;FILTROS;PKB15500;8-VARIOS;0,23;0;KG;640;25;13674,68;;;;1;;;1;;
3;03-MAYOR A PUNTO DE PEDIDO;1000041;ZSTO;BOTIQUIN 1ROS. AUXILIOS N 10;MR01;0377;E1F4;V1;5;HB;10;10;0;0;0;0;C28;SEGURIDAD/ROPA/EPP;496300,3;;;SEGURIDAD;BOTIQUIN;7-PESADO;3,128;0;KG;9855;21;496300,28;;;;1;;;1;;
3;03-MAYOR A PUNTO DE PEDIDO;1000042;ZSTO;BOTIQUIN 1ROS. AUXILIOS N 6;MR01;0377;;V1;5;HB;10;10;0;0;0;0;C28;SEGURIDAD/ROPA/EPP;178680,5;;;SEGURIDAD;BOTIQUIN;8-VARIOS;0,803;0;KG;3300;21;178680,46;;;;1;;;1;;
3;03-MAYOR A PUNTO DE PEDIDO;1000043;ZSTO;BOTIQUIN 1ROS. AUXILIOS N 2;MR01;0377;E1C3;V1;10;HB;20;20;0;0;0;0;C28;SEGURIDAD/ROPA/EPP;143928,2;;;SEGURIDAD;BOTIQUIN;8-VARIOS;0,267;0;KG;972;21;143928,14;;;;1;;;1;;
3;03-MAYOR A PUNTO DE PEDIDO;1001674;ZSTO;CLAVOS P.PARIS 1 XKG;MR01;0377;;V1;5;HB;10;10;0;0;0;0;C08;ACERO;1771,6;;MÚLT. 30 KG;ACEROS;CLAVOS;7-PESADO;1;0;KG;1080;20;1771,57;;;;1;;;1;;
3;03-MAYOR A PUNTO DE PEDIDO;1001675;ZSTO;CLAVOS P.PARIS 2 XKG;MR01;0377;;V1;5;HB;10;10;0;0;0;0;C08;ACERO;23559,3;;MÚLT. 30 KG;ACEROS;CLAVOS;7-PESADO;1;0;KG;1080;15;23559,3;;;;1;;;1;;
3;03-MAYOR A PUNTO DE PEDIDO;1001676;ZSTO;CLAVOS P.PARIS 2 1 2 XKG;MR01;0377;;V1;5;HB;10;10;0;0;0;0;C08;ACERO;27696,1;;MÚLT. 30 KG;ACEROS;CLAVOS;7-PESADO;1;0;KG;1080;15;27696,12;;;;1;;;1;;
3;03-MAYOR A PUNTO DE PEDIDO;1001678;ZSTO;FICHA T.STECK HEMBRA 220V 16A 2P T X UN;MR01;0377;C2Ñ3;V1;10;HB;20;11;0;0;0;0;C11;ELECTRICIDAD;85387,61;;;ELECTRICIDAD;FICHAS;8-VARIOS;0,12;0;KG;308,701;21;85387,66;;;;1;;;1;;
3;03-MAYOR A PUNTO DE PEDIDO;1001679;ZSTO;FICHA T.STECK MACHO 220V 16A 2P T XUN;MR01;0377;C2Ñ3;V1;10;HB;20;20;0;0;0;0;C11;ELECTRICIDAD;109091,4;;;ELECTRICIDAD;FICHAS;8-VARIOS;0,09;0;KG;206,651;21;109091,43;;;;1;;;1;;
3;03-MAYOR A PUNTO DE PEDIDO;1001680;ZSTO;FICHA T.STECK HEMBRA 380V 32A T N XUN;MR01;0377;C2Ñ3;V1;10;HB;20;20;0;0;0;0;C11;ELECTRICIDAD;125024,8;;;ELECTRICIDAD;FICHAS;8-VARIOS;0,28;0;KG;576,975;15;125024,78;;;;1;;;1;;
3;03-MAYOR A PUNTO DE PEDIDO;1001681;ZSTO;FICHA T.STECK MACHO 380V 32A T N XUN;MR01;0377;C2Ñ3;V1;10;HB;20;18;0;0;0;0;C11;ELECTRICIDAD;127296,18;;;ELECTRICIDAD;FICHAS;8-VARIOS;0,22;0;KG;423,9;15;127296,1;;;;1;;;1;;
3;03-MAYOR A PUNTO DE PEDIDO;1001682;ZSTO;MAMEL. 1°CAL. DESC. LAMIN.BLANCO 60GR.XL;MR01;0377;E1A3;V1;100;HB;200;175;0;0;0;0;C28;SEGURIDAD/ROPA/EPP;1509417;;FABRICANTE:DUPONT | MODELO:TYVEK 500;SEGURIDAD;INDUMENTARIA;8-VARIOS;0,195;0;KG;2232;21;1509417,25;;;;1;;;1;;
3;03-MAYOR A PUNTO DE PEDIDO;1001684;ZSTO;DELANTALDESCARNE0.60X1.20CONREFUERZO;MR01;0377;;V1;20;HB;30;23;0;0;0;0;C28;SEGURIDAD/ROPA/EPP;513064,68;;;SEGURIDAD;INDUMENTARIA;8-VARIOS;1,079;0;KG;3744;21;513064,69;;;;1;;;1;;
2;02-MENOR A PUNTO DE PEDIDO;1001686;ZSTO;ANTEOJO GRIS;MR01;0377;E1A4;V1;180;HB;350;90;0;0;0;0;C28;SEGURIDAD/ROPA/EPP;65751,5;LIBUS // 3M // MSA // STEELPRO;ECOLINEHC (MÚLT. 10U) // SECUREFIT SF202AF GRIS // MSA PERSPECTA SMOKE // STEELPRO SPY SMOKE;SEGURIDAD;ACCESORIO SEGURIDAD;9-FRAGIL;0,024;0;KG;252;21;118352,53;;1;;;;;1;;
3;03-MAYOR A PUNTO DE PEDIDO;1001687;ZSTO;ANTEOJO INCOLORO;MR01;0377;E1B3;V1;100;HB;200;124;0;0;0;0;C28;SEGURIDAD/ROPA/EPP;144887,8;LIBUS // 3M // MSA // STEELPRO;ECOLINEHC (MÚLT. 10U) // SECUREFIT SF201AF CLEAR // MSA PERSPECTA CLEAR // STEELPRO SPY CLEAR;SEGURIDAD;ACCESORIO SEGURIDAD;9-FRAGIL;0,023;0;KG;252;21;144887,55;;;;1;;;1;;
3;03-MAYOR A PUNTO DE PEDIDO;1001695;ZSTO;MANGA DESCARNE;MR01;0377;E1A3;V1;10;HB;20;12;0;0;0;0;C28;SEGURIDAD/ROPA/EPP;80588,76;;;SEGURIDAD;INDUMENTARIA;8-VARIOS;0;0;KG;0;21;80588,8;;;;1;;;1;;
3;03-MAYOR A PUNTO DE PEDIDO;1001696;ZSTO;POLAINA DESCARNE;MR01;0377;E1B4;V1;8;HB;15;12;0;0;0;0;C28;SEGURIDAD/ROPA/EPP;79950,12;;;SEGURIDAD;INDUMENTARIA;8-VARIOS;0,302;0;KG;2962,5;21;79950,18;;;;1;;;1;;
2;02-MENOR A PUNTO DE PEDIDO;1001697;ZSTO;GUANTE VAQUETA MEDIO PASEO T.10;MR01;0377;E1A3;V1;350;HB;500;329;0;0;0;0;C28;SEGURIDAD/ROPA/EPP;776699,91;;MÚLT. 12U;SEGURIDAD;GUANTE;8-VARIOS;0,122;0;KG;650;21;776700,49;;1;;;;;1;;
2;02-MENOR A PUNTO DE PEDIDO;1001698;ZSTO;GUANTE ALGODON MOTEADO;MR01;0377;E1A4;V1;100;HB;200;93;0;0;0;0;C28;SEGURIDAD/ROPA/EPP;49749,42;;MÚLT. 12U;SEGURIDAD;GUANTE;8-VARIOS;0,062;0;KG;308;21;49749,71;;1;;;;;1;;
2;02-MENOR A PUNTO DE PEDIDO;1001700;ZSTO;CASCO CARCAZA AMARILLO;MR01;0377;E1B5;V1;10;HB;20;10;0;0;0;0;C28;SEGURIDAD/ROPA/EPP;29469,7;LIBUS // 3M // MSA // STEELPRO;MILENIUM // H-700 AMARILLO // V-GARD AMARILLO // STEELPRO SAFETY AMARILLO;SEGURIDAD;ACCESORIO SEGURIDAD;8-VARIOS;0,285;0;KG;9900;21;29469,74;;1;;;;;1;;
3;03-MAYOR A PUNTO DE PEDIDO;1001701;ZSTO;GUANTE NITRILO AZUL PUÑO ELASTIZADO;MR01;0377;;V1;30;HB;60;39;0;0;0;0;C28;SEGURIDAD/ROPA/EPP;138843,12;;;SEGURIDAD;GUANTE;8-VARIOS;0,113;0;KG;156,25;21;138842,94;;;;1;;;1;;
4;04-MAYOR A STOCK MAXIMO;1001702;ZSTO;GUANTE SOLDADOR COSTURA KEVLAR;MR01;0377;;V1;20;HB;50;64;0;0;0;0;C28;SEGURIDAD/ROPA/EPP;315411,84;;;SEGURIDAD;GUANTE;8-VARIOS;0,265;0;KG;527;21;315411,54;;;;;1;;1;;
3;03-MAYOR A PUNTO DE PEDIDO;1001704;ZSTO;PROTECTORFACIALSOPORTEARNESCREMALLERA;MR01;0377;E1C4;V1;20;HB;40;28;0;0;0;0;C28;SEGURIDAD/ROPA/EPP;209669,04;LIBUS;901383;SEGURIDAD;ACCESORIO SEGURIDAD;8-VARIOS;0,155;0;KG;6864;15;209668,96;;;;1;;;1;;
3;03-MAYOR A PUNTO DE PEDIDO;1001706;ZSTO;GUANTE LATEX USO MEDICINAL CAJA X 100 UN;MR01;0377;E1C3;V1;3;HB;6;4;0;0;0;0;C28;SEGURIDAD/ROPA/EPP;22193,68;;;SEGURIDAD;GUANTE;8-VARIOS;0,625;0;KG;1320;21;22193,69;;;;1;;;1;;
3;03-MAYOR A PUNTO DE PEDIDO;1001708;ZSTO;GUANTE POLIAMIDA LAMINADO PALMAPU-TALLE9;MR01;0377;;V1;120;HB;240;136;0;0;0;0;C28;SEGURIDAD/ROPA/EPP;83763,76;;MÚLT. 12U;SEGURIDAD;GUANTE;8-VARIOS;0,028;0;KG;500;21;83763,14;;;;1;;;1;;
4;04-MAYOR A STOCK MAXIMO;1001709;ZSTO;CINTA PELIGRO 200 MT ROJA BLANCA NYLON;MR01;0377;E1C3;V1;5;HB;10;16;0;0;0;0;C28;SEGURIDAD/ROPA/EPP;24432,96;;;SEGURIDAD;SEÑALIZACION;8-VARIOS;0,31;0;KG;807,373;30;24432,96;;;;;1;;1;;
4;04-MAYOR A STOCK MAXIMO;1001710;ZSTO;CINTA DEMARCAR PELIGRO ECOLOGICA;MR01;0377;E2F2;V1;15;HB;30;35;0;0;0;0;C28;SEGURIDAD/ROPA/EPP;819241,5;;;SEGURIDAD;SEÑALIZACION;8-VARIOS;2,037;0;KG;4903,503;15;819241,44;;;;;1;;1;;
3;03-MAYOR A PUNTO DE PEDIDO;1001715;ZSTO;PROTECTOR AUDITIVO COPA VINCHA;MR01;0377;;V1;10;HB;20;20;0;0;0;0;C28;SEGURIDAD/ROPA/EPP;309644;LIBUS;L320;SEGURIDAD;ACCESORIO SEGURIDAD;9-FRAGIL;0,24;0;KG;3790,5;15;309643,91;;;;1;;;1;;
3;03-MAYOR A PUNTO DE PEDIDO;1001716;ZSTO;TAPON AUDITIVO;MR01;0377;C1 B2;V1;50;HB;100;83;0;0;0;0;C28;SEGURIDAD/ROPA/EPP;38699,58;LIBUS // 3M // MSA // STEELPRO;QUANTUM-REUSABLE (MÚLT. 50U) // ULTRAFIT UF-01-000 // MSA WAVEFIT // STEELPRO REUSABLE PLUG;SEGURIDAD;ACCESORIO SEGURIDAD;9-FRAGIL;0,004;0;KG;28,8;21;38699,72;;;;1;;;1;;
3;03-MAYOR A PUNTO DE PEDIDO;1001717;ZSTO;PROTECTOR FACIAL BURBUJA INCOLORO;MR01;0377;;V1;40;HB;80;53;0;0;0;0;C28;SEGURIDAD/ROPA/EPP;762965,21;LIBUS // 3M // MSA // STEELPRO;901386 // VISOR WP96 + SOPORTE // MSA VISOR CLEAR // STEELPRO BURBUJA CLEAR;SEGURIDAD;ACCESORIO SEGURIDAD;9-FRAGIL;0,176;0;KG;6721;21;762965,41;;;;1;;;1;;
3;03-MAYOR A PUNTO DE PEDIDO;1001718;ZSTO;RODILLERA SOLDADOR;MR01;0377;E1C4;V1;10;HB;20;18;0;0;0;0;C28;SEGURIDAD/ROPA/EPP;150872,4;;;SEGURIDAD;ACCESORIO SEGURIDAD;8-VARIOS;0,276;0;KG;1501,5;21;150872,35;;;;1;;;1;;
3;03-MAYOR A PUNTO DE PEDIDO;1001719;ZSTO;BALIZA DESTELLANTE AUTONOMA CONO 1000HS;MR01;0377;;V1;20;HB;40;36;0;0;0;0;C28;SEGURIDAD/ROPA/EPP;767407,32;;;SEGURIDAD;SEÑALIZACION;9-FRAGIL;1,037;0;KG;5896,875;15;767407,17;;;;1;;;1;;
2;02-MENOR A PUNTO DE PEDIDO;1001727;ZSTO;PROTECTOR AUDITIVO COPA P/CASCO;MR01;0377;E1A4;V1;15;HB;30;15;0;0;0;0;C28;SEGURIDAD/ROPA/EPP;440220,75;LIBUS // 3M // MSA // STEELPRO;L300 // PELTOR X4P3E // LEFT/RIGHT CAP MOUNTED // CM-502 CASCO;SEGURIDAD;ACCESORIO SEGURIDAD;9-FRAGIL;0,244;0;KG;2185;21;440220,71;;1;;;;;1;;
3;03-MAYOR A PUNTO DE PEDIDO;1001728;ZSTO;ADAPTADOR PROTECTOR FACIAL AUDITIVO;MR01;0377;E1C4;V1;20;HB;40;22;0;0;0;0;C28;SEGURIDAD/ROPA/EPP;540240,36;LIBUS // 3M // MSA // STEELPRO;902493 // ADAPTADOR VISOR PELTOR // ADAPTADOR VISOR PELTOR // UNIVERSAL STEELPRO;SEGURIDAD;ACCESORIO SEGURIDAD;9-FRAGIL;0;0;KG;2800;21;540240,43;;;;1;;;1;;
3;03-MAYOR A PUNTO DE PEDIDO;1001731;ZSTO;MALLA NARANJA 50 MT;MR01;0377;E2F5;V1;10;HB;20;11;0;0;0;0;C28;SEGURIDAD/ROPA/EPP;162923,09;;;SEGURIDAD;SEÑALIZACION;8-VARIOS;3,035;0;KG;9498,5;15;162923,14;;;;1;;;1;;
3;03-MAYOR A PUNTO DE PEDIDO;1001734;ZSTO;GRILLETECORAZON12TONELADASC CERTIFICADO;MR01;0377;;V1;1;HB;2;2;0;0;0;0;C27;FERRETERIA MR01;474670,54;;;SEGURIDAD;LOGISTICA;7-PESADO;4,26;0;KG;2380;21;474670,54;;;;1;;;1;;
3;03-MAYOR A PUNTO DE PEDIDO;1001752;ZSTO;BOTIN MARRON/NEGRO FLOR P.ACERO N 36;MR01;0377;;V1;3;HB;6;6;0;0;0;0;C28;SEGURIDAD/ROPA/EPP;185714,16;CONWORK // VORAN // VORAN // CALZADOS A // // // // FUNCIONAL // // BORIS // BORIS;53BAF // ARGOS2M04 // CRONOS N T36 // ESCORPIO PRUS 1050 T36 // RINGO MOD BOLT TALLE 36 // RINGO-MOD PUNCH TALLE 36 // SKIWAY MOD. 3243 T36 // . // 3243 // 3305 T36 // 3305;SEGURIDAD;CALZADO;8-VARIOS;1,193;0;KG;11713;21;185714,14;;;;1;;;1;;
3;03-MAYOR A PUNTO DE PEDIDO;1001753;ZSTO;BOTIN MARRON/NEGRO FLOR P.ACERO N 37;MR01;0377;;V1;3;HB;6;6;0;0;0;0;C28;SEGURIDAD/ROPA/EPP;215237,64;CONWORK // VORAN // CALZADOS A // // // //;53BAF // CRONOS N T37 // ESCORPIO PRUS 1050 T37 // RINGO MOD BOLT TALLE 37 // RINGO-MOD PUNCH TALLE 37 // SKIWAY MOD. 3243 T37 // 3305 T37;SEGURIDAD;CALZADO;8-VARIOS;1,23;0;KG;12057,5;21;215237,64;;;;1;;;1;;
3;03-MAYOR A PUNTO DE PEDIDO;1001754;ZSTO;BOTIN MARRON/NEGRO FLOR P.ACERO N 38;MR01;0377;E2F4;V1;4;HB;8;7;0;0;0;0;C28;SEGURIDAD/ROPA/EPP;212712,99;CONWORK // VORAN // CALZADOS A // // // // BORIS;53BAF // CRONOS N T38 // ESCORPIO PRUS 1050 T38 // RINGO MOD BOLT TALLE 38 // RINGO-MOD PUNCH TALLE 38 // SKIWAY MOD. 3243 T38 // 3305 T38;SEGURIDAD;CALZADO;8-VARIOS;1,167;0;KG;11934;21;212712,95;;;;1;;;1;;
4;04-MAYOR A STOCK MAXIMO;1001755;ZSTO;BOTIN MARRON/NEGRO FLOR P.ACERO N 39;MR01;0377;E2F4;V1;5;HB;10;16;0;0;0;0;C28;SEGURIDAD/ROPA/EPP;551813,44;CONWORK // VORAN // CALZADOS A // // // // BORIS;53BAF // CRONOS N T39 // ESCORPIO PRUS 1050 T39 // RINGO MOD BOLT TALLE 39 // RINGO-MOD PUNCH TALLE 39 // SKIWAY MOD. 3243 T39 // 3305 T39;SEGURIDAD;CALZADO;8-VARIOS;1,3;0;KG;12521,25;21;551813,49;;;;;1;;1;;
3;03-MAYOR A PUNTO DE PEDIDO;1001756;ZSTO;BOTIN MARRON/NEGRO FLOR P.ACERO N 40;MR01;0377;E2E5;V1;8;HB;15;12;0;0;0;0;C28;SEGURIDAD/ROPA/EPP;435874,68;CONWORK // VORAN // CALZADOS A // // // // BORIS;53BAF // CRONOS N T40 // ESCORPIO PRUS 1050 T40 // RINGO MOD BOLT TALLE 40 // RINGO-MOD PUNCH TALLE 40 // SKIWAY MOD. 3243 T40 // 3305 T40;SEGURIDAD;CALZADO;8-VARIOS;1,25;0;KG;11934;21;435874,72;;;;1;;;1;;
3;03-MAYOR A PUNTO DE PEDIDO;1001757;ZSTO;BOTIN MARRON/NEGRO FLOR P.ACERO N 41;MR01;0377;;V1;8;HB;15;10;0;0;0;0;C28;SEGURIDAD/ROPA/EPP;363025,4;CONWORK // VORAN // CALZADOS A // // // // BORIS;53BAF // CRONOS N T41 // ESCORPIO PRUS 1050 T41 // RINGO MOD BOLT TALLE 41 // RINGO-MOD PUNCH TALLE 41 // SKIWAY MOD. 3243 T41 // 3305 T41;SEGURIDAD;CALZADO;8-VARIOS;1,296;0;KG;11934;21;363025,4;;;;1;;;1;;
2;02-MENOR A PUNTO DE PEDIDO;1001758;ZSTO;BOTIN MARRON/NEGRO FLOR P.ACERO N 42;MR01;0377;;V1;8;HB;15;7;0;0;0;0;C28;SEGURIDAD/ROPA/EPP;243020,75;CONWORK // VORAN // CALZADOS A // // // // BORIS;53BAF // CRONOS N T42 // ESCORPIO PRUS 1050 T42 // RINGO MOD BOLT TALLE 42 // RINGO-MOD PUNCH TALLE 42 // SKIWAY MOD. 3243 T42 // 3305 T42;SEGURIDAD;CALZADO;8-VARIOS;1,392;0;KG;12163,5;21;243020,78;;1;;;;;1;;
2;02-MENOR A PUNTO DE PEDIDO;1001759;ZSTO;BOTIN MARRON/NEGRO FLOR P.ACERO N 43;MR01;0377;E2D5;V1;8;HB;15;6;0;0;0;0;C28;SEGURIDAD/ROPA/EPP;206516,7;CONWORK // VORAN // CALZADOS A // // // // BORIS;53BAF // CRONOS N T43 // ESCORPIO PRUS 1050 T43 // RINGO MOD BOLT TALLE 43 // RINGO-MOD PUNCH TALLE 43 // SKIWAY MOD. 3243 T43 // 3305 T43;SEGURIDAD;CALZADO;8-VARIOS;1,539;0;KG;13329,36;21;206516,7;;1;;;;;1;;
3;03-MAYOR A PUNTO DE PEDIDO;1001760;ZSTO;BOTINMARRON/NEGRO FLOR P.ACERO N 44;MR01;0377;E2E5;V1;8;HB;15;15;0;0;0;0;C28;SEGURIDAD/ROPA/EPP;439648,8;CONWORK // VORAN // CALZADOS A // // // BORIS;53BAF // CRONOS N T44 // ESCORPIO PRUS 1050 T44 // RINGO MOD BOLT TALLE 44 // RINGO-MOD PUNCH TALLE 44 // 3305 T44;SEGURIDAD;CALZADO;8-VARIOS;1,365;0;KG;11934;21;439648,87;;;;1;;;1;;
3;03-MAYOR A PUNTO DE PEDIDO;1001761;ZSTO;BOTIN MARRON/NEGRO FLOR P.ACERO N 45;MR01;0377;E2F4;V1;5;HB;10;10;0;0;0;0;C28;SEGURIDAD/ROPA/EPP;281402,9;CONWORK // VORAN // CALZADOS A // // // // BORIS;53BAF // CRONOS N T45 // ESCORPIO PRUS 1050 T45 // RINGO MOD BOLT TALLE 45 // RINGO-MOD PUNCH TALLE 45 // SKIWAY MOD. 3243 T45 // 3305 T45;SEGURIDAD;CALZADO;8-VARIOS;1,455;0;KG;12163,5;21;281402,95;;;;1;;;1;;
3;03-MAYOR A PUNTO DE PEDIDO;1001762;ZSTO;BOTIN MARRON/NEGRO FLOR P.ACERO N 46;MR01;0377;E2D5;V1;5;HB;10;6;0;0;0;0;C28;SEGURIDAD/ROPA/EPP;129786,78;CONWORK // VORAN // CALZADOS A // // // // BORIS;53BAF // CRONOS N T46 // ESCORPIO PRUS 1050 T46 // RINGO MOD BOLT TALLE 46 // RINGO-MOD PUNCH TALLE 46 // SKIWAY MOD. 3243 // 3305 T46;SEGURIDAD;CALZADO;8-VARIOS;1,75;0;KG;9306;21;129786,79;;;;1;;;1;;
4;04-MAYOR A STOCK MAXIMO;1001774;ZSTO;ESLINGA SINTETICA 4MTS 4TN CERTIFICADA;MR01;0377;C2 C1;V1;2;HB;4;8;0;0;0;0;C27;FERRETERIA MR01;564113,2;;;SEGURIDAD;LOGISTICA;7-PESADO;3,225;0;KG;4784;21;564113,24;;;;;1;;1;;
3;03-MAYOR A PUNTO DE PEDIDO;1001775;ZSTO;ESLINGA SINTETICA 8MTS 6TN CERTIFICADA;MR01;0377;C2 B1;V1;2;HB;4;4;0;0;0;0;C27;FERRETERIA MR01;787954,88;;;SEGURIDAD;LOGISTICA;7-PESADO;9,79;0;KG;17388;21;787954,87;;;;1;;;1;;
3;03-MAYOR A PUNTO DE PEDIDO;1001777;ZSTO;ESLINGA SINTETICA 6MTS 4TN CERTIFICADA;MR01;0377;E1E1;V1;2;HB;4;3;0;0;0;0;C27;FERRETERIA MR01;308279,88;;;SEGURIDAD;SERVICIOS GENERALES;7-PESADO;4,62;0;KG;7020,75;21;308279,88;;;;1;;;1;;
2;02-MENOR A PUNTO DE PEDIDO;1001778;ZSTO;YERBA MATE X 500GRS X UN;MR01;0377;C2 B1;CL;30;HB;60;5;0;0;0;0;C17;INSUMOS A;10237,35;;;ALIMENTOS;?;8-VARIOS;0;0;KG;0;15;10237,37;;1;;;;;1;;
4;04-MAYOR A STOCK MAXIMO;1001783;ZSTO;ACEITE HIDRAULICO X 205L;MR01;0377;;V1;2;HB;4;6;0;0;0;0;L01;ACEITES;1061076,36;YPF S.A. // YPF S.A.;ATF // 125492;LUBRICANTES;ACEITES;2-TACHO;193;0;KG;233705,49;15;1061076,38;;;;;1;;1;;
4;04-MAYOR A STOCK MAXIMO;1001784;ZSTO;ACEITE  HY GARD X 209L;MR01;0377;;V1;1;HB;2;3;0;0;0;0;L01;ACEITES;2907371,88;JOHN DEERE;HY GARD;LUBRICANTES;ACEITES;2-TACHO;193;0;KG;233705,49;15;2907371,88;;;;;1;;1;;
4;04-MAYOR A STOCK MAXIMO;1001786;ZSTO;ACEITE ISO 46 HIDRAULICO  X 205L;MR01;0377;;V1;1;HB;2;3;0;0;0;0;L01;ACEITES;1657872,96;YPF S.A. // YPF S.A.;BP46 // 135392;LUBRICANTES;ACEITES;2-TACHO;193;0;KG;233705,49;15;1657872,97;;;;;1;;1;;
3;03-MAYOR A PUNTO DE PEDIDO;1001787;ZSTO;ACEITE ISO 68 HIDRAULICO X 205L;MR01;0377;;V1;1;HB;2;2;0;0;0;0;L01;ACEITES;959370,52;YPF S.A. // YPF S.A.;BP68 // 135592;LUBRICANTES;ACEITES;2-TACHO;193;0;KG;233705,49;15;959370,52;;;;1;;;1;;
3;03-MAYOR A PUNTO DE PEDIDO;1001788;ZSTO;ACEITE SAE  10W X 205L;MR01;0377;;V1;1;HB;2;2;0;0;0;0;L01;ACEITES;1603111,92;YPF S.A. // YPF S.A.;10W // 151592;LUBRICANTES;ACEITES;2-TACHO;192,5;0;KG;235025,86;15;1603111,92;;;;1;;;1;;
3;03-MAYOR A PUNTO DE PEDIDO;1001790;ZSTO;ACEITE 15W40  X 205L;MR01;0377;;V1;3;HB;6;5;0;0;0;0;L01;ACEITES;3500193,2;YPF S.A. // EXXON MOBI // CATERPILLA // SHELL PLC. // VOLVO MAQU // YPF S.A.;EXTRAVIDA XV300 // DELVAC MX 15W40 APICI4 // DEO 15W40 // R4 15W40 APICI4 ACEAE5E7 // VDS3 // 189292;LUBRICANTES;ACEITES;2-TACHO;193;0;KG;232385,12;15;3500193,19;;;;1;;;1;;
3;03-MAYOR A PUNTO DE PEDIDO;1001791;ZSTO;ACEITE SAE 30 X 205L;MR01;0377;;V1;1;HB;2;2;0;0;0;0;L01;ACEITES;1580047,62;YPF S.A. // YPF S.A. // YPF S.A.;FT SUPER 30 TR // 151692;LUBRICANTES;ACEITES;2-TACHO;193;0;KG;233705,49;15;1580047,62;;;;1;;;1;;
3;03-MAYOR A PUNTO DE PEDIDO;1001792;ZSTO;ACEITE SAE 50  X 205L;MR01;0377;;V1;1;HB;2;2;0;0;0;0;L01;ACEITES;728023,31;YPF S.A.;;LUBRICANTES;ACEITES;2-TACHO;193;0;KG;233705,49;15;1456046,62;;;;1;;;1;;
3;03-MAYOR A PUNTO DE PEDIDO;1001795;ZSTO;ACEITE 85W140 X 205L;MR01;0377;;V1;1;HB;2;2;0;0;0;0;L01;ACEITES;812416,04;YPF S.A. // YPF S.A.;85W140 // 123192;LUBRICANTES;ACEITES;2-TACHO;193;0;KG;233705,49;15;812416,04;;;;1;;;1;;
3;03-MAYOR A PUNTO DE PEDIDO;1001801;ZSTO;ACEITE 80W X 205L;MR01;0377;;V1;1;HB;2;2;0;0;0;0;L01;ACEITES;336005,92;M-LUBE;GXA;LUBRICANTES;ACEITES;2-TACHO;195;0;KG;224462,9;15;336005,92;;;;1;;;1;;
3;03-MAYOR A PUNTO DE PEDIDO;1001804;ZSTO;GRASA LITIO LIMIT MO-2 (NEGRA) X 180 KG;MR01;0377;;V1;1;HB;2;2;0;0;0;0;L03;GRASAS;3096316,2;YPF S.A. // // YPF S.A.;LIMIT MO-2 // GADUS S2 V220 // 628793;LUBRICANTES;GRASA;2-TACHO;180;0;KG;299396;15;3096316,2;;;;1;;;1;;
3;03-MAYOR A PUNTO DE PEDIDO;1001809;ZSTO;ACEITE 10W30  X 20LT;MR01;0377;;V1;1;HB;2;2;0;0;0;0;C29;FILTROS/RESPUESTOS;108908,28;;;LUBRICANTES;ACEITES;6-PESADO Y FRAGIL;0;0;KG;0;15;108908,29;;;;1;;;1;;
4;04-MAYOR A STOCK MAXIMO;1001812;ZSTO;REFRIGERANTE ANTICONG. X20 LT;MR01;0377;;V1;6;HB;10;12;0;0;0;0;L02;FLUIDOS;1100839,08;YPF S.A. // YPF S.A.;KRIOX 3 INORGANICO // 185280;LUBRICANTES;ADITIVOS;6-PESADO Y FRAGIL;23,75;0;KG;37246,7;15;1100839,07;;;;;1;;1;;
3;03-MAYOR A PUNTO DE PEDIDO;1001813;ZSTO;REFRIGERANTE CATERPILLAR X20L;MR01;0377;;V1;1;HB;2;2;0;0;0;0;L02;FLUIDOS;379549,18;CATERPILLA // CATERPILLA;2154246 // 2388649;LUBRICANTES;ADITIVOS;6-PESADO Y FRAGIL;21,8;0;KG;36210,48;15;379549,18;;;;1;;;1;;
3;03-MAYOR A PUNTO DE PEDIDO;1001814;ZSTO;LIQUIDO FRENO X1LT;MR01;0377;C2 L2;V1;3;HB;5;5;0;0;0;0;L02;FLUIDOS;54707,7;WAGNER;;LUBRICANTES;ADITIVOS;6-PESADO Y FRAGIL;1,12;0;KG;1680;15;54707,72;;;;1;;;1;;
4;04-MAYOR A STOCK MAXIMO;1001815;ZSTO;AGUA DESMINERALIZADA X 20L;MR01;0377;;V1;7;HB;14;16;0;0;0;0;L02;FLUIDOS;178287,52;;;LUBRICANTES;ADITIVOS;6-PESADO Y FRAGIL;20,031;0;KG;24700;15;178287,49;;;;;1;;1;;
3;03-MAYOR A PUNTO DE PEDIDO;1001819;ZSTO;REFRIGERANTE VOLVO VCS X20LT;MR01;0377;;V1;1;HB;2;2;0;0;0;0;L02;FLUIDOS;332062,9;VOLVO CONS // VOLVO CONS // // // VOLVO CONS;VCS // 24078856 // 11715729 // 22567335 // 54486166;LUBRICANTES;VOLVO EC 480D - PL 3005D;6-PESADO Y FRAGIL;22,5;0;KG;24640;15;332062,9;;;;1;;;1;;
3;03-MAYOR A PUNTO DE PEDIDO;1001821;ZSTO;ACEITE 75W 90  X 20 LT;MR01;0377;;V1;1;HB;2;2;0;0;0;0;L01;ACEITES;726801,9;YPF S.A.;75W 90 ;LUBRICANTES;ACEITES;6-PESADO Y FRAGIL;20;0;KG;27727,77;15;726801,89;;;;1;;;1;;
3;03-MAYOR A PUNTO DE PEDIDO;1001823;ZSTO;ACEITE F50 5W40 X 20 L;MR01;0377;;V1;3;HB;5;4;0;0;0;0;L01;ACEITES;945775,16;ELAION // ELAION // YPF S.A.;F50 5W40 // FS540 // 151792;LUBRICANTES;AMAROK-HILUX;6-PESADO Y FRAGIL;18;0;KG;27727,77;15;945775,15;;;;1;;;1;;
3;03-MAYOR A PUNTO DE PEDIDO;1001824;ZSTO;CUBIERTA 295 80 R22.5;MR01;0377;;V1;2;HB;4;3;0;0;0;0;C48;CUBIERTAS CAMIONES;1615676,97;PIRELLI NE // GOOD YEAR // GOOD YEAR // FATE SAICI // PIRELLI NE // GOOD YEAR // BRIDGESTON // // MICHELIN A;TG01/TG02 // ARMOR MAX MSA GEN2 // ARMOR MAX MSD // FATECARGO DO-820 // G02 // G677MSD // M 745 // T831 // XDY+;CUBIERTAS;VW 31320 (3 JUEGOS;5-CUBIERTAS;69;0;KG;250984,125;15;1615676,97;;;;1;;;1;;
3;03-MAYOR A PUNTO DE PEDIDO;1001826;ZSTO;CUBIERTA 265 70 R16;MR01;0377;;V1;4;HB;8;6;0;0;0;0;C47;CUBIERTAS AUTOMOTR;1325024,04;BRIDGESTON // PIRELLI NE // PIRELLI NE // PIRELLI NE // GOOD YEAR // GOOD YEAR // MICHELIN A;HT840 // HT // S-HT // SCORPION STR // WRANGLER SUV // WRL ALL TERRAIN // XLT A/S;CUBIERTAS;HILUX;5-CUBIERTAS;17;0;KG;117888,16;20;1325024,02;;;;1;;;1;;
3;03-MAYOR A PUNTO DE PEDIDO;1001827;ZSTO;CUBIERTA 12.00 R20 FG85 (lineal);MR01;0377;;V1;2;HB;4;3;0;0;0;0;C48;CUBIERTAS CAMIONES;1896173,4;PIRELLI NE // GOOD YEAR // MICHELIN A;FG85 // G686MSS // XZY3;CUBIERTAS;IVECO TRAKKER;5-CUBIERTAS;74;0;KG;242491,21;15;1896173,41;;;;1;;;1;;
3;03-MAYOR A PUNTO DE PEDIDO;1001828;ZSTO;CUBIERTA 12.00 R20 TG85 (TRACCION);MR01;0377;;V1;4;HB;8;6;0;0;0;0;C48;CUBIERTAS CAMIONES;3966112,56;PIRELLI NE // GOOD YEAR // GOOD YEAR // GOOD YEAR // GOOD YEAR // MICHELIN A;TG85 // G-677 MSD // G677 // G677MSD. // G677OTR // XDY;CUBIERTAS;CUBIERTAS;5-CUBIERTAS;80;0;KG;275717,12;15;3966112,58;;;;1;;;1;;
2;02-MENOR A PUNTO DE PEDIDO;1001830;ZSTO;CUBIERTA 295 80 R22.5;MR01;0377;;V1;1;HB;2;1;0;0;0;0;C48;CUBIERTAS CAMIONES;504565,49;GOOD YEAR // PIRELLI NE // // GOOD YEAR // FIRESTONE;G686 MSS PLUS GOODYEAR // ARMOR MAX MSS 152K // FG01 // G386 MSS // G686 MSS PLUS // T822;CUBIERTAS;STRALIS // VW 31-320;5-CUBIERTAS;64;0;KG;254714,8;15;504565,49;;1;;;;;1;;
3;03-MAYOR A PUNTO DE PEDIDO;1001831;ZSTO;CUBIERTA 295 80 R22.5 FH88;MR01;0377;;V1;1;HB;2;2;0;0;0;0;C48;CUBIERTAS CAMIONES;920843,7;PIRELLI NE // FATE SAICI // GOOD YEAR // GOOD YEAR // BRIDGESTON // MICHELIN A;FH88 // FATECARGO SR-200 // KMAX EXTREME // KMAX S // R 269 // X LINE ENERGY Z;CUBIERTAS;CARRETON RANDON Y DELATERA CAM;5-CUBIERTAS;54;0;KG;254716,8;15;920843,7;;;;1;;;1;;
2;02-MENOR A PUNTO DE PEDIDO;1001834;ZSTO;CUBIERTA 265 65 17 DUELER A T 693;MR01;0377;;V1;9;HB;16;8;0;0;0;0;C47;CUBIERTAS AUTOMOTR;1819290,88;BRIDGESTON // BRIDGESTON // PIRELLI NE // PIRELLI NE // GOOD YEAR;DUELER A T 693 // AT REVO 2 // S MTR // SCORPION ATR // WRANGLER WORKHORSE;CUBIERTAS;hilux hasta 2016;5-CUBIERTAS;17;0;KG;114806,25;15;1819290,86;;1;;;;;1;;
2;02-MENOR A PUNTO DE PEDIDO;1001840;ZSTO;CUBIERTA 17.5-25 VIAL SP 16 TELAS L2;MR01;0377;;V1;2;HB;3;2;0;0;0;0;C49;CUBIERTAS INDUSTRI;2075980,76;FIRESTONE // PIRELLI NE // GOOD YEAR // TITAN ARGE // MICHELIN A;L2 // PN-L2 // SGL-L2 // TITAN L2 // XTLA;CUBIERTAS;MOTONIVELADORA CAT Y JD;5-CUBIERTAS;116,5;0;KG;569756,925;15;2075980,76;;1;;;;;1;;
3;03-MAYOR A PUNTO DE PEDIDO;1001841;ZSTO;CAMARA 12.00 R20;MR01;0377;C2FONDO;V1;10;HB;16;13;0;0;0;0;C52;CAMARAS;581308,13;;MARCA DONGAH // MARCA PIRELLI;CUBIERTAS;CUBIERTAS;7-PESADO;3,053;0;KG;6200;15;581308,1;;;;1;;;1;;
3;03-MAYOR A PUNTO DE PEDIDO;1001842;ZSTO;PROTECTOR P CAMARA 12.00;MR01;0377;C2 H1;V1;10;HB;16;16;0;0;0;0;C52;CAMARAS;247882,56;;;CUBIERTAS;CUBIERTAS;7-PESADO;1,94;0;KG;912;25;247882,59;;;;1;;;1;;
3;03-MAYOR A PUNTO DE PEDIDO;1001851;ZSTO;MOUSE INALAMBRICO;MR01;0377;;V1;5;HB;10;10;0;0;0;0;C05;INFORMÁT.-HARDWARE;96900,9;;MARCA: LOGITECH/MICROSOFT;INFORMATICA;HARDWARE;9-FRAGIL;0,12;0;KG;468;15;96900,85;;;;1;;;1;;
3;03-MAYOR A PUNTO DE PEDIDO;1001853;ZSTO;PENDRIVE 32 GB;MR01;0377;E1A2;V1;5;HB;10;9;0;0;0;0;C05;INFORMÁT.-HARDWARE;103702,05;;MARCA: SANDISK,KINGSTON,LEXAR;INFORMATICA;HARDWARE;9-FRAGIL;0,01;0;KG;93,75;15;103702,03;;;;1;;;1;;
3;03-MAYOR A PUNTO DE PEDIDO;1001861;ZSTO;TALONARIOREMITO R CUADRUPLICADOX25H.;MR01;0377;E2B1CJ4;V1;3;HB;6;6;0;0;0;0;C17;INSUMOS A;114242,88;;;LIBRERIA;TALONARIOS;8-VARIOS;0,529;0;KG;709,5;21;114242,87;;;;1;;;1;;
3;03-MAYOR A PUNTO DE PEDIDO;1001862;ZSTO;TALONARIO REMITO X TRIPLICADO X 25 H.;MR01;0377;E2B1CJ4;V1;3;HB;6;4;0;0;0;0;C17;INSUMOS A;47252,16;;;LIBRERIA;TALONARIOS;8-VARIOS;0,407;0;KG;677,25;21;47252,15;;;;1;;;1;;
3;03-MAYOR A PUNTO DE PEDIDO;1001865;ZSTO;MARCADORINDUSTRIAL-VERDEXUN;MR01;0377;;V1;25;HB;48;34;0;0;0;0;C17;INSUMOS A;93407,52;UNIPAINT;MÚLT. 10U;LIBRERIA;ESCRITURA;8-VARIOS;0,02;0;KG;10,99;15;93407,68;;;;1;;;1;;
4;04-MAYOR A STOCK MAXIMO;1001866;ZSTO;MARCADOR INDUSTRIAL-NEGROXUN;MR01;0377;E1A2;V1;25;HB;48;60;0;0;0;0;C17;INSUMOS A;170140,2;UNIPAINT;MÚLT. 10U;LIBRERIA;ESCRITURA;8-VARIOS;0,023;0;KG;10,99;15;170140,01;;;;;1;;1;;
3;03-MAYOR A PUNTO DE PEDIDO;1001867;ZSTO;MARCADOR INDUSTRIAL-BLANCOXUN;MR01;0377;E1A2;V1;37;HB;60;39;0;0;0;0;C17;INSUMOS A;110266,26;UNIPAINT;MÚLT. 10U;LIBRERIA;ESCRITURA;8-VARIOS;0,023;0;KG;10,99;15;110266,27;;;;1;;;1;;
3;03-MAYOR A PUNTO DE PEDIDO;1001868;ZSTO;FILMSTRECHMANUALXBOBINAx2,70KG;MR01;0377;E1E3;V1;3;HB;5;5;0;0;0;0;C17;INSUMOS A;45949,65;;MEDIDAS 0,50X200METROSX2;LIBRERIA;CINTAS ADHESIVAS;8-VARIOS;2,5;0;KG;4817,545;15;45949,63;;;;1;;;1;;
4;04-MAYOR A STOCK MAXIMO;1001869;ZSTO;MARCADORINDUSTRIAL-AMARILLOXUN;MR01;0377;E1A2;V1;21;HB;40;48;0;0;0;0;C17;INSUMOS A;134685,6;UNIPAINT;MÚLT. 10U;LIBRERIA;ESCRITURA;8-VARIOS;0,023;0;KG;10,99;15;134685,59;;;;;1;;1;;
2;02-MENOR A PUNTO DE PEDIDO;1001871;ZSTO;RESMA DE HOJA A4 70GR. X UN;MR01;0377;E1A1;V1;25;HB;48;20;0;0;0;0;C17;INSUMOS A;81600,4;;;LIBRERIA;PAPEL;7-PESADO;2,27;0;KG;3150;15;81600,49;;1;;;;;1;;
4;04-MAYOR A STOCK MAXIMO;1001872;ZSTO;RESMA DE HOJA A3 75GR. X UN;MR01;0377;E2B1CJ4;V1;5;HB;10;24;0;0;0;0;C17;INSUMOS A;252336,24;;;LIBRERIA;PAPEL;7-PESADO;5,11;0;KG;7012,5;15;252336,11;;;;;1;;1;;
4;04-MAYOR A STOCK MAXIMO;1001876;ZSTO;CINTA EMBALAR TRANSPARENTE 48MM X 100 MT;MR01;0377;E2A3;V1;13;HB;25;26;0;0;0;0;C17;INSUMOS A;29571,62;SCOTCH;;LIBRERIA;CINTAS ADHESIVAS;8-VARIOS;0,197;0;KG;474,925;15;29571,66;;;;;1;;1;;
3;03-MAYOR A PUNTO DE PEDIDO;1001877;ZSTO;CINTA EMBALAR MARRON 48MM X 100 MT;MR01;0377;E2A3;V1;13;HB;25;25;0;0;0;0;C17;INSUMOS A;41984;;;LIBRERIA;CINTAS ADHESIVAS;8-VARIOS;0,215;0;KG;474,925;15;41983,96;;;;1;;;1;;
3;03-MAYOR A PUNTO DE PEDIDO;1001878;ZSTO;CINTA DE ENMASCARAR 48MM X ROLLO;MR01;0377;E2A3;V1;21;HB;41;31;0;0;0;0;C17;INSUMOS A;78705,28;SCOTCH;;LIBRERIA;CINTAS ADHESIVAS;8-VARIOS;0,177;0;KG;474,925;15;78705,14;;;;1;;;1;;
3;03-MAYOR A PUNTO DE PEDIDO;1001879;ZSTO;CINTA DE ENMASCARAR 24 MM XROLLO;MR01;0377;E2A3;V1;11;HB;21;21;0;0;0;0;C17;INSUMOS A;34338,15;;;LIBRERIA;CINTAS ADHESIVAS;8-VARIOS;0,088;0;KG;237,463;15;34338,06;;;;1;;;1;;
3;03-MAYOR A PUNTO DE PEDIDO;1001880;ZSTO;MARCADOR INDUSTRIAL - AZUL UNIPAINT X UN;MR01;0377;E1A2;V1;25;HB;48;48;0;0;0;0;C17;INSUMOS A;135758,88;UNIPAINT;MÚLT. 10U;LIBRERIA;ESCRITURA;8-VARIOS;0,023;0;KG;10,99;15;135759,01;;;;1;;;1;;
3;03-MAYOR A PUNTO DE PEDIDO;1001881;ZSTO;MARCADOR INDUSTRIAL - ROJO UNIPAINT X UN;MR01;0377;E1A2;V1;25;HB;48;48;0;0;0;0;C17;INSUMOS A;136421,28;UNIPAINT;MÚLT. 10U;LIBRERIA;ESCRITURA;8-VARIOS;0,023;0;KG;10,99;15;136421,17;;;;1;;;1;;
3;03-MAYOR A PUNTO DE PEDIDO;1001885;ZSTO;BOLSAS RESIDUOS XUN 102X130 VERDE;MR01;0377;E2F2;V1;300;HB;500;500;0;0;0;0;C17;INSUMOS A;466560;;;LIMPIEZA;LIMPIEZA /SEGURIDAD;8-VARIOS;0,195;0;KG;1534;45;466562,27;;;;1;;;1;;
4;04-MAYOR A STOCK MAXIMO;1001887;ZSTO;BOLSAS RESIDUOS XUN 102X130 AMARILLA;MR01;0377;E2F3;V1;300;HB;500;800;0;0;0;0;C17;INSUMOS A;737320;;;LIMPIEZA;LIMPIEZA /SEGURIDAD;8-VARIOS;0,195;0;KG;1534;45;737322,22;;;;;1;;1;;
3;03-MAYOR A PUNTO DE PEDIDO;1001888;ZSTO;BOLSAS RESIDUOS XUN 102X130 NEGRA;MR01;0377;C1J1;V1;100;HB;200;200;0;0;0;0;C17;INSUMOS A;158082;;;LIMPIEZA;LIMPIEZA /SEGURIDAD;8-VARIOS;0,195;0;KG;1534;45;158082,98;;;;1;;;1;;
3;03-MAYOR A PUNTO DE PEDIDO;1001890;ZSTO;ABSORBENTE MINERAL DE HIDROCARBUROS X KG;MR01;0377;E1G1;V1;40;HB;80;80;0;0;0;0;C17;INSUMOS A;44426,4;;MÚLT. 10/20/30 KG;SEGURIDAD;ABSORVENTE;7-PESADO;20,07;0;KG;2125;15;44426,16;;;;1;;;1;;
3;03-MAYOR A PUNTO DE PEDIDO;1001892;ZSTO;BOLSAS RESIDUOS XUN 102X130ROJA100MICXUN;MR01;0377;E2F3;V1;200;HB;400;400;0;0;0;0;C17;INSUMOS A;378284;;;LIMPIEZA;LIMPIEZA /SEGURIDAD;8-VARIOS;0,195;0;KG;1534;20;378285,16;;;;1;;;1;;
4;04-MAYOR A STOCK MAXIMO;1001893;ZSTO;BOLSARESIDUPLASTICA60X90NEGRAXROLLOX10UN;MR01;0377;E2F3;V1;30;HB;50;66;0;0;0;0;C17;INSUMOS A;46458,72;;;LIMPIEZA;BOLSAS;8-VARIOS;0,296;0;KG;550;15;46458,61;;;;;1;;1;;
2;02-MENOR A PUNTO DE PEDIDO;1001896;ZSTO;PULVERIZADOR P ALCOHOL LIQUIDO 500 ML;MR01;0377;E1A2;V1;10;HB;20;10;0;0;0;0;C17;INSUMOS A;9671,4;;;LIMPIEZA;DIFUSOR;9-FRAGIL;0,05;0;KG;826,998;15;9671,42;;1;;;;;1;;
3;03-MAYOR A PUNTO DE PEDIDO;1001898;ZSTO;BOBINA DE PAPEL 25 X 400MTS X UN;MR01;0377;;V1;5;HB;10;10;0;0;0;0;C17;INSUMOS A;95247;ELEGANTE // ELITE;1003 (MÚLT. 2U) // 6264;LIMPIEZA;INSUMOS;8-VARIOS;3,25;0;KG;15844,44;15;95246,96;;;;1;;;1;;
3;03-MAYOR A PUNTO DE PEDIDO;1001900;ZSTO;TRAPO DE PISO;MR01;0377;E2F3;V1;12;HB;24;15;0;0;0;0;C17;INSUMOS A;18158,25;;;LIMPIEZA;INSUMOS;8-VARIOS;0;0;KG;0;15;18158,19;;;;1;;;1;;
4;04-MAYOR A STOCK MAXIMO;1001902;ZSTO;PERFUMINA X 5 LTS;MR01;0377;;V1;5;HB;10;12;0;0;0;0;C17;INSUMOS A;45579,69;;;LIMPIEZA;INSUMOS;6-PESADO Y FRAGIL;5,32;0;KG;7056;15;84196,28;;;;;1;;1;;
3;03-MAYOR A PUNTO DE PEDIDO;1001905;ZSTO;DESODORANTE AEROSOL X150ML;MR01;0377;;V1;24;HB;48;30;0;0;0;0;C17;INSUMOS A;103357,2;;;LIMPIEZA;INSUMOS;8-VARIOS;0,41;0;KG;649,98;15;103357,13;;;;1;;;1;;
3;03-MAYOR A PUNTO DE PEDIDO;1001908;ZSTO;JABON LIQUIDO X 5 LTS;MR01;0377;;V1;2;HB;4;4;0;0;0;0;C17;INSUMOS A;21273,04;;;LIMPIEZA;INSUMOS;6-PESADO Y FRAGIL;5,215;0;KG;7056;21;21273,04;;;;1;;;1;;
3;03-MAYOR A PUNTO DE PEDIDO;1001909;ZSTO;LUSTRAMUEBLES X360ML;MR01;0377;;V1;12;HB;24;13;0;0;0;0;C17;INSUMOS A;66959,62;;;LIMPIEZA;INSUMOS;8-VARIOS;0,43;0;KG;649,98;15;66959,68;;;;1;;;1;;
4;04-MAYOR A STOCK MAXIMO;1001915;ZSTO;REJILLA DE COCINA;MR01;0377;;V1;20;HB;40;62;0;0;0;0;C17;INSUMOS A;10410,72;;;LIMPIEZA;INSUMOS;8-VARIOS;0;0;KG;0;15;33486,78;;;;;1;;1;;
3;03-MAYOR A PUNTO DE PEDIDO;1001916;ZSTO;FRANELA;MR01;0377;;V1;20;HB;40;23;0;0;0;0;C17;INSUMOS A;26624,11;;;LIMPIEZA;INSUMOS;8-VARIOS;0,03;0;KG;1600;15;26624,13;;;;1;;;1;;
3;03-MAYOR A PUNTO DE PEDIDO;1001926;ZSTO;DISCO CORTE 114X3.2X22.23 TYROLIT S x UN;MR01;0377;E2A2;V1;200;HB;350;333;0;0;0;0;C27;FERRETERIA MR01;544538,25;TYROLIT;114X32X222;FERRETERIA;ABRASIVOS/DISCOS;6-PESADO Y FRAGIL;0,07;0;KG;31,145;15;544538,81;;;;1;;;1;;
4;04-MAYOR A STOCK MAXIMO;1001927;ZSTO;DISCO CORTE 178X1.6X22 SECUR EXTRA  x UN;MR01;0377;E2A2;V1;350;HB;500;738;0;0;0;0;C27;FERRETERIA MR01;2228265,54;TYROLIT;178X16X222;FERRETERIA;ABRASIVOS/DISCOS;6-PESADO Y FRAGIL;0,095;0;KG;50,868;15;2228262,31;;;;;1;;1;;
3;03-MAYOR A PUNTO DE PEDIDO;1001928;ZSTO;DISCO C D O A 178X3.2X22.2 SECUR x UN;MR01;0377;;V1;150;HB;300;292;0;0;0;0;C27;FERRETERIA MR01;736006,44;TYROLIT;178X32X222;FERRETERIA;ABRASIVOS/DISCOS;6-PESADO Y FRAGIL;0,17;0;KG;152,604;15;736007,5;;;;1;;;1;;
4;04-MAYOR A STOCK MAXIMO;1001929;ZSTO;DISCO 178X4,8X22,23TYROLIT OASECUR XUN;MR01;0377;;V1;250;HB;400;628;0;0;0;0;C27;FERRETERIA MR01;1773730,56;TYROLIT;178X48X222;FERRETERIA;ABRASIVOS/DISCOS;6-PESADO Y FRAGIL;3,69;0;KG;127,17;15;2542093,73;;;;;1;;1;;
4;04-MAYOR A STOCK MAXIMO;1001930;ZSTO;DISCO C D O A 178X7.0X22.2 SECUR x UN;MR01;0377;;V1;100;HB;200;297;0;0;0;0;C27;FERRETERIA MR01;648609,42;TYROLIT;178X70X222;FERRETERIA;ABRASIVOS/DISCOS;6-PESADO Y FRAGIL;0,42;0;KG;178,038;15;1171998,47;;;;;1;;1;;
3;03-MAYOR A PUNTO DE PEDIDO;1001933;ZSTO;DISCO 114x1,6x222 REFORZADO x UN;MR01;0377;E2A2;V1;250;HB;400;319;0;0;0;0;C27;FERRETERIA MR01;610122,59;TYROLIT;114X16X222;FERRETERIA;ABRASIVOS/DISCOS;6-PESADO Y FRAGIL;0,043;0;KG;20,763;15;610123,99;;;;1;;;1;;
3;03-MAYOR A PUNTO DE PEDIDO;1001934;ZSTO;DISCO C D O A 114X4.8X22.2 SECUR x UN;MR01;0377;E2A2;V1;100;HB;200;132;0;0;0;0;C27;FERRETERIA MR01;333573,24;TYROLIT;114X48X222;FERRETERIA;ABRASIVOS/DISCOS;6-PESADO Y FRAGIL;0,11;0;KG;56,52;15;333573,82;;;;1;;;1;;
3;03-MAYOR A PUNTO DE PEDIDO;1001943;ZSTO;ADHESIVO CIANO 20 G XUN;MR01;0377;E1A2;V1;4;HB;8;7;0;0;0;0;C27;FERRETERIA MR01;49372,47;CIANO;;FERRETERIA;ADHESIVOS;9-FRAGIL;0,03;0;KG;75;15;49372,46;;;;1;;;1;;
4;04-MAYOR A STOCK MAXIMO;1001944;ZSTO;ADHESIVO TRANSPARENTE X70ML XUN;MR01;0377;;V1;4;HB;8;12;0;0;0;0;C27;FERRETERIA MR01;84374,76;POXIPOL;;FERRETERIA;ADHESIVOS;9-FRAGIL;0,03;0;KG;72;15;84374,79;;;;;1;;1;;
3;03-MAYOR A PUNTO DE PEDIDO;1001945;ZSTO;ADHESIVO FASTIX BLANCO 100ML XUN;MR01;0377;;V1;4;HB;8;5;0;0;0;0;C27;FERRETERIA MR01;0;;;FERRETERIA;ADHESIVOS;9-FRAGIL;0;0;KG;0;15;35377,3;;;;1;;;1;;
2;02-MENOR A PUNTO DE PEDIDO;1001949;ZSTO;CANDADO 30MM XUN;MR01;0377;;V1;15;HB;30;14;0;0;0;0;C27;FERRETERIA MR01;67400,06;;;FERRETERIA;ACCESORIOS;8-VARIOS;0,103;0;KG;174;15;67400,01;;1;;;;;1;;
3;03-MAYOR A PUNTO DE PEDIDO;1001950;ZSTO;CANDADO 38-40MM XUN;MR01;0377;;V1;15;HB;30;28;0;0;0;0;C27;FERRETERIA MR01;164155,6;;;FERRETERIA;ACCESORIOS;8-VARIOS;0,148;0;KG;465;15;164155,53;;;;1;;;1;;
2;02-MENOR A PUNTO DE PEDIDO;1001951;ZSTO;CANDADO 50MM XUN;MR01;0377;;V1;15;HB;30;9;0;0;0;0;C27;FERRETERIA MR01;81549,36;;;FERRETERIA;ACCESORIOS;8-VARIOS;0,259;0;KG;100;15;81549,36;;1;;;;;1;;
3;03-MAYOR A PUNTO DE PEDIDO;1001953;ZSTO;CEPILLO TRENZADO PIPELINE 175X13X22 BUJE;MR01;0377;;V1;100;HB;200;200;0;0;0;0;C27;FERRETERIA MR01;3003438;;30 PELOS;FERRETERIA;ABRASIVOS/DISCOS;7-PESADO;0,89;0;KG;850,155;30;3003437;;;;1;;;1;;
3;03-MAYOR A PUNTO DE PEDIDO;1001955;ZSTO;SELLADOR DE SILICONA TRANSP;MR01;0377;E1A2;V1;3;HB;6;6;0;0;0;0;C18;HORMIGÓN;18411,96;;280ML;FERRETERIA;ADHESIVOS;9-FRAGIL;0,31;0;KG;451,375;15;18411,94;;;;1;;;1;;
3;03-MAYOR A PUNTO DE PEDIDO;1001960;ZSTO;CINTA AISLADORA AMARILLO X10MT;MR01;0377;E1A2;V1;10;HB;20;14;0;0;0;0;C27;FERRETERIA MR01;13307;;;FERRETERIA;INSUMOS;8-VARIOS;0,04;0;KG;56,52;15;13307,03;;;;1;;;1;;
4;04-MAYOR A STOCK MAXIMO;1001961;ZSTO;CINTA AISLADORA NEGRA X10MT;MR01;0377;E1A2;V1;15;HB;30;48;0;0;0;0;C27;FERRETERIA MR01;37876,8;;;FERRETERIA;INSUMOS;8-VARIOS;0,04;0;KG;56,52;15;37876,64;;;;;1;;1;;
3;03-MAYOR A PUNTO DE PEDIDO;1001962;ZSTO;CINTA AISLADORA ROJA X10MT;MR01;0377;E1A2;V1;10;HB;20;19;0;0;0;0;C27;FERRETERIA MR01;15701,6;;;FERRETERIA;INSUMOS;8-VARIOS;0,04;0;KG;56,52;15;15701,62;;;;1;;;1;;
3;03-MAYOR A PUNTO DE PEDIDO;1001963;ZSTO;CINTA AISLADORA VERDE X10MT;MR01;0377;E1A2;V1;10;HB;20;17;0;0;0;0;C27;FERRETERIA MR01;25341,05;;;FERRETERIA;INSUMOS;8-VARIOS;0,04;0;KG;56,52;15;25341,06;;;;1;;;1;;
3;03-MAYOR A PUNTO DE PEDIDO;1001964;ZSTO;CINTA AISLADORA BLANCA;MR01;0377;E1A2;V1;15;HB;30;23;0;0;0;0;C27;FERRETERIA MR01;20760,95;;;FERRETERIA;INSUMOS;8-VARIOS;0,04;0;KG;56,52;15;20761,01;;;;1;;;1;;
4;04-MAYOR A STOCK MAXIMO;1001968;ZSTO;ESMALTE SINT. AEROSOL AMARILLO X440CC;MR01;0377;E2C3;V1;36;HB;60;81;0;0;0;0;C22;INSUMOS C;261860,52;;KUWAIT-SINTEPLAST;PINTURAS;PINTURA AEROSOL;6-PESADO Y FRAGIL;0,39;0;KG;663,325;15;358085,89;;;;;1;;1;;
2;02-MENOR A PUNTO DE PEDIDO;1001969;ZSTO;ESMALTE SINT. AEROSOL BLANCO X440CC;MR01;0377;E2C3;V1;36;HB;60;34;0;0;0;0;C22;INSUMOS C;134759,68;;KUWAIT-SINTEPLAST;PINTURAS;PINTURA AEROSOL;6-PESADO Y FRAGIL;0,38;0;KG;663,325;15;134759,76;;1;;;;;1;;
4;04-MAYOR A STOCK MAXIMO;1001970;ZSTO;ESMALTE SINT. AEROSOL NEGRO X440CC;MR01;0377;E2C3;V1;36;HB;48;63;0;0;0;0;C22;INSUMOS C;245606,13;;KUWAIT-SINTEPLAST;PINTURAS;PINTURA AEROSOL;6-PESADO Y FRAGIL;0,385;0;KG;663,325;15;245606,37;;;;;1;;1;;
4;04-MAYOR A STOCK MAXIMO;1001971;ZSTO;ESMALTE SINT. AEROSOL ROJO X 440CC;MR01;0377;E2C3;V1;36;HB;60;142;0;0;0;0;C22;INSUMOS C;491025,48;;KUWAIT-SINTEPLAST;PINTURAS;PINTURA AEROSOL;6-PESADO Y FRAGIL;0,39;0;KG;663,325;15;571212,72;;;;;1;;1;;
4;04-MAYOR A STOCK MAXIMO;1001972;ZSTO;ESMALTE SINT. AEROSOL VERDE X440CC;MR01;0377;E2C3;V1;36;HB;60;78;0;0;0;0;C22;INSUMOS C;284791,26;;KUWAIT-SINTEPLAST;PINTURAS;PINTURA AEROSOL;6-PESADO Y FRAGIL;0,39;0;KG;663,325;15;284790,99;;;;;1;;1;;
4;04-MAYOR A STOCK MAXIMO;1001973;ZSTO;ESMALTE SINT. AEROSOL AZUL X440CC;MR01;0377;E2C3;V1;36;HB;60;71;0;0;0;0;C22;INSUMOS C;289028,22;;KUWAIT-SINTEPLAST;PINTURAS;PINTURA AEROSOL;6-PESADO Y FRAGIL;0,39;0;KG;663,325;15;289027,99;;;;;1;;1;;
3;03-MAYOR A PUNTO DE PEDIDO;1001982;ZSTO;VIDRIOP CARETASOLDADOR50X105MMTINTE10;MR01;0377;E1C3;V1;60;HB;120;99;0;0;0;0;C27;FERRETERIA MR01;8054,64;;;SOLDADURA;ACCESORIOS;9-FRAGIL;0,045;0;KG;10,5;15;8054,79;;;;1;;;1;;
3;03-MAYOR A PUNTO DE PEDIDO;1001983;ZSTO;VIDRIOP CARETASOLDADOR50X105MMTINTE11;MR01;0377;E1C3;V1;60;HB;120;120;0;0;0;0;C27;FERRETERIA MR01;84824,4;;;SOLDADURA;ACCESORIOS;9-FRAGIL;0,035;0;KG;10,5;15;84824,59;;;;1;;;1;;
3;03-MAYOR A PUNTO DE PEDIDO;1001984;ZSTO;CARETA PARA SOLDADOR X UN;MR01;0377;E1C3;V1;5;HB;10;10;0;0;0;0;C27;FERRETERIA MR01;159569,7;;;SOLDADURA;ACCESORIOS;9-FRAGIL;0,545;0;KG;15640;15;159569,66;;;;1;;;1;;
3;03-MAYOR A PUNTO DE PEDIDO;1001985;ZSTO;VIDRIOP CARETASOLDADOR50X105MMINCOLORO;MR01;0377;E1C3;V1;250;HB;400;376;0;0;0;0;C27;FERRETERIA MR01;97346,4;;;SOLDADURA;ACCESORIOS;9-FRAGIL;0,025;0;KG;10,5;15;97344,77;;;;1;;;1;;
3;03-MAYOR A PUNTO DE PEDIDO;1001987;ZSTO;ELECTRODO 3,25 MM X KG;MR01;0377;;V1;15;HB;30;30;0;0;0;0;C27;FERRETERIA MR01;38098,5;CONARCO;AWS6010;SOLDADURA;ELECTRODOS;7-PESADO;1;0;KG;336,569;15;38098,55;;;;1;;;1;;
4;04-MAYOR A STOCK MAXIMO;1001988;ZSTO;ELECTRODO AWS6013 X 3,25MM X KG;MR01;0377;;V1;15;HB;30;45;0;0;0;0;C27;FERRETERIA MR01;279855,45;CONARCO;AWS6013;SOLDADURA;ELECTRODOS;7-PESADO;1;0;KG;336,569;15;279855,56;;;;;1;;1;;
4;04-MAYOR A STOCK MAXIMO;1001992;ZSTO;ELECTRODO AWS7018 X 4,00 MM X KG;MR01;0377;;V1;15;HB;30;488,6;0;0;0;0;C27;FERRETERIA MR01;4346346,19;CONARCO;AWS7018;SOLDADURA;ELECTRODOS;7-PESADO;1;0;KG;317,925;15;4346346,89;;;;;1;;1;;
4;04-MAYOR A STOCK MAXIMO;1001993;ZSTO;ELECTRODO AWS7018 X 3,25 MM X KG;MR01;0377;;V1;30;HB;60;144,8;0;0;0;0;C27;FERRETERIA MR01;1326121,84;CONARCO;AWS7018;SOLDADURA;ELECTRODOS;7-PESADO;1;0;KG;336,569;15;1326121,65;;;;;1;;1;;
4;04-MAYOR A STOCK MAXIMO;1001994;ZSTO;ELECTRODO AWS7018 X 2,50 MM X KG;MR01;0377;;V1;15;HB;30;30,8;0;0;0;0;C27;FERRETERIA MR01;365797,74;CONARCO;AWS7018;SOLDADURA;ELECTRODOS;7-PESADO;1;0;KG;336,569;15;365797,73;;;;;1;;1;;
4;04-MAYOR A STOCK MAXIMO;1001996;ZSTO;ELECTRODO 6010 X 2.5 MM X KG;MR01;0377;;V1;15;HB;30;99;0;0;0;0;C27;FERRETERIA MR01;925430,22;CONARCO;AWS6010;SOLDADURA;ELECTRODOS;7-PESADO;1;0;KG;247,275;15;925430,24;;;;;1;;1;;
3;03-MAYOR A PUNTO DE PEDIDO;1001997;ZSTO;ELECTRODO 6013 X 2 MM X KG;MR01;0377;;V1;10;HB;20;19;0;0;0;0;C27;FERRETERIA MR01;165661,38;CONARCO;AWSE6013;SOLDADURA;ELECTRODOS;7-PESADO;1;0;KG;288,487;15;165661,36;;;;1;;;1;;
2;02-MENOR A PUNTO DE PEDIDO;1002070;ZSTO;CAMPERA DESCARNE T.XXL;MR01;0377;E1A2;V1;15;HB;25;11;0;0;0;0;C28;SEGURIDAD/ROPA/EPP;337001,5;;;SEGURIDAD;INDUMENTARIA;8-VARIOS;1,735;0;KG;5624;15;337001,54;;1;;;;;1;;
3;03-MAYOR A PUNTO DE PEDIDO;1002071;ZSTO;CAMPERA DESCARNE T.XXXL;MR01;0377;E1B3;V1;15;HB;25;24;0;0;0;0;C28;SEGURIDAD/ROPA/EPP;896437,92;;;SEGURIDAD;INDUMENTARIA;8-VARIOS;0;0;KG;0;21;896437,83;;;;1;;;1;;
3;03-MAYOR A PUNTO DE PEDIDO;1002101;ZSTO;CORREA ALTERNADOR STRAL;MR01;0377;CORREA A2;V1;1;HB;2;2;0;0;0;0;C03;EQUIPOS;84543,72;CNH // CNH;5801361410 // 500341810;CORREAS;AUTOMOTOR;8-VARIOS;0,365;0;KG;3307,5;15;84543,72;;;;1;;;1;;
3;03-MAYOR A PUNTO DE PEDIDO;1002113;ZSTO;CORREA DISTRIBUCION ORIG TORRE WACK;MR01;0377;CORREA B3;V1;1;HB;2;2;0;0;0;0;C29;FILTROS/RESPUESTOS;490183,56;;WAN5000155697;CORREAS;TORRE ILUMINACION DAYCO113;8-VARIOS;0,13;0;KG;1300;15;490183,56;;;;1;;;1;;
2;02-MENOR A PUNTO DE PEDIDO;1002114;ZSTO;CORREA ALTERNADOR 850MM ORIG;MR01;0377;CORREA B3;V1;2;HB;2;2;0;0;0;0;C29;FILTROS/RESPUESTOS;93068,7;LOMBARDINI;WAN5200002703;CORREAS;TORRE WACKER;8-VARIOS;0,08;0;KG;74;25;93068,7;;1;;;;;1;;
3;03-MAYOR A PUNTO DE PEDIDO;1002164;ZSTO;CORREA MOTOR VW 31-320 CONSTELATION XUN;MR01;0377;CORREA B2;V1;1;HB;2;2;0;0;0;0;C29;FILTROS/RESPUESTOS;49889,72;CONTINENTA;8PK1980;CORREAS;VW 31-320 CONSTELATION;8-VARIOS;0,33;0;KG;1836;15;49889,72;;;;1;;;1;;
3;03-MAYOR A PUNTO DE PEDIDO;1002165;ZSTO;CORREA ALTERNADOR XUN;MR01;0377;;V1;1;HB;2;2;0;0;0;0;C29;FILTROS/RESPUESTOS;56297,66;KOMATSU HO;6261816810;CORREAS;KMS 155AX6;8-VARIOS;0,13;0;KG;408;15;56297,66;;;;1;;;1;;
3;03-MAYOR A PUNTO DE PEDIDO;1002168;ZSTO;CORREA AIRE ACOND. XUN;MR01;0377;CORREA A1;V1;1;HB;2;2;0;0;0;0;C29;FILTROS/RESPUESTOS;38529,82;KOMATSU HO;17A9114680;CORREAS;KMS 155AX6;8-VARIOS;0,18;0;KG;594;15;38529,81;;;;1;;;1;;
3;03-MAYOR A PUNTO DE PEDIDO;1002177;ZSTO;CORREA;MR01;0377;;V1;2;HB;3;3;0;0;0;0;C29;FILTROS/RESPUESTOS;159163,83;TOYOTA ARG;90916T200600;CORREAS;CORREA HILUX 3.00;8-VARIOS;0,17;0;KG;1680;15;159163,84;;;;1;;;1;;
3;03-MAYOR A PUNTO DE PEDIDO;1002186;ZSTO;CORREA VENTILADOR;MR01;0377;CORREA B1;V1;2;HB;3;3;0;0;0;0;C29;FILTROS/RESPUESTOS;333337,29;VOLVO CONS;VOE20459311;CORREAS;VOLVO EC 480D;8-VARIOS;0,277;0;KG;590,4;15;333337,29;;;;1;;;1;;
3;03-MAYOR A PUNTO DE PEDIDO;1002188;ZSTO;CORREA ACCESORIO;MR01;0377;;V1;1;HB;2;2;0;0;0;0;C29;FILTROS/RESPUESTOS;24577,2;;8PK1445;CORREAS;CAMION VW 17-210 VOLCADOR;8-VARIOS;0,214;0;KG;774;15;24577,2;;;;1;;;1;;
3;03-MAYOR A PUNTO DE PEDIDO;1002198;ZSTO;CORREA DE MOTOR;MR01;0377;CORREA B1;V1;1;HB;2;2;0;0;0;0;C29;FILTROS/RESPUESTOS;27399,9;CATERPILLA;3572637;CORREAS;CAT;8-VARIOS;0,415;0;KG;2754;25;27399,9;;;;1;;;1;;
3;03-MAYOR A PUNTO DE PEDIDO;1002200;ZSTO;CORREA DE MOTOR;MR01;0377;CORREA A1;V1;2;HB;3;3;0;0;0;0;C29;FILTROS/RESPUESTOS;205771,86;JOHN DEERE // JOHN DEERE;R135606 // DZ118855;CORREAS;JD 524K;8-VARIOS;0,24;0;KG;1021,25;70;205771,86;;;;1;;;1;;
2;02-MENOR A PUNTO DE PEDIDO;1002207;ZSTO;CORREA ALTERNADOR;MR01;0377;CORREA B1;V1;1;HB;2;1;0;0;0;0;C29;FILTROS/RESPUESTOS;187626,47;HAULOTTE G // CONTINENTA // No aplica;4000053460 // AVX 13X1188 // 2614B543;CORREAS;HAULOTTE 4014 /4017;8-VARIOS;0,286;0;KG;583;20;187626,47;;1;;;;;1;;
3;03-MAYOR A PUNTO DE PEDIDO;1002212;ZSTO;CORREA DE ALTERNADOR;MR01;0377;CORREA B2;V1;1;HB;2;2;0;0;0;0;C03;EQUIPOS;86385,62;CATERPILLA // // No aplica;8PK1537 // 22275091 // 8PK-1540 // 8PK1535;CORREAS;PLATAFORMA DE MANTENIMIENTO VE;8-VARIOS;0,228;0;KG;663;15;86385,62;;;;1;;;1;;
3;03-MAYOR A PUNTO DE PEDIDO;1002216;ZSTO;CORREA ALTERNADOR;MR01;0377;CORREA A1;V1;1;HB;2;2;0;0;0;0;C29;FILTROS/RESPUESTOS;69991,44;VOLVO CONS;20712530;CORREAS;VOLVO 460 FMX;8-VARIOS;0,227;0;KG;1428;15;69991,43;;;;1;;;1;;
3;03-MAYOR A PUNTO DE PEDIDO;1002217;ZSTO;CORREA;MR01;0377;;V1;2;HB;3;3;0;0;0;0;C29;FILTROS/RESPUESTOS;366384,93;VOLVO CONS;VOE22281893;CORREAS;VOLVO EC 480D;8-VARIOS;0,204;0;KG;1575;15;366384,93;;;;1;;;1;;
3;03-MAYOR A PUNTO DE PEDIDO;1002236;ZSTO;BULON PARA CUCHILLA XUN;MR01;0377;C2 A3;V1;31;HB;45;45;0;0;0;0;G05;AJUSTE;95582,25;CATERPILLA;5J4773;DESGASTE;CAT 140K // CAT 988H // CAT D6T;7-PESADO;0,15;0;KG;49,455;25;95582,23;;;;1;;;1;;
3;03-MAYOR A PUNTO DE PEDIDO;1002239;ZSTO;RETEN. RIPPER;MR01;0377;C2 B3;V1;3;HB;6;6;0;0;0;0;G03;RIPPER;19082,16;CATERPILLA // CATERPILLA;1140359 // 8E6359;DESGASTE;D6T, 140K, 988H;8-VARIOS;0,03;0;KG;12,56;25;19082,17;;;;1;;;1;;
3;03-MAYOR A PUNTO DE PEDIDO;1002253;ZSTO;CAPUCHON RIPPER KOM 155AX6;MR01;0377;;V1;3;HB;6;6;0;0;0;0;G03;RIPPER;426383,46;KOMATSU HO;1757831230;DESGASTE;KMS 155AX6;3-DESGASTE;13;0;KG;5940;15;426383,44;;;;1;;;1;;
4;04-MAYOR A STOCK MAXIMO;1002269;ZSTO;PATIN INFERIOR CIRC;MR01;0377;C2 A2;V1;2;HB;4;6;0;0;0;0;G01;CUCHILLAS;280738,44;CATERPILLA // CATERPILLA;1289656 // 3330960;DESGASTE;CAT 140H;7-PESADO;0,3;0;KG;1152;25;280738,47;;;;;1;;1;;
4;04-MAYOR A STOCK MAXIMO;1002270;ZSTO;PATIN CENTRAL DE VERTEDERA;MR01;0377;C2 A3;V1;2;HB;4;8;0;0;0;0;G01;CUCHILLAS;827223,52;CATERPILLA // CATERPILLA;1781685 // 4461527;DESGASTE;CAT 140H;7-PESADO;2,1;0;KG;762,5;25;827223,54;;;;;1;;1;;
4;04-MAYOR A STOCK MAXIMO;1002274;ZSTO;CUCHILLA 7′ X 8″ X 5/8″ X 3/4″;MR01;0377;;V1;3;HB;6;8;0;0;0;0;C29;FILTROS/RESPUESTOS;1158595,28;FERNANDEZ;7D1158;DESGASTE;CAT 140K;4-CUCHILLAS;47,5;0;KG;63900;15;1158595,29;;;;;1;;1;;
3;03-MAYOR A PUNTO DE PEDIDO;1002276;ZSTO;PROTECTOR LATERAL BALDE;MR01;0377;;V1;3;HB;6;6;0;0;0;0;G04;UÑAS;410401,86;VOLVO CONS // VOLVO CONS;VOE14537759 // 22E158;DESGASTE;VOLVO EC 480D;3-DESGASTE;0;0;KG;0;25;410401,85;;;;1;;;1;;
3;03-MAYOR A PUNTO DE PEDIDO;1002280;ZSTO;TUERCA;MR01;0377;C202;V1;4;HB;8;8;0;0;0;0;G05;AJUSTE;14784;KOMATSU HO;180302430;DESGASTE;KOMATSU 155AX6;7-PESADO;0,16;0;KG;37,68;25;14784,01;;;;1;;;1;;
3;03-MAYOR A PUNTO DE PEDIDO;1002282;ZSTO;TUERCA P 9H1776 JD 310J;MR01;0377;;V1;6;HB;12;12;0;0;0;0;G05;AJUSTE;728,16;JOHN DEERE;14H1039;DESGASTE;JD 310J;7-PESADO;0,04;0;KG;7,065;25;728,12;;;;1;;;1;;
3;03-MAYOR A PUNTO DE PEDIDO;1002283;ZSTO;DIENTE;MR01;0377;;V1;3;HB;6;6;0;0;0;0;G04;UÑAS;2760,66;JOHN DEERE;TF23D;DESGASTE;JD310J;3-DESGASTE;1,675;0;KG;787,5;25;2760,66;;;;1;;;1;;
3;03-MAYOR A PUNTO DE PEDIDO;1002287;ZSTO;CUCHILLA;MR01;0377;;V1;2;HB;4;4;0;0;0;0;G01;CUCHILLAS;50102;JOHN DEERE // JOHN DEERE;T150517 // T166437;DESGASTE;JD310J;4-CUCHILLAS;60;0;KG;8720;25;50102,02;;;;1;;;1;;
3;03-MAYOR A PUNTO DE PEDIDO;1002298;ZSTO;TRABA PROT. RIPPER XUN;MR01;0377;C2 B3;V1;6;HB;12;12;0;0;0;0;G05;AJUSTE;15334,68;CATERPILLA;1368308;DESGASTE;CAT 140K;7-PESADO;0,18;0;KG;26,69;25;15334,67;;;;1;;;1;;
3;03-MAYOR A PUNTO DE PEDIDO;1002299;ZSTO;UNA RIPPER X UN;MR01;0377;;V1;4;HB;8;6;0;0;0;0;G04;UÑAS;189359,82;CATERPILLA;6Y0309;DESGASTE;CAT 140K;3-DESGASTE;5,38;0;KG;2552;25;189359,84;;;;1;;;1;;
3;03-MAYOR A PUNTO DE PEDIDO;1002303;ZSTO;CUCHILLA X UN;MR01;0377;;V1;4;HB;8;8;0;0;0;0;G01;CUCHILLAS;479674,16;KOMATSU HO // KOMATSU HO;1757026310 // 17570A6310;DESGASTE;KMS 155AX6;4-CUCHILLAS;48,5;0;KG;5300;15;479674,16;;;;1;;;1;;
3;03-MAYOR A PUNTO DE PEDIDO;1002304;ZSTO;"TORNILLO PUNTERA 7/8"" X 3.1/2"" X UN";MR01;0377;;V1;14;HB;28;28;0;0;0;0;G05;AJUSTE;69971,44;KOMATSU HO;1757111463;DESGASTE;KMS 155AX6;7-PESADO;0,295;0;KG;81,738;15;69971,35;;;;1;;;1;;
3;03-MAYOR A PUNTO DE PEDIDO;1002306;ZSTO;"TORNILLO CUCHILLA 7/8"" X 3"" XUN";MR01;0377;;V1;15;HB;30;30;0;0;0;0;G05;AJUSTE;40569;KOMATSU HO // No aplica;1757111454 // 1757111452;DESGASTE;KMS 155AX6;7-PESADO;0,276;0;KG;86,546;15;40568,87;;;;1;;;1;;
3;03-MAYOR A PUNTO DE PEDIDO;1002307;ZSTO;TUERCA PUNT. 175-71-22272 X UN;MR01;0377;;V1;15;HB;30;30;0;0;0;0;G05;AJUSTE;29554,2;KOMATSU HO // CATERPILLA;1757111530 // 2J3505;DESGASTE;KMS 155AX6;7-PESADO;0,079;0;KG;19,233;25;29554,27;;;;1;;;1;;
3;03-MAYOR A PUNTO DE PEDIDO;1002309;ZSTO;PROTECTOR ESCARIFICADOR X UN;MR01;0377;;V1;3;HB;6;6;0;0;0;0;G04;UÑAS;51515,46;CATERPILLA;6Y5230;DESGASTE;JD670 CAT 140K;3-DESGASTE;0;0;KG;0;25;51515,48;;;;1;;;1;;
3;03-MAYOR A PUNTO DE PEDIDO;1002316;ZSTO;SEGURO PUNTERA 175-71-22272 XUN;MR01;0377;;V1;15;HB;30;30;0;0;0;0;G05;AJUSTE;25374,9;;164322245;DESGASTE;KMS 155AX6;7-PESADO;0,03;0;KG;6,358;25;25374,96;;;;1;;;1;;
3;03-MAYOR A PUNTO DE PEDIDO;1002322;ZSTO;TUERCA X UN;MR01;0377;C2 A3;V1;30;HB;60;60;0;0;0;0;G05;AJUSTE;69442,2;CATERPILLA;2J3506;DESGASTE;CAT 980H, 140K;7-PESADO;0,055;0;KG;10,598;15;69442,09;;;;1;;;1;;
3;03-MAYOR A PUNTO DE PEDIDO;1002329;ZSTO;ARANDELA P BULON CUCHILLA;MR01;0377;C2 B3;V1;30;HB;60;58;0;0;0;0;G05;AJUSTE;113264,72;JOHN DEERE;24M7241;DESGASTE;JD310J;8-VARIOS;0,018;0;KG;1,414;25;113264,7;;;;1;;;1;;
3;03-MAYOR A PUNTO DE PEDIDO;1002340;ZSTO;BULON 5/8 X 21/2;MR01;0377;C2 A3;V1;8;HB;16;16;0;0;0;0;G05;AJUSTE;30767,52;CATERPILLA // No aplica;3F5108 // PB510;DESGASTE;JD 770D/CAT 140K;7-PESADO;0,093;0;KG;29,438;60;30767,47;;;;1;;;1;;
3;03-MAYOR A PUNTO DE PEDIDO;1002346;ZSTO;PUNTERA IZQUIERDA;MR01;0377;;V1;1;HB;2;2;0;0;0;0;G02;LATERALES;228067,52;;1757122272;DESGASTE;KOM. D155;3-DESGASTE;0;0;KG;0;15;228067,51;;;;1;;;1;;
3;03-MAYOR A PUNTO DE PEDIDO;1002347;ZSTO;PUNTERA DERECHA;MR01;0377;;V1;1;HB;2;2;0;0;0;0;G02;LATERALES;292588,14;;1757122282;DESGASTE;KOM. D65EX15;3-DESGASTE;34,5;0;KG;11261,25;20;292588,15;;;;1;;;1;;
3;03-MAYOR A PUNTO DE PEDIDO;1002358;ZSTO;CORTADOR LATERAL;MR01;0377;;V1;1;HB;2;2;0;0;0;0;G02;LATERALES;25970,58;JOHN DEERE;T202876;DESGASTE;JD 670G;3-DESGASTE;7,765;0;KG;5231,25;25;25970,59;;;;1;;;1;;
3;03-MAYOR A PUNTO DE PEDIDO;1002359;ZSTO;TUERCA 3 4 P CUCHILLA X UN;MR01;0377;C2 B3;V1;30;HB;45;45;0;0;0;0;G05;AJUSTE;44833,5;JOHN DEERE;14H1058;DESGASTE;JD850J;7-PESADO;0,049;0;KG;10,598;20;44833,7;;;;1;;;1;;
3;03-MAYOR A PUNTO DE PEDIDO;1002363;ZSTO;DIENTE X UN;MR01;0377;;V1;10;HB;20;20;0;0;0;0;G04;UÑAS;833899,2;JOHN DEERE // JOHN DEERE;TK250LD // 250LD;DESGASTE;544K;3-DESGASTE;3,515;0;KG;1360;25;833899,27;;;;1;;;1;;
3;03-MAYOR A PUNTO DE PEDIDO;1002364;ZSTO;TRABA PARA DIENTE X UN;MR01;0377;C2 B3;V1;10;HB;20;12;0;0;0;0;G05;AJUSTE;87724,8;JOHN DEERE;TK250P;DESGASTE;544K;7-PESADO;0,115;0;KG;36,797;15;87724,83;;;;1;;;1;;
3;03-MAYOR A PUNTO DE PEDIDO;1002375;ZSTO;SEGMENTO DE CUCHILLA;MR01;0377;;V1;4;HB;8;8;0;0;0;0;G01;CUCHILLAS;491819,92;JOHN DEERE;T157306;DESGASTE;JD 524K;3-DESGASTE;12,095;0;KG;1657,5;25;491819,93;;;;1;;;1;;
3;03-MAYOR A PUNTO DE PEDIDO;1002376;ZSTO;UNA BALDE TRAS;MR01;0377;;V1;3;HB;6;6;0;0;0;0;G04;UÑAS;41420,88;JOHN DEERE;TK225FD;DESGASTE;310L;3-DESGASTE;1,565;0;KG;830,7;25;41420,86;;;;1;;;1;;
3;03-MAYOR A PUNTO DE PEDIDO;1002377;ZSTO;PERNO UNA TRAS;MR01;0377;C2 B2;V1;3;HB;6;6;0;0;0;0;G05;AJUSTE;8331,66;JOHN DEERE;TK225P;DESGASTE;310L;7-PESADO;0,075;0;KG;20,41;25;8331,67;;;;1;;;1;;
3;03-MAYOR A PUNTO DE PEDIDO;1002378;ZSTO;TRABA BALDE TRAS;MR01;0377;C2 A3;V1;8;HB;16;16;0;0;0;0;G05;AJUSTE;9896,8;JOHN DEERE;TK3LSER;DESGASTE;310L;7-PESADO;0,005;0;KG;1,766;70;9896,83;;;;1;;;1;;
3;03-MAYOR A PUNTO DE PEDIDO;1002385;ZSTO;UNA;MR01;0377;;V1;10;HB;16;16;0;0;0;0;G04;UÑAS;261608,16;HENSLEY // KOMATSU HO // KOMATSU HO;KH20S // IKA20LN // KH20EX // KH20HS // KH20SDX;DESGASTE;PC130-8 OM;3-DESGASTE;4,87;0;KG;2370,375;20;261608,11;;;;1;;;1;;
3;03-MAYOR A PUNTO DE PEDIDO;1002386;ZSTO;TRABA UNAS;MR01;0377;C2O2;V1;10;HB;16;16;0;0;0;0;G05;AJUSTE;282421,12;;KH20P // K20;DESGASTE;PC130-8 OM;7-PESADO;0,35;0;KG;52,5;20;282421,06;;;;1;;;1;;
4;04-MAYOR A STOCK MAXIMO;1002395;ZSTO;UNA;MR01;0377;;V1;10;HB;16;36;0;0;0;0;G04;UÑAS;1062132,12;KOMATSU HO // No aplica // // KOMATSU HO // HENSLEY;KH23EX // 206920B740 // KH23HS // KH23HS // KH23SDX;DESGASTE;EXCAVADORA KOMATSU PC 240;3-DESGASTE;7,18;0;KG;2964,5;20;1062132,22;;;;;1;;1;;
4;04-MAYOR A STOCK MAXIMO;1002396;ZSTO;TRABA DE UNA;MR01;0377;C2O2;V1;10;HB;16;36;0;0;0;0;G05;AJUSTE;942665,4;No aplica;KH23P // 206920B750;DESGASTE;EXCAVADORA KOMATSU PC 240;7-PESADO;0,425;0;KG;55,125;20;942665,28;;;;;1;;1;;
3;03-MAYOR A PUNTO DE PEDIDO;1002397;ZSTO;PORTA UNAS CENTRALES;MR01;0377;;V1;1;HB;2;2;0;0;0;0;G04;UÑAS;105731;No aplica;KH117523 // 206920B730;DESGASTE;EXCAVADORA KOMATSU PC 240;3-DESGASTE;11;0;KG;3630;20;105731,01;;;;1;;;1;;
3;03-MAYOR A PUNTO DE PEDIDO;1002400;ZSTO;SEGMENTO DE CORTE DERECHO;MR01;0377;;V1;1;HB;2;2;0;0;0;0;G01;CUCHILLAS;40408,78;No aplica;2057074190 // 20Y70B1371;DESGASTE;EXCAVADORA KOMATSU PC 240;3-DESGASTE;15;0;KG;1950;20;40408,78;;;;1;;;1;;
3;03-MAYOR A PUNTO DE PEDIDO;1002401;ZSTO;SEGMENTOS DE CORTE IZQUIERDO;MR01;0377;;V1;1;HB;2;2;0;0;0;0;G01;CUCHILLAS;34375,66;KOMATSU HO;20Y70B1361 // 2057074180;DESGASTE;EXCAVADORA KOMATSU PC 240;3-DESGASTE;9,555;0;KG;3471;20;34375,67;;;;1;;;1;;
3;03-MAYOR A PUNTO DE PEDIDO;1002414;ZSTO;ARANDELAS PARA BULON DE CUCHILLAS TALON;MR01;0377;C2 B3;V1;15;HB;30;30;0;0;0;0;G05;AJUSTE;20012,1;JOHN DEERE;24M7242;DESGASTE;JD 310 L 4X4 - 4X2;7-PESADO;0,035;0;KG;3,768;35;20012,24;;;;1;;;1;;
3;03-MAYOR A PUNTO DE PEDIDO;1002422;ZSTO;PORTA UNAS CENTRALES;MR01;0377;;V1;2;HB;3;3;0;0;0;0;G04;UÑAS;55018,02;JOHN DEERE;TK250C100B;DESGASTE;JD 624 K;3-DESGASTE;6,64;0;KG;2430;15;55018,03;;;;1;;;1;;
3;03-MAYOR A PUNTO DE PEDIDO;1002423;ZSTO;PORTA UNAS DERECHOS E IZQUIERDOS;MR01;0377;;V1;2;HB;3;3;0;0;0;0;G04;UÑAS;65797,05;JOHN DEERE;TK250E100B;DESGASTE;JD 624 K;3-DESGASTE;9,351;0;KG;4544;15;65797,05;;;;1;;;1;;
3;03-MAYOR A PUNTO DE PEDIDO;1002425;ZSTO;BULONES PARA SEGMENTOS DE CORTE;MR01;0377;C2 A3;V1;14;HB;20;16;0;0;0;0;G05;AJUSTE;93583,04;JOHN DEERE;T146934;DESGASTE;JD 624 K;7-PESADO;0,15;0;KG;45,923;15;93583,05;;;;1;;;1;;
3;03-MAYOR A PUNTO DE PEDIDO;1002426;ZSTO;BULON DE PORTA UNA CENTRAL;MR01;0377;;V1;4;HB;6;6;0;0;0;0;G05;AJUSTE;20649,66;JOHN DEERE;19H3167;DESGASTE;JD 624 K;7-PESADO;0,22;0;KG;63,585;15;20649,68;;;;1;;;1;;
3;03-MAYOR A PUNTO DE PEDIDO;1002427;ZSTO;BULON DE PORTA UNA IZQUIERDO Y DERECHO;MR01;0377;C2 A3;V1;4;HB;6;6;0;0;0;0;G05;AJUSTE;54319,62;JOHN DEERE;19M8288;DESGASTE;JD 624 K;7-PESADO;0,405;0;KG;131,88;30;54319,64;;;;1;;;1;;
3;03-MAYOR A PUNTO DE PEDIDO;1002443;ZSTO;PLOW BOLT TUERCA;MR01;0377;C202;V1;8;HB;12;12;0;0;0;0;G05;AJUSTE;148323,84;HENSLEY;AC10412;DESGASTE;KOMPC 450 LC-8;7-PESADO;0,575;0;KG;144,44;15;148323,8;;;;1;;;1;;
3;03-MAYOR A PUNTO DE PEDIDO;1002472;ZSTO;FILTRO COMBUSTIBLE XUN;MR01;0377;;V1;3;HB;6;6;0;0;0;0;F06;FILTRO COMBUSTIBLE;393191,22;JOHN DEERE // JOHN DEERE;RE529643 // RE541922;FILTROS;PARA 544J 544;7-PESADO;0,378;0;KG;1481,125;25;393191,22;;;;1;;;1;;
3;03-MAYOR A PUNTO DE PEDIDO;1002473;ZSTO;FILTRO COMBUSTUBLE XUN;MR01;0377;C2J2;V1;3;HB;6;6;0;0;0;0;F06;FILTRO COMBUSTIBLE;248891,94;JOHN DEERE;RE522878;FILTROS;JD 544J, 544K;7-PESADO;0,346;0;KG;1481,125;15;248891,94;;;;1;;;1;;
3;03-MAYOR A PUNTO DE PEDIDO;1002476;ZSTO;FILTRO HIDRAULICO;MR01;0377;;V1;1;HB;2;2;0;0;0;0;F07;FILTRO FLUIDO HIDR;41135,48;BOMAG GMBH // DONALDSON;7993014 // P566212;FILTROS;BOMAG 213/219;7-PESADO;0,51;0;KG;2025;15;41135,47;;;;1;;;1;;
3;03-MAYOR A PUNTO DE PEDIDO;1002480;ZSTO;FILTRO ACEITE;MR01;0377;C2 E4;V1;3;HB;6;6;0;0;0;0;F03;FILTRO ACEITE;87183,36;BOMAG GMBH // DONALDSON;5710640 // P553771;FILTROS;BOMAG 213/219;7-PESADO;0,76;0;KG;1985,5;15;87183,35;;;;1;;;1;;
3;03-MAYOR A PUNTO DE PEDIDO;1002482;ZSTO;FILTRO DIFERENCIAL STRALIS;MR01;0377;C2K2;V1;2;HB;4;4;0;0;0;0;F03;FILTRO ACEITE;58461,48;CNH // CNH;93190817 // 42567146;FILTROS;FILTROS;8-VARIOS;0,44;0;KG;1100;15;58461,47;;;;1;;;1;;
3;03-MAYOR A PUNTO DE PEDIDO;1002483;ZSTO;FILTRO ACEITE;MR01;0377;C2B2;V1;3;HB;5;5;0;0;0;0;F03;FILTRO ACEITE;329340,8;KOMATSU HO // DONALDSON // KOMATSU HO;6002111340 // P559000 // 6002111341;FILTROS;KMS 155AX6, 375D, WA600;7-PESADO;2,07;0;KG;3617,28;30;329340,79;;;;1;;;1;;
3;03-MAYOR A PUNTO DE PEDIDO;1002485;ZSTO;FILTRO CABINA RECIRCULADO;MR01;0377;C2K3;V1;2;HB;3;3;0;0;0;0;F05;FILTRO AIRE CABINA;95249,25;JOHN DEERE;AT184590;FILTROS;FILTROS;9-FRAGIL;0,443;0;KG;3919,5;15;95249,26;;;;1;;;1;;
3;03-MAYOR A PUNTO DE PEDIDO;1002486;ZSTO;CARTUCHO FILTRO VW XUN;MR01;0377;;V1;3;HB;6;5;0;0;0;0;F01;CARTUCHO;155086,85;VOLKSWAGEN;2RP127491;FILTROS;FILTROS;7-PESADO;0,73;0;KG;1694;15;155086,84;;;;1;;;1;;
3;03-MAYOR A PUNTO DE PEDIDO;1002514;ZSTO;FILTRO ACEITE;MR01;0377;C2K4;V1;3;HB;6;4;0;0;0;0;F03;FILTRO ACEITE;124122,84;JOHN DEERE // JOHN DEERE;RE541420 // RE504836;FILTROS;J.D. 544K/310J;7-PESADO;0,619;0;KG;1550;25;124122,82;;;;1;;;1;;
3;03-MAYOR A PUNTO DE PEDIDO;1002523;ZSTO;FILTRO ACEITE PERKINS (ALTO);MR01;0377;C2 I2;V1;3;HB;6;6;0;0;0;0;F03;FILTRO ACEITE;48675,72;PERTRAK //;4125 // P554407;FILTROS;FILTROS;7-PESADO;0,76;0;KG;2000;15;48675,72;;;;1;;;1;;
3;03-MAYOR A PUNTO DE PEDIDO;1002524;ZSTO;FILTRO ACEITE MOTOR;MR01;0377;C2 K4;V1;2;HB;4;3;0;0;0;0;F03;FILTRO ACEITE;6223,41;MANN // // BALDWIN // FLEETGUARD;W962 // 0986B01027 // B236 // LF4054;FILTROS;FILTROS;7-PESADO;0,71;0;KG;1335,285;15;6223,4;;;;1;;;1;;
3;03-MAYOR A PUNTO DE PEDIDO;1002527;ZSTO;FILTRO AIRE CABINA;MR01;0377;C2 G4;V1;2;HB;4;4;0;0;0;0;F05;FILTRO AIRE CABINA;152742,88;CATERPILLA // CATERPILLA;2457823 // 5460006;FILTROS;CAT 324DL;9-FRAGIL;0,074;0;KG;924,5;15;152742,89;;;;1;;;1;;
3;03-MAYOR A PUNTO DE PEDIDO;1002529;ZSTO;FILTRO HIDRAULICO DE RETORNO XUN;MR01;0377;C2J2;V1;1;HB;2;2;0;0;0;0;F07;FILTRO FLUIDO HIDR;337433,26;JOHN DEERE // JOHN DEERE;AT335977 // AT545968;FILTROS;JD 544K;7-PESADO;1,6;0;KG;7865;15;337433,27;;;;1;;;1;;
3;03-MAYOR A PUNTO DE PEDIDO;1002532;ZSTO;FILTRO RESPIRADERO XUN;MR01;0377;C2N3;V1;2;HB;4;3;0;0;0;0;F04;FILTRO AIRE;61626,15;JOHN DEERE;AT223493;FILTROS;J.D.544K;9-FRAGIL;0,09;0;KG;302,5;15;61626,15;;;;1;;;1;;
3;03-MAYOR A PUNTO DE PEDIDO;1002541;ZSTO;FILTRO DE LINEA XUN;MR01;0377;C2F3;V1;1;HB;2;2;0;0;0;0;F04;FILTRO AIRE;11176,94;JOHN DEERE;AT101565;FILTROS;JOHN DEERE;9-FRAGIL;0,09;0;KG;490;25;11176,94;;;;1;;;1;;
3;03-MAYOR A PUNTO DE PEDIDO;1002542;ZSTO;FILTRO ACEITE TRANSMISION JD;MR01;0377;C2K2;V1;1;HB;2;2;0;0;0;0;C03;EQUIPOS;11515,42;JOHN DEERE // JOHN DEERE;AT466863 // AT179323;FILTROS;JD;7-PESADO;0,89;0;KG;2070;25;11515,43;;;;1;;;1;;
3;03-MAYOR A PUNTO DE PEDIDO;1002543;ZSTO;FILTRO AIRE X UN;MR01;0377;C2L4;V1;2;HB;4;4;0;0;0;0;F04;FILTRO AIRE;156453,4;JOHN DEERE;AT191102;FILTROS;CABINA J.D. 544K;9-FRAGIL;0,321;0;KG;3536;15;156453,42;;;;1;;;1;;
3;03-MAYOR A PUNTO DE PEDIDO;1002544;ZSTO;FILTRO TRAMPA AGUA;MR01;0377;C2K3;V1;5;HB;10;10;0;0;0;0;F13;FILTRO TRAMPA DE A;752706,2;PARKER RAC // PARKER RAC;2R000127177J // R120LJ10MAQII;FILTROS;VW31-3;7-PESADO;0,892;0;KG;2042,178;25;752706,2;;;;1;;;1;;
3;03-MAYOR A PUNTO DE PEDIDO;1002546;ZSTO;FILTRO HIDRAULICO;MR01;0377;C2F3;V1;1;HB;2;2;0;0;0;0;F04;FILTRO AIRE;114794,8;JOHN DEERE //;AT308274 // AT367840;FILTROS;FILTROS;7-PESADO;2,77;0;KG;5915;25;114794,79;;;;1;;;1;;
3;03-MAYOR A PUNTO DE PEDIDO;1002547;ZSTO;FILTRO HIDRAULICO X UN;MR01;0377;C2 C4;V1;1;HB;2;2;0;0;0;0;F07;FILTRO FLUIDO HIDR;212809,82;CATERPILLA // CATERPILLA;1262081 // 1799806;FILTROS;CAT 336 DLME, 390;7-PESADO;1,98;0;KG;12032;15;212809,82;;;;1;;;1;;
3;03-MAYOR A PUNTO DE PEDIDO;1002558;ZSTO;FILTRO COMBUSTIBLE J.D. XUN;MR01;0377;;V1;3;HB;6;6;0;0;0;0;F06;FILTRO COMBUSTIBLE;39253,44;JOHN DEERE;RE62424;FILTROS;SULLAIR 185Q, SAE400;7-PESADO;0,21;0;KG;1296;25;39253,46;;;;1;;;1;;
3;03-MAYOR A PUNTO DE PEDIDO;1002566;ZSTO;FILTRO LINEA COMBUSTIBLE;MR01;0377;C2G3;V1;3;HB;6;4;0;0;0;0;F07;FILTRO FLUIDO HIDR;37732,2;FLEETGUARD // FLEETGUARD // FLEETGUARD // DONALDSON // // FLEETGUARD;FF5079 // FF5006 // FS5288 // P550090 // P550974 // 4080720;FILTROS;FILTROS;9-FRAGIL;0,118;0;KG;432;25;37732,22;;;;1;;;1;;
3;03-MAYOR A PUNTO DE PEDIDO;1002569;ZSTO;FILTRO RESPIRADERO TANQUE HIDRAULICO XUN;MR01;0377;C2K2;V1;1;HB;2;2;0;0;0;0;F04;FILTRO AIRE;22544,04;JOHN DEERE;AM39653;FILTROS;JD 544K;7-PESADO;0,39;0;KG;1100;15;22544,04;;;;1;;;1;;
3;03-MAYOR A PUNTO DE PEDIDO;1002580;ZSTO;FILTRO X UN;MR01;0377;C2G4;V1;1;HB;2;2;0;0;0;0;F14;GENERICOS FILTROS;19238,08;FLEETGUARD // DONALDSON // DONALDSON //;WF2071 // P552070 // P552071 // WF2070;FILTROS;FILTROS;7-PESADO;0,5;0;KG;785;15;19238,06;;;;1;;;1;;
3;03-MAYOR A PUNTO DE PEDIDO;1002591;ZSTO;FILTRO DE COMBUSTIBLE PRINCIPAL XU;MR01;0377;;V1;3;HB;5;5;0;0;0;0;F06;FILTRO COMBUSTIBLE;169490,4;KOMATSU HO // // // // KOMATSU HO;6754716130 // 6754716140 // FF5614 // P550881 // WK950/21 // 6754796140;FILTROS;PC350LC8;7-PESADO;0,72;0;KG;1334,5;25;169490,38;;;;1;;;1;;
4;04-MAYOR A STOCK MAXIMO;1002592;ZSTO;FILTRO ACEITE MOTOR XUN;MR01;0377;C2Ñ2;V1;2;HB;3;5;0;0;0;0;F03;FILTRO ACEITE;155399,95;KOMATSU HO // KOMATSU HO // DONALDSON;6736515142 // DBL7349 // P550909;FILTROS;FILTROS;7-PESADO;0,61;0;KG;1239,809;15;155399,95;;;;;1;;1;;
2;02-MENOR A PUNTO DE PEDIDO;1002611;ZSTO;FILTRO CABINA;MR01;0377;C2K3;V1;2;HB;4;2;0;0;0;0;F05;FILTRO AIRE CABINA;169226,54;CATERPILLA;7T7358;FILTROS;CAT 140K;9-FRAGIL;1,26;0;KG;9800;25;169226,53;;1;;;;;1;;
3;03-MAYOR A PUNTO DE PEDIDO;1002621;ZSTO;FILTRO AIRE 1 XUN;MR01;0377;C2I3;V1;3;HB;5;5;0;0;0;0;F04;FILTRO AIRE;507524;JOHN DEERE;AT300487;FILTROS;JD. 544K;9-FRAGIL;2,175;0;KG;24022,875;15;507523,98;;;;1;;;1;;
3;03-MAYOR A PUNTO DE PEDIDO;1002623;ZSTO;FILTRO AIRE 2 XUN;MR01;0377;C2I2;V1;3;HB;5;5;0;0;0;0;F04;FILTRO AIRE;508819,95;JOHN DEERE;AT314583;FILTROS;JOHN DEERE;9-FRAGIL;1,19;0;KG;21032,375;20;508819,93;;;;1;;;1;;
3;03-MAYOR A PUNTO DE PEDIDO;1002628;ZSTO;FILTRO AIRE CABINA XUN;MR01;0377;C2 M2;V1;2;HB;4;3;0;0;0;0;F05;FILTRO AIRE CABINA;58564,53;JOHN DEERE;AT307501;FILTROS;JD 544K;9-FRAGIL;0,31;0;KG;4137,25;20;58564,53;;;;1;;;1;;
2;02-MENOR A PUNTO DE PEDIDO;1002639;ZSTO;FILTRO DEPOSITO DIRECCION HIDRAULICA;MR01;0377;C2L4;V1;2;HB;3;2;0;0;0;0;F07;FILTRO FLUIDO HIDR;3472,4;CNH INDUST // DONALDSON // No aplica // No aplica;1902137 // P550309 // T1100145397 // V600;FILTROS;VOLVO 330 // VW26310/IVECO/26280-19360;9-FRAGIL;0,149;0;KG;464,75;15;3472,4;;1;;;;;1;;
3;03-MAYOR A PUNTO DE PEDIDO;1002642;ZSTO;FILTRO AIRE;MR01;0377;C2 M1;V1;3;HB;6;5;0;0;0;0;F04;FILTRO AIRE;129202,55;MOTORCRAFT // //;RFA6B // C17308 // P619859;FILTROS;FILTROS;9-FRAGIL;1,3;0;KG;21296;15;129202,55;;;;1;;;1;;
3;03-MAYOR A PUNTO DE PEDIDO;1002654;ZSTO;FILTRO HIDRAULICO;MR01;0377;C2C4;V1;1;HB;2;2;0;0;0;0;F07;FILTRO FLUIDO HIDR;11494,08;KOMATSU HO;706351100;FILTROS;KMS 155AX6;8-VARIOS;1,33;0;KG;6272;15;11494,09;;;;1;;;1;;
3;03-MAYOR A PUNTO DE PEDIDO;1002656;ZSTO;FILTRO AIRE CABINA INTERIOR XUN;MR01;0377;C2M2;V1;2;HB;3;3;0;0;0;0;F05;FILTRO AIRE CABINA;159618,93;KOMATSU HO // DONALDSON // HIFI FILTE;20Y9796261 // P500268 // SC 80019;FILTROS;KMS 155AX6;9-FRAGIL;0,17;0;KG;2160;15;159618,93;;;;1;;;1;;
3;03-MAYOR A PUNTO DE PEDIDO;1002658;ZSTO;FILTRO HIDRAULICO KMS 155AX6 XUN;MR01;0377;C2B4;V1;1;HB;2;2;0;0;0;0;F07;FILTRO FLUIDO HIDR;265666,86;KOMATSU HO // KOMATSU HO;2076071182 // 2076071181;FILTROS;KMS 155AX6 PC 350LC8;8-VARIOS;1,5;0;KG;8400;25;265666,86;;;;1;;;1;;
2;02-MENOR A PUNTO DE PEDIDO;1002675;ZSTO;FILTRO COMBUSTIBLE;MR01;0377;C2 A4;V1;2;HB;3;2;0;0;0;0;F06;FILTRO COMBUSTIBLE;82571,08;PERKINS // // PARKER // // // HAULOTTE G // PERKINS // PERKINS // MANITOU;26560201 // FS20009 // REC-154 // SN40645 // TCE1804I // 2427003070 // 26560201 // 4816636 // 605013;FILTROS;MANITOU/HAULOTTE;9-FRAGIL;0,236;0;KG;1336,5;15;82571,08;;1;;;;;1;;
3;03-MAYOR A PUNTO DE PEDIDO;1002682;ZSTO;FILTRO ACEITE MOTOR XUN;MR01;0377;C2G3;V1;5;HB;10;10;0;0;0;0;F03;FILTRO ACEITE;287683,2;CNH INDUST;2992544;FILTROS;IVECO;7-PESADO;1,402;0;KG;3269,808;15;287683,21;;;;1;;;1;;
3;03-MAYOR A PUNTO DE PEDIDO;1002683;ZSTO;FILTRO AIRE;MR01;0377;C2J2;V1;2;HB;3;3;0;0;0;0;F04;FILTRO AIRE;36613,17;CNH INDUST // No aplica;2996157 // 50058317;FILTROS;FILTROS;9-FRAGIL;1,62;0;KG;24300;15;36613,18;;;;1;;;1;;
3;03-MAYOR A PUNTO DE PEDIDO;1002685;ZSTO;ARE ACONDICIONADO CABINA;MR01;0377;C2E3;V1;2;HB;4;4;0;0;0;0;F10;FILTRO HVAC;105431,44;VOLKSWAGEN // // No aplica // DONALDSON //;2R2819429 // MAH312 // MP5582 // P750019 // TAC5427;FILTROS;VW 31-320-19360;9-FRAGIL;0,13;0;KG;2668;15;105431,43;;;;1;;;1;;
3;03-MAYOR A PUNTO DE PEDIDO;1002686;ZSTO;FILTRO TRAMPA AGUA;MR01;0377;;V1;2;HB;3;3;0;0;0;0;F13;FILTRO TRAMPA DE A;263374,83;KOMATSU HO // DONALDSON // DONALDSON // KOMATSU HO;6003194540 // P550937 // P553200 // 6003114510;FILTROS;D155, WA60;7-PESADO;1,2;0;KG;3316,625;15;263374,83;;;;1;;;1;;
3;03-MAYOR A PUNTO DE PEDIDO;1002696;ZSTO;FILTRO AIRE XUN;MR01;0377;C2 I4;V1;3;HB;6;6;0;0;0;0;F04;FILTRO AIRE;44476,14;DARMET // DARMET // VER;A615P // V785 // A662P;FILTROS;LINCOLN 400;9-FRAGIL;0,9;0;KG;10404;15;44476,12;;;;1;;;1;;
3;03-MAYOR A PUNTO DE PEDIDO;1002697;ZSTO;FILTROAIRE CABINA;MR01;0377;C2F2;V1;1;HB;2;2;0;0;0;0;F05;FILTRO AIRE CABINA;60655,58;CNH INDUST // MANN // LEVAS BOSC;2995966 // CU4466 // 500387947;FILTROS;TRAKKER/STRA;9-FRAGIL;0,188;0;KG;2126,25;15;60655,57;;;;1;;;1;;
3;03-MAYOR A PUNTO DE PEDIDO;1002706;ZSTO;FILTRO COMBUSTIBLE XUN;MR01;0377;C2G4;V1;2;HB;4;3;0;0;0;0;F06;FILTRO COMBUSTIBLE;109940,19;CATERPILLA // // //;1R0762 // FF5624 // P550625 // SN 55429;FILTROS;CAT 980H, CAT 336 DLME,988H;7-PESADO;0,9;0;KG;1912,849;15;109940,19;;;;1;;;1;;
3;03-MAYOR A PUNTO DE PEDIDO;1002708;ZSTO;FILTRO AIRE X UN;MR01;0377;C2J4;V1;4;HB;8;7;0;0;0;0;F04;FILTRO AIRE;266854,56;VOLKSWAGEN // VOLKSWAGEN // VOLKSWAGEN // // // FLEETGUARD;2S0129620B // CA-5626 // FLI6120 // P618941 // S3003 // AF2599700;FILTROS;VW;9-FRAGIL;2,544;0;KG;32928;15;266854,58;;;;1;;;1;;
3;03-MAYOR A PUNTO DE PEDIDO;1002709;ZSTO;CARTUCHO PARA FILTRO AIRE;MR01;0377;C2K4;V1;4;HB;8;5;0;0;0;0;F01;CARTUCHO;93222,7;VOLKSWAGEN // // // MONZA // FLEETGUARD;2S0129620CA // AB3406 // CA5626 // FLI9141 // AF26211;FILTROS;WV;9-FRAGIL;0,687;0;KG;11008;15;93222,68;;;;1;;;1;;
3;03-MAYOR A PUNTO DE PEDIDO;1002713;ZSTO;FILTRO AIRE ANTERIOR;MR01;0377;C2G2;V1;2;HB;3;3;0;0;0;0;F04;FILTRO AIRE;31411,65;CNH INDUST // // CNH INDUST;2992261 // Z8250 // 5803208328;FILTROS;VOLVO 330;7-PESADO;2,4;0;KG;2461,76;15;31411,65;;;;1;;;1;;
3;03-MAYOR A PUNTO DE PEDIDO;1002714;ZSTO;FILTRO COMBUSTIBLE XUN;MR01;0377;C2 L3;V1;3;HB;6;6;0;0;0;0;F06;FILTRO COMBUSTIBLE;52942,92;CNH // // // CNH INDUST;2994048 // P763995 // TBC404 // 2994048;FILTROS;FILTROS;7-PESADO;0,866;0;KG;1815;15;52942,93;;;;1;;;1;;
3;03-MAYOR A PUNTO DE PEDIDO;1002715;ZSTO;ELEMENTO FILTRO AIRE;MR01;0377;C2K1;V1;2;HB;3;3;0;0;0;0;F04;FILTRO AIRE;40588,89;CNH INDUST // DONALDSON // No aplica;2996155 // P787157 // 41272211;FILTROS;FILTRO IVECO;6-PESADO Y FRAGIL;5,4;0;KG;55551,375;15;40588,89;;;;1;;;1;;
3;03-MAYOR A PUNTO DE PEDIDO;1002716;ZSTO;FILTRO TRAMPA AGUA;MR01;0377;C2L2;V1;3;HB;6;6;0;0;0;0;F13;FILTRO TRAMPA DE A;66702,36;CNH INDUST // CNH INDUST;7147701 // 503103529;FILTROS;STRALIS/TRAKKER // VOLVO 330;7-PESADO;0,78;0;KG;2057;15;66702,34;;;;1;;;1;;
3;03-MAYOR A PUNTO DE PEDIDO;1002717;ZSTO;FILTRO BLOW BY;MR01;0377;C2E3;V1;2;HB;3;3;0;0;0;0;F14;GENERICOS FILTROS;22252,92;CNH // CNH // CNH;504209107 // 500086393 // 504153481;FILTROS;IVECO TRAKKER T380;9-FRAGIL;0,29;0;KG;1092;15;22252,91;;;;1;;;1;;
3;03-MAYOR A PUNTO DE PEDIDO;1002722;ZSTO;FILTRO COMBUSTIBLE;MR01;0377;C2G4;V1;5;HB;10;10;0;0;0;0;F06;FILTRO COMBUSTIBLE;562456,3;CATERPILLA //;1R0749 // P551311;FILTROS;CAT;7-PESADO;0,91;0;KG;1842,003;20;562456,26;;;;1;;;1;;
3;03-MAYOR A PUNTO DE PEDIDO;1002727;ZSTO;FILTRO AIRE CABINA XUN;MR01;0377;C2B3;V1;1;HB;2;2;0;0;0;0;F05;FILTRO AIRE CABINA;124728,74;KOMATSU HO // DONALDSON;17M9113530 // P500138;FILTROS;KMS 155AX6;9-FRAGIL;0,271;0;KG;2103,75;15;124728,73;;;;1;;;1;;
3;03-MAYOR A PUNTO DE PEDIDO;1002733;ZSTO;FILTRO AIRE CABINA XUN;MR01;0377;C2J3;V1;4;HB;6;5;0;0;0;0;F05;FILTRO AIRE CABINA;372796,35;CATERPILLA // CATERPILLA;2321732 // 2314487;FILTROS;CAT;9-FRAGIL;0,85;0;KG;6360;25;372796,37;;;;1;;;1;;
3;03-MAYOR A PUNTO DE PEDIDO;1002734;ZSTO;FILTRO AIRE SECUNDARIO;MR01;0377;C2E1;V1;4;HB;6;5;0;0;0;0;F04;FILTRO AIRE;525464,35;CATERPILLA // DONALDSON;2456376 // P782108;FILTROS;CAT 140K;9-FRAGIL;0,6;0;KG;14592;25;525464,34;;;;1;;;1;;
3;03-MAYOR A PUNTO DE PEDIDO;1002735;ZSTO;FILTRO AIRE PRIMARIO XUN;MR01;0377;C2G5;V1;4;HB;6;5;0;0;0;0;F04;FILTRO AIRE;805760,75;CATERPILLA // DONALDSON;2456375 // P782105;FILTROS;CAT;9-FRAGIL;2,9;0;KG;32805;25;805760,76;;;;1;;;1;;
3;03-MAYOR A PUNTO DE PEDIDO;1002736;ZSTO;FILTRO TANQUE HIDRAULICO XUN;MR01;0377;C2J2;V1;1;HB;2;2;0;0;0;0;F07;FILTRO FLUIDO HIDR;78059,1;CATERPILLA;1R0774;FILTROS;CAT 416E // 140K;7-PESADO;0,64;0;KG;5488;20;78059,1;;;;1;;;1;;
3;03-MAYOR A PUNTO DE PEDIDO;1002738;ZSTO;Filtro Aceite Motor;MR01;0377;C2L3;V1;3;HB;6;6;0;0;0;0;F03;FILTRO ACEITE;41102,88;FLEETGUARD // DONALDSON;LF3345 // P558616;FILTROS;ONAN 40DGCA;7-PESADO;0,46;0;KG;956,424;15;41102,9;;;;1;;;1;;
3;03-MAYOR A PUNTO DE PEDIDO;1002740;ZSTO;FILTRO HIDRAULICO;MR01;0377;;V1;1;HB;2;2;0;0;0;0;F07;FILTRO FLUIDO HIDR;93952,86;CATERPILLA;937521;FILTROS;CAT 330;7-PESADO;0,77;0;KG;2280;25;93952,85;;;;1;;;1;;
3;03-MAYOR A PUNTO DE PEDIDO;1002742;ZSTO;FILTRO ACEITE XUN;MR01;0377;C2G2;V1;2;HB;4;3;0;0;0;0;F03;FILTRO ACEITE;239317,2;CATERPILLA // CATERPILLA // CATERPILLA;1R1808 // 1R0716 // 1R1808;FILTROS;CAT 755G;7-PESADO;1,68;0;KG;4291,988;25;239317,2;;;;1;;;1;;
3;03-MAYOR A PUNTO DE PEDIDO;1002745;ZSTO;FILTRO AIRE CABINA;MR01;0377;;V1;1;HB;3;3;0;0;0;0;F05;FILTRO AIRE CABINA;39304,8;CATERPILLA // CATERPILLA // CATERPILLA;2931183 // 3050329 // 4I1278;FILTROS;CAT 336 DLME;9-FRAGIL;0,48;0;KG;4995;25;39304,8;;;;1;;;1;;
3;03-MAYOR A PUNTO DE PEDIDO;1002746;ZSTO;UNIDAD SELLO FILTRO HIDRAULICO;MR01;0377;C2 B3;V1;1;HB;2;2;0;0;0;0;C29;FILTROS/RESPUESTOS;81949,3;CATERPILLA;5I8670;FILTROS;CAT 330;7-PESADO;0,92;0;KG;1700;15;81949,3;;;;1;;;1;;
3;03-MAYOR A PUNTO DE PEDIDO;1002747;ZSTO;FILTRO AIRE PRIMARIO XUN;MR01;0377;C2B5;V1;2;HB;3;3;0;0;0;0;F04;FILTRO AIRE;315660,99;KOMATSU HO // // DONALDSON;6001856110 // AF25627 // P608885;FILTROS;KMS155AX6,PC350LC8,375D,WA600;9-FRAGIL;3,87;0;KG;60984;15;315660,99;;;;1;;;1;;
3;03-MAYOR A PUNTO DE PEDIDO;1002748;ZSTO;FILTRO AIRE SECUNDARIO XUN;MR01;0377;C2M3;V1;2;HB;3;3;0;0;0;0;F04;FILTRO AIRE;35505,3;DONALDSON // // DARMET // KOMATSU HO;P777869 // AF25468 // VP-2776 // 6001856120;FILTROS;KMS 155AX6, PC350LC8, WA600;9-FRAGIL;1,45;0;KG;19855;15;35505,3;;;;1;;;1;;
4;04-MAYOR A STOCK MAXIMO;1002750;ZSTO;FILTRO COMBUSTIBLE;MR01;0377;C2 D4;V1;2;HB;3;5;0;0;0;0;F06;FILTRO COMBUSTIBLE;197889,15;KOMATSU HO // FLEETGUARD // // KOMATSU HO;6003193610 // FS1242 // P551864 // 6003113620;FILTROS;PC350LC8;7-PESADO;0,68;0;KG;1204,386;15;197889,15;;;;;1;;1;;
3;03-MAYOR A PUNTO DE PEDIDO;1002755;ZSTO;FILTRO COMBUSTIBLE XUN;MR01;0377;C2G4;V1;4;HB;8;5;0;0;0;0;F06;FILTRO COMBUSTIBLE;199557,5;CATERPILLA // CATERPILLA // CATERPILLA;3261644 // 1R0770 // 4238525;FILTROS;CAT;7-PESADO;0,789;0;KG;1852,208;15;199557,5;;;;1;;;1;;
3;03-MAYOR A PUNTO DE PEDIDO;1002760;ZSTO;FILTRO AIRE CABINA INTERIOR XUN;MR01;0377;C2M2;V1;2;HB;3;3;0;0;0;0;F05;FILTRO AIRE CABINA;208698,21;KOMATSU HO;2089797620;FILTROS;PC350LC8;9-FRAGIL;0,12;0;KG;2016;15;208698,21;;;;1;;;1;;
3;03-MAYOR A PUNTO DE PEDIDO;1002766;ZSTO;FILTRO COMBUSTIBLE;MR01;0377;C2F3;V1;2;HB;3;3;0;0;0;0;F06;FILTRO COMBUSTIBLE;76107,6;KOMATSU HO // //;4216035170 // AF4167 // P502574;FILTROS;WA600;9-FRAGIL;0,025;0;KG;90,75;25;76107,61;;;;1;;;1;;
3;03-MAYOR A PUNTO DE PEDIDO;1002771;ZSTO;FILTRO DE ACEITE;MR01;0377;C2Ñ4;V1;4;HB;8;7;0;0;0;0;F03;FILTRO ACEITE;254982,77;CATERPILLA;1R1807;FILTROS;CAT;7-PESADO;0,98;0;KG;2469,61;25;254982,76;;;;1;;;1;;
3;03-MAYOR A PUNTO DE PEDIDO;1002772;ZSTO;FILTRO COMBUSTIBLE XUN;MR01;0377;C2E2;V1;2;HB;4;3;0;0;0;0;F06;FILTRO COMBUSTIBLE;74336,04;JOHN DEERE;RE62419;FILTROS;FILTROS;7-PESADO;0,28;0;KG;1296;15;74336,05;;;;1;;;1;;
3;03-MAYOR A PUNTO DE PEDIDO;1002775;ZSTO;CLARK GENESIS FSR8009 XUN;MR01;0377;C2 D2;V1;3;HB;6;4;0;0;0;0;F14;GENERICOS FILTROS;427,12;DARMET;VP799;FILTROS;ONAN 40DGCA;8-VARIOS;0,82;0;KG;9792;15;427,12;;;;1;;;1;;
3;03-MAYOR A PUNTO DE PEDIDO;1002815;ZSTO;FILTRO AIRE SECUNDARIO XUN;MR01;0377;C2 M1;V1;3;HB;6;5;0;0;0;0;F04;FILTRO AIRE;58575,8;DARMET // // MANN // DONALDSON // DARMET // No aplica // LEVAS BOSC;V750S // AF1840 // CF1000 // P776695 // V-717/S // C1000 // 0986B03904;FILTROS;ONAN / MULLER;9-FRAGIL;0,5;0;KG;6760;15;58575,81;;;;1;;;1;;
2;02-MENOR A PUNTO DE PEDIDO;1002818;ZSTO;FILTRO GASOIL;MR01;0377;C2 C3;V1;3;HB;6;2;0;0;0;0;F06;FILTRO COMBUSTIBLE;67819,12;LEVAS BOSC // DONALDSON // PARKER RAC // LEVAS BOSC // BOMAG GMBH;5825010 // P551026 // R160T // 5825010 // 5825015;FILTROS;FILTROS;7-PESADO;1,21;0;KG;2662;15;67819,12;;1;;;;;1;;
2;02-MENOR A PUNTO DE PEDIDO;1002819;ZSTO;FILTRO CABINA FIAT STRALIS 420;MR01;0377;C2E3;V1;1;HB;2;1;0;0;0;0;F05;FILTRO AIRE CABINA;48531,61;CNH //;2995964 // CU4594;FILTROS;STRALIS;9-FRAGIL;0,21;0;KG;4800;25;48531,61;;1;;;;;1;;
3;03-MAYOR A PUNTO DE PEDIDO;1002821;ZSTO;FILTRO AIRE P FIAT STRALIS;MR01;0377;C2I5;V1;2;HB;4;4;0;0;0;0;F04;FILTRO AIRE;457037,12;CNH // CNH // CNH;2996126 // 41272124 // 5801718838;FILTROS;FILTROS;9-FRAGIL;3,94;0;KG;51183;20;457037,12;;;;1;;;1;;
3;03-MAYOR A PUNTO DE PEDIDO;1002822;ZSTO;FILTRO COMBUSTIBLE VOLVO;MR01;0377;C2N4;V1;4;HB;8;7;0;0;0;0;F06;FILTRO COMBUSTIBLE;97201,58;VOLVO CONS // VOLVO CONS // DONALDSON // VOLVO CONS;FL8193841 // O5717966 // P550372 // 20805349;FILTROS;FILTROS - VOLVO PL 3005D- FMX;7-PESADO;0,79;0;KG;1648,5;25;97201,57;;;;1;;;1;;
3;03-MAYOR A PUNTO DE PEDIDO;1002832;ZSTO;FILTRO COMBUSTIBLE;MR01;0377;C2M3;V1;3;HB;6;6;0;0;0;0;F06;FILTRO COMBUSTIBLE;74720,22;FLEETGUARD // // FLEETGUARD // DONALDSON // MANN;2RK127177A // DB0519 // FF5052 // P553004 // WK723;FILTROS;VW 26260 - ONAN;7-PESADO;0,393;0;KG;704;15;74720,23;;;;1;;;1;;
3;03-MAYOR A PUNTO DE PEDIDO;1002836;ZSTO;FILTRO AIRE XUN;MR01;0377;C2H2;V1;6;HB;12;11;0;0;0;0;F04;FILTRO AIRE;550261,36;TOYOTA ARG;178010C01000;FILTROS;HILUX 3.00;9-FRAGIL;0,715;0;KG;7153,313;15;550261,35;;;;1;;;1;;
3;03-MAYOR A PUNTO DE PEDIDO;1002837;ZSTO;FILTRO COMBUSTIBLE;MR01;0377;C2H4;V1;6;HB;12;11;0;0;0;0;F06;FILTRO COMBUSTIBLE;553613,61;TOYOTA ARG // TOYOTA ARG;233900L04100 // 233920L0100;FILTROS;PARA HILUX 3.00;9-FRAGIL;0,129;0;KG;729;15;553613,65;;;;1;;;1;;
3;03-MAYOR A PUNTO DE PEDIDO;1002838;ZSTO;FILTRO ACEITE;MR01;0377;C2H4;V1;10;HB;15;11;0;0;0;0;F03;FILTRO ACEITE;149670,51;TOYOTA ARG // TOYOTA ARG;909152000300 // 90915YZZD2;FILTROS;PARA HILUX;8-VARIOS;0,27;0;KG;576;15;149670,49;;;;1;;;1;;
3;03-MAYOR A PUNTO DE PEDIDO;1002877;ZSTO;FILTRO EL. HIDR. PILOTO;MR01;0377;C2N4;V1;1;HB;2;2;0;0;0;0;F07;FILTRO FLUIDO HIDR;202063,52;KOMATSU HO;20Y6251691;FILTROS;KMS 155AX6;9-FRAGIL;0,07;0;KG;250;15;202063,52;;;;1;;;1;;
3;03-MAYOR A PUNTO DE PEDIDO;1002878;ZSTO;FILTRO RESPIRADERO TRANSMISION XUN;MR01;0377;C2 E4;V1;1;HB;2;2;0;0;0;0;F04;FILTRO AIRE;75386,48;KOMATSU HO //;0703000252 // FS 127;FILTROS;KMS 155AX6;8-VARIOS;0,1;0;KG;62,8;15;75386,48;;;;1;;;1;;
4;04-MAYOR A STOCK MAXIMO;1002899;ZSTO;FILTRO COMBUSTIBLE;MR01;0377;C2L4;V1;2;HB;3;6;0;0;0;0;F06;FILTRO COMBUSTIBLE;82370,28;FLEETGUARD // DONALDSON;FF5488 // P550774;FILTROS;VW 31-320-19360;7-PESADO;0,62;0;KG;1204,386;15;82370,26;;;;;1;;1;;
3;03-MAYOR A PUNTO DE PEDIDO;1002901;ZSTO;FILTRO ACEITE;MR01;0377;C2F3;V1;2;HB;4;4;0;0;0;0;F03;FILTRO ACEITE;153473,28;FLEETGUARD // DONALDSON // KOMATSU HO;LF9009 // P553000 // 6742014540;FILTROS;VW 31-320 - 19360;7-PESADO;1,53;0;KG;3391,2;15;153473,29;;;;1;;;1;;
3;03-MAYOR A PUNTO DE PEDIDO;1002902;ZSTO;FILTRO HABITACULO XUN;MR01;0377;C2 H3;V1;6;HB;12;12;0;0;0;0;F05;FILTRO AIRE CABINA;336634,56;TOYOTA ARG;871390K010;FILTROS;HILUX;9-FRAGIL;0,078;0;KG;1414,5;15;336634,56;;;;1;;;1;;
2;02-MENOR A PUNTO DE PEDIDO;1002907;ZSTO;FILTRO TRAMPA AGUA XUN;MR01;0377;C2N3;V1;3;HB;6;3;0;0;0;0;F13;FILTRO TRAMPA DE A;257317,86;JOHN DEERE;AT365870;FILTROS;JD 644K, 544K;7-PESADO;0,783;0;KG;1764,876;25;257317,85;;1;;;;;1;;
3;03-MAYOR A PUNTO DE PEDIDO;1002908;ZSTO;FILTRO TRANSIMISION HIDRAULICO XUN;MR01;0377;C2F4;V1;1;HB;2;2;0;0;0;0;F07;FILTRO FLUIDO HIDR;122533,48;JOHN DEERE;AT367635;FILTROS;JD 524;7-PESADO;1,01;0;KG;2100;25;122533,48;;;;1;;;1;;
3;03-MAYOR A PUNTO DE PEDIDO;1002909;ZSTO;FILTRO TR. AGUA CAT 988H;MR01;0377;C2 D3;V1;2;HB;4;3;0;0;0;0;F13;FILTRO TRAMPA DE A;287465,04;CATERPILLA // CATERPILLA;3261643 // 1R0771;FILTROS;CAT 988H,390,988K,336;7-PESADO;0,89;0;KG;2279,64;15;287465,05;;;;1;;;1;;
3;03-MAYOR A PUNTO DE PEDIDO;1002925;ZSTO;FILTRO AIRE PRIMARIO;MR01;0377;C2 L1;V1;3;HB;6;6;0;0;0;0;F04;FILTRO AIRE;253584,12;BOMAG GMBH // // DONALDSON // DONALDSON // BALDWIN;5821147 // C20500 // P778994 // P779894 // RS3992;FILTROS;BW24RH;9-FRAGIL;1,17;0;KG;18081;30;253584,14;;;;1;;;1;;
3;03-MAYOR A PUNTO DE PEDIDO;1002926;ZSTO;FILTRO AIRE SECUNDARIO;MR01;0377;C2 L4;V1;3;HB;6;6;0;0;0;0;F04;FILTRO AIRE;249456,72;BOMAG GMBH // // DONALDSON // BALDWIN;5821148 // CF5001 // P780036 // RS3993;FILTROS;BOMAG BW24 RH;9-FRAGIL;0,37;0;KG;4840;30;249456,69;;;;1;;;1;;
3;03-MAYOR A PUNTO DE PEDIDO;1002931;ZSTO;FILTRO ACEITE;MR01;0377;C2B2;V1;8;HB;12;12;0;0;0;0;F03;FILTRO ACEITE;467390,28;VOLVO CONS // VOLVO MAQU // FLEETGUARD // VOLVO CONS // VOLVO CONS;P21707133 // 17533660 // LF667 // VOE478736 // 23658092;FILTROS;VOLVO 330 // VOLVO L260H;7-PESADO;1,215;0;KG;2469,61;20;467390,26;;;;1;;;1;;
4;04-MAYOR A STOCK MAXIMO;1002932;ZSTO;FILTRO ACEITE;MR01;0377;C2L2;V1;5;HB;10;13;0;0;0;0;F03;FILTRO ACEITE;532135,24;VOLVO CONS // VOLVO CONS;P21707132 // VOE477556;FILTROS;VOLVO L260H;7-PESADO;1,152;0;KG;2699,223;20;532135,22;;;;;1;;1;;
3;03-MAYOR A PUNTO DE PEDIDO;1002934;ZSTO;FILTRO PRIMARIO COMBUSTIBLE;MR01;0377;C2 B2;V1;4;HB;8;7;0;0;0;0;F06;FILTRO COMBUSTIBLE;531837,18;VOLVO CONS;VOE11110683;FILTROS;EC 480D - L220G - PL 3005D;7-PESADO;0,94;0;KG;2089,67;20;531837,2;;;;1;;;1;;
3;03-MAYOR A PUNTO DE PEDIDO;1002935;ZSTO;FILTRO AIRE COMBUSTIBLE;MR01;0377;C2C3;V1;6;HB;12;10;0;0;0;0;F04;FILTRO AIRE;348316,9;VOLVO CONS // DONALDSON;VOE11172907 // P528708;FILTROS;EC 480D - L220G - PL 3005D;8-VARIOS;0,24;0;KG;810;20;348316,9;;;;1;;;1;;
3;03-MAYOR A PUNTO DE PEDIDO;1002936;ZSTO;FILTRO AIRE CABINA;MR01;0377;C2 D3;V1;4;HB;6;5;0;0;0;0;F05;FILTRO AIRE CABINA;163323,65;VOLVO CONS // No aplica;VOE11703979 // 150522786;FILTROS;VOLVO EC 480D;9-FRAGIL;0,4;0;KG;3510;20;163323,64;;;;1;;;1;;
3;03-MAYOR A PUNTO DE PEDIDO;1002937;ZSTO;FILTRO AIRE ACONDICIONADO CABINA EX;MR01;0377;C2F4;V1;4;HB;6;6;0;0;0;0;F10;FILTRO HVAC;415768,44;VOLVO CONS // VOLVO CONS;VOE14689735 // 14506997;FILTROS;VOLVO EC 480D - PL 3005D;9-FRAGIL;0,52;0;KG;5208;20;415768,43;;;;1;;;1;;
3;03-MAYOR A PUNTO DE PEDIDO;1002938;ZSTO;FILTRO HIDRAULICO RETORNO;MR01;0377;C2I3;V1;2;HB;3;3;0;0;0;0;F07;FILTRO FLUIDO HIDR;566171,67;VOLVO CONS //;VOE14569658 // 14690316;FILTROS;VOLVO EC 480D;7-PESADO;3,86;0;KG;16967;20;566171,66;;;;1;;;1;;
3;03-MAYOR A PUNTO DE PEDIDO;1002939;ZSTO;FILTRO HIDRAULICO PILOTO;MR01;0377;;V1;1;HB;2;2;0;0;0;0;F07;FILTRO FLUIDO HIDR;5781,38;VOLVO CONS // VOLVO CONS;VOE14532686 // 14711981;FILTROS;VOLVO EC 480D;9-FRAGIL;0,07;0;KG;113,04;20;5781,37;;;;1;;;1;;
3;03-MAYOR A PUNTO DE PEDIDO;1002949;ZSTO;FILTRO COMBUSTIBLE;MR01;0377;C2C4;V1;2;HB;3;3;0;0;0;0;F06;FILTRO COMBUSTIBLE;462905,85;KOMATSU HO // FLEETGUARD // KOMATSU HO // KOMATSU HO;6003113841 // FF63040NN // FF63040NN // 6003193841;FILTROS;KMS 155AX6;7-PESADO;2,08;0;KG;5880;20;462905,85;;;;1;;;1;;
3;03-MAYOR A PUNTO DE PEDIDO;1002951;ZSTO;FILTRO DE COMBUSTIBLE ALTERNATIVO;MR01;0377;C2E2;V1;3;HB;5;5;0;0;0;0;F06;FILTRO COMBUSTIBLE;65026,95;DONALDSON // FLEETGUARD // DONALDSON;P550345 // FF5040 // P555095;FILTROS;TORRE WACKER;8-VARIOS;0,3;0;KG;401,92;20;65026,96;;;;1;;;1;;
3;03-MAYOR A PUNTO DE PEDIDO;1002954;ZSTO;FILTRO ACEITE ORIGINAL;MR01;0377;C2 F3;V1;3;HB;5;5;0;0;0;0;F03;FILTRO ACEITE;237331,75;KOHLER;WAN5000155736;FILTROS;TORRE WACKER;8-VARIOS;0,3;0;KG;567;15;237331,75;;;;1;;;1;;
3;03-MAYOR A PUNTO DE PEDIDO;1002955;ZSTO;FILTRO AIRE WEGA ALTER;MR01;0377;C2D3;V1;3;HB;5;5;0;0;0;0;F04;FILTRO AIRE;62064,55;MANN // MANN // WEGA //;FA134S // C2420 // JFA134 // WA48095;FILTROS;TORRE DE ILUMINACION;9-FRAGIL;0,2;0;KG;1440;15;62064,53;;;;1;;;1;;
3;03-MAYOR A PUNTO DE PEDIDO;1002971;ZSTO;FILTRO DE TRANSMISION CAT;MR01;0377;C2F4;V1;1;HB;2;2;0;0;0;0;F03;FILTRO ACEITE;389769,5;CATERPILLA //;3375270 // 5715253;FILTROS;CAT D8,D9,336,775,390,988;8-VARIOS;0,68;0;KG;5070;25;389769,49;;;;1;;;1;;
3;03-MAYOR A PUNTO DE PEDIDO;1002993;ZSTO;FILTRO DE RESPIRADERO HIDRAULICO;MR01;0377;C2F2;V1;1;HB;2;2;0;0;0;0;F04;FILTRO AIRE;7258,42;JOHN DEERE;AT79590;FILTROS;JD 544K;9-FRAGIL;0,51;0;KG;1400;15;7258,41;;;;1;;;1;;
2;02-MENOR A PUNTO DE PEDIDO;1002994;ZSTO;PERKINS FILTRO ACEITE;MR01;0377;C2K4;V1;2;HB;3;2;0;0;0;0;F03;FILTRO ACEITE;30502,96;HAULOTTE G // DONALDSON // PERKINS;2427003080 // P554407 // 2654407;FILTROS;HAULOTTE HTL 4014/4017/4010;7-PESADO;0,58;0;KG;1800;15;30502,96;;1;;;;;1;;
2;02-MENOR A PUNTO DE PEDIDO;1002995;ZSTO;FILTRO HIDRAULICO DE PRESION;MR01;0377;C2 J4;V1;1;HB;2;1;0;0;0;0;F07;FILTRO FLUIDO HIDR;50608,79;HAULOTTE G // // DONALDSON;2427002910 // P564860 // P783753;FILTROS;HAULOTTE HTL 4014/4017/4010;9-FRAGIL;0,2;0;KG;1152;15;50608,78;;1;;;;;1;;
2;02-MENOR A PUNTO DE PEDIDO;1002996;ZSTO;FILTRO RESP DE TANQUE;MR01;0377;C2 A2;V1;1;HB;2;1;0;0;0;0;F04;FILTRO AIRE;14345,55;HAULOTTE G;2505003370;FILTROS;HAULOTTE HTL 4014/4017/4010;9-FRAGIL;0,24;0;KG;904,32;15;14345,55;;1;;;;;1;;
2;02-MENOR A PUNTO DE PEDIDO;1002997;ZSTO;FILTRO CABINA INTERIOR;MR01;0377;C2M2;V1;1;HB;2;1;0;0;0;0;F05;FILTRO AIRE CABINA;37849,92;HAULOTTE G // HIFI FILTE // DIECI;2820301610 // SC 70087 // 2I094123;FILTROS;HAULOTTE HTL 4014/4017/4010;9-FRAGIL;0,27;0;KG;1680;20;37849,92;;1;;;;;1;;
3;03-MAYOR A PUNTO DE PEDIDO;1002998;ZSTO;FILTRO COMBUSTIBLE;MR01;0377;C2E2;V1;3;HB;5;4;0;0;0;0;F06;FILTRO COMBUSTIBLE;30356,64;PERKINS // FLEETGUARD // DONALDSON // // MANN;4415122 // FF5788 // P502420 // P556245 // P917X;FILTROS;HAULOTTE;9-FRAGIL;0,12;0;KG;900;15;30356,64;;;;1;;;1;;
2;02-MENOR A PUNTO DE PEDIDO;1003000;ZSTO;FILTRO HIDRAULICO DE RETORNO;MR01;0377;C2M2;V1;1;HB;2;1;0;0;0;0;F07;FILTRO FLUIDO HIDR;177046,72;HAULOTTE G //;2505001940 // 16782 ELEVAMUNDO;FILTROS;HAULOTTE HTL 4014/4017;8-VARIOS;0,66;0;KG;2000;15;177046,72;;1;;;;;1;;
2;02-MENOR A PUNTO DE PEDIDO;1003001;ZSTO;FILTRO DE AIRE PRIMARIO;MR01;0377;C2D4;V1;2;HB;3;2;0;0;0;0;F04;FILTRO AIRE;63784,18;FLEETGUARD // FLEETGUARD // DONALDSON;2324005070 // AF25557 // P828889;FILTROS;HAULOTTE HTL 4014/4017/4010;9-FRAGIL;1,04;0;KG;12996;45;63784,18;;1;;;;;1;;
2;02-MENOR A PUNTO DE PEDIDO;1003002;ZSTO;FILTRO DE AIRE SECUNDARIO;MR01;0377;C2 A2;V1;2;HB;3;2;0;0;0;0;F04;FILTRO AIRE;42311,82;HAULOTTE G // DONALDSON;2326001910 // P829333;FILTROS;HAULOTTE HTL 4014/4017/4010;9-FRAGIL;0,38;0;KG;5328;15;42311,82;;1;;;;;1;;
3;03-MAYOR A PUNTO DE PEDIDO;1003020;ZSTO;FILTRO AIRE MOTOR;MR01;0377;C2M4;V1;2;HB;4;3;0;0;0;0;F04;FILTRO AIRE;170755,41;JOHN DEERE;AT332908;FILTROS;JD 310K;9-FRAGIL;1,06;0;KG;19844;25;170755,42;;;;1;;;1;;
3;03-MAYOR A PUNTO DE PEDIDO;1003021;ZSTO;FILTRO AIRE SEGURIDAD;MR01;0377;C2 J3;V1;2;HB;4;3;0;0;0;0;F04;FILTRO AIRE;119108,94;JOHN DEERE;AT332909;FILTROS;JD 310K;9-FRAGIL;0,41;0;KG;10496;15;119108,93;;;;1;;;1;;
3;03-MAYOR A PUNTO DE PEDIDO;1003026;ZSTO;FILTRO SEPARADOR DE AGUA;MR01;0377;C2N3;V1;3;HB;6;4;0;0;0;0;F13;FILTRO TRAMPA DE A;71894,16;FLEETGUARD // FLEETGUARD // DONALDSON;FS19652 // FS1280 // P551329;FILTROS;ONAN C66D5;7-PESADO;0,65;0;KG;1256;15;71894,16;;;;1;;;1;;
3;03-MAYOR A PUNTO DE PEDIDO;1003029;ZSTO;FILTRO DE AIRE PRIMARIO CAT;MR01;0377;C2 L1;V1;3;HB;6;6;0;0;0;0;F04;FILTRO AIRE;98787,42;CATERPILLA // CATERPILLA // CATERPILLA;4578206 // 5206407 // 5287222;FILTROS;CAT 320;9-FRAGIL;1,99;0;KG;24288;25;98787,44;;;;1;;;1;;
3;03-MAYOR A PUNTO DE PEDIDO;1003030;ZSTO;FILTRO DE AIRE SECUNDARIO;MR01;0377;;V1;3;HB;6;6;0;0;0;0;F04;FILTRO AIRE;142202,94;CATERPILLA // CATERPILLA;4470761 // 5290132;FILTROS;CAT 320;9-FRAGIL;0,9;0;KG;12546;25;142202,93;;;;1;;;1;;
3;03-MAYOR A PUNTO DE PEDIDO;1003031;ZSTO;FILTRO DE COMBUSTIBLE;MR01;0377;C2 N3;V1;3;HB;6;6;0;0;0;0;F06;FILTRO COMBUSTIBLE;245516,88;CATERPILLA;1R1804;FILTROS;CAT;7-PESADO;0,24;0;KG;1080,945;25;245516,86;;;;1;;;1;;
3;03-MAYOR A PUNTO DE PEDIDO;1003032;ZSTO;FILTRO TRAMPA DE AGUA;MR01;0377;C2 B3;V1;3;HB;6;6;0;0;0;0;F13;FILTRO TRAMPA DE A;737730,9;CATERPILLA;4385386;FILTROS;CAT;7-PESADO;2,12;0;KG;7875;25;737730,92;;;;1;;;1;;
3;03-MAYOR A PUNTO DE PEDIDO;1003033;ZSTO;FILTRO DE ACEITE MOTOR;MR01;0377;C2 A2;V1;3;HB;6;6;0;0;0;0;F03;FILTRO ACEITE;238417,2;CATERPILLA;3223155;FILTROS;CAT 323;7-PESADO;0,37;0;KG;2904;15;238417,17;;;;1;;;1;;
3;03-MAYOR A PUNTO DE PEDIDO;1003051;ZSTO;FILTRO AIRE PRIMARIO VOLVO;MR01;0377;C2D5;V1;4;HB;8;7;0;0;0;0;F04;FILTRO AIRE;618294,95;VOLVO CONS;VOE11110022;FILTROS;PIPELAYER PL 3005D VOLVO;9-FRAGIL;3,58;0;KG;51894;20;618294,95;;;;1;;;1;;
3;03-MAYOR A PUNTO DE PEDIDO;1003052;ZSTO;FILTRO AIRE SECUNDARIO VOLVO;MR01;0377;C2D4;V1;4;HB;8;7;0;0;0;0;F04;FILTRO AIRE;335326,11;VOLVO CONS;VOE11110023;FILTROS;PIPELAYER PL 3005D VOLVO;9-FRAGIL;1,05;0;KG;18772;20;335326,12;;;;1;;;1;;
3;03-MAYOR A PUNTO DE PEDIDO;1003053;ZSTO;FILTRO RETORNO (HIDRAULICO DRENAJE DE GI;MR01;0377;C2 A2;V1;1;HB;2;2;0;0;0;0;F07;FILTRO FLUIDO HIDR;69828;VOLVO CONS // VOLVO CONS;14532687 // 14744967;FILTROS;PIPELAYER PL 3005D VOLVO;8-VARIOS;0,57;0;KG;1300;20;69828;;;;1;;;1;;
3;03-MAYOR A PUNTO DE PEDIDO;1003054;ZSTO;FILTRO VENTILACION TANQUE HID.;MR01;0377;C2Ñ4;V1;1;HB;2;2;0;0;0;0;F04;FILTRO AIRE;59088,84;VOLVO CONS;14596399;FILTROS;PIPELAYER PL 3005D VOLVO;8-VARIOS;0,08;0;KG;320;20;59088,84;;;;1;;;1;;
3;03-MAYOR A PUNTO DE PEDIDO;1003055;ZSTO;FILTRO DE ACEITE MOTOR VOLVO;MR01;0377;CN4;V1;4;HB;8;7;0;0;0;0;F03;FILTRO ACEITE;137043,27;VOLVO CONS // // VOLVO CONS;VOE17457469 // VOE17535679 // 3831236;FILTROS;PIPELAYER PL 3005D VOLVO;7-PESADO;0,71;0;KG;2100;15;137043,3;;;;1;;;1;;
2;02-MENOR A PUNTO DE PEDIDO;1003060;ZSTO;FILTRO ACEITE;MR01;0377;C2Ñ4;V1;2;HB;3;2;0;0;0;0;F03;FILTRO ACEITE;54507,72;VOLKSWAGEN // VOLKSWAGEN;03L115562 // L3L115562;FILTROS;VW AMAROK;9-FRAGIL;0,1;0;KG;539;15;54507,71;;1;;;;;1;;
2;02-MENOR A PUNTO DE PEDIDO;1003061;ZSTO;FILTRO AIRE;MR01;0377;C2M4;V1;2;HB;3;2;0;0;0;0;F04;FILTRO AIRE;91746,68;VOLKSWAGEN;2H0129620A;FILTROS;VW AMAROK;9-FRAGIL;0,71;0;KG;6890;15;91746,68;;1;;;;;1;;
2;02-MENOR A PUNTO DE PEDIDO;1003062;ZSTO;FILTRO COMBUSTIBLE VW AMAROK;MR01;0377;C2C4;V1;2;HB;3;2;0;0;0;0;F06;FILTRO COMBUSTIBLE;311288,14;VOLKSWAGEN // VOLKSWAGEN;2H0127401D // 2HO127401G;FILTROS;VW AMAROK;9-FRAGIL;0,693;0;KG;5766;15;311288,14;;1;;;;;1;;
3;03-MAYOR A PUNTO DE PEDIDO;1003063;ZSTO;FILTRO HABITACULO;MR01;0377;;V1;2;HB;3;3;0;0;0;0;F05;FILTRO AIRE CABINA;153514,89;VOLKSWAGEN // // //;7H0819631A // 7E0819631 // CB0575 // 7EO-819-631;FILTROS;VW AMAROK;9-FRAGIL;0,32;0;KG;1848;15;153514,9;;;;1;;;1;;
2;02-MENOR A PUNTO DE PEDIDO;1003069;ZSTO;SECANTE CSA 2018;MR01;0377;C2D3;V1;1;HB;2;1;0;0;0;0;F14;GENERICOS FILTROS;343885,26;CATERPILLA //;2032389 // 5879321;FILTROS;CAT 140 K;8-VARIOS;2,75;0;KG;4913;15;343885,26;;1;;;;;1;;
3;03-MAYOR A PUNTO DE PEDIDO;1003076;ZSTO;FILTRO AIRE DONALDSON LINCOLN 305D;MR01;0377;C2 K3;V1;3;HB;6;6;0;0;0;0;F04;FILTRO AIRE;7984,08;DONALDSON;P822686;FILTROS;LINCOLN 305D;6-PESADO Y FRAGIL;0,27;0;KG;2662;15;7984,06;;;;1;;;1;;
3;03-MAYOR A PUNTO DE PEDIDO;1003077;ZSTO;FILTRO ACEITE KUBOTA LINCOLN 305D;MR01;0377;C2 C3;V1;3;HB;6;6;0;0;0;0;F03;FILTRO ACEITE;21376,98;MANN //;W66 // OB0513;FILTROS;LINCOLN 305D;7-PESADO;0,22;0;KG;294;45;21376,98;;;;1;;;1;;
3;03-MAYOR A PUNTO DE PEDIDO;1003079;ZSTO;FILTRO COMBUSTIBLE DE LINEA LINCO;MR01;0377;;V1;3;HB;6;6;0;0;0;0;F06;FILTRO COMBUSTIBLE;4240,98;WEGA // LEVAS BOSC // MANN;FCC2160 // GB0008 // WK421;FILTROS;LINCOLN 305D;7-PESADO;0,04;0;KG;325;20;4240,98;;;;1;;;1;;
3;03-MAYOR A PUNTO DE PEDIDO;1003080;ZSTO;FILTRO DE COMBUSTIBLE;MR01;0377;C2 Ñ3;V1;3;HB;6;6;0;0;0;0;F06;FILTRO COMBUSTIBLE;42169,26;KUBOTA //;1523143560 // P502138;FILTROS;LINCOLN 305D;7-PESADO;0,025;0;KG;144;60;42169,26;;;;1;;;1;;
3;03-MAYOR A PUNTO DE PEDIDO;1003087;ZSTO;FILTRO COMBUSTIBLE;MR01;0377;C2H4;V1;7;HB;14;11;0;0;0;0;F06;FILTRO COMBUSTIBLE;928555,1;TOYOTA ARG //;233900L07000 // 233900L100;FILTROS;HILUX 2017;8-VARIOS;0,184;0;KG;1150;15;928555,14;;;;1;;;1;;
3;03-MAYOR A PUNTO DE PEDIDO;1003088;ZSTO;FILTRO AIRE;MR01;0377;C2H3;V1;7;HB;14;13;0;0;0;0;F04;FILTRO AIRE;723696,09;TOYOTA ARG // TOYOTA ARG;178010L04000 // 178010E030;FILTROS;HILUX 2017;9-FRAGIL;0,57;0;KG;5443,75;15;723696,04;;;;1;;;1;;
3;03-MAYOR A PUNTO DE PEDIDO;1003089;ZSTO;FILTRO DE CABINA;MR01;0377;C2H4;V1;7;HB;14;14;0;0;0;0;F05;FILTRO AIRE CABINA;341356,12;TOYOTA ARG;871390K080;FILTROS;HILUX 2017;9-FRAGIL;0,08;0;KG;1383,75;15;341356,15;;;;1;;;1;;
2;02-MENOR A PUNTO DE PEDIDO;1003093;ZSTO;FILTRO DE COMBUSTIBLE;MR01;0377;C2F2;V1;4;HB;6;3;0;0;0;0;F06;FILTRO COMBUSTIBLE;123141,27;VOLVO CONS // VOLVO CONS;P22480372 // VOE15126069;FILTROS;VOLVO FM460;7-PESADO;1,15;0;KG;2469,61;15;123141,27;;1;;;;;1;;
2;02-MENOR A PUNTO DE PEDIDO;1003094;ZSTO;FILTRO DE DRENAJE BOMBA;MR01;0377;C2K4;V1;1;HB;2;1;0;0;0;0;F07;FILTRO FLUIDO HIDR;19780,68;VOLVO CONS // // No aplica;21392404 // 20580233 // 7632141111;FILTROS;VOLVO 330 // VOLVO FM460;9-FRAGIL;0,105;0;KG;282,6;15;19780,68;;1;;;;;1;;
3;03-MAYOR A PUNTO DE PEDIDO;1003095;ZSTO;FILTRO TRAMPA DE AGUA COMBUSTIBLE;MR01;0377;C2 M3;V1;1;HB;2;2;0;0;0;0;F13;FILTRO TRAMPA DE A;97937,02;PARKER RAC //;21925732 // 23662435;FILTROS;VOLVO FM460;7-PESADO;0,72;0;KG;1329,79;15;97937,02;;;;1;;;1;;
3;03-MAYOR A PUNTO DE PEDIDO;1003096;ZSTO;FILTRO DE AIRE TANQUE DE COMBUSTIBLE;MR01;0377;C2E2;V1;4;HB;8;8;0;0;0;0;F06;FILTRO COMBUSTIBLE;256121,44;VOLVO CONS // DONALDSON;21743197 // P954869;FILTROS;VOLVO 330 // VOLVO FM460;9-FRAGIL;0,09;0;KG;480,42;15;256121,41;;;;1;;;1;;
3;03-MAYOR A PUNTO DE PEDIDO;1003097;ZSTO;FILTRO DE AIRE PRIMARIO;MR01;0377;C2L5;V1;1;HB;2;2;0;0;0;0;F04;FILTRO AIRE;361680,88;VOLVO CONS;21337557;FILTROS;VOLVO FM460;9-FRAGIL;3,39;0;KG;49940,125;30;361680,88;;;;1;;;1;;
3;03-MAYOR A PUNTO DE PEDIDO;1003098;ZSTO;FILTRO COMBUSTIBLE;MR01;0377;C2 D3;V1;3;HB;6;6;0;0;0;0;F06;FILTRO COMBUSTIBLE;551166,9;BOMAG GMBH;O5718268;FILTROS;BOMAG;7-PESADO;0,74;0;KG;1500;30;551166,92;;;;1;;;1;;
3;03-MAYOR A PUNTO DE PEDIDO;1003102;ZSTO;FILTRO DE COMBUSTIBLE;MR01;0377;C2G3;V1;4;HB;6;5;0;0;0;0;F06;FILTRO COMBUSTIBLE;324202,3;VOLKSWAGEN // HENGST // VOLKSWAGEN;2V5201512 // E422KP D98 // FF 5629;FILTROS;FILTROS;7-PESADO;0,26;0;KG;1800;15;324202,31;;;;1;;;1;;
3;03-MAYOR A PUNTO DE PEDIDO;1003103;ZSTO;FILTRO ACEITE MOTOR;MR01;0377;C2L2;V1;2;HB;3;3;0;0;0;0;F03;FILTRO ACEITE;63554,01;MANN // HENGST // MANN // DONALDSON // PARKER;07W115436 // E161H01 D28 // HU947/2 2X // P550451 // REL-814;FILTROS;FILTROS;9-FRAGIL;0,16;0;KG;1782;15;63554,02;;;;1;;;1;;
3;03-MAYOR A PUNTO DE PEDIDO;1003107;ZSTO;FILTRO DE AIRE PRIMARIO;MR01;0377;C2 F3;V1;2;HB;4;3;0;0;0;0;F04;FILTRO AIRE;27216,93;DONALDSON //;P505976 // P954603;FILTROS;TORRE NIGHT-LITE PROII;6-PESADO Y FRAGIL;0,46;0;KG;3388;15;27216,93;;;;1;;;1;;
2;02-MENOR A PUNTO DE PEDIDO;1003119;ZSTO;FILTRO DE AIRE PRIMARIO;MR01;0377;C2 H5;V1;2;HB;4;1;0;0;0;0;F04;FILTRO AIRE;110402,17;VOLVO MAQU;21436535;FILTROS;VOLVO 330;9-FRAGIL;3,2;0;KG;43120;20;110402,17;;1;;;;;1;;
2;02-MENOR A PUNTO DE PEDIDO;1003120;ZSTO;FILTRO DE COMBUSTIBLE;MR01;0377;C2N3;V1;2;HB;4;1;0;0;0;0;F06;FILTRO COMBUSTIBLE;41945,08;VOLVO CONS;22095097;FILTROS;VOLVO 330;7-PESADO;0,95;0;KG;1899,7;20;41945,08;;1;;;;;1;;
3;03-MAYOR A PUNTO DE PEDIDO;1003121;ZSTO;FILTRO DE UREA;MR01;0377;C2N3;V1;1;HB;2;2;0;0;0;0;F09;FILTRO DE UREA;102651,74;VOLVO CONS;82269261;FILTROS;VOLVO 330;9-FRAGIL;0,07;0;KG;238,64;20;102651,74;;;;1;;;1;;
2;02-MENOR A PUNTO DE PEDIDO;1003124;ZSTO;FILTRO DE TRANSMISION CAJA DE CAMBIOS;MR01;0377;C2L3;V1;1;HB;2;1;0;0;0;0;F03;FILTRO ACEITE;7070,24;VOLVO CONS;21479106;FILTROS;VOLVO 330;8-VARIOS;0,21;0;KG;1683;20;7070,24;;1;;;;;1;;
3;03-MAYOR A PUNTO DE PEDIDO;1003125;ZSTO;FILTRO SECADOR DE AIRE;MR01;0377;C2 D3;V1;2;HB;3;3;0;0;0;0;F11;FILTRO SECADOR DE;222337,26;VOLVO CONS;21620181;FILTROS;VOLVO 330;7-PESADO;2,304;0;KG;2058;20;222337,26;;;;1;;;1;;
2;02-MENOR A PUNTO DE PEDIDO;1003126;ZSTO;FILTRO SECADO DE AIRE;MR01;0377;C2 A2;V1;1;HB;2;1;0;0;0;0;F11;FILTRO SECADOR DE;156768,08;VOLVO CONS // VOLVO CONS // VOLVO CONS //;21412848 // 22223804 // 23260134 // 23690622;FILTROS;VOLVO FM460;7-PESADO;1,38;0;KG;4913;25;156768,08;;1;;;;;1;;
4;04-MAYOR A STOCK MAXIMO;1003138;ZSTO;FILTRO DE COMBUSTIBLE;MR01;0377;C2B4;V1;2;HB;3;5;0;0;0;0;F06;FILTRO COMBUSTIBLE;707724,25;KOMATSU HO // KOMATSU HO;6003193750 // 6003113750;FILTROS;KOMATSU PC 200-8;7-PESADO;0,81;0;KG;1239,809;20;707724,25;;;;;1;;1;;
3;03-MAYOR A PUNTO DE PEDIDO;1003139;ZSTO;FILTRO HIDRAULICO;MR01;0377;C2 B4;V1;1;HB;2;2;0;0;0;0;F07;FILTRO FLUIDO HIDR;532895,9;KOMATSU HO;2076071183;FILTROS;KOMATSU PC 200-8;7-PESADO;1,4;0;KG;8400;20;532895,9;;;;1;;;1;;
3;03-MAYOR A PUNTO DE PEDIDO;1003140;ZSTO;FILTRO DE LINEA DE M;MR01;0377;C2B4;V1;1;HB;2;2;0;0;0;0;F07;FILTRO FLUIDO HIDR;189330,02;KOMATSU HO // No aplica // No aplica;20Y9701820 // 1,62071E+12 // 1620706311046;FILTROS;KOMATSU PC 200-8;7-PESADO;0,8;0;KG;3630;20;189330,02;;;;1;;;1;;
3;03-MAYOR A PUNTO DE PEDIDO;1003142;ZSTO;FILTRO HIDRAULICO;MR01;0377;C2N3;V1;1;HB;2;2;0;0;0;0;F07;FILTRO FLUIDO HIDR;462761,46;VOLVO CONS;VOE14688861;FILTROS;VOLVO EC300D;7-PESADO;2,953;0;KG;12160;20;462761,46;;;;1;;;1;;
3;03-MAYOR A PUNTO DE PEDIDO;1003161;ZSTO;FILTRO DE RETORNO;MR01;0377;C2 C2;V1;1;HB;2;2;0;0;0;0;F07;FILTRO FLUIDO HIDR;6059,74;PALFINGER // HIFI FILTE // HIFI FILTE // MAHLE FILT //;EA5811 // SF FILTER HY9784‑SET // SH55186 // D176945RN2010V17 // MDH8165;FILTROS;PALFINGER PK23500B (S406-SKA);8-VARIOS;0,33;0;KG;1280;20;6059,74;;;;1;;;1;;
3;03-MAYOR A PUNTO DE PEDIDO;1003162;ZSTO;FILTRO EN LINEA DE PRESION;MR01;0377;C2 B3;V1;1;HB;2;2;0;0;0;0;F07;FILTRO FLUIDO HIDR;205085,06;PALFINGER;EA4923;FILTROS;PALFINGER PK23500B (S406-SKA);8-VARIOS;0,3;0;KG;864;20;205085,06;;;;1;;;1;;
3;03-MAYOR A PUNTO DE PEDIDO;1003164;ZSTO;FILTRO DE BOMBA SIST. UREA;MR01;0377;;V1;1;HB;2;2;0;0;0;0;F09;FILTRO DE UREA;6185,16;VOLVO CONS;20877958;FILTROS;VOLVO 330;9-FRAGIL;0,03;0;KG;0,006;15;6185,16;;;;1;;;1;;
2;02-MENOR A PUNTO DE PEDIDO;1003169;ZSTO;FILTRO TRAMPA DE AGUA;MR01;0377;C2G4;V1;2;HB;4;2;0;0;0;0;F13;FILTRO TRAMPA DE A;96345,62;SUDAMERICA // //;24226451 // 22752360 // 24226451;FILTROS;VOLVO 330;9-FRAGIL;0,17;0;KG;1100;15;96345,63;;1;;;;;1;;
2;02-MENOR A PUNTO DE PEDIDO;1003170;ZSTO;FILTRO DE AIRE PRIMARIO;MR01;0377;C2G4;V1;3;HB;6;3;0;0;0;0;F04;FILTRO AIRE;150944,25;FLEETGUARD // // FILPLUS;AF26085 // FAI6085 // MSA26085;FILTROS;FILTRO AIRE;9-FRAGIL;0,49;0;KG;4752;15;150944,25;;1;;;;;1;;
2;02-MENOR A PUNTO DE PEDIDO;1003171;ZSTO;FILTRO DE AIRE SECUNDARIO;MR01;0377;C2I4;V1;3;HB;6;2;0;0;0;0;F04;FILTRO AIRE;335753,72;FLEETGUARD // FILPLUS;AF26086 // MSA26086;FILTROS;FILTRO AIRE;9-FRAGIL;2,1;0;KG;16000;15;335753,73;;1;;;;;1;;
3;03-MAYOR A PUNTO DE PEDIDO;1003172;ZSTO;Filtro Aceite Motor;MR01;0377;C2L4;V1;3;HB;6;4;0;0;0;0;F03;FILTRO ACEITE;38060,28;FLEETGUARD // DONALDSON // DONALDSON;LF16011 // P550335 // P551132;FILTROS;CAT 950;7-PESADO;0,29;0;KG;452,16;15;38060,28;;;;1;;;1;;
3;03-MAYOR A PUNTO DE PEDIDO;1003213;ZSTO;ELEMENTO FILTRO DE ACEITE;MR01;0377;C2G2;V1;2;HB;4;3;0;0;0;0;F03;FILTRO ACEITE;26032,29;FLEETGUARD // DONALDSON //;LF9028 // DBL7349 // P558615;FILTROS;ONAN C 150 D5 4;7-PESADO;0,54;0;KG;1144,53;35;26032,28;;;;1;;;1;;
2;02-MENOR A PUNTO DE PEDIDO;1003220;ZSTO;FILTRO DE AIRE PRIMARIO;MR01;0377;C2 N5;V1;2;HB;4;1;0;0;0;0;F04;FILTRO AIRE;214674,82;CNH;5801440581;FILTROS;IVECO TRAKKER 410 T 44 EUROTRO;9-FRAGIL;3,13;0;KG;43120;15;214674,82;;1;;;;;1;;
2;02-MENOR A PUNTO DE PEDIDO;1003221;ZSTO;FILTRO DE AIRE SECUNDARIO;MR01;0377;C2 C4;V1;2;HB;4;1;0;0;0;0;F04;FILTRO AIRE;55660;CNH;5801440583;FILTROS;IVECO TRAKKER 410 T 44 EUROTRO;9-FRAGIL;0,81;0;KG;14416;15;55660;;1;;;;;1;;
2;02-MENOR A PUNTO DE PEDIDO;1003222;ZSTO;FILTRO DE COMBUSTIBLE;MR01;0377;C2 E2;V1;2;HB;4;1;0;0;0;0;F06;FILTRO COMBUSTIBLE;74064,22;CNH // CNH;5801445628 // 5801445630;FILTROS;IVECO TRAKKER 410 T 44 EUROTRO;7-PESADO;1,07;0;KG;2541;15;74064,22;;1;;;;;1;;
2;02-MENOR A PUNTO DE PEDIDO;1003223;ZSTO;FILTRO TRAMPA DE AGUA;MR01;0377;C2 C2;V1;2;HB;4;2;0;0;0;0;F13;FILTRO TRAMPA DE A;129862,48;CNH;5801403243;FILTROS;IVECO TRAKKER 410 T 44 EUROTRO;7-PESADO;0,95;0;KG;2089,67;15;129862,48;;1;;;;;1;;
2;02-MENOR A PUNTO DE PEDIDO;1003226;ZSTO;FILTRO TANQUE DE UREA;MR01;0377;;V1;1;HB;2;1;0;0;0;0;F09;FILTRO DE UREA;10012,86;CNH;42555466;FILTROS;IVECO TRAKKER 410 T 44 EUROTRO;9-FRAGIL;0,005;0;KG;0,785;15;10012,86;;1;;;;;1;;
3;03-MAYOR A PUNTO DE PEDIDO;1003229;ZSTO;FILTRO DE TRANSMISION;MR01;0377;C2K3;V1;1;HB;2;2;0;0;0;0;F03;FILTRO ACEITE;66601,36;JOHN DEERE;AT468647;FILTROS;JD 624 K;8-VARIOS;1,3;0;KG;3025;15;66601,36;;;;1;;;1;;
3;03-MAYOR A PUNTO DE PEDIDO;1003237;ZSTO;FILTRO DE COMBUSTIBLE;MR01;0377;C2 E3;V1;6;HB;10;8;0;0;0;0;F06;FILTRO COMBUSTIBLE;330982;CATERPILLA;5000480;FILTROS;CAT 140K;7-PESADO;0,46;0;KG;2904;35;330982;;;;1;;;1;;
3;03-MAYOR A PUNTO DE PEDIDO;1003238;ZSTO;FILTRO TRAMPA DE AGUA;MR01;0377;C2 J2;V1;3;HB;6;5;0;0;0;0;F13;FILTRO TRAMPA DE A;442943,55;CATERPILLA //;4367077 // SN40863;FILTROS;CAT 140K;8-VARIOS;0,54;0;KG;3456;20;442943,54;;;;1;;;1;;
3;03-MAYOR A PUNTO DE PEDIDO;1003241;ZSTO;MANN CF1651;MR01;0377;C2E4;V1;2;HB;3;3;0;0;0;0;F14;GENERICOS FILTROS;120437,52;MANN //;CF1651 // P750003;FILTROS;VOLVO 330;9-FRAGIL;0,81;0;KG;15606;15;120437,51;;;;1;;;1;;
3;03-MAYOR A PUNTO DE PEDIDO;1003245;ZSTO;FILTRO DE AIRE PRIMARIO;MR01;0377;C2J3;V1;2;HB;4;3;0;0;0;0;F04;FILTRO AIRE;181448,85;VOLKSWAGEN // MANN // FRAMM;2S2129620 // C21470 // CA-9369;FILTROS;VW 13-180;9-FRAGIL;2,04;0;KG;37867,5;15;181448,85;;;;1;;;1;;
3;03-MAYOR A PUNTO DE PEDIDO;1003274;ZSTO;FILTRO DE AIRE SECUNDARIO;MR01;0377;C2 G2;V1;3;HB;6;6;0;0;0;0;F04;FILTRO AIRE;115250,88;DONALDSON //;P535396 // TR535396I;FILTROS;LINCOLN 305;8-VARIOS;0,12;0;KG;2662;15;115250,88;;;;1;;;1;;
3;03-MAYOR A PUNTO DE PEDIDO;1003276;ZSTO;FILTRO TANQUE HIDRAULICO;MR01;0377;C2G4;V1;1;HB;2;2;0;0;0;0;F07;FILTRO FLUIDO HIDR;10456,88;PARKER // No aplica //;921999 // K22001 // P551551;FILTROS;VOLCADORA MILICIC // VOLVO 330;7-PESADO;0,48;0;KG;858,398;15;10456,88;;;;1;;;1;;
3;03-MAYOR A PUNTO DE PEDIDO;1003294;ZSTO;FILTRO;MR01;0377;C2M3;V1;1;HB;2;2;0;0;0;0;C29;FILTROS/RESPUESTOS;5409,78;;T11145397 // OB1652;FILTROS;CAMION MANT. COMBUSTIBLE VW 17-280 4X2 // CAMION REGADOR VW 26-280 DC;8-VARIOS;0;0;KG;0;15;5409,78;;;;1;;;1;;
2;02-MENOR A PUNTO DE PEDIDO;1003300;ZSTO;FILTRO DOSIFICACION DE UREA (COLADOR);MR01;0377;C2N3;V1;1;HB;2;1;0;0;0;0;F09;FILTRO DE UREA;19214,7;VOLVO CONS;21954674;FILTROS;VOLVO 460 FMX;9-FRAGIL;0,01;0;KG;90;20;19214,7;;1;;;;;1;;
2;02-MENOR A PUNTO DE PEDIDO;1003301;ZSTO;FILTRO DE TANQUE;MR01;0377;C2 B4;V1;1;HB;2;1;0;0;0;0;F06;FILTRO COMBUSTIBLE;54794,9;VOLVO CONS // VOLVO CONS;21516229 // 23381562;FILTROS;VOLVO 460 FMX;9-FRAGIL;0,1;0;KG;735;20;54794,9;;1;;;;;1;;
3;03-MAYOR A PUNTO DE PEDIDO;1003302;ZSTO;FILTRO ACEITE CAJA DE CAMBIO;MR01;0377;C2 A4;V1;1;HB;2;2;0;0;0;0;F03;FILTRO ACEITE;47916,56;VOLVO CONS // VOLVO CONS;20779040 // 24283117;FILTROS;VOLVO 460 FMX;8-VARIOS;0,09;0;KG;784;15;47916,56;;;;1;;;1;;
3;03-MAYOR A PUNTO DE PEDIDO;1003341;ZSTO;FILTRO SECADOR AIRE;MR01;0377;C2F4;V1;2;HB;4;3;0;0;0;0;F11;FILTRO SECADOR DE;60217,59;WABCO // FLEETGUARD // // HENGST //;4324100202 // AF27817 // P781466 // T250W // TB1374X;FILTROS;VW (WACO);7-PESADO;2,66;0;KG;3570;15;60217,59;;;;1;;;1;;
3;03-MAYOR A PUNTO DE PEDIDO;1003342;ZSTO;FILTRO ACEITE;MR01;0377;C2 C2;V1;3;HB;6;5;0;0;0;0;F03;FILTRO ACEITE;26729,35;FLEETGUARD // FLEETGUARD //;LF3346 // H-2002 // P551604;FILTROS;VW 13-180;7-PESADO;0,89;0;KG;2057;15;26729,35;;;;1;;;1;;
3;03-MAYOR A PUNTO DE PEDIDO;1003343;ZSTO;FILTRO COMBUSTIBLE;MR01;0377;C2 D3;V1;2;HB;4;3;0;0;0;0;F06;FILTRO COMBUSTIBLE;52997,28;VOLKSWAGEN // // // // FORD // MWM INTERN;90541150027 // P551523 // WK 962/13 // 2R0127177N // 6L5Z7A508AB // 905411510042;FILTROS;VW 26.260;7-PESADO;0,84;0;KG;2200;15;52997,27;;;;1;;;1;;
3;03-MAYOR A PUNTO DE PEDIDO;1003359;ZSTO;FILTRO DE AIRE PRIMARIO;MR01;0377;C2N2;V1;1;HB;2;2;0;0;0;0;F10;FILTRO HVAC;158429,64;KOMATSU HO //;2A59791551 // AF55884;FILTROS;KOMATSU PC 200-8;9-FRAGIL;0,13;0;KG;2300;15;158429,64;;;;1;;;1;;
4;04-MAYOR A STOCK MAXIMO;1003364;ZSTO;FILTRO AIRE SECUNDARIO;MR01;0377;C2 D2;V1;2;HB;3;5;0;0;0;0;F04;FILTRO AIRE;191473,45;FLEETGUARD // DONALDSON // // DARMET // KOMATSU HO;AF26114 // P533781 // TR9988 // VP-2741 // 6001854120;FILTROS;FLEETGUARD;9-FRAGIL;0,769;0;KG;11564,046;20;191473,43;;;;;1;;1;;
4;04-MAYOR A STOCK MAXIMO;1003365;ZSTO;FILTRO AIRE PRIMARIO;MR01;0377;C2F5;V1;2;HB;3;5;0;0;0;0;F04;FILTRO AIRE;281583,9;FLEETGUARD // DONALDSON // // KOMATSU HO;AF25667 // P532966 // VP2740 // 6001854110;FILTROS;FLEETGUARD;9-FRAGIL;2,68;0;KG;47824;15;281583,92;;;;;1;;1;;
3;03-MAYOR A PUNTO DE PEDIDO;1003373;ZSTO;FILTROAIREACONDCABINAEXTERIORINTERIOR;MR01;0377;C2M2;V1;1;HB;2;2;0;0;0;0;F10;FILTRO HVAC;60495,38;VOLVO CONS;21758906;FILTROS;VOLVO FM460;9-FRAGIL;0,22;0;KG;2420;15;60495,39;;;;1;;;1;;
3;03-MAYOR A PUNTO DE PEDIDO;1003393;ZSTO;ORING PARA TAPA BLOW BY;MR01;0377;;V1;2;HB;4;4;0;0;0;0;C29;FILTROS/RESPUESTOS;22783,08;CNH INDUST;2996234;REPUESTOS;IVECO;9-FRAGIL;0,02;0;KG;0;15;22783,08;;;;1;;;1;;
3;03-MAYOR A PUNTO DE PEDIDO;1003428;ZSTO;TENSOR CORREA AUXILIAR;MR01;0377;C2G2;V1;1;HB;2;2;0;0;0;0;C29;FILTROS/RESPUESTOS;132461,2;TOYOTA ARG // TOYOTA ARG;166200L02000K // 1662030031;REPUESTOS;HILUX;8-VARIOS;2,52;0;KG;7938;15;132461,2;;;;1;;;1;;
3;03-MAYOR A PUNTO DE PEDIDO;1003429;ZSTO;POLEA CORREA AUXILIAR;MR01;0377;C2H3;V1;1;HB;2;2;0;0;0;0;C29;FILTROS/RESPUESTOS;265994,02;TOYOTA ARG;884400K172;REPUESTOS;HILUX 3.0 2010;8-VARIOS;0,57;0;KG;1008;15;265994,02;;;;1;;;1;;
3;03-MAYOR A PUNTO DE PEDIDO;1003433;ZSTO;BOMBA DE AGUA;MR01;0377;C2H2;V1;1;HB;2;2;0;0;0;0;C29;FILTROS/RESPUESTOS;501763;TOYOTA ARG;16100-69357;REPUESTOS;HILUX 3.0 2010;7-PESADO;2,44;0;KG;5940;15;501762,99;;;;1;;;1;;
4;04-MAYOR A STOCK MAXIMO;1003474;ZSTO;ESCOBILLA LIMPIAPARABRIZAS 24;MR01;0377;C2 L2;V1;1;HB;2;4;0;0;0;0;C29;FILTROS/RESPUESTOS;81243,76;;APLICA A VW 31320 / JD 310;REPUESTOS;VW 31320 / JD 310;9-FRAGIL;0,23;0;KG;1533;15;81243,76;;;;;1;;1;;
3;03-MAYOR A PUNTO DE PEDIDO;1003501;ZSTO;FARO AUX HALOGENO LARG. ALCANCE;MR01;0377;C2 A4;V1;1;HB;2;2;0;0;0;0;C29;FILTROS/RESPUESTOS;78676,52;VIC // No aplica;PILOT;REPUESTOS;GENERICO;9-FRAGIL;0,66;0;KG;4680;15;78676,51;;;;1;;;1;;
2;02-MENOR A PUNTO DE PEDIDO;1003557;ZSTO;TENSOR;MR01;0377;C2C3;V1;1;HB;2;1;0;0;0;0;C29;FILTROS/RESPUESTOS;57406,3;CNH;504006261;REPUESTOS;CAMIONES;7-PESADO;1,37;0;KG;1859;15;57406,3;;1;;;;;1;;
3;03-MAYOR A PUNTO DE PEDIDO;1003563;ZSTO;CORREA A A;MR01;0377;CORREA B2;V1;1;HB;2;2;0;0;0;0;C29;FILTROS/RESPUESTOS;10586,22;CNH;504129824;REPUESTOS;TRAKKER 380 Y 420 Y STRALIS;8-VARIOS;0,06;0;KG;50;15;10586,23;;;;1;;;1;;
2;02-MENOR A PUNTO DE PEDIDO;1003705;ZSTO;TENSOR DE CORREA MOVIL;MR01;0377;C2 M4;V1;1;HB;2;1;0;0;0;0;C29;FILTROS/RESPUESTOS;29886,3;CNH;504046191;REPUESTOS;IVECO TRAKKER 410 T 44 EUROTRO;8-VARIOS;1,625;0;KG;2281,25;15;29886,3;;1;;;;;1;;
2;02-MENOR A PUNTO DE PEDIDO;1003707;ZSTO;CORREA;MR01;0377;CORREA A1;V1;1;HB;2;1;0;0;0;0;C29;FILTROS/RESPUESTOS;20287,58;CNH // No aplica;504049426 // 5802113881;REPUESTOS;POLY V 12pk1835;8-VARIOS;0,34;0;KG;1840;15;20287,58;;1;;;;;1;;
4;04-MAYOR A STOCK MAXIMO;1003802;ZSTO;FUSIBLE 25A;MR01;0377;C2 A4;V1;20;HB;40;140;0;0;0;0;C29;FILTROS/RESPUESTOS;21378;KOMATSU HO;08041-02000;REPUESTOS;D465-7EO;9-FRAGIL;0;0;KG;0;15;21378,1;;;;;1;;1;;
4;04-MAYOR A STOCK MAXIMO;1003803;ZSTO;FUSIBLE 30A;MR01;0377;C2 A4;V1;20;HB;40;140;0;0;0;0;C29;FILTROS/RESPUESTOS;21378;KOMATSU HO;08041-03000;REPUESTOS;D465-7EO;9-FRAGIL;0;0;KG;0;15;21378,1;;;;;1;;1;;
3;03-MAYOR A PUNTO DE PEDIDO;1003806;ZSTO;FUSIBLE 10A;MR01;0377;;V1;20;HB;40;40;0;0;0;0;C29;FILTROS/RESPUESTOS;60095,6;KOMATSU HO;08041-01000;REPUESTOS;D465-7EO;9-FRAGIL;0;0;KG;0;15;60095,59;;;;1;;;1;;
3;03-MAYOR A PUNTO DE PEDIDO;1003839;ZSTO;JUNTA TORICA FILTRO PILOTO;MR01;0377;C2N3;V1;1;HB;2;2;0;0;0;0;C29;FILTROS/RESPUESTOS;26902,6;KOMATSU HO;7067671390;REPUESTOS;KOMATSU PC 200-8;8-VARIOS;0,001;0;KG;7,389;15;26902,6;;;;1;;;1;;
3;03-MAYOR A PUNTO DE PEDIDO;1003856;ZSTO;TRABA ESC.;MR01;0377;;V1;3;HB;6;6;0;0;0;0;C29;FILTROS/RESPUESTOS;25594,08;CATERPILLA;5K1459;REPUESTOS;CAT 140K;7-PESADO;0,3;0;KG;55;30;25594,09;;;;1;;;1;;
3;03-MAYOR A PUNTO DE PEDIDO;1003864;ZSTO;CORREA VENTILADOR xUN (jgox3);MR01;0377;CORREA B1;V1;1;HB;2;2;0;0;0;0;C29;FILTROS/RESPUESTOS;1945,64;CATERPILLA;3196293;REPUESTOS;CAT 140K;8-VARIOS;0,57;0;KG;1640;15;1945,64;;;;1;;;1;;
3;03-MAYOR A PUNTO DE PEDIDO;1003901;ZSTO;TRABA UNA RIPPER;MR01;0377;C202;V1;2;HB;3;3;0;0;0;0;G03;RIPPER;23671,95;KOMATSU HO;924402508;REPUESTOS;KMS 155AX6;7-PESADO;0,44;0;KG;75;15;23671,96;;;;1;;;1;;
3;03-MAYOR A PUNTO DE PEDIDO;1003953;ZSTO;BATERIA 12V 75AMP;MR01;0377;;V1;3;HB;4;4;0;0;0;0;C03;EQUIPOS;583917,08;MOURA;M30LD;REPUESTOS;hilux 2017 en adelante;7-PESADO;16,5;0;KG;9044;15;583917,09;;;;1;;;1;;
3;03-MAYOR A PUNTO DE PEDIDO;1003954;ZSTO;BATERIA 12V 180AMP;MR01;0377;;V1;2;HB;3;3;0;0;0;0;C29;FILTROS/RESPUESTOS;687759,03;;25 PLACAS POR ELEMENTO;REPUESTOS;MAQUINARIA PESADA;7-PESADO;43;0;KG;23126,475;15;687759,03;;;;1;;;1;;
3;03-MAYOR A PUNTO DE PEDIDO;1003957;ZSTO;BATERIA 12V 110 AMP  318X162X220;MR01;0377;;V1;2;HB;3;3;0;0;0;0;C29;FILTROS/RESPUESTOS;605251,32;MOURA;ME100HA;REPUESTOS;BOMAG;7-PESADO;24,5;0;KG;11781;15;605251,3;;;;1;;;1;;
3;03-MAYOR A PUNTO DE PEDIDO;1003995;ZSTO;TENSOR CORREA DISTRIBUCION6;MR01;0377;C2L4;V1;1;HB;2;2;0;0;0;0;C29;FILTROS/RESPUESTOS;743919,68;;159284;REPUESTOS;TORRE WACKER;8-VARIOS;0,29;0;KG;294;15;743919,67;;;;1;;;1;;
2;02-MENOR A PUNTO DE PEDIDO;1004009;ZSTO;LAMPARA 12V-10W X UN;MR01;0377;;V1;10;HB;15;5;0;0;0;0;C29;FILTROS/RESPUESTOS;72,65;;BA15S;REPUESTOS;ELECTRICIDAD AUTOMOTOR;9-FRAGIL;0,005;0;KG;10,996;15;72,63;;1;;;;;1;;
3;03-MAYOR A PUNTO DE PEDIDO;1004010;ZSTO;LAMPARA 12V-10W TUBULAR X UN;MR01;0377;;V1;10;HB;15;15;0;0;0;0;C29;FILTROS/RESPUESTOS;1890,15;;SV85;REPUESTOS;ELECTRICIDAD AUTOMOTOR;9-FRAGIL;0,02;0;KG;3,534;15;1890,1;;;;1;;;1;;
3;03-MAYOR A PUNTO DE PEDIDO;1004011;ZSTO;LAMPARA 12V-5W S CULOTE X UN;MR01;0377;;V1;10;HB;15;13;0;0;0;0;C03;EQUIPOS;4535,7;;PHILIPS-OSRAM;REPUESTOS;ELECTRICIDAD AUTOMOTOR;9-FRAGIL;0,001;0;KG;1,257;15;4535,75;;;;1;;;1;;
2;02-MENOR A PUNTO DE PEDIDO;1004012;ZSTO;LAMPARA 12V-5W C CULOTE X UN;MR01;0377;;V1;10;HB;15;10;0;0;0;0;C29;FILTROS/RESPUESTOS;3105,8;;BA15S;REPUESTOS;ELECTRICIDAD AUTOMOTOR;9-FRAGIL;0,005;0;KG;10,996;15;3105,8;;1;;;;;1;;
3;03-MAYOR A PUNTO DE PEDIDO;1004013;ZSTO;LAMPARA 12V-5W TUBULAR X UN;MR01;0377;;V1;10;HB;15;15;0;0;0;0;C29;FILTROS/RESPUESTOS;736,65;;C5W;REPUESTOS;ELECTRICIDAD AUTOMOTOR;9-FRAGIL;0,001;0;KG;2,985;15;736,71;;;;1;;;1;;
2;02-MENOR A PUNTO DE PEDIDO;1004014;ZSTO;LAMPARA 12V-H7 55W X UN;MR01;0377;;V1;10;HB;15;8;0;0;0;0;C03;EQUIPOS;27697,68;;PX26D;REPUESTOS;ELECTRICIDAD AUTOMOTOR;9-FRAGIL;0,015;0;KG;63,525;15;27697,71;;1;;;;;1;;
3;03-MAYOR A PUNTO DE PEDIDO;1004015;ZSTO;LAMPARA 12V-H3 55W X UN;MR01;0377;;V1;10;HB;15;15;0;0;0;0;C03;EQUIPOS;37220,4;;PK22S;REPUESTOS;ELECTRICIDAD AUTOMOTOR;9-FRAGIL;0,01;0;KG;40,625;15;37220,45;;;;1;;;1;;
3;03-MAYOR A PUNTO DE PEDIDO;1004016;ZSTO;LAMPARA 12V-H1 55W X UN;MR01;0377;;V1;10;HB;15;13;0;0;0;0;C29;FILTROS/RESPUESTOS;6668,09;;P145S;REPUESTOS;ELECTRICIDAD AUTOMOTOR;9-FRAGIL;0,005;0;KG;32,5;15;6668,08;;;;1;;;1;;
3;03-MAYOR A PUNTO DE PEDIDO;1004018;ZSTO;LAMPARA 12V-4W X UN;MR01;0377;;V1;10;HB;15;12;0;0;0;0;C29;FILTROS/RESPUESTOS;1120,68;;BA9S;REPUESTOS;ELECTRICIDAD AUTOMOTOR;9-FRAGIL;0,001;0;KG;1,964;15;1120,66;;;;1;;;1;;
2;02-MENOR A PUNTO DE PEDIDO;1004019;ZSTO;LAMPARA 12V-21 4W X UN;MR01;0377;;V1;10;HB;15;8;0;0;0;0;C29;FILTROS/RESPUESTOS;13279,6;;BAZ15d;REPUESTOS;ELECTRICIDAD AUTOMOTOR;9-FRAGIL;0,01;0;KG;22,089;15;13279,59;;1;;;;;1;;
4;04-MAYOR A STOCK MAXIMO;1004020;ZSTO;LAMPARA 12V-H4 P43T X UN;MR01;0377;;V1;10;HB;15;16;0;0;0;0;C29;FILTROS/RESPUESTOS;47052,64;;P43T38;REPUESTOS;ELECTRICIDAD AUTOMOTOR;9-FRAGIL;0,03;0;KG;154,63;15;47052,71;;;;;1;;1;;
3;03-MAYOR A PUNTO DE PEDIDO;1004021;ZSTO;LAMPARA 12V-H4 P45T X UN;MR01;0377;;V1;10;HB;15;15;0;0;0;0;C29;FILTROS/RESPUESTOS;4430,7;;P45T41;REPUESTOS;ELECTRICIDAD AUTOMOTOR;9-FRAGIL;0,035;0;KG;154,63;15;4430,64;;;;1;;;1;;
3;03-MAYOR A PUNTO DE PEDIDO;1004022;ZSTO;LAMPARA 12V-21 5W X UN;MR01;0377;;V1;10;HB;15;13;0;0;0;0;C03;EQUIPOS;7216,82;;PATADESPBAY15D;REPUESTOS;ELECTRICIDAD AUTOMOTOR;9-FRAGIL;0,01;0;KG;22,089;15;7216,86;;;;1;;;1;;
3;03-MAYOR A PUNTO DE PEDIDO;1004024;ZSTO;LAMPARA 12V-21W X UN;MR01;0377;;V1;10;HB;15;15;0;0;0;0;C29;FILTROS/RESPUESTOS;7393,05;;BA15S;REPUESTOS;ELECTRICIDAD AUTOMOTOR;9-FRAGIL;0,01;0;KG;22,089;15;7393,08;;;;1;;;1;;
3;03-MAYOR A PUNTO DE PEDIDO;1004025;ZSTO;LAMPARA 12V-1,2W S CULOTE X UN;MR01;0377;;V1;10;HB;15;15;0;0;0;0;C03;EQUIPOS;5028,3;;PHILIPS-OSRAM;REPUESTOS;ELECTRICIDAD AUTOMOTOR;9-FRAGIL;0,001;0;KG;0,393;15;5028,31;;;;1;;;1;;
3;03-MAYOR A PUNTO DE PEDIDO;1004026;ZSTO;LAMPARA 12V-27 7W E1 2HB X UN;MR01;0377;;V1;10;HB;15;15;0;0;0;0;C29;FILTROS/RESPUESTOS;5852,7;;SYL3157;REPUESTOS;ELECTRICIDAD AUTOMOTOR;9-FRAGIL;0,005;0;KG;24,544;15;5852,69;;;;1;;;1;;
3;03-MAYOR A PUNTO DE PEDIDO;1004027;ZSTO;LAMPARA 12V-21W AMBAR X UN;MR01;0377;;V1;10;HB;15;14;0;0;0;0;C29;FILTROS/RESPUESTOS;2761,5;;BAU15S;REPUESTOS;ELECTRICIDAD AUTOMOTOR;9-FRAGIL;0,005;0;KG;22,089;15;2761,51;;;;1;;;1;;
3;03-MAYOR A PUNTO DE PEDIDO;1004029;ZSTO;LAMPARA 12V-1,2W C PORTALAMPARA X UN;MR01;0377;;V1;10;HB;15;15;0;0;0;0;C29;FILTROS/RESPUESTOS;4162,05;;BAX10S;REPUESTOS;ELECTRICIDAD AUTOMOTOR;9-FRAGIL;0,001;0;KG;1,571;15;4161,99;;;;1;;;1;;
3;03-MAYOR A PUNTO DE PEDIDO;1004030;ZSTO;LAMPARA 24V-5W S CULOTE XUN;MR01;0377;;V1;10;HB;15;12;0;0;0;0;C29;FILTROS/RESPUESTOS;7234,68;;PHILIPS-OSRAM;REPUESTOS;ELECTRICIDAD AUTOMOTOR;9-FRAGIL;0,001;0;KG;1,257;15;7234,71;;;;1;;;1;;
3;03-MAYOR A PUNTO DE PEDIDO;1004031;ZSTO;LAMPARA 24V-21 5W PATA PAREJ. X UN;MR01;0377;;V1;10;HB;15;12;0;0;0;0;C29;FILTROS/RESPUESTOS;1741,92;;BA15D;REPUESTOS;ELECTRICIDAD AUTOMOTOR;9-FRAGIL;0,005;0;KG;22,089;15;1741,92;;;;1;;;1;;
3;03-MAYOR A PUNTO DE PEDIDO;1004032;ZSTO;LAMPARA 24V-21 5W PATA DESP. X UN;MR01;0377;;V1;10;HB;15;14;0;0;0;0;C29;FILTROS/RESPUESTOS;2260,58;;;REPUESTOS;ELECTRICIDAD AUTOMOTOR;9-FRAGIL;0,009;0;KG;28,125;15;2260,6;;;;1;;;1;;
2;02-MENOR A PUNTO DE PEDIDO;1004033;ZSTO;LAMPARA 24V-5W C CULOTE X UN;MR01;0377;;V1;10;HB;15;10;0;0;0;0;C29;FILTROS/RESPUESTOS;4077,9;;BA15S;REPUESTOS;ELECTRICIDAD AUTOMOTOR;9-FRAGIL;0,004;0;KG;12;15;4077,88;;1;;;;;1;;
3;03-MAYOR A PUNTO DE PEDIDO;1004034;ZSTO;LAMPARA 24V-1.2W C PORTA LAMPARA X UN;MR01;0377;;V1;10;HB;15;15;0;0;0;0;C29;FILTROS/RESPUESTOS;6181,2;;B85D;REPUESTOS;ELECTRICIDAD AUTOMOTOR;9-FRAGIL;0,001;0;KG;2,262;15;6181,2;;;;1;;;1;;
3;03-MAYOR A PUNTO DE PEDIDO;1004035;ZSTO;LAMPARA 24V-5W TUBULAR XUN;MR01;0377;;V1;10;HB;15;15;0;0;0;0;C29;FILTROS/RESPUESTOS;11301,6;;;REPUESTOS;ELECTRICIDAD AUTOMOTOR;9-FRAGIL;0,001;0;KG;4,911;15;11301,67;;;;1;;;1;;
3;03-MAYOR A PUNTO DE PEDIDO;1004036;ZSTO;LAMPARA 24V-1.2W S CULOTE X UN;MR01;0377;;V1;10;HB;15;12;0;0;0;0;C03;EQUIPOS;3440,76;;BAY15D;REPUESTOS;ELECTRICIDAD AUTOMOTOR;9-FRAGIL;0,001;0;KG;0,163;15;3440,76;;;;1;;;1;;
3;03-MAYOR A PUNTO DE PEDIDO;1004037;ZSTO;LAMPARA 24V-4W X UN;MR01;0377;;V1;10;HB;15;15;0;0;0;0;C29;FILTROS/RESPUESTOS;8905,65;;BA9S;REPUESTOS;ELECTRICIDAD AUTOMOTOR;9-FRAGIL;0,001;0;KG;1,964;15;8905,69;;;;1;;;1;;
3;03-MAYOR A PUNTO DE PEDIDO;1004038;ZSTO;LAMPARA 24V-21W P PAREJA XUN;MR01;0377;;V1;10;HB;15;12;0;0;0;0;C29;FILTROS/RESPUESTOS;3585,12;;BA15S;REPUESTOS;ELECTRICIDAD AUTOMOTOR;9-FRAGIL;0,008;0;KG;2,454;15;3585,12;;;;1;;;1;;
3;03-MAYOR A PUNTO DE PEDIDO;1004039;ZSTO;LAMPARA 24V-H1 70W X UN;MR01;0377;;V1;10;HB;15;15;0;0;0;0;C29;FILTROS/RESPUESTOS;69428,4;;P145S;REPUESTOS;ELECTRICIDAD AUTOMOTOR;9-FRAGIL;0,01;0;KG;40,625;15;69428,42;;;;1;;;1;;
3;03-MAYOR A PUNTO DE PEDIDO;1004040;ZSTO;LAMPARA 24V-H3 70W X UN;MR01;0377;;V1;10;HB;15;15;0;0;0;0;C29;FILTROS/RESPUESTOS;84356,25;;PK22S;REPUESTOS;ELECTRICIDAD AUTOMOTOR;9-FRAGIL;0,007;0;KG;35;15;84356,29;;;;1;;;1;;
3;03-MAYOR A PUNTO DE PEDIDO;1004041;ZSTO;LAMPARA 24V-75 70W P45T X UN;MR01;0377;;V1;10;HB;15;14;0;0;0;0;C29;FILTROS/RESPUESTOS;8773,24;;P45T41;REPUESTOS;ELECTRICIDAD AUTOMOTOR;9-FRAGIL;0,03;0;KG;154,63;15;8773,19;;;;1;;;1;;
2;02-MENOR A PUNTO DE PEDIDO;1004042;ZSTO;LAMPARA 24V-H7 70W X UN;MR01;0377;;V1;10;HB;15;5;0;0;0;0;C29;FILTROS/RESPUESTOS;51464,2;;PX26D-PHILIPS-OSRAM;REPUESTOS;ELECTRICIDAD AUTOMOTOR;9-FRAGIL;0,014;0;KG;73,5;15;51464,2;;1;;;;;1;;
3;03-MAYOR A PUNTO DE PEDIDO;1004043;ZSTO;LAMPARA 24V-75 70W P43T X UN;MR01;0377;;V1;10;HB;15;15;0;0;0;0;C29;FILTROS/RESPUESTOS;22293,6;;P43T38;REPUESTOS;ELECTRICIDAD AUTOMOTOR;9-FRAGIL;0,03;0;KG;141,75;15;22293,65;;;;1;;;1;;
3;03-MAYOR A PUNTO DE PEDIDO;1004046;ZSTO;BATERIA 12V 200 AMP;MR01;0377;;V1;2;HB;3;3;0;0;0;0;C29;FILTROS/RESPUESTOS;1151590,41;LEVAS BOSC // LEVAS BOSC // LEVAS BOSC // VOLVO CONS;4180E12VOL180AH1390 // BAT BOSCH S4200E // S5X 220E BOSCH // 22813727;REPUESTOS;VOLVO FMX HID VOLCADORA;7-PESADO;58,5;0;KG;26574;15;1151590,42;;;;1;;;1;;
3;03-MAYOR A PUNTO DE PEDIDO;1004261;ZSTO;BATERIA12V80 90A30X20X17CM DERECHOPHILUX;MR01;0377;;V1;2;HB;3;3;0;0;0;0;C29;FILTROS/RESPUESTOS;600183,18;MOURA;ME90TD;REPUESTOS;hilux hasta 2016;7-PESADO;22,5;0;KG;10200;15;600183,18;;;;1;;;1;;
3;03-MAYOR A PUNTO DE PEDIDO;1004263;ZSTO;LAMPARA 12V-51W XUN;MR01;0377;;V1;10;HB;15;15;0;0;0;0;C29;FILTROS/RESPUESTOS;150113,55;;(HB4 O 9006);REPUESTOS;ELECTRICIDAD AUTOMOTOR;9-FRAGIL;30;0;KG;118,125;15;150113,59;;;;1;;;1;;
3;03-MAYOR A PUNTO DE PEDIDO;1004264;ZSTO;BULON DE RUEDA;MR01;0377;C202;V1;10;HB;20;20;0;0;0;0;C29;FILTROS/RESPUESTOS;556640,8;VOLVO CONS //;21147687 // 24076067;REPUESTOS;VOLVO 460 FMX;7-PESADO;0,444;0;KG;118,279;15;556640,75;;;;1;;;1;;
3;03-MAYOR A PUNTO DE PEDIDO;1004268;ZSTO;KIT DISTRIBUCION HILUX 3.0;MR01;0377;C2 H2;V1;1;HB;2;2;0;0;0;0;C29;FILTROS/RESPUESTOS;614561,84;TOYOTA ARG;1356839016 + 1350567042 + 1354067020;REPUESTOS;TOYOTA HILUX 3.0;8-VARIOS;0,69;0;KG;3528;15;614561,85;;;;1;;;1;;
3;03-MAYOR A PUNTO DE PEDIDO;1004308;ZSTO;ACEITE HIDRAULICO X 20LT;MR01;0377;;V1;1;HB;2;2;0;0;0;0;C29;FILTROS/RESPUESTOS;152707,58;BECHEM SUD;ATF;LUBRICANTES;LUBRICANTES;6-PESADO Y FRAGIL;0;0;KG;0;15;152707,58;;;;1;;;1;;
3;03-MAYOR A PUNTO DE PEDIDO;1004311;ZSTO;ACEITE SAE 80W90 X 20LT;MR01;0377;;V1;1;HB;2;2;0;0;0;0;C29;FILTROS/RESPUESTOS;107636,74;;MOBILUBE;LUBRICANTES;LUBRICANTES;6-PESADO Y FRAGIL;0;0;KG;0;15;107636,74;;;;1;;;1;;
3;03-MAYOR A PUNTO DE PEDIDO;1004317;ZSTO;ACEITE CAJA DE CAMBIOS x 205LTS;MR01;0377;;V1;1;HB;2;2;0;0;0;0;L01;ACEITES;6671576,86;VOLVO CONS // //;97307//85136284 // TRAXIUM GEAR 8 75W80 // 97315;LUBRICANTES;VOLVO;2-TACHO;180;0;KG;235025,86;15;6671576,86;;;;1;;;1;;
3;03-MAYOR A PUNTO DE PEDIDO;1004687;ZSTO;TUERCA DE RUEDA VOLVO;MR01;0377;C202;V1;10;HB;20;20;0;0;0;0;C29;FILTROS/RESPUESTOS;570747;VOLVO CONS;21303956;REPUESTOS;VOLVO 460 FMX;7-PESADO;0,173;0;KG;4768,875;15;570746,92;;;;1;;;1;;
2;02-MENOR A PUNTO DE PEDIDO;1009436;ZSTO;UREA AZUL 32 X BIN 1000LTS;MR01;0377;;V1;1;HB;1;1;0;0;0;0;L02;FLUIDOS;1308827;YPF S.A. // RAIZEN ARG // YPF S.A. // AXION ENER;L60866 // 516385 // 810300000371;LUBRICANTES;ADITIVOS;2-TACHO;1154;0;KG;1380000;15;1308827;;1;;;;;1;;
3;03-MAYOR A PUNTO DE PEDIDO;1009472;ZSTO;GUANTE VAQUETA MEDIO PASEO-FORRADO X PAR;MR01;0377;;V1;100;HB;200;162;0;0;0;0;C28;SEGURIDAD/ROPA/EPP;549424,62;;TALLE 10;SEGURIDAD;INDUMENTARIA;8-VARIOS;0;0;KG;0;15;549424,89;;;;1;;;1;;
3;03-MAYOR A PUNTO DE PEDIDO;1013522;ZSCD;ACEITE DIFERENCIALES VOLVO97312 x 205LTS;MR01;0377;;V1;1;HB;2;2;0;0;0;0;C29;FILTROS/RESPUESTOS;8107091,48;SHELL PLC.;SPIRAX S6 GXME 75W90;LUBRICANTES;LUBRICANTES;?;0;0;KG;0;15;8107091,46;;;;1;;;1;;
3;03-MAYOR A PUNTO DE PEDIDO;1013576;ZSSD;FUSIBLE PLANO 5AMP. XUN;MR01;0377;C2 A4;V1;10;HB;20;20;0;0;0;0;C29;FILTROS/RESPUESTOS;1615,2;;;REPUESTOS;ELECTRICIDAD AUTOMOTOR;?;0;0;KG;0;15;1615,28;;;;1;;;1;;
3;03-MAYOR A PUNTO DE PEDIDO;1013577;ZSSD;FUSIBLE PLANO 7.5AMP. XUN;MR01;0377;C2 A4;V1;10;HB;20;15;0;0;0;0;C29;FILTROS/RESPUESTOS;1528,5;;;REPUESTOS;ELECTRICIDAD AUTOMOTOR;?;0;0;KG;0;15;1528,43;;;;1;;;1;;
3;03-MAYOR A PUNTO DE PEDIDO;1013578;ZSSD;FUSIBLE PLANO 10AMP. XUN;MR01;0377;;V1;10;HB;20;15;0;0;0;0;C29;FILTROS/RESPUESTOS;1165,8;;;REPUESTOS;ELECTRICIDAD AUTOMOTOR;?;0;0;KG;0;15;1165,78;;;;1;;;1;;
3;03-MAYOR A PUNTO DE PEDIDO;1013579;ZSSD;FUSIBLE PLANO 20AMP. XUN;MR01;0377;;V1;10;HB;20;15;0;0;0;0;C03;EQUIPOS;1319,7;;;REPUESTOS;ELECTRICIDAD AUTOMOTOR;?;0;0;KG;0;15;1319,69;;;;1;;;1;;
3;03-MAYOR A PUNTO DE PEDIDO;1013580;ZSSD;MINIFUSIBLE PLANO 5 AMP. XUN;MR01;0377;;V1;10;HB;20;20;0;0;0;0;C29;FILTROS/RESPUESTOS;1633,4;;;REPUESTOS;ELECTRICIDAD AUTOMOTOR;?;0;0;KG;0;15;1633,36;;;;1;;;1;;
3;03-MAYOR A PUNTO DE PEDIDO;1013582;ZSSD;MINIFUSIBLE PLANO 10 AMP. XUN;MR01;0377;C2 A4;V1;10;HB;20;11;0;0;0;0;C29;FILTROS/RESPUESTOS;961,07;;;REPUESTOS;ELECTRICIDAD AUTOMOTOR;?;0;0;KG;0;15;961,11;;;;1;;;1;;
2;02-MENOR A PUNTO DE PEDIDO;1013583;ZSSD;MINIFUSIBLE PLANO 15 AMP. XUN;MR01;0377;C2 A4;V1;10;HB;20;10;0;0;0;0;C29;FILTROS/RESPUESTOS;879,2;;;REPUESTOS;ELECTRICIDAD AUTOMOTOR;?;0;0;KG;0;15;879,2;;1;;;;;1;;
3;03-MAYOR A PUNTO DE PEDIDO;1013584;ZSSD;MINIFUSIBLE PLANO 20 AMP XUN;MR01;0377;C2 A4;V1;10;HB;20;20;0;0;0;0;C29;FILTROS/RESPUESTOS;1655;;;ELECTRICIDAD;ELECTRICIDAD AUTOMOTOR;?;0;0;KG;0;15;1654,91;;;;1;;;1;;
3;03-MAYOR A PUNTO DE PEDIDO;1013585;ZSSD;MINIFUSIBLE PLANO 25 AMP. XUN;MR01;0377;C2 A4;V1;10;HB;20;20;0;0;0;0;C29;FILTROS/RESPUESTOS;1605,2;;;REPUESTOS;ELECTRICIDAD AUTOMOTOR;?;0;0;KG;0;15;1605,18;;;;1;;;1;;
3;03-MAYOR A PUNTO DE PEDIDO;1013586;ZSSD;MINIFUSIBLE PLANO 30 AMP. XUN;MR01;0377;C2 A4;V1;10;HB;20;20;0;0;0;0;C29;FILTROS/RESPUESTOS;1621,4;;;REPUESTOS;ELECTRICIDAD AUTOMOTOR;?;0;0;KG;0;15;1621,44;;;;1;;;1;;
3;03-MAYOR A PUNTO DE PEDIDO;1013678;ZSSD;MAMELUCO IGNIFUGO T.S C/LOGO;MR01;0377;;V1;7;HB;14;13;0;0;0;0;C28;SEGURIDAD/ROPA/EPP;985934,04;;;SEGURIDAD;ROPA;?;0;0;KG;0;15;985934,06;;;;1;;;1;;
3;03-MAYOR A PUNTO DE PEDIDO;1013679;ZSSD;MAMELUCO IGNIFUGO T.M C/LOGO;MR01;0377;;V1;10;HB;20;14;0;0;0;0;C28;SEGURIDAD/ROPA/EPP;1053050,74;;;SEGURIDAD;ROPA;?;0;0;KG;0;15;1053050,72;;;;1;;;1;;
2;02-MENOR A PUNTO DE PEDIDO;1013680;ZSSD;MAMELUCO IGNIFUGO T.L C/LOGO;MR01;0377;;V1;10;HB;20;8;0;0;0;0;C28;SEGURIDAD/ROPA/EPP;751414,88;;;SEGURIDAD;ROPA;?;0;0;KG;0;15;751414,85;;1;;;;;1;;
2;02-MENOR A PUNTO DE PEDIDO;1013681;ZSSD;MAMELUCO IGNIFUGO T.XL C/LOGO;MR01;0377;;V1;10;HB;20;3;0;0;0;0;C28;SEGURIDAD/ROPA/EPP;260844,06;;;SEGURIDAD;ROPA;?;0;0;KG;0;15;260844,07;;1;;;;;1;;
2;02-MENOR A PUNTO DE PEDIDO;1013682;ZSSD;MAMELUCO IGNIFUGO T.XXL C/LOGO;MR01;0377;;V1;10;HB;20;5;0;0;0;0;C28;SEGURIDAD/ROPA/EPP;422574,6;;;SEGURIDAD;ROPA;?;0;0;KG;0;30;422574,62;;1;;;;;1;;
3;03-MAYOR A PUNTO DE PEDIDO;1013683;ZSSD;MAMELUCO IGNIFUGO T.XXXL C/LOGO;MR01;0377;;V1;7;HB;14;10;0;0;0;0;C28;SEGURIDAD/ROPA/EPP;962435,1;;;SEGURIDAD;ROPA;?;0;0;KG;0;30;962435,14;;;;1;;;1;;
2;02-MENOR A PUNTO DE PEDIDO;1013684;ZSSD;CAMPERA ABRIGO IGNIFUGA C/LOGO T. S;MR01;0377;;V1;5;HB;10;2;0;0;0;0;C28;SEGURIDAD/ROPA/EPP;179033,36;No aplica;CON REFLECTIVO T. S-;ROPA;INDUMENTARIA;?;0;0;KG;0;15;179033,36;;1;;;;;1;;
3;03-MAYOR A PUNTO DE PEDIDO;1013686;ZSSD;CAMPERA ABRIGO IGNIFUGA  C/LOGO T. L;MR01;0377;;V1;5;HB;10;10;0;0;0;0;C28;SEGURIDAD/ROPA/EPP;877037,3;No aplica;CON REFLECTIVO T. L-;ROPA;INDUMENTARIA;?;0;0;KG;0;15;877037,32;;;;1;;;1;;
2;02-MENOR A PUNTO DE PEDIDO;1013687;ZSSD;CAMPERA ABRIGO IGNIFUGA  C/LOGO T. XL;MR01;0377;;V1;5;HB;10;2;0;0;0;0;C28;SEGURIDAD/ROPA/EPP;161517,6;No aplica;CON REFLECTIVO T.XL-;ROPA;INDUMENTARIA;?;0;0;KG;0;15;161517,6;;1;;;;;1;;
4;04-MAYOR A STOCK MAXIMO;1015761;ZSSD;BOLSAS DE RESIDUOS 45X60 x ROLLO;MR01;0377;;V1;40;HB;80;102;0;0;0;0;C17;INSUMOS A;53295,9;;;LIMPIEZA;LIMPIEZA /SEGURIDAD;?;0;0;KG;0;15;83742,47;;;;;1;;1;;
4;04-MAYOR A STOCK MAXIMO;1015789;ZSSD;DETERGENTE X 5 LTS;MR01;0377;;V1;20;HB;40;57;0;0;0;0;C17;INSUMOS A;284474;;;LIMPIEZA;LIMPIEZA /SEGURIDAD;?;0;0;KG;0;15;395763,77;;;;;1;;1;;
3;03-MAYOR A PUNTO DE PEDIDO;1015792;ZSSD;FUSIBLE PLANO 15AMP. X1UN;MR01;0377;;V1;10;HB;20;20;0;0;0;0;C03;EQUIPOS;1869,4;;;REPUESTOS;ELECTRICIDAD AUTOMOTOR;?;0;0;KG;0;15;1869,49;;;;1;;;1;;
3;03-MAYOR A PUNTO DE PEDIDO;1015793;ZSSD;FUSIBLE PLANO 25AMP. XUN;MR01;0377;;V1;10;HB;20;20;0;0;0;0;C03;EQUIPOS;2873,8;;;REPUESTOS;ELECTRICIDAD AUTOMOTOR;?;0;0;KG;0;15;2873,85;;;;1;;;1;;
3;03-MAYOR A PUNTO DE PEDIDO;1015794;ZSSD;FUSIBLE PLANO 30AMP. XUN;MR01;0377;;V1;10;HB;20;20;0;0;0;0;C03;EQUIPOS;5335,2;;;REPUESTOS;ELECTRICIDAD AUTOMOTOR;?;0;0;KG;0;15;5335,27;;;;1;;;1;;
3;03-MAYOR A PUNTO DE PEDIDO;1015795;ZSSD;FUSIBLE PLANO 3AMP. XUN;MR01;0377;;V1;10;HB;20;20;0;0;0;0;C03;EQUIPOS;2041;;;REPUESTOS;ELECTRICIDAD AUTOMOTOR;?;0;0;KG;0;15;2041,06;;;;1;;;1;;
3;03-MAYOR A PUNTO DE PEDIDO;1015796;ZSSD;FUSIBLE PLANO 40AMP. XUN;MR01;0377;;V1;10;HB;20;20;0;0;0;0;C03;EQUIPOS;2007;;;REPUESTOS;ELECTRICIDAD AUTOMOTOR;?;0;0;KG;0;15;2006,95;;;;1;;;1;;
4;04-MAYOR A STOCK MAXIMO;1015810;ZSSD;LIMPIACONTACTO EN AEROSOL X UN;MR01;0377;JAULA;V1;5;HB;10;17;0;0;0;0;C27;FERRETERIA MR01;69023,78;;;LIMPIEZA;LIMPIEZA /SEGURIDAD;?;0;0;KG;0;15;212121,07;;;;;1;;1;;
3;03-MAYOR A PUNTO DE PEDIDO;1015844;ZSSD;PILA ALCALINA AA –ENERGIZER X UN;MR01;0377;;V1;16;HB;32;17;0;0;0;0;C27;FERRETERIA MR01;38579,29;;;FERRETERIA;INSUMOS;?;0;0;KG;0;15;38579,21;;;;1;;;1;;
3;03-MAYOR A PUNTO DE PEDIDO;1015845;ZSSD;PILA ALCALINA AAA - ENERGIZER XUN;MR01;0377;;V1;16;HB;32;22;0;0;0;0;C27;FERRETERIA MR01;0;;;FERRETERIA;ACCESORIOS;?;0;0;KG;0;15;18009,42;;;;1;;;1;;
3;03-MAYOR A PUNTO DE PEDIDO;1015852;ZSSD;PRECINTO PLASTICO AL-2 X 104MM X UN;MR01;0377;;V1;4;HB;8;8;0;0;0;0;C27;FERRETERIA MR01;0;;MÚLT. 100U;FERRETERIA;INSUMOS;?;0;0;KG;0;15;10124,64;;;;1;;;1;;
3;03-MAYOR A PUNTO DE PEDIDO;1015853;ZSSD;PRECINTO PLASTICO AL-3 X 175MM;MR01;0377;;V1;4;HB;8;8;0;0;0;0;C27;FERRETERIA MR01;0;;MÚLT. 100U;FERRETERIA;INSUMOS;?;0;0;KG;0;15;20249,28;;;;1;;;1;;
3;03-MAYOR A PUNTO DE PEDIDO;1015854;ZSSD;PRECINTO PLASTICO AL-4 X 200MM;MR01;0377;;V1;4;HB;8;8;0;0;0;0;C27;FERRETERIA MR01;0;;MÚLT. 100U;FERRETERIA;INSUMOS;?;0;0;KG;0;15;29356,64;;;;1;;;1;;
3;03-MAYOR A PUNTO DE PEDIDO;1015855;ZSSD;PRECINTO PLASTICO AL-5 X 300MM;MR01;0377;;V1;4;HB;8;8;0;0;0;0;C27;FERRETERIA MR01;0;;MÚLT. 100U;FERRETERIA;INSUMOS;?;0;0;KG;0;15;42012,48;;;;1;;;1;;
4;04-MAYOR A STOCK MAXIMO;1015856;ZSSD;PRECINTO PLASTICO AL-7 X400MM X UN;MR01;0377;;V1;4;HB;8;16;0;0;0;0;C27;FERRETERIA MR01;273061,76;;MÚLT. 100U;FERRETERIA;INSUMOS;?;0;0;KG;0;15;273061,76;;;;;1;;1;;
3;03-MAYOR A PUNTO DE PEDIDO;1016076;ZSTO;SEGMENTO E/ PORTAUÑAS BALDE-50/60BPE120;MR01;0377;;V1;3;HB;6;6;0;0;0;0;G04;UÑAS;203281,44;VOLVO CONS // VOLVO CONS;VOE14619306 // 50/60BPE120;DESGASTE;VOLVO EC 480D;3-DESGASTE;0;0;KG;0;25;203281,44;;;;1;;;1;;
3;03-MAYOR A PUNTO DE PEDIDO;1016077;ZSTO;ARANDELA;MR01;0377;C2 A3;V1;8;HB;12;12;0;0;0;0;G05;AJUSTE;31431;JOHN DEERE;24M7243;DESGASTE;VOLVO EC 480D;8-VARIOS;0,061;0;KG;9,812;25;31430,99;;;;1;;;1;;
3;03-MAYOR A PUNTO DE PEDIDO;1016163;ZSTO;FILTRO TRAMPA DE AGUA;MR01;0377;C2Ñ2;V1;5;HB;10;9;0;0;0;0;F13;FILTRO TRAMPA DE A;1631854,98;VOLVO MAQU;17515206;FILTROS;VOLVO EC 480D;8-VARIOS;1,197;0;KG;8139,194;20;1631854,96;;;;1;;;1;;
3;03-MAYOR A PUNTO DE PEDIDO;1016164;ZSTO;FILTRO DE BOMBA SERVO-SISTEMA;MR01;0377;C2N2;V1;2;HB;4;4;0;0;0;0;F07;FILTRO FLUIDO HIDR;255019,92;VOLVO MAQU;14750655;FILTROS;VOLVO EC 480D;8-VARIOS;0,832;0;KG;3141,6;20;255019,9;;;;1;;;1;;
3;03-MAYOR A PUNTO DE PEDIDO;1016193;ZSTO;CUBIERTA 245/65 R17 111T;MR01;0377;;V1;2;HB;4;4;0;0;0;0;C47;CUBIERTAS AUTOMOTR;863939,28;PIRELLI NE // GOOD YEAR;111T XL SCORPION // 111T XL WRANGLERWORKHORS;CUBIERTAS;VW AMAROK;5-CUBIERTAS;16,5;0;KG;103167,84;15;863939,29;;;;1;;;1;;
3;03-MAYOR A PUNTO DE PEDIDO;1016223;ZSTO;SEGMENTO ENTRE PORTAUÑAS BALDE;MR01;0377;;V1;10;HB;16;16;0;0;0;0;G01;CUCHILLAS;344385,44;VOLVO MAQU;VOE14576187;DESGASTE;EXCAVADORA VOLVO EC 480 D;4-CUCHILLAS;5;0;KG;3192;15;344385,44;;;;1;;;1;;
3;03-MAYOR A PUNTO DE PEDIDO;1016224;ZSTO;PORTA UÑA BALDE  - EA56TLW50;MR01;0377;;V1;2;HB;3;3;0;0;0;0;G04;UÑAS;233353,02;VOLVO MAQU //;VOE14732190 // EA56TLW50;DESGASTE;EXCAVADORA VOLVO EC 480 D;3-DESGASTE;25,4;0;KG;8736;15;233353,01;;;;1;;;1;;
3;03-MAYOR A PUNTO DE PEDIDO;1016225;ZSTO;TRABA UÑA BALDE - 56P;MR01;0377;C202;V1;15;HB;25;16;0;0;0;0;G05;AJUSTE;524596,48;VOLVO MAQU;VOE17473105;DESGASTE;EXCAVADORA VOLVO EC 480 D;7-PESADO;0,555;0;KG;105,975;15;524596,44;;;;1;;;1;;
3;03-MAYOR A PUNTO DE PEDIDO;1016226;ZSTO;UÑA BALDE HEAVY DUTY - 56ARXE;MR01;0377;;V1;15;HB;25;16;0;0;0;0;G04;UÑAS;1928002,24;VOLVO MAQU;VOE14732397;DESGASTE;EXCAVADORA VOLVO EC 480 D;3-DESGASTE;16,5;0;KG;7650;15;1928002,3;;;;1;;;1;;
3;03-MAYOR A PUNTO DE PEDIDO;1016230;ZSTO;Filtro Respiradero Hidraulico;MR01;0377;C2K2;V1;2;HB;4;4;0;0;0;0;F07;FILTRO FLUIDO HIDR;181858,28;VOLVO MAQU;VOE14691909;FILTROS;FILTRO HIDRAULICO;9-FRAGIL;0,093;0;KG;318;15;181858,29;;;;1;;;1;;
3;03-MAYOR A PUNTO DE PEDIDO;1016232;ZSTO;Filtro Linea Martillo;MR01;0377;C2L3;V1;2;HB;4;4;0;0;0;0;C29;FILTROS/RESPUESTOS;420364,96;VOLVO MAQU;VOE14720972;FILTROS;FILTROS;8-VARIOS;0,978;0;KG;2580,112;15;420364,96;;;;1;;;1;;
3;03-MAYOR A PUNTO DE PEDIDO;1016302;ZSTO;FILTRO DE COMBUSTIBLE;MR01;0377;C2G3;V1;2;HB;4;3;0;0;0;0;F06;FILTRO COMBUSTIBLE;55070,88;MANN;WF10256;FILTROS;CAT 950L;7-PESADO;0,865;0;KG;2600;15;55070,88;;;;1;;;1;;
3;03-MAYOR A PUNTO DE PEDIDO;1016303;ZSTO;Filtro Cartucho Combustible de linea Cau;MR01;0377;C2L4;V1;1;HB;2;2;0;0;0;0;F06;FILTRO COMBUSTIBLE;34085,6;RACORD //;2020SMA // P552020;FILTROS;CAT 950L;9-FRAGIL;0,423;0;KG;2374,625;15;34085,59;;;;1;;;1;;
3;03-MAYOR A PUNTO DE PEDIDO;1016304;ZSTO;Filtro Aceite Motor;MR01;0377;C2G3;V1;2;HB;4;4;0;0;0;0;F03;FILTRO ACEITE;390137,32;VOLKSWAGEN // VOLKSWAGEN;61.05504-0131 // 07W115436C;FILTROS;CAT 950L;7-PESADO;0,196;0;KG;1660,5;15;390137,31;;;;1;;;1;;
3;03-MAYOR A PUNTO DE PEDIDO;1016434;ZSTO;Kit Correa y Tensores;MR01;0377;C2F2;V1;1;HB;2;2;0;0;0;0;C29;FILTROS/RESPUESTOS;1326805;VOLVO MAQU // // //;20002072 // 20712530+22275091 // 22696301+21479276+21919687 // 22696301+21479276+24201573;REPUESTOS;VOLVO FM460;8-VARIOS;5,6;0;KG;5124;15;1326804,99;;;;1;;;1;;
3;03-MAYOR A PUNTO DE PEDIDO;1016453;ZSTO;Filtro Cartucho Trampa de Agua;MR01;0377;C2 D2;V1;3;HB;6;6;0;0;0;0;F13;FILTRO TRAMPA DE A;489193,32;VOLKSWAGEN;23B127177;FILTROS;DELIVERY 11.180;9-FRAGIL;0,264;0;KG;1204,386;15;489193,34;;;;1;;;1;;
3;03-MAYOR A PUNTO DE PEDIDO;1016456;ZSTO;Correa Motor;MR01;0377;CORREA B2;V1;1;HB;2;2;0;0;0;0;C29;FILTROS/RESPUESTOS;33775,7;KOMATSU HO;8PK2150;CORREAS;DELIVERY 11.180;8-VARIOS;0,306;0;KG;312;15;33775,69;;;;1;;;1;;
3;03-MAYOR A PUNTO DE PEDIDO;1016512;ZSTO;Filtro Primario Admision;MR01;0377;C2I1J1K1;V1;4;HB;8;7;0;0;0;0;F04;FILTRO AIRE;793939,58;VOLVO MAQU;VOE17500266;FILTROS;FILTRO AIRE;8-VARIOS;4,089;0;KG;37376;30;793939,59;;;;1;;;1;;
3;03-MAYOR A PUNTO DE PEDIDO;1016513;ZSTO;Filtro Secundario Admision;MR01;0377;C2L5;V1;4;HB;8;7;0;0;0;0;F04;FILTRO AIRE;545220,83;VOLVO MAQU;VOE17500268;FILTROS;FILTRO AIRE;8-VARIOS;1,336;0;KG;22000;30;545220,85;;;;1;;;1;;
3;03-MAYOR A PUNTO DE PEDIDO;1016894;ZSTO;MAMEL. 1°CAL. DESC. LAMIN.BLANCO 60GRXXL;MR01;0377;;V1;40;HB;80;75;0;0;0;0;C28;SEGURIDAD/ROPA/EPP;632826,75;;FABRICANTE DUPONT/MODELO TIVEK 500;SEGURIDAD;INDUMENTARIA;8-VARIOS;0,205;0;KG;2418;21;632827,12;;;;1;;;1;;
3;03-MAYOR A PUNTO DE PEDIDO;1016909;ZSSD;CINTA METRICA X5MT;MR01;0377;;V1;5;HB;10;6;0;0;0;0;C27;FERRETERIA MR01;0;;;FERRETERIA;INSUMOS;?;0;0;KG;0;0;21293,34;;;;1;;;1;;
3;03-MAYOR A PUNTO DE PEDIDO;1016910;ZSSD;CINTA METRICA X10MT CON PASACINTO;MR01;0377;;V1;5;HB;10;7;0;0;0;0;C27;FERRETERIA MR01;118099,56;;;FERRETERIA;INSUMOS;?;0;0;KG;0;0;205894,77;;;;1;;;1;;
3;03-MAYOR A PUNTO DE PEDIDO;1016911;ZSSD;CINTA METRICA X20MT;MR01;0377;;V1;5;HB;10;8;0;0;0;0;C27;FERRETERIA MR01;88442,88;;;FERRETERIA;INSUMOS;?;0;0;KG;0;0;191637,42;;;;1;;;1;;
3;03-MAYOR A PUNTO DE PEDIDO;1016914;ZSSD;PINCEL CERDA NB 10;MR01;0377;;V1;5;HB;10;6;0;0;0;0;C22;INSUMOS C;0;;;FERRETERIA;INSUMOS;?;0;0;KG;0;0;6425,64;;;;1;;;1;;
2;02-MENOR A PUNTO DE PEDIDO;1016916;ZSSD;PINCEL CERDA NB 30;MR01;0377;;V1;5;HB;10;4;0;0;0;0;C22;INSUMOS C;0;;;FERRETERIA;INSUMOS;?;0;0;KG;0;0;9896,92;;1;;;;;1;;
3;03-MAYOR A PUNTO DE PEDIDO;1016919;ZSSD;LUBRICANTE MULTIUSO WD-40 440CC;MR01;0377;;V1;15;HB;30;27;0;0;0;0;C27;FERRETERIA MR01;242511,03;;;FERRETERIA;ADHESIVOS/SELLADORES/LUBRICANT;?;0;0;KG;0;0;242511,15;;;;1;;;1;;
3;03-MAYOR A PUNTO DE PEDIDO;1016941;ZSSD;SECADOR DE PISO 60CM;MR01;0377;;V1;10;HB;20;20;0;0;0;0;C17;INSUMOS A;30013,2;;;LIMPIEZA;INSUMOS;?;0;0;KG;0;0;147995,1;;;;1;;;1;;
3;03-MAYOR A PUNTO DE PEDIDO;1016942;ZSSD;BIBLIORATO PVC A4 LOMO ANCHO;MR01;0377;;V1;20;HB;40;30;0;0;0;0;C17;INSUMOS A;100993,2;;;LIBRERIA;LIBRERIA;?;0;0;KG;0;0;100993,07;;;;1;;;1;;
3;03-MAYOR A PUNTO DE PEDIDO;1016950;ZSSD;ARRANCAMOTOR AEROSOL WURTH START-RAPID;MR01;0377;;V1;10;HB;20;20;0;0;0;0;C27;FERRETERIA MR01;0;;;FERRETERIA;INSUMOS;?;0;0;KG;0;0;537684,2;;;;1;;;1;;
3;03-MAYOR A PUNTO DE PEDIDO;1016955;ZSSD;SOGA NAUTICA 10MM;MR01;0377;;V1;200;HB;400;300;0;0;0;0;C27;FERRETERIA MR01;0;;MÚLT. 100 MTS;FERRETERIA;ACCESORIOS;?;0;0;KG;0;0;175482;;;;1;;;1;;
3;03-MAYOR A PUNTO DE PEDIDO;1016965;ZSSD;PORTABLOCK ACRILICO C CLIP SUPERIOR;MR01;0377;;V1;10;HB;20;18;0;0;0;0;C17;INSUMOS A;0;;;LIBRERIA;ACCESORIOS;?;0;0;KG;0;0;72924,48;;;;1;;;1;;
3;03-MAYOR A PUNTO DE PEDIDO;1016972;ZSSD;MAZA MINERO 5KG;MR01;0377;;V1;4;HB;8;8;0;0;0;0;C27;FERRETERIA MR01;196842,32;;;FERRETERIA;HERRAMIENTA MANUAL;?;0;0;KG;0;0;499195,7;;;;1;;;1;;
3;03-MAYOR A PUNTO DE PEDIDO;1016973;ZSSD;MAZA MINERO 3 KG;MR01;0377;;V1;4;HB;8;8;0;0;0;0;C27;FERRETERIA MR01;263362,72;;;FERRETERIA;HERRAMIENTA MANUAL;?;0;0;KG;0;0;263362,72;;;;1;;;1;;
3;03-MAYOR A PUNTO DE PEDIDO;1016974;ZSSD;MARTILLO BOLITA 350 GR;MR01;0377;;V1;4;HB;8;8;0;0;0;0;C27;FERRETERIA MR01;0;;;FERRETERIA;HERRAMIENTA;?;0;0;KG;0;0;97020;;;;1;;;1;;
4;04-MAYOR A STOCK MAXIMO;1016975;ZSSD;MARCADOR P PIZARRA ROJO;MR01;0377;;V1;10;HB;30;39;0;0;0;0;C17;INSUMOS A;23462,7;;MÚLT. 10U;LIBRERIA;ESCRITURA;?;0;0;KG;0;0;28272,8;;;;;1;;1;;
4;04-MAYOR A STOCK MAXIMO;1016976;ZSSD;MARCADOR P PIZARRA NEGRO;MR01;0377;;V1;10;HB;30;35;0;0;0;0;C17;INSUMOS A;21233,1;;MÚLT. 10U;LIBRERIA;ESCRITURA;?;0;0;KG;0;0;23905,15;;;;;1;;1;;
4;04-MAYOR A STOCK MAXIMO;1016977;ZSSD;MARCADOR P PIZARRA AZUL;MR01;0377;;V1;10;HB;30;35;0;0;0;0;C17;INSUMOS A;23710,5;;MÚLT. 10U;LIBRERIA;ESCRITURA;?;0;0;KG;0;0;26382,56;;;;;1;;1;;
3;03-MAYOR A PUNTO DE PEDIDO;1016982;ZSSD;FOLIO A4 ST X100;MR01;0377;;V1;15;HB;25;21;0;0;0;0;C17;INSUMOS A;113466,78;;;LIBRERIA;PAPEL;?;0;0;KG;0;0;113466,88;;;;1;;;1;;
2;02-MENOR A PUNTO DE PEDIDO;1016988;ZSSD;CINTA METRICA 3MT;MR01;0377;;V1;5;HB;10;4;0;0;0;0;C27;FERRETERIA MR01;34719,39;;;FERRETERIA;INSUMOS;?;0;0;KG;0;0;37873,95;;1;;;;;1;;
3;03-MAYOR A PUNTO DE PEDIDO;1016995;ZSSD;BROCHES FLEX CON FILO N50 X1000;MR01;0377;;V1;15;HB;25;17;0;0;0;0;C17;INSUMOS A;0;;;LIBRERIA;LIBRERIA;?;0;0;KG;0;0;5270,34;;;;1;;;1;;
3;03-MAYOR A PUNTO DE PEDIDO;1016998;ZSSD;BOLIGRAFO TRAZO GRUESO NEGRO;MR01;0377;;V1;100;HB;200;193;0;0;0;0;C17;INSUMOS A;22659;;MÚLT. 50U;LIBRERIA;ESCRITURA;?;0;0;KG;0;0;71113,52;;;;1;;;1;;
3;03-MAYOR A PUNTO DE PEDIDO;1016999;ZSSD;BOLIGRAFO TRAZO GRUESO AZUL;MR01;0377;;V1;100;HB;200;200;0;0;0;0;C17;INSUMOS A;70014;;MÚLT. 50U;LIBRERIA;LIBRERIA;?;0;0;KG;0;0;70013,72;;;;1;;;1;;
3;03-MAYOR A PUNTO DE PEDIDO;1017003;ZSSD;BATERIA 9V;MR01;0377;;V1;5;HB;10;10;0;0;0;0;C27;FERRETERIA MR01;0;;;FERRETERIA;BATERIAS;?;0;0;KG;0;0;75388,5;;;;1;;;1;;
3;03-MAYOR A PUNTO DE PEDIDO;1017006;ZSSD;APRIETAPAPEL 32MM;MR01;0377;;V1;12;HB;24;16;0;0;0;0;C17;INSUMOS A;0;;MÚLT. 12U;LIBRERIA;ACCESORIOS;?;0;0;KG;0;0;2398,4;;;;1;;;1;;
4;04-MAYOR A STOCK MAXIMO;1017007;ZSSD;APRIETAPAPEL 51MM;MR01;0377;;V1;12;HB;24;34;0;0;0;0;C17;INSUMOS A;0;;MÚLT. 12U;LIBRERIA;ACCESORIOS;?;0;0;KG;0;0;11379,38;;;;;1;;1;;
2;02-MENOR A PUNTO DE PEDIDO;1017009;ZSSD;BLOCK A5 ESPIRAL CUADRIC 70HS;MR01;0377;;V1;20;HB;30;12;0;0;0;0;C17;INSUMOS A;21629,04;;;LIBRERIA;LIBRERIA;?;0;0;KG;0;0;21629,01;;1;;;;;1;;
4;04-MAYOR A STOCK MAXIMO;1017011;ZSSD;CUADERNO ESPIRAL RAY A4 T.SEMIDURA 80 HJ;MR01;0377;;V1;20;HB;30;35;0;0;0;0;C17;INSUMOS A;73162,72;;;LIBRERIA;PAPEL;?;0;0;KG;0;0;108794,43;;;;;1;;1;;
2;02-MENOR A PUNTO DE PEDIDO;1017012;ZSSD;CARPETA CRISTAL BASE OPACA A4 AZUL NEGRA;MR01;0377;;V1;12;HB;24;5;0;0;0;0;C17;INSUMOS A;2743,85;;MÚLT. 12U;LIBRERIA;INSUMOS;?;0;0;KG;0;0;2743,87;;1;;;;;1;;
4;04-MAYOR A STOCK MAXIMO;1017013;ZSSD;CORRECTOR LAPIZ 7MM;MR01;0377;;V1;20;HB;30;37;0;0;0;0;C17;INSUMOS A;10515,11;;;LIBRERIA;ACCESORIOS;?;0;0;KG;0;0;14542,89;;;;;1;;1;;
4;04-MAYOR A STOCK MAXIMO;1017015;ZSSD;MARCADOR PERMANENTE AZUL;MR01;0377;;V1;20;HB;30;44;0;0;0;0;C17;INSUMOS A;0;;MÚLT. 10U;LIBRERIA;LIBRERIA;?;0;0;KG;0;0;18074,76;;;;;1;;1;;
3;03-MAYOR A PUNTO DE PEDIDO;1017016;ZSSD;MARCADOR PERMANENTE NEGRO;MR01;0377;;V1;20;HB;30;23;0;0;0;0;C17;INSUMOS A;0;;MÚLT. 10U;LIBRERIA;ESCRITURA;?;0;0;KG;0;0;9448,17;;;;1;;;1;;
4;04-MAYOR A STOCK MAXIMO;1017017;ZSSD;MARCADOR PERMANENTE ROJO;MR01;0377;;V1;20;HB;30;44;0;0;0;0;C17;INSUMOS A;0;;MÚLT. 10U;LIBRERIA;LIBRERIA;?;0;0;KG;0;0;18074,76;;;;;1;;1;;
3;03-MAYOR A PUNTO DE PEDIDO;1017018;ZSSD;MINAS 0.5MM 2B X12;MR01;0377;;V1;5;HB;10;10;0;0;0;0;C17;INSUMOS A;4021,1;;;LIBRERIA;INSUMOS;?;0;0;KG;0;0;4021,13;;;;1;;;1;;
3;03-MAYOR A PUNTO DE PEDIDO;1017019;ZSSD;ABROCHADORA PINZA N10;MR01;0377;;V1;5;HB;10;10;0;0;0;0;C17;INSUMOS A;72900,4;;;LIBRERIA;ACCESORIOS;?;0;0;KG;0;0;72900,38;;;;1;;;1;;
3;03-MAYOR A PUNTO DE PEDIDO;1017021;ZSSD;CUADERNO ESPIRAL CUAD A4 T.DURA 80 HJ;MR01;0377;;V1;10;HB;20;12;0;0;0;0;C17;INSUMOS A;0;;;LIBRERIA;LIBRERIA;?;0;0;KG;0;0;60196,56;;;;1;;;1;;
3;03-MAYOR A PUNTO DE PEDIDO;1017022;ZSSD;CUADERNO ESPIRAL CUAD A4 T.SEMIDURA 80HJ;MR01;0377;;V1;10;HB;20;20;0;0;0;0;C17;INSUMOS A;109474,6;;;LIBRERIA;PAPEL;?;0;0;KG;0;0;109474,64;;;;1;;;1;;
3;03-MAYOR A PUNTO DE PEDIDO;1017023;ZSSD;CUADERNO ESPIRAL RAY A4 T.DURA 80 HJ;MR01;0377;;V1;10;HB;20;11;0;0;0;0;C17;INSUMOS A;0;;;LIBRERIA;ESCRITURA;?;0;0;KG;0;0;55180,18;;;;1;;;1;;
3;03-MAYOR A PUNTO DE PEDIDO;1017024;ZSSD;SOPORTE P MATAFUEGO 10KG (COLGAR);MR01;0377;;V1;5;HB;10;10;0;0;0;0;C28;SEGURIDAD/ROPA/EPP;5341,4;;;FERRETERIA;ACCESORIO SEGURIDAD;?;0;0;KG;0;0;5341,37;;;;1;;;1;;
3;03-MAYOR A PUNTO DE PEDIDO;1017025;ZSSD;SOPORTE P MATAFUEGO 5 KG (COLGAR);MR01;0377;;V1;5;HB;10;10;0;0;0;0;C28;SEGURIDAD/ROPA/EPP;5485,6;;;FERRETERIA;ACCESORIO SEGURIDAD;?;0;0;KG;0;0;5485,64;;;;1;;;1;;
3;03-MAYOR A PUNTO DE PEDIDO;1017037;ZSSD;MARCADOR P PIZARRA VERDE;MR01;0377;;V1;20;HB;30;30;0;0;0;0;C17;INSUMOS A;15585,36;;MÚLT. 10U;LIBRERIA;ESCRITURA;?;0;0;KG;0;0;20395,38;;;;1;;;1;;
3;03-MAYOR A PUNTO DE PEDIDO;1017046;ZSSD;CEPILLO VIOLIN P LAVAR COCHES;MR01;0377;;V1;15;HB;30;24;0;0;0;0;C17;INSUMOS A;89260,08;;;LIMPIEZA;?;?;0;0;KG;0;0;89259,98;;;;1;;;1;;
2;02-MENOR A PUNTO DE PEDIDO;1017054;ZSSD;CABLE TPR TIPO TALLER 3X4MM2;MR01;0377;;V1;100;HB;200;100;0;0;0;0;C11;ELECTRICIDAD;262444;;MT O MÚLT. 100 MTS;ELECTRICIDAD;CABLES;?;0;0;KG;0;0;262444;;1;;;;;1;;
3;03-MAYOR A PUNTO DE PEDIDO;1017055;ZSSD;ZAPATILLA ELECTRICA 6 TOMAS C CABLE 3M;MR01;0377;;V1;4;HB;8;5;0;0;0;0;C11;ELECTRICIDAD;72269,8;;DE 4 TOMAS;ELECTRICIDAD;ACCESORIOS;?;0;0;KG;0;0;72269,79;;;;1;;;1;;
3;03-MAYOR A PUNTO DE PEDIDO;1017061;ZSSD;PIZARRA BLANCA MARCO ALUMINIO 75X100CM;MR01;0377;;V1;3;HB;6;6;0;0;0;0;C17;INSUMOS A;213287,94;;;LIBRERIA;LIBRERIA;?;0;0;KG;0;0;213287,93;;;;1;;;1;;
3;03-MAYOR A PUNTO DE PEDIDO;1017066;ZSSD;BALIZA TIPO DESTELLANTE 1000HS;MR01;0377;;V1;20;HB;40;40;0;0;0;0;C28;SEGURIDAD/ROPA/EPP;814466;;;SEGURIDAD;?;?;0;0;KG;0;0;814465,93;;;;1;;;1;;
4;04-MAYOR A STOCK MAXIMO;1017067;ZSSD;BATERIA P BALIZA 1000HS;MR01;0377;C2C3;V1;10;HB;20;46;0;0;0;0;C28;SEGURIDAD/ROPA/EPP;84329,16;;;SEGURIDAD;?;?;0;0;KG;0;0;1031831;;;;;1;;1;;
3;03-MAYOR A PUNTO DE PEDIDO;1017068;ZSSD;CINTA REFLECTIVA BLANCA XMT;MR01;0377;;V1;10;HB;20;20;0;0;0;0;C28;SEGURIDAD/ROPA/EPP;51067,6;;MÚLT. 45,7 MTS;SEGURIDAD;SEÑALIZACION;?;0;0;KG;0;0;51067,61;;;;1;;;1;;
2;02-MENOR A PUNTO DE PEDIDO;1017084;ZSSD;CEPILLO ACERO 4X19 C MANGO MADERA;MR01;0377;;V1;5;HB;10;1;0;0;0;0;C27;FERRETERIA MR01;2384,63;;;LIMPIEZA;INSUMOS;?;0;0;KG;0;0;2384,63;;1;;;;;1;;
3;03-MAYOR A PUNTO DE PEDIDO;1017130;ZSSD;ACOPLE RAPIDO DE AIRE RECTO 10MM;MR01;0377;;V1;5;HB;10;10;0;0;0;0;C27;FERRETERIA MR01;0;;;FERRETERIA;INSUMOS;?;0;0;KG;0;0;58264,5;;;;1;;;1;;
3;03-MAYOR A PUNTO DE PEDIDO;1017131;ZSSD;ACOPLE RAPIDO DE AIRE RECTO 12MM;MR01;0377;;V1;5;HB;10;10;0;0;0;0;C27;FERRETERIA MR01;23585,1;;;FERRETERIA;INSUMOS;?;0;0;KG;0;0;23585,1;;;;1;;;1;;
3;03-MAYOR A PUNTO DE PEDIDO;1017132;ZSSD;ACOPLE RAPIDO DE AIRE RECTO 6MM;MR01;0377;;V1;5;HB;10;10;0;0;0;0;C27;FERRETERIA MR01;0;;;FERRETERIA;INSUMOS;?;0;0;KG;0;0;40909,1;;;;1;;;1;;
3;03-MAYOR A PUNTO DE PEDIDO;1017143;ZSSD;CABO P PALA MADERA Y METAL 0.70MT.;MR01;0377;;V1;3;HB;6;6;0;0;0;0;C27;FERRETERIA MR01;16011,6;;;FERRETERIA;INSUMOS;?;0;0;KG;0;0;16011,57;;;;1;;;1;;
3;03-MAYOR A PUNTO DE PEDIDO;1017144;ZSSD;CABO PARA PICO PUNTA Y PALA;MR01;0377;;V1;3;HB;6;6;0;0;0;0;C27;FERRETERIA MR01;7098,04;;;FERRETERIA;INSUMOS;?;0;0;KG;0;0;22160,08;;;;1;;;1;;
4;04-MAYOR A STOCK MAXIMO;1017148;ZSSD;BARRETA SACACLAVOS 19X400;MR01;0377;;V1;2;HB;5;10;0;0;0;0;C27;FERRETERIA MR01;40357,25;;;FERRETERIA;INSUMOS;?;0;0;KG;0;0;89804,36;;;;;1;;1;;
3;03-MAYOR A PUNTO DE PEDIDO;1017220;ZSSD;REGLA PLASTICA 30 CM;MR01;0377;;V1;10;HB;20;15;0;0;0;0;C17;INSUMOS A;3936,15;;;LIBRERIA;ACCESORIOS;?;0;0;KG;0;0;3936,1;;;;1;;;1;;
3;03-MAYOR A PUNTO DE PEDIDO;1017792;ZSTO;CORREA DE ALTERNADOR;MR01;0377;CORREA B1;V1;1;HB;2;2;0;0;0;0;C29;FILTROS/RESPUESTOS;136188,68;JOHN DEERE // JOHN DEERE;T321428 // T496608;CORREAS;CORREAS;8-VARIOS;321;0;KG;1785;15;136188,68;;;;1;;;1;;
3;03-MAYOR A PUNTO DE PEDIDO;1017809;ZSSD;CORREA POLI-V;MR01;0377;CORREA B2;V1;1;HB;2;2;0;0;0;0;C29;FILTROS/RESPUESTOS;235353,1;;198-3611;CORREAS;CAT 140K;8-VARIOS;0;0;KG;0;0;235353,1;;;;1;;;1;;
3;03-MAYOR A PUNTO DE PEDIDO;1017948;ZSTO;Conjunto Respiradero;MR01;0377;C2 A3;V1;2;HB;3;3;0;0;0;0;F04;FILTRO AIRE;101870,88;CATERPILLA;1833873;REPUESTOS;140K;8-VARIOS;0,25;0;KG;48,08;15;101870,88;;;;1;;;1;;
3;03-MAYOR A PUNTO DE PEDIDO;1017949;ZSTO;Correa de Alternador;MR01;0377;CORREA A1;V1;1;HB;2;2;0;0;0;0;C29;FILTROS/RESPUESTOS;320131,84;KOMATSU HO // // KOMATSU HO;6732813531 // 6732-81-3531 // 8PK1700(ALTERNATIVO);CORREAS;CORREAS;8-VARIOS;270;0;KG;1008;15;320131,84;;;;1;;;1;;
3;03-MAYOR A PUNTO DE PEDIDO;1017975;ZSTO;LAMPARA HB4 12V 55W;MR01;0377;;V1;10;HB;15;14;0;0;0;0;C29;FILTROS/RESPUESTOS;127574,86;;9006;REPUESTOS;TOYOTA HILUX CD SR 2.8 TDI 6 MT 4X4 // HILUX;9-FRAGIL;0,27;0;KG;94,2;15;127574,84;;;;1;;;1;;
3;03-MAYOR A PUNTO DE PEDIDO;1018507;ZSTO;Filtro Cabina - Habitaculo;MR01;0377;C2 J3;V1;1;HB;3;3;0;0;0;0;F05;FILTRO AIRE CABINA;97808,16;COMPACTADO //;05579415 // SC50347;FILTROS;BOMAG BW213;8-VARIOS;0,081;0;KG;1936;20;97808,16;;;;1;;;1;;
3;03-MAYOR A PUNTO DE PEDIDO;1018604;ZSTO;FILTRO LINEA HIDRAULICA;MR01;0377;C2N2;V1;1;HB;2;2;0;0;0;0;F07;FILTRO FLUIDO HIDR;87571,38;DONALDSON;P550252;FILTROS;PLATAFORMA DE MANTENIMIENTO VE;8-VARIOS;1,39;0;KG;3581,955;15;87571,38;;;;1;;;1;;
3;03-MAYOR A PUNTO DE PEDIDO;1021945;ZSTO;ACEITE Hydrau x 209 lts  ;MR01;0377;;V1;1;HB;2;2;0;0;0;0;L01;ACEITES;2778340,08;JOHN DEERE;TY27368;LUBRICANTES;JOHN DEERE;2-TACHO;193;0;KG;232385,12;15;2778340,08;;;;1;;;1;;
3;03-MAYOR A PUNTO DE PEDIDO;1022039;ZSTO;FILTRO CABINA RECIRCULACION;MR01;0377;;V1;1;HB;3;3;0;0;0;0;F05;FILTRO AIRE CABINA;180891,48;COMPACTADO // COMPACTADO;05990092;FILTROS;BOMAG 213;8-VARIOS;0;0;KG;216;15;180891,48;;;;1;;;1;;
3;03-MAYOR A PUNTO DE PEDIDO;1022223;ZSTO;"ESCOBILLA HILUX 16"" L/2016+";MR01;0377;C2M4;V1;3;HB;4;4;0;0;0;0;C03;EQUIPOS;63917,2;TOYOTA ARG;85212-42130;REPUESTOS;AUTOMOTOR;?;0;0;KG;0;15;63917,19;;;;1;;;1;;
3;03-MAYOR A PUNTO DE PEDIDO;1022224;ZSTO;"ESCOBILLA HILUX 22"" L/2016+";MR01;0377;C2H4;V1;3;HB;4;4;0;0;0;0;C03;EQUIPOS;91622,4;TOYOTA ARG;85222-71010;REPUESTOS;AUTOMOTOR;?;0;0;KG;0;15;91622,38;;;;1;;;1;;
2;02-MENOR A PUNTO DE PEDIDO;1022444;ZSTO;CORREA POLI V;MR01;0377;CORREA A2;V1;1;HB;2;1;0;0;0;0;C03;EQUIPOS;89131,8;;20430614;CORREAS;?;?;0;0;KG;0;0;89131,8;;1;;;;;1;;
3;03-MAYOR A PUNTO DE PEDIDO;1022791;ZSTO;CORREA;MR01;0377;CORREA B1;V1;2;HB;3;3;0;0;0;0;C03;EQUIPOS;334703,16;;0511-0260;CORREAS;G. ELECT. ONAN C 110 D 5 - 4;?;0;0;KG;0;0;334703,16;;;;1;;;1;;
3;03-MAYOR A PUNTO DE PEDIDO;1022798;ZSTO;CORREA;MR01;0377;CORREA B1;V1;1;HB;2;2;0;0;0;0;C03;EQUIPOS;164085,56;;T328202;CORREAS;?;?;0;0;KG;0;0;164085,57;;;;1;;;1;;
3;03-MAYOR A PUNTO DE PEDIDO;1022808;ZSTO;CORREA ALTERNADOR;MR01;0377;CORREA B3;V1;1;HB;2;2;0;0;0;0;C03;EQUIPOS;274329,62;;185-5872;CORREAS;CORREAS;?;0;0;KG;0;0;274329,61;;;;1;;;1;;
3;03-MAYOR A PUNTO DE PEDIDO;1022858;ZSTO;CUBIERTA 20.5 - R25 L3;MR01;0377;;V1;1;HB;2;2;0;0;0;0;C50;CUBIERTAS MINERIA;4905908,92;;20.5 - R25;CUBIERTAS;GRUA GROVE RT 540 E;5-CUBIERTAS;0;0;KG;0;0;4905908,92;;;;1;;;1;;
3;03-MAYOR A PUNTO DE PEDIDO;1023822;ZSTO;PATIN CORTO;MR01;0377;;V1;3;HB;6;6;0;0;0;0;C03;EQUIPOS;385592,34;SERVICIOS;5T-8366;DESGASTE;CAT 140H;?;0;0;KG;0;0;385592,34;;;;1;;;1;;
3;03-MAYOR A PUNTO DE PEDIDO;1025269;ZSTO;ZAPATA GUIA CIRCULAR;MR01;0377;;V1;3;HB;6;6;0;0;0;0;C03;EQUIPOS;1216767,48;;319-2228;DESGASTE;CAT;?;0;0;KG;0;0;1216767,5;;;;1;;;1;;
3;03-MAYOR A PUNTO DE PEDIDO;1025339;ZSTO;CORREA VENTILADOR MOTOR;MR01;0377;CORREA A2;V1;1;HB;2;2;0;0;0;0;C03;EQUIPOS;637685,52;;5715360;CORREAS;?;?;0;0;KG;0;0;637685,51;;;;1;;;1;;
3;03-MAYOR A PUNTO DE PEDIDO;1025392;ZSTO;ARANDELA ZAPATA;MR01;0377;C202;V1;8;HB;16;9;0;0;0;0;C03;EQUIPOS;18807,57;;5P-6652;DESGASTE;?;?;0,05;0;KG;3,5;0;18807,61;;;;1;;;1;;
3;03-MAYOR A PUNTO DE PEDIDO;1025582;ZSTO;CORREA TRAPEZOIDAL;MR01;0377;CORREA A1;V1;1;HB;2;2;0;0;0;0;C03;EQUIPOS;96970,82;;6312244;CORREAS;?;?;0;0;KG;0;0;96970,81;;;;1;;;1;;
3;03-MAYOR A PUNTO DE PEDIDO;1025734;ZSTO;BULON ZAPATA;MR01;0377;C202;V1;8;HB;16;9;0;0;0;0;C03;EQUIPOS;81247,05;;3B-6753;DESGASTE;?;?;0,4;0;KG;62,5;0;81247,06;;;;1;;;1;;
3;03-MAYOR A PUNTO DE PEDIDO;1026066;ZSTO;BULON DE RUEDA DELANTERO;MR01;0377;C202;V1;20;HB;30;30;0;0;0;0;C29;FILTROS/RESPUESTOS;795565,5;;24075971 / 20515515;DESGASTE;JD850J;?;0;0;KG;0;15;795565,59;;;;1;;;1;;
3;03-MAYOR A PUNTO DE PEDIDO;1026078;ZSTO;LAMPARA 12V-H11 55W X UN;MR01;0377;;V1;10;HB;15;13;0;0;0;0;C03;EQUIPOS;288876,9;;12V-H11 55W-PHILIPS-OSRAM;REPUESTOS;LAMPARAS;9-FRAGIL;0,015;0;KG;63,525;15;288876,9;;;;1;;;1;;
3;03-MAYOR A PUNTO DE PEDIDO;1026080;ZSSD;CEPILLO BARRENDERO 80CM XUN;MR01;0377;;V1;3;HB;6;6;0;0;0;0;C17;INSUMOS A;69907,44;;;LIMPIEZA;LIMPIEZA /SEGURIDAD;?;0;0;KG;0;0;100141,04;;;;1;;;1;;
3;03-MAYOR A PUNTO DE PEDIDO;1026186;ZSSD;MANGA ANTICORTE GRADO 5 C/CERTIFICADO;MR01;0377;;V1;5;HB;10;10;0;0;0;0;C28;SEGURIDAD/ROPA/EPP;180607,9;;;SEGURIDAD;EPP;?;0;0;KG;650;15;180607,93;;;;1;;;1;;
3;03-MAYOR A PUNTO DE PEDIDO;1026187;ZSSD;ESLINGA SINT. 4TN X 3.5ML C CERTIF;MR01;0377;;V1;1;HB;3;3;0;0;0;0;C27;FERRETERIA MR01;0;;;FERRETERIA;?;?;0;0;KG;0;15;210796,74;;;;1;;;1;;
2;02-MENOR A PUNTO DE PEDIDO;1026342;ZSTO;FILTRO BOMBA DE COMBUSTIBLE;MR01;0377;C2H3;V1;3;HB;4;2;0;0;0;0;F06;FILTRO COMBUSTIBLE;290942,86;TOYOTA ARG;23390-0E011;FILTROS;?;?;0;0;KG;2541;20;290942,86;;1;;;;;1;;
2;02-MENOR A PUNTO DE PEDIDO;1026688;ZSTO;PICA TESMEC WRECKER Ø carburo 19mm;MR01;0377;C2F1;V1;150;HB;300;25;0;0;0;0;C29;FILTROS/RESPUESTOS;1125421,75;TESMEC S.P;V00-2700-119;REPUESTOS;ZANJADORA TESMEC 1150EVO;8-VARIOS;0;0;KG;0;15;1125421,83;;1;;;;;1;;
3;03-MAYOR A PUNTO DE PEDIDO;1026834;ZSTO;FILTRO CARTUCHO;MR01;0377;C2K2;V1;3;HB;6;6;0;0;0;0;C29;FILTROS/RESPUESTOS;222348,96;TESMEC S.P;V00-6600-009;FILTROS;ZANJADORA TESMEC 1150EVO;8-VARIOS;1,46;0;KG;43996,62;15;222348,99;;;;1;;;1;;
3;03-MAYOR A PUNTO DE PEDIDO;1026836;ZSTO;FILTRO CARTUCHO;MR01;0377;C2L3;V1;2;HB;3;3;0;0;0;0;C29;FILTROS/RESPUESTOS;133725,69;TESMEC S.P;V00-6600-031;FILTROS;ZANJADORA TESMEC 1150EVO;8-VARIOS;1,23;0;KG;2500;15;133725,7;;;;1;;;1;;
3;03-MAYOR A PUNTO DE PEDIDO;1026837;ZSTO;FILTRO CARTUCHO;MR01;0377;C2Ñ2;V1;2;HB;3;3;0;0;0;0;C29;FILTROS/RESPUESTOS;110360,64;TESMEC S.P;V00-6600-123;FILTROS;ZANJADORA TESMEC 1150EVO;8-VARIOS;1,11;0;KG;2200;15;110360,64;;;;1;;;1;;
3;03-MAYOR A PUNTO DE PEDIDO;1026841;ZSTO;KIT FILTRO PRIMARIO Y SECUNDARIO;MR01;0377;C2FONDO;V1;2;HB;4;3;0;0;0;0;C29;FILTROS/RESPUESTOS;383866,86;TESMEC S.P;V00-4505-070 // X770688;FILTROS;ZANJADORA TESMEC 1150EVO;8-VARIOS;7,69;0;KG;111033;15;383866,86;;;;1;;;1;;
3;03-MAYOR A PUNTO DE PEDIDO;1026844;ZSTO;FILTRO ACONDICIONADOR;MR01;0377;C2L3;V1;2;HB;3;3;0;0;0;0;C29;FILTROS/RESPUESTOS;102288,66;TESMEC S.P;V00-1800-008;FILTROS;ZANJADORA TESMEC 1150EVO;8-VARIOS;0,84;0;KG;2160;15;102288,66;;;;1;;;1;;
3;03-MAYOR A PUNTO DE PEDIDO;1026845;ZSTO;DESFOGO;MR01;0377;C2K2;V1;2;HB;4;4;0;0;0;0;C29;FILTROS/RESPUESTOS;100942,2;TESMEC S.P;V00-6600-076;REPUESTOS;ZANJADORA TESMEC 1150EVO;8-VARIOS;0,31;0;KG;850;15;100942,2;;;;1;;;1;;
3;03-MAYOR A PUNTO DE PEDIDO;1026846;ZSTO;DESFOGO;MR01;0377;C2N3;V1;1;HB;2;2;0;0;0;0;C29;FILTROS/RESPUESTOS;22369,7;TESMEC S.P;V00-6600-075;REPUESTOS;ZANJADORA TESMEC 1150EVO;8-VARIOS;0,06;0;KG;87,43;15;22369,71;;;;1;;;1;;
3;03-MAYOR A PUNTO DE PEDIDO;1026848;ZSTO;CORREA MOTOR;MR01;0377;CORREA A1;V1;1;HB;2;2;0;0;0;0;C29;FILTROS/RESPUESTOS;171120,56;TESMEC S.P;V00-5610-009;CORREAS;ZANJADORA TESMEC 1150EVO;8-VARIOS;0,54;0;KG;4048;15;171120,56;;;;1;;;1;;
3;03-MAYOR A PUNTO DE PEDIDO;1026849;ZSTO;CORREA COMPRESOR;MR01;0377;CORREA B2;V1;1;HB;2;2;0;0;0;0;C29;FILTROS/RESPUESTOS;365925,56;TESMEC S.P;V00-4510-279;CORREAS;ZANJADORA TESMEC 1150EVO;8-VARIOS;0,46;0;KG;990;15;365925,56;;;;1;;;1;;
3;03-MAYOR A PUNTO DE PEDIDO;1027015;ZSTO;Filtro Colador de Tanque Hidraulico;MR01;0377;C2 A5;V1;1;HB;2;2;0;0;0;0;C29;FILTROS/RESPUESTOS;404546,66;VOLVO MAQU;14531866;FILTROS;?;8-VARIOS;0;0;KG;22090;25;404546,66;;;;1;;;1;;
3;03-MAYOR A PUNTO DE PEDIDO;1027017;ZSTO;Filtro Servohidraulico;MR01;0377;C2M4;V1;2;HB;3;3;0;0;0;0;C29;FILTROS/RESPUESTOS;1186129,23;VOLVO MAQU;14688862;FILTROS;?;8-VARIOS;0;0;KG;22090;25;1186129,23;;;;1;;;1;;
3;03-MAYOR A PUNTO DE PEDIDO;1027018;ZSTO;Filtro Secundario Admision;MR01;0377;C2M3;V1;2;HB;3;3;0;0;0;0;C29;FILTROS/RESPUESTOS;268711,86;VOLVO MAQU;17500258;FILTROS;?;8-VARIOS;0;0;KG;22090;25;268711,87;;;;1;;;1;;
3;03-MAYOR A PUNTO DE PEDIDO;1027019;ZSTO;Filtro Primario Admision;MR01;0377;C2 A5;V1;2;HB;3;3;0;0;0;0;C29;FILTROS/RESPUESTOS;405508,14;VOLVO MAQU;17500256;FILTROS;?;8-VARIOS;0;0;KG;22090;25;405508,14;;;;1;;;1;;
2;02-MENOR A PUNTO DE PEDIDO;1027020;ZSTO;Aceite Mobilgear 600 XP 150;MR01;0377;;V1;1;HB;2;1;0;0;0;0;C29;FILTROS/RESPUESTOS;170295,19;VOLVO MAQU;BALDE DE 20LTS;LUBRICANTES;?;6-PESADO Y FRAGIL;0;0;KG;0;15;170295,19;;1;;;;;1;;
3;03-MAYOR A PUNTO DE PEDIDO;1027021;ZSTO;Aceite Caja de Engranaje 85W90 GL-5;MR01;0377;;V1;1;HB;2;2;0;0;0;0;C29;FILTROS/RESPUESTOS;319425,56;VOLVO MAQU;BALDE DE 20LTS;LUBRICANTES;?;6-PESADO Y FRAGIL;0;0;KG;0;15;319425,56;;;;1;;;1;;
3;03-MAYOR A PUNTO DE PEDIDO;1027023;ZSTO;Correa Motor;MR01;0377;CORREA A1;V1;1;HB;2;2;0;0;0;0;C29;FILTROS/RESPUESTOS;326229,42;VOLVO MAQU //;21620133 // VOE55204161;CORREAS;?;9-FRAGIL;0;0;KG;708,75;15;326229,41;;;;1;;;1;;
3;03-MAYOR A PUNTO DE PEDIDO;1027024;ZSTO;Correa Compresor;MR01;0377;CORREA A2;V1;1;HB;2;2;0;0;0;0;C29;FILTROS/RESPUESTOS;132414,74;VOLVO MAQU;14881276;CORREAS;?;9-FRAGIL;0;0;KG;708,75;15;132414,74;;;;1;;;1;;
3;03-MAYOR A PUNTO DE PEDIDO;1027188;ZSTO;Aceite Transmision EP 220 x205 lts;MR01;0377;;V1;1;HB;2;2;0;0;0;0;C03;EQUIPOS;1338119,48;;118192;LUBRICANTES;ZANJADORA TESMEC 1150EVO;2-TACHO;0;0;KG;0;15;1338119,48;;;;1;;;1;;
3;03-MAYOR A PUNTO DE PEDIDO;1027189;ZSTO;Aceite Transmision EP 460 x 205 lts;MR01;0377;;V1;1;HB;2;2;0;0;0;0;C03;EQUIPOS;1410649,16;;117792;LUBRICANTES;ZANJADORA TESMEC 1150EVO;2-TACHO;0;0;KG;0;15;1410649,16;;;;1;;;1;;
3;03-MAYOR A PUNTO DE PEDIDO;1027190;ZSTO;Grasa EP2 (de alta temperatura)x 180KG;MR01;0377;;V1;1;HB;2;2;0;0;0;0;C03;EQUIPOS;2741648,92;;;LUBRICANTES;ZANJADORA TESMEC 1150EVO;2-TACHO;0;0;KG;0;15;2741648,92;;;;1;;;1;;
3;03-MAYOR A PUNTO DE PEDIDO;1027326;ZSSD;MATAFUEGO ABC X1KG;MR01;0377;;V1;5;HB;10;8;0;0;0;0;C28;SEGURIDAD/ROPA/EPP;185279,36;;;SEGURIDAD;INSUMOS;?;0;0;KG;0;0;185279,38;;;;1;;;1;;
3;03-MAYOR A PUNTO DE PEDIDO;1027631;ZSTO;CORREA;MR01;0377;CORREA B2;V1;1;HB;2;2;0;0;0;0;C03;EQUIPOS;579264,38;CATERPILLA;423-1361;CORREAS;CORREAS;?;0,44;0;KG;1155;15;579264,38;;;;1;;;1;;
3;03-MAYOR A PUNTO DE PEDIDO;1027673;ZSTO;KIT CORREA Y TENSOR VM;MR01;0377;C2 C4;V1;1;HB;2;2;0;0;0;0;C03;EQUIPOS;847715,24;VOLVO TRUC;20002070 (20430614+21549016+21574656);CORREAS;?;?;0;0;KG;0;0;847715,24;;;;1;;;1;;
3;03-MAYOR A PUNTO DE PEDIDO;1027840;ZSTO;PROTECTOR PUNTERA ZAPATA - FAB. MILICIC;MR01;0377;;V1;30;HB;60;60;0;0;0;0;C04;SERVICIOS EQUIPOS;401850;;FAB.MILICIC / ZANJADORA 1150EVO A0003;REPUESTO;ZANJADORA TESMEC 1150EVO;?;0;0;KG;8720;0;401850;;;;1;;;1;;
3;03-MAYOR A PUNTO DE PEDIDO;1028054;ZSTO;Filtro Admision Motor - Yanmar;MR01;0377;C2E3;V1;4;HB;6;6;0;0;0;0;C03;EQUIPOS;292899,72;;RAI-69 // GHS-3736;FILTROS;VACUVIETZ 12D;8-VARIOS;0;0;KG;22090;25;292899,74;;;;1;;;1;;
3;03-MAYOR A PUNTO DE PEDIDO;1028055;ZSTO;Filtro Admision y Succion;MR01;0377;C2M2;V1;5;HB;10;10;0;0;0;0;C03;EQUIPOS;383949,8;DONALDSON //;C 1112 // P530645 // 47298-001;FILTROS;VACUVIETZ 12D;8-VARIOS;0;0;KG;22090;25;383949,83;;;;1;;;1;;
3;03-MAYOR A PUNTO DE PEDIDO;1028056;ZSTO;Filtro Combustible;MR01;0377;C2L4;V1;4;HB;6;6;0;0;0;0;C03;EQUIPOS;633051,42;;47139S;FILTROS;VACUVIETZ 12D;8-VARIOS;0,027;0;KG;160;25;633051,38;;;;1;;;1;;
3;03-MAYOR A PUNTO DE PEDIDO;1028057;ZSTO;Correa Bomba de Succion;MR01;0377;;V1;1;HB;2;2;0;0;0;0;C03;EQUIPOS;44432,4;;SPZ2280 // F-5805 // 10072023 // 47243;CORREAS;VACUVIETZ 12D;9-FRAGIL;0;0;KG;22090;25;44432,4;;;;1;;;1;;
3;03-MAYOR A PUNTO DE PEDIDO;1028175;ZSTO;Filtro de Succion Hidraulico;MR01;0377;C2 A4;V1;1;HB;2;2;0;0;0;0;C29;FILTROS/RESPUESTOS;122539,18;;WU-630X100F-J;FILTROS;PAYWELDER HG160 WAPN WINCOO;8-VARIOS;0,85;0;KG;4176;25;122539,18;;;;1;;;1;;
3;03-MAYOR A PUNTO DE PEDIDO;1028177;ZSTO;Filtro de Succion Hidraulico Secundario;MR01;0377;C2 B2;V1;1;HB;2;2;0;0;0;0;C29;FILTROS/RESPUESTOS;83147,98;;WU-160X100-J;FILTROS;PAYWELDER HG160 WAPN WINCOO;8-VARIOS;0,35;0;KG;1701;25;83147,99;;;;1;;;1;;
3;03-MAYOR A PUNTO DE PEDIDO;1028178;ZSTO;Filtro Retorno Hidraulico;MR01;0377;C2B3;V1;1;HB;2;2;0;0;0;0;C29;FILTROS/RESPUESTOS;203513,26;;RF500X10F-Y;FILTROS;PAYWELDER HG160 WAPN WINCOO;8-VARIOS;1,04;0;KG;2178;25;203513,25;;;;1;;;1;;
3;03-MAYOR A PUNTO DE PEDIDO;1028179;ZSTO;Filtro de Linea Presion Hidraulica;MR01;0377;C2J3;V1;1;HB;2;2;0;0;0;0;C29;FILTROS/RESPUESTOS;104212,1;;PLF-H60X10P;FILTROS;PAYWELDER HG160 WAPN WINCOO;8-VARIOS;0,16;0;KG;225;25;104212,09;;;;1;;;1;;
3;03-MAYOR A PUNTO DE PEDIDO;1028181;ZSTO;Filtro Venteo Tanque Hidraulico;MR01;0377;C2 B2;V1;1;HB;2;2;0;0;0;0;C29;FILTROS/RESPUESTOS;114196,7;;EF5-65;FILTROS;PAYWELDER HG160 WAPN WINCOO;8-VARIOS;0,79;0;KG;4563;25;114196,71;;;;1;;;1;;
3;03-MAYOR A PUNTO DE PEDIDO;1028183;ZSTO;Filtro Aceite Motor;MR01;0377;C2 A4;V1;3;HB;6;6;0;0;0;0;C29;FILTROS/RESPUESTOS;79009,38;;P558615 // LF3349;FILTROS;PAYWELDER HG160 WAPN WINCOO;8-VARIOS;0,55;0;KG;1239809375;25;79009,37;;;;1;;;1;;
3;03-MAYOR A PUNTO DE PEDIDO;1028184;ZSTO;Filtro Trampa de Agua;MR01;0377;C2B4;V1;3;HB;6;4;0;0;0;0;C29;FILTROS/RESPUESTOS;172354,08;LANSS;0710-3480126 // BR1188 WIX;FILTROS;PAYWELDER HG160 WAPN WINCOO;8-VARIOS;0,55;0;KG;1239809375;25;172354,06;;;;1;;;1;;
3;03-MAYOR A PUNTO DE PEDIDO;1028185;ZSTO;Filtro Sepador Combustible;MR01;0377;C2Ñ2;V1;3;HB;6;4;0;0;0;0;C29;FILTROS/RESPUESTOS;381262,92;;FS36230 // FCO 2643 / P502643;FILTROS;PAYWELDER HG160 WAPN WINCOO;8-VARIOS;1,24;0;KG;3549;25;381262,91;;;;1;;;1;;
3;03-MAYOR A PUNTO DE PEDIDO;1028188;ZSTO;Filtro Admision Secundario;MR01;0377;C2C3;V1;3;HB;6;4;0;0;0;0;C29;FILTROS/RESPUESTOS;185948,88;DONALDSON;2243946 // P776696;FILTROS;PAYWELDER HG160 WAPN WINCOO;8-VARIOS;0,56;0;KG;6760;25;185948,88;;;;1;;;1;;
3;03-MAYOR A PUNTO DE PEDIDO;1028190;ZSTO;Filtro Admision Primario;MR01;0377;C2E5;V1;3;HB;6;4;0;0;0;0;C29;FILTROS/RESPUESTOS;204019,16;DONALDSON;2165054 // P771508;FILTROS;PAYWELDER HG160 WAPN WINCOO;8-VARIOS;2,9;0;KG;25625;25;204019,17;;;;1;;;1;;
3;03-MAYOR A PUNTO DE PEDIDO;1028192;ZSTO;Correa de Alternador;MR01;0377;CORREA A1;V1;1;HB;2;2;0;0;0;0;C29;FILTROS/RESPUESTOS;55873,7;;8PK1464;CORREAS;PAYWELDER HG160 WAPN WINCOO;9-FRAGIL;0,16;0;KG;1155;25;55873,7;;;;1;;;1;;
3;03-MAYOR A PUNTO DE PEDIDO;1028193;ZSTO;Correa Compresor;MR01;0377;CORREA A2;V1;1;HB;2;2;0;0;0;0;C29;FILTROS/RESPUESTOS;65417;;AV13X1170LA;CORREAS;PAYWELDER HG160 WAPN WINCOO;9-FRAGIL;125;0;KG;994,5;25;65416,98;;;;1;;;1;;
3;03-MAYOR A PUNTO DE PEDIDO;1029327;ZSTO;CORREA MOTOR;MR01;0377;CORREA A2;V1;1;HB;2;2;0;0;0;0;C03;EQUIPOS;66552,92;;8PK1800;EQUIPOS;AUTOMOTOR;?;0;0;KG;0;0;66552,92;;;;1;;;1;;
3;03-MAYOR A PUNTO DE PEDIDO;1029332;ZSTO;CUBIERTA 10.00 - R20 DELANTERA;MR01;0377;;V1;1;HB;2;2;0;0;0;0;C03;EQUIPOS;995052,9;;T819 16PR DELANTERA;CUBIERTAS;?;?;0;0;KG;0;0;995052,89;;;;1;;;1;;
3;03-MAYOR A PUNTO DE PEDIDO;1029333;ZSTO;CUBIERTA 10.00 - R20 TRASERA;MR01;0377;;V1;2;HB;3;3;0;0;0;0;C03;EQUIPOS;1312567,5;;10.00 - R20 HI-MILER CT162 TRASERA;CUBIERTAS;?;?;0;0;KG;0;0;1312567,5;;;;1;;;1;;
3;03-MAYOR A PUNTO DE PEDIDO;1029338;ZSTO;CAMARA 10.00 R20;MR01;0377;;V1;5;HB;10;10;0;0;0;0;C03;EQUIPOS;270226,9;;CAMARA 10.00 R20;CUBIERTAS;?;?;0;0;KG;0;0;270226,93;;;;1;;;1;;
3;03-MAYOR A PUNTO DE PEDIDO;1029358;ZSTO;CORREA MOTOR;MR01;0377;CORREA B1;V1;1;HB;2;2;0;0;0;0;C03;EQUIPOS;147385,66;;07W903137;CORREAS;?;8-VARIOS;0;0;KG;0;0;147385,65;;;;1;;;1;;
3;03-MAYOR A PUNTO DE PEDIDO;1029359;ZSTO;CORREA A/A;MR01;0377;CORREA B2;V1;1;HB;2;2;0;0;0;0;C03;EQUIPOS;129501,36;;07W145933;CORREAS;?;?;0;0;KG;0;0;129501,37;;;;1;;;1;;
3;03-MAYOR A PUNTO DE PEDIDO;1029360;ZSTO;CUBIERTA FR 85 275/80 R 22.5 - DELANTERA;MR01;0377;;V1;1;HB;2;2;0;0;0;0;C03;EQUIPOS;882447,8;;FR 85 275/80 R 22.5 - DELANTERA;CUBIERTAS;CUBIERTAS;?;0;0;KG;0;0;882447,8;;;;1;;;1;;
3;03-MAYOR A PUNTO DE PEDIDO;1029361;ZSTO;CUBIERTA PIRELLI TR 85 275/80 R 22.5;MR01;0377;;V1;2;HB;4;4;0;0;0;0;C03;EQUIPOS;1981397,88;;TR 85 275/80 R 22.5 TRASERA;CUBIERTAS;CUBIERTAS;?;0;0;KG;0;0;1981397,87;;;;1;;;1;;
3;03-MAYOR A PUNTO DE PEDIDO;1029477;ZSTO;CORREA 8PK-1420;MR01;0377;;V1;1;HB;2;2;0;0;0;0;C03;EQUIPOS;38410,02;;8PK-1420;CORREAS;?;?;0;0;KG;0;0;38410,02;;;;1;;;1;;
3;03-MAYOR A PUNTO DE PEDIDO;1029480;ZSTO;CORREA B-45;MR01;0377;;V1;1;HB;2;2;0;0;0;0;C29;FILTROS/RESPUESTOS;14477,8;;B-45 DUNLOP;CORREAS;CAMIONES REGADORES;8-VARIOS;0,31;0;KG;1080;15;14477,81;;;;1;;;1;;
3;03-MAYOR A PUNTO DE PEDIDO;1030003;ZSTO;CORREA A/C;MR01;0377;;V1;1;HB;2;2;0;0;0;0;C29;FILTROS/RESPUESTOS;128663,3;;04120-21747;CORREAS;EXCAVADORA KOMATSU PC 240;?;0;0;KG;0;0;128663,3;;;;1;;;1;;
3;03-MAYOR A PUNTO DE PEDIDO;1033429;ZSTO;CORREA MOTOR;MR01;0377;CORREA A2;V1;1;HB;2;2;0;0;0;0;C03;EQUIPOS;149655,84;SKF;VOE979064;CORREAS;INSUMOS;8-VARIOS;0;0;KG;1905,75;0;149655,85;;;;1;;;1;;
3;03-MAYOR A PUNTO DE PEDIDO;1035898;ZSTO;FILTRO ADMISION PRIMARIO;MR01;0377;C2 J3;V1;6;HB;10;10;0;0;0;0;C29;FILTROS/RESPUESTOS;477952;;P821575;FILTROS;MOTOSOLDADOR MILLER 400X PRO;8-VARIOS;0,45;0;KG;6664;15;477952,04;;;;1;;;1;;
3;03-MAYOR A PUNTO DE PEDIDO;1035899;ZSTO;FILTRO ADMISION SECUNDARIO;MR01;0377;C2 K2;V1;6;HB;10;10;0;0;0;0;C29;FILTROS/RESPUESTOS;248080,3;;P822858;FILTROS;MOTOSOLDADOR MILLER 400X PRO;8-VARIOS;0,16;0;KG;3000;15;248080,3;;;;1;;;1;;
3;03-MAYOR A PUNTO DE PEDIDO;1035900;ZSTO;FILTRO ACEITE MOTOR;MR01;0377;C2 Ñ3;V1;6;HB;10;10;0;0;0;0;C29;FILTROS/RESPUESTOS;109060,3;;16271-32090;FILTROS;MOTOSOLDADOR MILLER 400X PRO;8-VARIOS;0;0;KG;0;15;109060,34;;;;1;;;1;;
3;03-MAYOR A PUNTO DE PEDIDO;1035901;ZSTO;FILTRO MALLA DE COMBUSTIBLE;MR01;0377;C2 E4;V1;6;HB;10;10;0;0;0;0;C29;FILTROS/RESPUESTOS;71096,5;;233482;FILTROS;MOTOSOLDADOR MILLER 400X PRO;8-VARIOS;0;0;KG;0;15;71096,52;;;;1;;;1;;
3;03-MAYOR A PUNTO DE PEDIDO;1035903;ZSTO;CORREA VENTILADOR;MR01;0377;CORREA A2;V1;1;HB;2;2;0;0;0;0;C29;FILTROS/RESPUESTOS;33827,28;;16206-97012;CORREAS;MOTOSOLDADOR MILLER 400X PRO;9-FRAGIL;0;0;KG;0;15;33827,28;;;;1;;;1;;
3;03-MAYOR A PUNTO DE PEDIDO;1036100;ZSTO;CONO FLEX. C/REFLECT. Y BASE CAUCHO 70CM;MR01;0377;;V1;30;HB;60;56;0;0;0;0;C28;SEGURIDAD/ROPA/EPP;663481,84;;NARANJA DE PVC FLEXIBLE CON MEMORIA-70CM;SEGURIDAD;SEÑALIZACION;?;1;0;KG;88078,5;15;663481,73;;;;1;;;1;;
2;02-MENOR A PUNTO DE PEDIDO;1036622;ZSTO;CEPILLO TRENZADO PIPELINE 175X6X22 BUJE;MR01;0377;;V1;150;HB;300;63;0;0;0;0;C27;FERRETERIA MR01;1575863,73;;44 PELOS-38 PELOS;FERRETERIA;ABRASIVOS/DISCOS;?;0;0;KG;0;15;1575863,79;;1;;;;;1;;
3;03-MAYOR A PUNTO DE PEDIDO;1042453;ZSTO;FILTRO TANQUE HIDRAULICO;MR01;0377;C2 E3;V1;1;HB;2;2;0;0;0;0;C29;FILTROS/RESPUESTOS;7188516;;47613U;FILTROS;"DOBLADORA DE TUBOS  EV 6-24""  VIETZ";8-VARIOS;0;0;KG;0;15;7188516;;;;1;;;1;;
3;03-MAYOR A PUNTO DE PEDIDO;1042454;ZSTO;FILTRO RETORNO TANQUE HIDRAULICO;MR01;0377;C2F3;V1;1;HB;2;2;0;0;0;0;C29;FILTROS/RESPUESTOS;3869592;;47613;FILTROS;"DOBLADORA DE TUBOS  EV 6-24""  VIETZ";8-VARIOS;0;0;KG;0;0;3869592;;;;1;;;1;;
2;02-MENOR A PUNTO DE PEDIDO;1042455;ZSTO;FILTRO ADMISION PRIMARIO;MR01;0377;C2 I2;V1;2;HB;3;2;0;0;0;0;C29;FILTROS/RESPUESTOS;42560,56;MANN // DARMET;C 15 300 // VP-1705;FILTROS;"DOBLADORA DE TUBOS  EV 6-24""  VIETZ";8-VARIOS;0;0;KG;0;15;42560,56;;1;;;;;1;;
2;02-MENOR A PUNTO DE PEDIDO;1042456;ZSTO;FILTRO ADMISION SECUNDARIO;MR01;0377;C2 L2;V1;2;HB;3;2;0;0;0;0;C29;FILTROS/RESPUESTOS;28944,66;MANN // DARMET;CF 300 // VP-1705/S;FILTROS;"DOBLADORA DE TUBOS  EV 6-24""  VIETZ";8-VARIOS;0;0;KG;0;15;28944,67;;1;;;;;1;;
2;02-MENOR A PUNTO DE PEDIDO;1042457;ZSTO;FILTRO COMBUSTIBLE;MR01;0377;C2L3;V1;2;HB;3;2;0;0;0;0;C29;FILTROS/RESPUESTOS;55602;;0117 4696;FILTROS;"DOBLADORA DE TUBOS  EV 6-24""  VIETZ";8-VARIOS;0;0;KG;0;15;55602;;1;;;;;1;;
2;02-MENOR A PUNTO DE PEDIDO;1042458;ZSTO;FILTRO ACEITE MOTOR;MR01;0377;C2 L3;V1;2;HB;3;2;0;0;0;0;C29;FILTROS/RESPUESTOS;51944,54;;W712/4;FILTROS;"DOBLADORA DE TUBOS  EV 6-24""  VIETZ";8-VARIOS;0;0;KG;0;15;40478,8;;1;;;;;1;;
3;03-MAYOR A PUNTO DE PEDIDO;1042459;ZSTO;ACEITE ESSO SPARTAN EP320 x20lts;MR01;0377;;V1;1;HB;2;2;0;0;0;0;C29;FILTROS/RESPUESTOS;386689;;ALTERNATIVO: MOBIL SPARTAN  EP320;LUBRICANTES;"DOBLADORA DE TUBOS  EV 6-24""  VIETZ";6-PESADO Y FRAGIL;0;0;KG;0;15;386688,99;;;;1;;;1;;
2;02-MENOR A PUNTO DE PEDIDO;1042460;ZSTO;CORREA MOTOR;MR01;0377;CORREA B1;V1;1;HB;2;1;0;0;0;0;C29;FILTROS/RESPUESTOS;5472;;02235181HX;CORREAS;"DOBLADORA DE TUBOS  EV 6-24""  VIETZ";8-VARIOS;0;0;KG;0;15;5472;;1;;;;;1;;
3;03-MAYOR A PUNTO DE PEDIDO;1047512;ZSCD;"CEPILLO DE ACERO TRENZADO P/AMOLADORA 4""";MR01;0377;;V1;50;HB;100;100;0;0;0;0;C27;FERRETERIA MR01;1175871;;;REPUESTOS;HERRAMIENTAS ELECTRICAS;?;0;0;KG;0;15;1175870,9;;;;1;;;1;;
3;03-MAYOR A PUNTO DE PEDIDO;1047513;ZSCD;"CEPILLO DE ACERO TRENZADO P/AMOLADORA 7""";MR01;0377;;V1;50;HB;100;73;0;0;0;0;C27;FERRETERIA MR01;1288177,71;;;REPUESTOS;HERRAMIENTAS ELECTRICAS;?;0;0;KG;0;15;1288177,57;;;;1;;;1;;
3;03-MAYOR A PUNTO DE PEDIDO;1047997;ZSTO;FUSIBLE 15A;MR01;0377;C2 A3;V1;20;HB;40;40;0;0;0;0;C03;EQUIPOS;846640;;280-2709;REPUESTO;ELECTRICIDAD AUTOMOTOR;?;0;0;KG;0;0;846640;;;;1;;;1;;
1;01-STOCK NULO;1001682;ZSTO;MAMEL. 1°CAL. DESC. LAMIN.BLANCO 60GR.XL;MR01;0223;;V1;4;HB;9;0;0;0;0;0;C28;SEGURIDAD/ROPA/EPP;0;;FABRICANTE:DUPONT | MODELO:TYVEK 500;SEGURIDAD;INDUMENTARIA;8-VARIOS;0,195;0;KG;2232;21;;;;1;;;;1;;
1;01-STOCK NULO;1001757;ZSTO;BOTIN MARRON/NEGRO FLOR P.ACERO N 41;MR01;0223;;V1;1;HB;2;0;0;0;0;0;C28;SEGURIDAD/ROPA/EPP;0;CONWORK // VORAN // CALZADOS A // // // // BORIS;53BAF // CRONOS N T41 // ESCORPIO PRUS 1050 T41 // RINGO MOD BOLT TALLE 41 // RINGO-MOD PUNCH TALLE 41 // SKIWAY MOD. 3243 T41 // 3305 T41;SEGURIDAD;CALZADO;8-VARIOS;1,296;0;KG;11934;21;;;;1;;;;1;;
1;01-STOCK NULO;1000037;ZSTO;FILTRO VENTILACION TANQUE HIDRAULICO;MM01;0026;;V1;1;HB;3;0;0;0;0;0;F04;FILTRO AIRE;0;VOLVO CONS;VOE11707077;FILTROS;CARGADORA VOLVO L220G;8-VARIOS;0,16;0;KG;1728;15;;;;1;;;;1;;
1;01-STOCK NULO;1002433;ZSTO;TRABA UÑA BALDE  - 55/65R;MM01;0026;;V1;13;HB;24;0;0;0;0;0;G04;UÑAS;0;VOLVO CONS;VOE11417317;DESGASTE;L220G;7-PESADO;0;0;KG;0;15;;;;1;;;;1;;
1;01-STOCK NULO;1002434;ZSTO;SEGURO UÑA BALDE - 30P;MM01;0026;;V1;13;HB;24;0;0;0;0;0;G05;AJUSTE;0;VOLVO CONS;VOE11417147;DESGASTE;L220G;7-PESADO;0;0;KG;0;15;;;;1;;;;1;;
1;01-STOCK NULO;1002435;ZSTO;UÑA BALDE HEAVY DUTY - 30AMRL;MM01;0026;;V1;13;HB;24;0;0;0;0;0;G04;UÑAS;0;VOLVO CONS;VOE11417136;DESGASTE;L220G;3-DESGASTE;11;0;KG;4816,5;15;;;;1;;;;1;;
1;01-STOCK NULO;1002547;ZSTO;FILTRO HIDRAULICO X UN;MM01;0026;;V1;1;HB;2;0;0;0;0;0;F07;FILTRO FLUIDO HIDR;0;CATERPILLA // CATERPILLA;1262081 // 1799806;FILTROS;CAT 336 DLME, 390;7-PESADO;1,98;0;KG;12032;15;;;;1;;;;1;;
1;01-STOCK NULO;1002745;ZSTO;FILTRO AIRE CABINA;MM01;0026;;V1;1;HB;2;0;0;0;0;0;F05;FILTRO AIRE CABINA;0;CATERPILLA // CATERPILLA // CATERPILLA;2931183 // 3050329 // 4I1278;FILTROS;CAT 336 DLME;9-FRAGIL;0,48;0;KG;4995;25;;;;1;;;;1;;
1;01-STOCK NULO;1002899;ZSTO;FILTRO COMBUSTIBLE;MM01;0026;;V1;1;HB;2;0;0;0;0;0;F06;FILTRO COMBUSTIBLE;0;FLEETGUARD // DONALDSON;FF5488 // P550774;FILTROS;VW 31-320-19360;7-PESADO;0,62;0;KG;1204,386;15;;;;1;;;;1;;
1;01-STOCK NULO;1003047;ZSTO;FILTRO AIRE CABINA SECUNDARIO;MM01;0026;;V1;1;HB;3;0;0;0;0;0;F05;FILTRO AIRE CABINA;0;VOLVO CONS;VOE11703980;FILTROS;CARGADORA VOLVO L220G;9-FRAGIL;1,15;0;KG;10920;20;;;;1;;;;1;;
1;01-STOCK NULO;1003050;ZSTO;FILTRO DE TRANSMISION;MM01;0026;;V1;1;HB;3;0;0;0;0;0;F03;FILTRO ACEITE;0;VOLVO CONS // No aplica;VOE11037868 // 174181113;FILTROS;VOLVO;8-VARIOS;1,94;0;KG;5239;20;;;;1;;;;1;;
1;01-STOCK NULO;1003445;ZSTO;TOMA FUERZA XUN;MM01;0026;;RE;1;HB;2;0;0;0;0;0;C29;FILTROS/RESPUESTOS;0;TER APLICA;ZF16S151 NEUM MULT Z15;REPUESTOS;CAJA VOLCADORA - IVECO;7-PESADO;11,17;0;KG;13000;15;;;;1;;;;1;;
1;01-STOCK NULO;1003563;ZSTO;CORREA A A;MM01;0026;;RE;1;HB;2;0;0;0;0;0;C29;FILTROS/RESPUESTOS;0;CNH;504129824;REPUESTOS;TRAKKER 380 Y 420 Y STRALIS;8-VARIOS;0,06;0;KG;50;15;;;;1;;;;1;;
1;01-STOCK NULO;1003565;ZSTO;RETEN CORTECO;MM01;0026;;RE;1;HB;2;0;0;0;0;0;C29;FILTROS/RESPUESTOS;0;CORTECO //;12011379B // 40000690;REPUESTOS;IVECO TRAKKER T380;8-VARIOS;0,19;0;KG;800;15;;;;1;;;;1;;
1;01-STOCK NULO;1003694;ZSTO;PIN STOP;MM01;0026;;V1;1;HB;3;0;0;0;0;0;C29;FILTROS/RESPUESTOS;0;DAEMO ENGI;B36610143;REPUESTOS;DAEMO;7-PESADO;0,53;0;KG;64,689;70;;;;1;;;;1;;
1;01-STOCK NULO;1003707;ZSTO;CORREA;MM01;0026;;RE;1;HB;2;0;0;0;0;0;C29;FILTROS/RESPUESTOS;0;CNH // No aplica;504049426 // 5802113881;REPUESTOS;POLY V 12pk1835;8-VARIOS;0,34;0;KG;1840;15;;;;1;;;;1;;
1;01-STOCK NULO;1003736;ZSTO;"ESCOBILLA LIMPIAPARABRISA 24""-609MM X2UN";MM01;0026;;RE;1;HB;2;0;0;0;0;0;C03;EQUIPOS;0;;APLICA A AMAROK 2.0 TDI 4X2 // 7H1955425F;REPUESTOS;AMAROK 2.0 TDI 4X2;8-VARIOS;0,191;0;KG;1012,5;15;;;;1;;;;1;;
1;01-STOCK NULO;1003742;ZSTO;COUMPLING SCREW;MM01;0026;;RE;1;HB;2;0;0;0;0;0;C29;FILTROS/RESPUESTOS;0;DAEMO ENGI;00605A0000002;REPUESTOS;DAEMO B-Series;8-VARIOS;0;0;KG;15,7;15;;;;1;;;;1;;
1;01-STOCK NULO;1003777;ZSTO;EJE DE VENTILADOR;MM01;0026;;RE;1;HB;2;0;0;0;0;0;C29;FILTROS/RESPUESTOS;0;KOMATSU HO;6245-81-6902;REPUESTOS;D465-7EO;7-PESADO;0;0;KG;0;15;;;;1;;;;1;;
1;01-STOCK NULO;1003832;ZSTO;RETEN MAZA TRASERA (SEC) TRAKKER 380;MM01;0026;;RE;1;HB;2;0;0;0;0;0;C29;FILTROS/RESPUESTOS;0;CNH;42127773;REPUESTOS;IVECO;8-VARIOS;0,22;0;KG;600;25;;;;1;;;;1;;
1;01-STOCK NULO;1003854;ZSTO;BULON MAZA TRASERA P TRAKKER;MM01;0026;;RE;8;HB;15;0;0;0;0;0;C29;FILTROS/RESPUESTOS;0;CNH // CNH;42064826 // 42117455;REPUESTOS;MAQUINARIA PESADA;7-PESADO;0,36;0;KG;108;25;;;;1;;;;1;;
1;01-STOCK NULO;1004228;ZSTO;PLACA AGARRE DE PUNTA MARTILLO;MM01;0026;;V1;1;HB;4;0;0;0;0;0;C29;FILTROS/RESPUESTOS;0;DAEMO ENGI;B30610080;REPUESTOS;DAEMO D300;7-PESADO;8,305;0;KG;1152;118;;;;1;;;;1;;
1;01-STOCK NULO;1004282;ZSTO;KIT SELLO MARTILLO;MM01;0026;;RE;1;HB;2;0;0;0;0;0;C29;FILTROS/RESPUESTOS;0;DAEMO ENGI;B36680041;REPUESTOS;DAEMO B300;8-VARIOS;0,625;0;KG;2200;70;;;;1;;;;1;;
1;01-STOCK NULO;1004313;ZSTO;ACEITE TRANSMISSION OIL AT102 X 200LTS;MM01;0026;;V1;1;HB;3;0;0;0;0;0;C29;FILTROS/RESPUESTOS;0;VOLVO CONS;VOE15143389 / 97342;LUBRICANTES;LUBRICANTES;2-TACHO;0;0;KG;0;15;;;;1;;;;1;;
1;01-STOCK NULO;1004589;ZSTO;BROCA T51 89MM 14 BOT. XUN;MM01;0026;;RE;1;HB;2;0;0;0;0;0;C29;FILTROS/RESPUESTOS;0;No aplica;90510341 // 137-6098-49-20;DESGASTE;DESGASTE;3-DESGASTE;0;0;KG;0;15;;;;1;;;;1;;
1;01-STOCK NULO;1016449;ZSTO;Filtro Aceite Motor;MM01;0026;;V1;1;HB;2;0;0;0;0;0;F03;FILTRO ACEITE;0;VOLKSWAGEN //;2T0115561 // LF9009;FILTROS;DELIVERY 11.180;7-PESADO;1,518;0;KG;3504,24;15;;;;1;;;;1;;
1;01-STOCK NULO;1022760;ZSTO;CONJUNTO PASADOR;MM01;0026;;RE;1;HB;2;0;0;0;0;0;C03;EQUIPOS;0;;425-0275;?;?;?;0;0;KG;0;0;;;;1;;;;1;;
1;01-STOCK NULO;1022978;ZSTO;ESPACIADOR;MM01;0026;;RE;2;HB;4;0;0;0;0;0;C03;EQUIPOS;0;;7D-2955;?;?;?;0;0;KG;0;0;;;;1;;;;1;;
1;01-STOCK NULO;1024299;ZSTO;ROTULA;MM01;0026;;RE;1;HB;1;0;0;0;0;0;C03;EQUIPOS;0;;237-4156;REPUESTOS;?;?;0;0;KG;0;0;;;;1;;;;1;;
1;01-STOCK NULO;1027112;ZSTO;COMPRESOR A/C;MM01;0026;;RE;1;HB;2;0;0;0;0;0;C03;EQUIPOS;0;VOLVO TRUC;84472607;REPUESTOS;VOLVO 460 FMX;7-PESADO;0;0;KG;0;0;;;;1;;;;1;;
1;01-STOCK NULO;1035247;ZSTO;MANGUERA;MM01;0026;;RE;1;HB;1;0;0;0;0;0;C03;EQUIPOS;0;;561-02-12150;REPUESTOS;?;?;0;0;KG;0;0;;;;1;;;;1;;
1;01-STOCK NULO;1035362;ZSTO;JUEGO FILTRO;MM01;0026;;V1;1;HB;3;0;0;0;0;0;;;0;;VOE17410279;;;;0;0;KG;0;0;;;;1;;;;1;;
1;01-STOCK NULO;1035683;ZSTO;ALZA CRISTAL DERECHO;MM01;0026;;RE;1;HB;2;0;0;0;0;0;C03;EQUIPOS;0;;56B-54-14361;REPUESTOS;KOMATSU HD785;?;0;0;KG;0;0;;;;1;;;;1;;
1;01-STOCK NULO;1036503;ZSTO;ACTUADOR;MM01;0026;;RE;1;HB;2;0;0;0;0;0;C03;EQUIPOS;0;;VOE 14523019;REPUESTOS;?;?;0;0;KG;0;0;;;;1;;;;1;;
1;01-STOCK NULO;1046952;ZSTO;BLANCIN;MM01;0026;;RE;1;HB;2;0;0;0;0;0;C03;EQUIPOS;0;;VOE 11428146;REPUESTOS;?;?;0;0;KG;0;0;;;;1;;;;1;;
1;01-STOCK NULO;1050448;ZSTO;BASE DE FILTRO;MM01;0026;;RE;1;HB;1;0;0;0;0;0;C03;EQUIPOS;0;;354-8811;REPUESTOS;?;?;0;0;KG;0;0;;;;1;;;;1;;
1;01-STOCK NULO;1055004;ZSTO;KIT PASTILLA DE FRENO -  F. RUTA HD465;MM01;0026;;V1;2;HB;4;0;0;0;0;0;C03;EQUIPOS;0;;566-32-53221;REPUESTOS;?;?;0;0;KG;0;0;;;;1;;;;1;;
1;01-STOCK NULO;1055695;ZSTO;TECLA LEVANTA CRISTAL;MM01;0026;;RE;1;HB;2;0;0;0;0;0;C03;EQUIPOS;0;;426-56-21490;REPUESTOS;?;?;0;0;KG;0;0;;;;1;;;;1;;
1;01-STOCK NULO;1001707;ZSTO;CHALECOGRAFANARANJACONREFLETIVOT.XLC2;MR01;0314;;V1;3;HB;6;0;0;0;0;0;C28;SEGURIDAD/ROPA/EPP;0;;MÚLT. 12U;SEGURIDAD;INDUMENTARIA;8-VARIOS;0,302;0;KG;608;30;;;;1;;;;1;;
1;01-STOCK NULO;1001868;ZSTO;FILMSTRECHMANUALXBOBINAx2,70KG;MR01;0314;;V1;2;HB;5;0;0;0;0;0;C17;INSUMOS A;0;;MEDIDAS 0,50X200METROSX2;LIBRERIA;CINTAS ADHESIVAS;8-VARIOS;2,5;0;KG;4817,545;15;;;;1;;;;1;;
1;01-STOCK NULO;1001876;ZSTO;CINTA EMBALAR TRANSPARENTE 48MM X 100 MT;MR01;0314;;V1;6;HB;11;0;0;0;0;0;C17;INSUMOS A;0;SCOTCH;;LIBRERIA;CINTAS ADHESIVAS;8-VARIOS;0,197;0;KG;474,925;15;;;;1;;;;1;;
1;01-STOCK NULO;1001879;ZSTO;CINTA DE ENMASCARAR 24 MM XROLLO;MR01;0314;;V1;2;HB;5;0;0;0;0;0;C17;INSUMOS A;0;;;LIBRERIA;CINTAS ADHESIVAS;8-VARIOS;0,088;0;KG;237,463;15;;;;1;;;;1;;
1;01-STOCK NULO;1001885;ZSTO;BOLSAS RESIDUOS XUN 102X130 VERDE;MR01;0314;;V1;13;HB;23;0;0;0;0;0;C17;INSUMOS A;0;;;LIMPIEZA;LIMPIEZA /SEGURIDAD;8-VARIOS;0,195;0;KG;1534;45;;;;1;;;;1;;
1;01-STOCK NULO;1001961;ZSTO;CINTA AISLADORA NEGRA X10MT;MR01;0314;;V1;13;HB;23;0;0;0;0;0;C27;FERRETERIA MR01;0;;;FERRETERIA;INSUMOS;8-VARIOS;0,04;0;KG;56,52;15;;;;1;;;;1;;
1;01-STOCK NULO;1002070;ZSTO;CAMPERA DESCARNE T.XXL;MR01;0314;;V1;1;HB;2;0;0;0;0;0;C28;SEGURIDAD/ROPA/EPP;0;;;SEGURIDAD;INDUMENTARIA;8-VARIOS;1,735;0;KG;5624;15;;;;1;;;;1;;
1;01-STOCK NULO;1015803;ZSSD;HOJA DE SIERRA 24D;MR01;0314;;V1;1;HB;2;0;0;0;0;0;C27;FERRETERIA MR01;0;;;FERRETERIA;INSUMOS;?;0;0;KG;0;15;;;;1;;;;1;;
1;01-STOCK NULO;1017023;ZSSD;CUADERNO ESPIRAL RAY A4 T.DURA 80 HJ;MR01;0314;;V1;1;HB;3;0;0;0;0;0;C17;INSUMOS A;0;;;LIBRERIA;ESCRITURA;?;0;0;KG;0;0;;;;1;;;;1;;
1;01-STOCK NULO;1001687;ZSTO;ANTEOJO INCOLORO;MR01;0341;;V1;96;HB;120;0;0;0;0;0;C28;SEGURIDAD/ROPA/EPP;0;LIBUS // 3M // MSA // STEELPRO;ECOLINEHC (MÚLT. 10U) // SECUREFIT SF201AF CLEAR // MSA PERSPECTA CLEAR // STEELPRO SPY CLEAR;SEGURIDAD;ACCESORIO SEGURIDAD;9-FRAGIL;0,023;0;KG;252;21;;;;1;;;;1;;
1;01-STOCK NULO;1001888;ZSTO;BOLSAS RESIDUOS XUN 102X130 NEGRA;MR01;0341;;V1;96;HB;120;0;0;0;0;0;C17;INSUMOS A;0;;;LIMPIEZA;LIMPIEZA /SEGURIDAD;8-VARIOS;0,195;0;KG;1534;45;;;;1;;;;1;;
1;01-STOCK NULO;1001893;ZSTO;BOLSARESIDUPLASTICA60X90NEGRAXROLLOX10UN;MR01;0341;;V1;18;HB;24;0;0;0;0;0;C17;INSUMOS A;0;;;LIMPIEZA;BOLSAS;8-VARIOS;0,296;0;KG;550;15;;;;1;;;;1;;
1;01-STOCK NULO;1001961;ZSTO;CINTA AISLADORA NEGRA X10MT;MR01;0341;;V1;18;HB;23;0;0;0;0;0;C27;FERRETERIA MR01;0;;;FERRETERIA;INSUMOS;8-VARIOS;0,04;0;KG;56,52;15;;;;1;;;;1;;
1;01-STOCK NULO;1016940;ZSSD;DESODORANTE EN AEROSOL;MR01;0341;;V1;20;HB;30;0;0;0;0;0;C17;INSUMOS A;0;;;LIMPIEZA;LIMPIEZA /SEGURIDAD;?;0;0;KG;0;0;;;;1;;;;1;;
1;01-STOCK NULO;1017037;ZSSD;MARCADOR P PIZARRA VERDE;MR01;0341;;V1;3;HB;5;0;0;0;0;0;C17;INSUMOS A;0;;MÚLT. 10U;LIBRERIA;ESCRITURA;?;0;0;KG;0;0;;;;1;;;;1;;
1;01-STOCK NULO;1017047;ZSSD;TRAPO REJILLA;MR01;0341;;V1;36;HB;45;0;0;0;0;0;C17;INSUMOS A;0;;;LIMPIEZA;LIMPIEZA /SEGURIDAD;?;0;0;KG;0;0;;;;1;;;;1;;
1;01-STOCK NULO;1017048;ZSSD;FRANELA;MR01;0341;;V1;36;HB;45;0;0;0;0;0;C17;INSUMOS A;0;;;LIMPIEZA;LIMPIEZA /SEGURIDAD;?;0;0;KG;0;0;;;;1;;;;1;;
1;01-STOCK NULO;1017218;ZSSD;LAMPAZO;MR01;0341;;V1;6;HB;8;0;0;0;0;0;C17;INSUMOS A;0;;;LIMPIEZA;LIMPIEZA /SEGURIDAD;?;0;0;KG;0;0;;;;1;;;;1;;
1;01-STOCK NULO;1017236;ZSSD;"LUSTRAMUEBLES ""BLEM"" - ORIGINAL XUN";MR01;0341;;V1;72;HB;90;0;0;0;0;0;C17;INSUMOS A;0;;;LIMPIEZA;LIMPIEZA /SEGURIDAD;?;0;0;KG;0;0;;;;1;;;;1;;
1;01-STOCK NULO;1001827;ZSTO;CUBIERTA 12.00 R20 FG85 (lineal);MM01;0035;;V1;3;HB;5;0;0;0;0;0;C48;CUBIERTAS CAMIONES;0;PIRELLI NE // GOOD YEAR // MICHELIN A;FG85 // G686MSS // XZY3;CUBIERTAS;IVECO TRAKKER;5-CUBIERTAS;74;0;KG;242491,21;15;;;;1;;;;1;;
1;01-STOCK NULO;1001841;ZSTO;CAMARA 12.00 R20;MM01;0035;;V1;4;HB;6;0;0;0;0;0;C52;CAMARAS;0;;MARCA DONGAH // MARCA PIRELLI;CUBIERTAS;CUBIERTAS;7-PESADO;3,053;0;KG;6200;15;;;;1;;;;1;;
1;01-STOCK NULO;1003173;ZSTO;FILTRO DE AIRE PRIMARIO;MM01;0035;;V1;2;HB;3;0;0;0;0;0;F04;FILTRO AIRE;0;CATERPILLA;3370790;FILTROS;CAT 950;9-FRAGIL;0,74;0;KG;12032;15;;;;1;;;;1;;
1;01-STOCK NULO;1003176;ZSTO;FILTRO A A CABINA INTERIOR;MM01;0035;;V1;1;HB;2;0;0;0;0;0;F10;FILTRO HVAC;0;CATERPILLA //;2902288 // 5019255;FILTROS;CAT 950;9-FRAGIL;0,326;0;KG;5754,375;15;;;;1;;;;1;;
1;01-STOCK NULO;1003360;ZSTO;FILTRO A A CABINA EXTERIOR;MM01;0035;;V1;1;HB;2;0;0;0;0;0;F10;FILTRO HVAC;0;CATERPILLA //;2902287 // 5019254;FILTROS;CAT 950;9-FRAGIL;1,14;0;KG;12300;15;;;;1;;;;1;;
1;01-STOCK NULO;1001681;ZSTO;FICHA T.STECK MACHO 380V 32A T N XUN;U365;0365;;V1;3;HB;5;0;0;0;0;0;C11;ELECTRICIDAD;0;;;ELECTRICIDAD;FICHAS;8-VARIOS;0,22;0;KG;423,9;0;;;;1;;;;;;
1;01-STOCK NULO;1001702;ZSTO;GUANTE SOLDADOR COSTURA KEVLAR;U365;0365;;V1;6;HB;10;0;0;0;0;0;C28;SEGURIDAD/ROPA/EPP;0;;;SEGURIDAD;GUANTE;8-VARIOS;0,265;0;KG;527;0;;;;1;;;;;;
1;01-STOCK NULO;1001717;ZSTO;PROTECTOR FACIAL BURBUJA INCOLORO;U365;0365;;V1;14;HB;24;0;0;0;0;0;C28;SEGURIDAD/ROPA/EPP;0;LIBUS // 3M // MSA // STEELPRO;901386 // VISOR WP96 + SOPORTE // MSA VISOR CLEAR // STEELPRO BURBUJA CLEAR;SEGURIDAD;ACCESORIO SEGURIDAD;9-FRAGIL;0,176;0;KG;6721;0;;;;1;;;;;;
1;01-STOCK NULO;1001726;ZSTO;SUSPENSION CREMALLERA;U365;0365;;V1;23;HB;39;0;0;0;0;0;C28;SEGURIDAD/ROPA/EPP;0;LIBUS // 3M // MSA // STEELPRO;MILENIUM // SUSPENSIÓN RATCHET H-700 // FAS-TRAC III // RATCHET STEELPRO;SEGURIDAD;ACCESORIO SEGURIDAD;8-VARIOS;0,09;0;KG;8694;0;;;;1;;;;;;
1;01-STOCK NULO;1001783;ZSTO;ACEITE HIDRAULICO X 205L;U365;0365;;V1;1;HB;2;0;0;0;0;0;C29;FILTROS/RESPUESTOS;0;YPF S.A. // YPF S.A.;ATF // 125492;LUBRICANTES;ACEITES;2-TACHO;193;0;KG;233705,49;0;;;;1;;;;;;
1;01-STOCK NULO;1001788;ZSTO;ACEITE SAE  10W X 205L;U365;0365;;V1;1;HB;2;0;0;0;0;0;C29;FILTROS/RESPUESTOS;0;YPF S.A. // YPF S.A.;10W // 151592;LUBRICANTES;ACEITES;2-TACHO;192,5;0;KG;235025,86;0;;;;1;;;;;;
1;01-STOCK NULO;1001795;ZSTO;ACEITE 85W140 X 205L;U365;0365;;V1;1;HB;2;0;0;0;0;0;C29;FILTROS/RESPUESTOS;0;YPF S.A. // YPF S.A.;85W140 // 123192;LUBRICANTES;ACEITES;2-TACHO;193;0;KG;233705,49;0;;;;1;;;;;;
1;01-STOCK NULO;1001814;ZSTO;LIQUIDO FRENO X1LT;U365;0365;;V1;5;HB;8;0;0;0;0;0;C29;FILTROS/RESPUESTOS;0;WAGNER;;LUBRICANTES;ADITIVOS;6-PESADO Y FRAGIL;1,12;0;KG;1680;0;;;;1;;;;;;
1;01-STOCK NULO;1001933;ZSTO;DISCO 114x1,6x222 REFORZADO x UN;U365;0365;;V1;15;HB;25;0;0;0;0;0;C27;FERRETERIA MR01;0;TYROLIT;114X16X222;FERRETERIA;ABRASIVOS/DISCOS;6-PESADO Y FRAGIL;0,043;0;KG;20,763;0;;;;1;;;;;;
1;01-STOCK NULO;1001943;ZSTO;ADHESIVO CIANO 20 G XUN;U365;0365;;V1;3;HB;5;0;0;0;0;0;C27;FERRETERIA MR01;0;CIANO;;FERRETERIA;ADHESIVOS;9-FRAGIL;0,03;0;KG;75;0;;;;1;;;;;;
1;01-STOCK NULO;1001956;ZSTO;MASILLA POXILINA 10MIN. X 250 GRS XUN;U365;0365;;V1;1;HB;2;0;0;0;0;0;C27;FERRETERIA MR01;0;POXILINA;;FERRETERIA;ADHESIVOS/SELLADORES/LUBRICANT;9-FRAGIL;0,28;0;KG;315;0;;;;1;;;;;;
1;01-STOCK NULO;1001958;ZSTO;CINTA TEFLON 1/2 X 20MT;U365;0365;;V1;5;HB;8;0;0;0;0;0;C27;FERRETERIA MR01;0;;;FERRETERIA;INSUMOS;8-VARIOS;0,01;0;KG;39,25;0;;;;1;;;;;;
1;01-STOCK NULO;1001970;ZSTO;ESMALTE SINT. AEROSOL NEGRO X440CC;U365;0365;;V1;9;HB;16;0;0;0;0;0;C22;INSUMOS C;0;;KUWAIT-SINTEPLAST;PINTURAS;PINTURA AEROSOL;6-PESADO Y FRAGIL;0,385;0;KG;663,325;0;;;;1;;;;;;
1;01-STOCK NULO;1002000;ZSTO;CAMISA JEAN T.38 C LOGO;U365;0365;;V1;29;HB;50;0;0;0;0;0;C28;SEGURIDAD/ROPA/EPP;0;;;ROPA;INDUMENTARIA;8-VARIOS;0,425;0;KG;520;0;;;;1;;;;;;
1;01-STOCK NULO;1002001;ZSTO;CAMISA JEAN T.40 C LOGO;U365;0365;;V1;32;HB;55;0;0;0;0;0;C28;SEGURIDAD/ROPA/EPP;0;;;ROPA;INDUMENTARIA;8-VARIOS;0,438;0;KG;565,5;0;;;;1;;;;;;
1;01-STOCK NULO;1002002;ZSTO;CAMISA JEAN T.42 C LOGO;U365;0365;;V1;38;HB;66;0;0;0;0;0;C28;SEGURIDAD/ROPA/EPP;0;;;ROPA;INDUMENTARIA;8-VARIOS;0,492;0;KG;560;0;;;;1;;;;;;
1;01-STOCK NULO;1002003;ZSTO;CAMISA JEAN T.44 C LOGO;U365;0365;;V1;40;HB;71;0;0;0;0;0;C28;SEGURIDAD/ROPA/EPP;0;;;ROPA;INDUMENTARIA;8-VARIOS;0,45;0;KG;536,5;0;;;;1;;;;;;
1;01-STOCK NULO;1002004;ZSTO;CAMISA JEAN T.46 C LOGO;U365;0365;;V1;40;HB;71;0;0;0;0;0;C28;SEGURIDAD/ROPA/EPP;0;;;ROPA;INDUMENTARIA;8-VARIOS;0,49;0;KG;640;0;;;;1;;;;;;
1;01-STOCK NULO;1002005;ZSTO;CAMISA JEAN T.48 C LOGO;U365;0365;;V1;32;HB;55;0;0;0;0;0;C28;SEGURIDAD/ROPA/EPP;0;;;ROPA;INDUMENTARIA;8-VARIOS;0,495;0;KG;2378;0;;;;1;;;;;;
1;01-STOCK NULO;1002006;ZSTO;CAMISA JEAN T.50 C LOGO;U365;0365;;V1;26;HB;45;0;0;0;0;0;C28;SEGURIDAD/ROPA/EPP;0;;;ROPA;INDUMENTARIA;8-VARIOS;0,617;0;KG;2970;0;;;;1;;;;;;
1;01-STOCK NULO;1002007;ZSTO;CAMISA JEAN T.52 C LOGO;U365;0365;;V1;26;HB;45;0;0;0;0;0;C28;SEGURIDAD/ROPA/EPP;0;;;ROPA;INDUMENTARIA;8-VARIOS;0,525;0;KG;635,5;0;;;;1;;;;;;
1;01-STOCK NULO;1002008;ZSTO;CAMISA JEAN T.54 C LOGO;U365;0365;;V1;18;HB;31;0;0;0;0;0;C28;SEGURIDAD/ROPA/EPP;0;;;ROPA;INDUMENTARIA;8-VARIOS;0,614;0;KG;3600;0;;;;1;;;;;;
1;01-STOCK NULO;1002009;ZSTO;CAMISA JEAN T.56 C LOGO;U365;0365;;V1;12;HB;20;0;0;0;0;0;C28;SEGURIDAD/ROPA/EPP;0;;;ROPA;INDUMENTARIA;8-VARIOS;0,607;0;KG;3627;0;;;;1;;;;;;
1;01-STOCK NULO;1002010;ZSTO;CAMISA JEAN T.58 C LOGO;U365;0365;;V1;12;HB;20;0;0;0;0;0;C28;SEGURIDAD/ROPA/EPP;0;;;ROPA;INDUMENTARIA;8-VARIOS;0,548;0;KG;709,5;0;;;;1;;;;;;
1;01-STOCK NULO;1002055;ZSTO;MEDIAS TERMICAS T. UNICO PARA -10 GRADOS;U365;0365;;V1;86;HB;150;0;0;0;0;0;C28;SEGURIDAD/ROPA/EPP;0;;;ROPA;INDUMENTARIA;8-VARIOS;0,105;0;KG;712,5;0;;;;1;;;;;;
1;01-STOCK NULO;1002056;ZSTO;CAMPERA ABRIGO T. S ROJA CON LOGO;U365;0365;;V1;12;HB;20;0;0;0;0;0;C28;SEGURIDAD/ROPA/EPP;0;No aplica;CON REFLECTIVO T. S;ROPA;INDUMENTARIA;8-VARIOS;0,85;0;KG;13468;0;;;;1;;;;;;
1;01-STOCK NULO;1002057;ZSTO;CAMPERA ABRIGO T. M ROJA CON LOGO;U365;0365;;V1;17;HB;30;0;0;0;0;0;C28;SEGURIDAD/ROPA/EPP;0;No aplica;CON REFLECTIVO T. M;ROPA;INDUMENTARIA;8-VARIOS;0,841;0;KG;17640;0;;;;1;;;;;;
1;01-STOCK NULO;1002058;ZSTO;CAMPERA ABRIGO T. L ROJA CON LOGO;U365;0365;;V1;17;HB;30;0;0;0;0;0;C28;SEGURIDAD/ROPA/EPP;0;No aplica;CON REFLECTIVO T. L;ROPA;INDUMENTARIA;8-VARIOS;0,926;0;KG;12000;0;;;;1;;;;;;
1;01-STOCK NULO;1002059;ZSTO;CAMPERA ABRIGO T. XL ROJA CON LOGO;U365;0365;;V1;17;HB;30;0;0;0;0;0;C28;SEGURIDAD/ROPA/EPP;0;No aplica;CON REFLECTIVO T. XL;ROPA;INDUMENTARIA;8-VARIOS;0,985;0;KG;8960;0;;;;1;;;;;;
1;01-STOCK NULO;1002060;ZSTO;CAMPERA ABRIGO T. XXL ROJA CON LOGO;U365;0365;;V1;12;HB;20;0;0;0;0;0;C28;SEGURIDAD/ROPA/EPP;0;No aplica;CON REFLECTIVO T. XXL;ROPA;INDUMENTARIA;8-VARIOS;1,16;0;KG;16632;0;;;;1;;;;;;
1;01-STOCK NULO;1002061;ZSTO;CAMPERA ABRIGO T. XXXL ROJA CON LOGO;U365;0365;;V1;12;HB;20;0;0;0;0;0;C28;SEGURIDAD/ROPA/EPP;0;No aplica;CON REFLECTIVO T. XXXL;ROPA;INDUMENTARIA;8-VARIOS;0,979;0;KG;8960;0;;;;1;;;;;;
1;01-STOCK NULO;1002172;ZSTO;CORREA VENTILADOR X3 UNIDADES;U365;0365;;V1;3;HB;5;0;0;0;0;0;C29;FILTROS/RESPUESTOS;0;CATERPILLA;4P8087;CORREAS;CAT D6TXL;8-VARIOS;0,863;0;KG;6888;0;;;;1;;;;;;
1;01-STOCK NULO;1002180;ZSTO;CORREA TOPADOR XUN;U365;0365;;V1;1;HB;2;0;0;0;0;0;C29;FILTROS/RESPUESTOS;0;CATERPILLA;2414981;CORREAS;D6T;8-VARIOS;0,15;0;KG;672;0;;;;1;;;;;;
1;01-STOCK NULO;1002188;ZSTO;CORREA ACCESORIO;U365;0365;;V1;1;HB;2;0;0;0;0;0;C29;FILTROS/RESPUESTOS;0;;8PK1445;CORREAS;CAMION VW 17-210 VOLCADOR;8-VARIOS;0,214;0;KG;774;0;;;;1;;;;;;
1;01-STOCK NULO;1002852;ZSTO;FILTRO TRANSMISION XUN;U365;0365;;V1;1;HB;2;0;0;0;0;0;C29;FILTROS/RESPUESTOS;0;CATERPILLA // CATERPILLA;3283655 // 1R1809;FILTROS;CAT D6T, 980H;7-PESADO;1,28;0;KG;4901;0;;;;1;;;;;;
1;01-STOCK NULO;1002981;ZSTO;FILTRO RESPIRADERO TAPA COMBUSTIBLE CSA;U365;0365;;V1;1;HB;2;0;0;0;0;0;C29;FILTROS/RESPUESTOS;0;CATERPILLA;3507735;FILTROS;CAT 988K, 775G;8-VARIOS;0,08;0;KG;192;0;;;;1;;;;;;
1;01-STOCK NULO;1004405;ZSTO;RESPIRADERO HIDRAULICO;U365;0365;;V1;1;HB;2;0;0;0;0;0;C29;FILTROS/RESPUESTOS;0;;1915439;OBSOLETO;FILTROS;8-VARIOS;0;0;KG;0;0;;;;1;;;;;;
1;01-STOCK NULO;1009436;ZSTO;UREA AZUL 32 X BIN 1000LTS;U365;0365;;V1;1;HB;1;0;0;0;0;0;L02;FLUIDOS;0;YPF S.A. // RAIZEN ARG // YPF S.A. // AXION ENER;L60866 // 516385 // 810300000371;LUBRICANTES;ADITIVOS;2-TACHO;1154;0;KG;1380000;0;;;;1;;;;;;
1;01-STOCK NULO;1009476;ZSTO;"PANTALON TERMICO ""ROJO"" T L";U365;0365;;V1;24;HB;41;0;0;0;0;0;C28;SEGURIDAD/ROPA/EPP;0;;;ROPA;INDUMENTARIA -15;8-VARIOS;0;0;KG;0;0;;;;1;;;;;;
1;01-STOCK NULO;1009477;ZSTO;"PANTALON TERMICO ""ROJO"" T XL";U365;0365;;V1;24;HB;41;0;0;0;0;0;C28;SEGURIDAD/ROPA/EPP;0;;;ROPA;INDUMENTARIA -15;8-VARIOS;0;0;KG;0;0;;;;1;;;;;;
1;01-STOCK NULO;1016652;ZSSD;CMASTRA FILTRO DE CABINA;U365;0365;;V1;6;HB;9;0;0;0;0;0;AGV;COMPRAS AGV;0;DONALDSON;IVECO/2995964/MANNCU4594/DONALD P787450;REPUESTOS;FILTROS;?;0;0;KG;0;0;;;;1;;;;;;
1;01-STOCK NULO;1016716;ZSTO;CORREA POLI V SKT90;U365;0365;;V1;7;HB;11;0;0;0;0;0;C03;EQUIPOS;0;SANY HEAVY //;RPSAN160399000008A // 12PK1308;CORREAS;CAMION FUERA DE RUTA SANY SKT 90S;8-VARIOS;0,263;0;KG;264;0;;;;1;;;;;;
1;01-STOCK NULO;1016938;ZSSD;SILICONA LIQUIDA BRILLO SILICONADO X5LT;U365;0365;;V1;5;HB;8;0;0;0;0;0;C17;INSUMOS A;0;;;LIMPIEZA;LIMPIEZA /SEGURIDAD;?;0;0;KG;0;0;;;;1;;;;;;
1;01-STOCK NULO;1016948;ZSSD;AEROSOL DESINFECTANTE ANTIBACT 360ML;U365;0365;;V1;6;HB;9;0;0;0;0;0;C17;INSUMOS A;0;;;LIMPIEZA;LIMPIEZA /SEGURIDAD;?;0;0;KG;0;0;;;;1;;;;;;
1;01-STOCK NULO;1017000;ZSSD;USAR 1017009;U365;0365;;V1;9;HB;16;0;0;0;0;0;C17;INSUMOS A;0;;;LIBRERIA;?;?;0;0;KG;0;0;;;;1;;;;;;
1;01-STOCK NULO;1017010;ZSSD;BOLIGRAFO TRAZO FINO AZUL;U365;0365;;V1;72;HB;125;0;0;0;0;0;C17;INSUMOS A;0;;MÚLT. 24U;LIBRERIA;ESCRITURA;?;0;0;KG;0;0;;;;1;;;;;;
1;01-STOCK NULO;1017016;ZSSD;MARCADOR PERMANENTE NEGRO;U365;0365;;V1;5;HB;8;0;0;0;0;0;C17;INSUMOS A;0;;MÚLT. 10U;LIBRERIA;ESCRITURA;?;0;0;KG;0;0;;;;1;;;;;;
1;01-STOCK NULO;1017057;ZSSD;FICHA STECK 16 AMP HEMBRA 2 P TIERRA;U365;0365;;V1;2;HB;3;0;0;0;0;0;C11;ELECTRICIDAD;0;;;ELECTRICIDAD;ACCESORIOS;?;0;0;KG;0;0;;;;1;;;;;;
1;01-STOCK NULO;1017108;ZSSD;ESTACA 1PGX1PGX1 MTS;U365;0365;;V1;711;HB;1253;0;0;0;0;0;C22;INSUMOS C;0;;;MADERA;ESTACAS;?;0;0;KG;0;0;;;;1;;;;;;
1;01-STOCK NULO;1018427;ZSTO;Correa A/A;U365;0365;;V1;1;HB;2;0;0;0;0;0;C29;FILTROS/RESPUESTOS;0;CATERPILLA;1749030;CORREAS;CAT D6T;8-VARIOS;0;0;KG;50;0;;;;1;;;;;;
1;01-STOCK NULO;1018436;ZSSD;460E LIQUIDO FRENO;U365;0365;;RE;1;HB;2;0;0;0;0;0;AGV;COMPRAS AGV;0;MOTORCRAFT;CC1Z/9365/E/;LUBRICANTES;INSUMOS;?;0;0;KG;0;0;;;;1;;;;;;
1;01-STOCK NULO;1018843;ZSSD;PROTECTOR P/CAMARA 16.00 R25;U365;0365;;V1;8;HB;14;0;0;0;0;0;C03;EQUIPOS;0;UNIMAX LTÉ;;;;;0;0;KG;0;0;;;;1;;;;;;
1;01-STOCK NULO;1018864;ZSSD;CORREA ALTERNADOR;U365;0365;;V1;6;HB;9;0;0;0;0;0;AGV;COMPRAS AGV;0;KOBELCO CO;VHSZ91049258;REPUESTOS;AUTOMOTOR;?;0;0;KG;0;0;;;;1;;;;;;
1;01-STOCK NULO;1018866;ZSSD;CORREA VENTILADOR  - ALTERNADOR;U365;0365;;V1;1;HB;2;0;0;0;0;0;AGV;COMPRAS AGV;0;SANY HEAVY;60322885;CORREAS;?;?;0;0;KG;0;0;;;;1;;;;;;
1;01-STOCK NULO;1018869;ZSSD;CANTONERA HENSLEY;U365;0365;;V1;4;HB;6;0;0;0;0;0;AGV;COMPRAS AGV;0;HENSLEY;K40;REPUESTOS;EQUIPOS;?;0;0;KG;0;0;;;;1;;;;;;
1;01-STOCK NULO;1018877;ZSSD;UÑAS;U365;0365;;V1;5;HB;8;0;0;0;0;0;AGV;COMPRAS AGV;0;SANY HEAVY;60106496;DESGASTE;?;?;0;0;KG;0;0;;;;1;;;;;;
1;01-STOCK NULO;1018878;ZSSD;UÑAS SANY ROQUERAS;U365;0365;;V1;5;HB;8;0;0;0;0;0;AGV;COMPRAS AGV;0;SANY HEAVY;LD700TL;DESGASTE;?;?;0;0;KG;0;0;;;;1;;;;;;
1;01-STOCK NULO;1018879;ZSSD;PORTAUÑAS;U365;0365;;V1;5;HB;8;0;0;0;0;0;AGV;COMPRAS AGV;0;SANY HEAVY;LD700A;DESGASTE;?;?;0;0;KG;0;0;;;;1;;;;;;
1;01-STOCK NULO;1018880;ZSSD;SEGMENTOS;U365;0365;;V1;4;HB;6;0;0;0;0;0;AGV;COMPRAS AGV;0;SANY HEAVY;13919965;REPUESTOS;?;?;0;0;KG;0;0;;;;1;;;;;;
1;01-STOCK NULO;1018911;ZSSD;FILTRO COLADOR COMBUSTIBLE;U365;0365;;V1;2;HB;3;0;0;0;0;0;AGV;COMPRAS AGV;0;SANY HEAVY;60117826;REPUESTOS;FILTROS;?;0;0;KG;0;0;;;;1;;;;;;
1;01-STOCK NULO;1018912;ZSSD;FILTRO HIDRAULICO;U365;0365;;V1;1;HB;2;0;0;0;0;0;AGV;COMPRAS AGV;0;SANY HEAVY;60205016;REPUESTOS;FILTRO;?;0;0;KG;0;0;;;;1;;;;;;
1;01-STOCK NULO;1018914;ZSSD;FILTRO DEL RESPIRADERO;U365;0365;;V1;1;HB;2;0;0;0;0;0;AGV;COMPRAS AGV;0;SANY HEAVY;60186788;REPUESTOS;FILTRO;?;0;0;KG;0;0;;;;1;;;;;;
1;01-STOCK NULO;1018918;ZSSD;FILTRO LINEA PILOTO DE BOMBA;U365;0365;;V1;1;HB;2;0;0;0;0;0;C29;FILTROS/RESPUESTOS;0;SANY HEAVY;A222100000119;REPUESTOS;FILTRO;?;0;0;KG;0;0;;;;1;;;;;;
1;01-STOCK NULO;1027021;ZSTO;Aceite Caja de Engranaje 85W90 GL-5;U365;0365;;RE;1;HB;2;0;0;0;0;0;C29;FILTROS/RESPUESTOS;0;VOLVO MAQU;BALDE DE 20LTS;LUBRICANTES;?;6-PESADO Y FRAGIL;0;0;KG;0;0;;;;1;;;;;;
1;01-STOCK NULO;1027761;ZSTO;FILTRO DE AIRE PRIMARIO;U365;0365;;V1;2;HB;2;0;0;0;0;0;C29;FILTROS/RESPUESTOS;0;CNH;CNH47931042;FILTROS;?;?;0;0;KG;10695;0;;;;1;;;;;;
1;01-STOCK NULO;1027762;ZSTO;FILTRO DE AIRE SECUNDARIO;U365;0365;;V1;2;HB;2;0;0;0;0;0;C29;FILTROS/RESPUESTOS;0;CNH;CNH47931043;FILTROS;?;?;0;0;KG;10695;0;;;;1;;;;;;
1;01-STOCK NULO;1027763;ZSTO;FILTRO TRAMPA DE AGUA;U365;0365;;V1;2;HB;2;0;0;0;0;0;C29;FILTROS/RESPUESTOS;0;DONALDSON;P551361;FILTROS;?;?;0;0;KG;10695;0;;;;1;;;;;;
1;01-STOCK NULO;1027766;ZSTO;FILTRO COMB.;U365;0365;;V1;1;HB;2;0;0;0;0;0;C29;FILTROS/RESPUESTOS;0;CNH;CNH5802104260;FILTROS;?;?;0;0;KG;2000;0;;;;1;;;;;;
1;01-STOCK NULO;1027767;ZSTO;FILTRO COLADOR DEL TANQUE DE COMBUSTIBLE;U365;0365;;V1;1;HB;2;0;0;0;0;0;C29;FILTROS/RESPUESTOS;0;CNH;CNH BU0360092;FILTROS;?;?;0;0;KG;2,541;0;;;;1;;;;;;
1;01-STOCK NULO;1027768;ZSTO;FILTRO COLADOR TANQUE HIDRAULICO;U365;0365;;V1;1;HB;2;0;0;0;0;0;C29;FILTROS/RESPUESTOS;0;CNH;CNH47906175;FILTROS;?;?;0;0;KG;2,541;0;;;;1;;;;;;
1;01-STOCK NULO;1027769;ZSTO;FILTRO HIDRAULICO;U365;0365;;V1;1;HB;2;0;0;0;0;0;C29;FILTROS/RESPUESTOS;0;CNH;CNH V204010/60156;FILTROS;?;?;0;0;KG;630;0;;;;1;;;;;;
1;01-STOCK NULO;1028117;ZSSD;FILTRO CABINA A/A;U365;0365;;V1;1;HB;2;0;0;0;0;0;C29;FILTROS/RESPUESTOS;0;TEREX;215853;REPUESTOS;FILTRO;?;0;0;KG;750;0;;;;1;;;;;;
1;01-STOCK NULO;1028119;ZSSD;FILTRO HIDRAULICO DE SUCCION;U365;0365;;V1;1;HB;2;0;0;0;0;0;C29;FILTROS/RESPUESTOS;0;TEREX;709-7783;REPUESTOS;FILTRO;?;0;0;KG;0;0;;;;1;;;;;;
1;01-STOCK NULO;1028207;ZSSD;BULONES SHANTUI;U365;0365;;V1;19;HB;33;0;0;0;0;0;AGV;COMPRAS AGV;0;;175-71-11454 - SHANTUI;REPUESTOS;?;?;0;0;KG;63;0;;;;1;;;;;;
1;01-STOCK NULO;1028213;ZSSD;FILTRO COLADOR COMBUSTIBLE;U365;0365;;V1;1;HB;2;0;0;0;0;0;C03;EQUIPOS;0;KOMATSU HO;07056-18416 - SHANTUI;REPUESTOS;FILTRO;?;0;0;KG;2,541;0;;;;1;;;;;;
1;01-STOCK NULO;1029692;ZSTO;FILTRO DE ACEITE DE LA TRANSMISION;U365;0365;;V1;1;HB;2;0;0;0;0;0;AGV;COMPRAS AGV;0;;6194313M1;REPUESTOS;FILTRO;?;0;0;KG;2541;0;;;;1;;;;;;
1;01-STOCK NULO;1030030;ZSSD;FILTRO AIRE TANQUE HIDRAULICO;U365;0365;;V1;2;HB;3;0;0;0;0;0;AGV;COMPRAS AGV;0;TADEMAQ EQ;800101519;REPUESTOS;FILTRO;?;0;0;KG;0;0;;;;1;;;;;;
1;01-STOCK NULO;1033329;ZSSD;CUCHILLAS 15 AGUJEROS;U365;0365;;V1;2;HB;3;0;0;0;0;0;AGV;COMPRAS AGV;0;SANY INTER;13392891;;;;0;0;KG;0;0;;;;1;;;;;;
1;01-STOCK NULO;1033341;ZSTO;CUBIERTA 16.00 R25;U365;0365;;V1;8;HB;14;0;0;0;0;0;C03;EQUIPOS;0;;16.00 R25;;;;0;0;KG;0;0;;;;1;;;;;;
1;01-STOCK NULO;1034629;ZSTO;JUNTA TAPA PRINCIPAL;U365;0365;;V1;1;HB;2;0;0;0;0;0;C03;EQUIPOS;0;DBT S.A. //;3036097 // 119717-11331;REPUESTOS;HIMOINSA LTA 8 V LED;8-VARIOS;0;0;KG;0;0;;;;1;;;;;;
1;01-STOCK NULO;1042779;ZSTO;CORREA ALTERNADOR;U365;0365;;V1;2;HB;3;0;0;0;0;0;AGV;COMPRAS AGV;0;SERVICAM R;8PK1546;CORREAS;?;?;0;0;KG;0;0;;;;1;;;;;;
1;01-STOCK NULO;1042786;ZSTO;FILTRO HIDRAULICO DE ALTA PRESION;U365;0365;;V1;2;HB;3;0;0;0;0;0;AGV;COMPRAS AGV;0;HIFI FILTE;60247816 / HIFI SH85069;REPUESTOS;FILTRO;?;0;0;KG;0;0;;;;1;;;;;;
1;01-STOCK NULO;1046190;ZSTO;SELLO ANULAR;U365;0365;;V1;1;HB;2;0;0;0;0;0;C03;EQUIPOS;0;;130-0229;;;;0;0;KG;0;0;;;;1;;;;;;
1;01-STOCK NULO;1046969;ZSTO;SELLO ANULAR;U365;0365;;V1;2;HB;3;0;0;0;0;0;C03;EQUIPOS;0;;4P-5524;;;;0;0;KG;0;0;;;;1;;;;;;
1;01-STOCK NULO;1046970;ZSTO;SELLO ANULAR;U365;0365;;V1;1;HB;2;0;0;0;0;0;C03;EQUIPOS;0;;7D-7111;;;;0;0;KG;0;0;;;;1;;;;;;
1;01-STOCK NULO;1048380;ZSTO;FILTRO DE AIRE;U365;0365;;V1;1;HB;2;0;0;0;0;0;C29;FILTROS/RESPUESTOS;0;;05727224;REPUESTOS;FILTROS;?;0;0;KG;2530;0;;;;1;;;;;;
1;01-STOCK NULO;1048576;ZSTO;CORREA LISA;U365;0365;;V1;11;HB;19;0;0;0;0;0;C03;EQUIPOS;0;;B-56;CORREAS;?;?;0;0;KG;0;0;;;;1;;;;;;
1;01-STOCK NULO;1049602;ZSTO;FILTRO ACEITE MOTOR;U365;0365;;V1;2;HB;2;0;0;0;0;0;AGV;COMPRAS AGV;0;;YUCHAI 111000-1012240A O K11-1012240-02;REPUESTOS;FILTRO;?;0;0;KG;0;0;;;;1;;;;;;
1;01-STOCK NULO;1049604;ZSTO;FILTRO ACEITE MOTOR;U365;0365;;V1;2;HB;2;0;0;0;0;0;AGV;COMPRAS AGV;0;;YUCHAI 160101060005A003;REPUESTOS;FILTRO;?;0;0;KG;0;0;;;;1;;;;;;
1;01-STOCK NULO;1049605;ZSTO;FILTRO COMBUSTIBLE;U365;0365;;V1;2;HB;2;0;0;0;0;0;AGV;COMPRAS AGV;0;;YUCHAI 111000-1105140;REPUESTOS;FILTRO;?;0;0;KG;0;0;;;;1;;;;;;
1;01-STOCK NULO;1049607;ZSTO;FILTRO TRAMPA DE AGUA;U365;0365;;V1;2;HB;2;0;0;0;0;0;AGV;COMPRAS AGV;0;;YUCHAI 130200-1105350;REPUESTOS;FILTRO;?;0;0;KG;0;0;;;;1;;;;;;
1;01-STOCK NULO;1055555;ZSSD;FENOLICO COMUN 18MM 2.44X1.22 MTS;U365;0365;;V1;46;HB;80;0;0;0;0;0;C22;INSUMOS C;0;;;MADERA;?;?;0;0;KG;0;0;;;;1;;;;;;
1;01-STOCK NULO;1055824;ZSCD;PANTALON JEAN C/LOGO T.58;U365;0365;;V1;9;HB;16;0;0;0;0;0;C28;SEGURIDAD/ROPA/EPP;0;;;;;;0;0;KG;3240;0;;;;1;;;;;;
1;01-STOCK NULO;1055825;ZSCD;PANTALON JEAN C/LOGO T.56;U365;0365;;V1;9;HB;16;0;0;0;0;0;C28;SEGURIDAD/ROPA/EPP;0;;;;;;0;0;KG;3240;0;;;;1;;;;;;
1;01-STOCK NULO;1055826;ZSCD;PANTALON JEAN C/LOGO T.54;U365;0365;;V1;12;HB;20;0;0;0;0;0;C28;SEGURIDAD/ROPA/EPP;0;;;;;;0;0;KG;3240;0;;;;1;;;;;;
1;01-STOCK NULO;1055827;ZSCD;PANTALON JEAN C/LOGO T.52;U365;0365;;V1;17;HB;30;0;0;0;0;0;C28;SEGURIDAD/ROPA/EPP;0;;;;;;0;0;KG;3240;0;;;;1;;;;;;
1;01-STOCK NULO;1055828;ZSCD;PANTALON JEAN C/LOGO T.50;U365;0365;;V1;17;HB;30;0;0;0;0;0;C28;SEGURIDAD/ROPA/EPP;0;;;;;;0;0;KG;3240;0;;;;1;;;;;;
1;01-STOCK NULO;1055829;ZSCD;PANTALON JEAN C/LOGO T.48;U365;0365;;V1;24;HB;41;0;0;0;0;0;C28;SEGURIDAD/ROPA/EPP;0;;;;;;0;0;KG;3240;0;;;;1;;;;;;
1;01-STOCK NULO;1055830;ZSCD;PANTALON JEAN C/LOGO T.46;U365;0365;;V1;24;HB;41;0;0;0;0;0;C28;SEGURIDAD/ROPA/EPP;0;;;;;;0;0;KG;3240;0;;;;1;;;;;;
1;01-STOCK NULO;1055831;ZSCD;PANTALON JEAN C/LOGO T.44;U365;0365;;V1;24;HB;41;0;0;0;0;0;C28;SEGURIDAD/ROPA/EPP;0;;;;;;0;0;KG;3240;0;;;;1;;;;;;
1;01-STOCK NULO;1055832;ZSCD;PANTALON JEAN C/LOGO T.42;U365;0365;;V1;21;HB;36;0;0;0;0;0;C28;SEGURIDAD/ROPA/EPP;0;;;;;;0;0;KG;3240;0;;;;1;;;;;;
1;01-STOCK NULO;1055833;ZSCD;PANTALON JEAN C/LOGO T.40;U365;0365;;V1;21;HB;36;0;0;0;0;0;C28;SEGURIDAD/ROPA/EPP;0;;;;;;0;0;KG;3240;0;;;;1;;;;;;
1;01-STOCK NULO;1055834;ZSCD;PANTALON JEAN C/LOGO T.38;U365;0365;;V1;15;HB;25;0;0;0;0;0;C28;SEGURIDAD/ROPA/EPP;0;;;;;;0;0;KG;3240;0;;;;1;;;;;;
1;01-STOCK NULO;1055845;ZSCD;ANTEOJOS CLEAR UV380;U365;0365;;V1;89;HB;157;0;0;0;0;0;C28;SEGURIDAD/ROPA/EPP;0;;MARCA:UNIVET/MOD:PRIMO GUARD-CLEAR UV380;;;;0;0;KG;0;0;;;;1;;;;;;
1;01-STOCK NULO;1055846;ZSCD;ANTEOJOS SOLAR UV400;U365;0365;;V1;223;HB;392;0;0;0;0;0;C28;SEGURIDAD/ROPA/EPP;0;;MARCA:UNIVET/MOD:PRIMO GUARD-SOLAR UV400;;;;0;0;KG;0;0;;;;1;;;;;;
1;01-STOCK NULO;1055847;ZSCD;CAMPERA 2 PIEL C/LOGO T. XXXL;U365;0365;;V1;9;HB;16;0;0;0;0;0;C28;SEGURIDAD/ROPA/EPP;0;;;;;;0;0;KG;0;0;;;;1;;;;;;
1;01-STOCK NULO;1055848;ZSCD;CAMPERA 2 PIEL C/LOGO T. XXL;U365;0365;;V1;15;HB;25;0;0;0;0;0;C28;SEGURIDAD/ROPA/EPP;0;;;;;;0;0;KG;0;0;;;;1;;;;;;
1;01-STOCK NULO;1055849;ZSCD;CAMPERA 2 PIEL C/LOGO T. XL;U365;0365;;V1;17;HB;30;0;0;0;0;0;C28;SEGURIDAD/ROPA/EPP;0;;;;;;0;0;KG;0;0;;;;1;;;;;;
1;01-STOCK NULO;1055850;ZSCD;CAMPERA 2 PIEL C/LOGO T. S;U365;0365;;V1;9;HB;16;0;0;0;0;0;C28;SEGURIDAD/ROPA/EPP;0;;;;;;0;0;KG;0;0;;;;1;;;;;;
1;01-STOCK NULO;1055851;ZSCD;CAMPERA 2 PIEL C/LOGO T. M;U365;0365;;V1;15;HB;25;0;0;0;0;0;C28;SEGURIDAD/ROPA/EPP;0;;;;;;0;0;KG;0;0;;;;1;;;;;;
1;01-STOCK NULO;1055852;ZSCD;CAMPERA 2 PIEL C/LOGO T. L;U365;0365;;V1;15;HB;25;0;0;0;0;0;C28;SEGURIDAD/ROPA/EPP;0;;;;;;0;0;KG;0;0;;;;1;;;;;;
1;01-STOCK NULO;1055929;ZSTO;CUBIERTA 14.00 R25 TRACCION;U365;0365;;V1;4;HB;6;0;0;0;0;0;C03;EQUIPOS;0;;MAXAM TRACCION 14.00 R25;;;;0;0;KG;0;0;;;;1;;;;;;
1;01-STOCK NULO;1055931;ZSTO;PROTECTOR P/CAMARA 14.00 R25;U365;0365;;V1;4;HB;6;0;0;0;0;0;C03;EQUIPOS;0;;PROTECTOR 14.00 R25;;;;0;0;KG;0;0;;;;1;;;;;;
1;01-STOCK NULO;1055932;ZSTO;CAMARA 14.00 R25;U365;0365;;V1;4;HB;6;0;0;0;0;0;C03;EQUIPOS;0;;14.00 R25;;;;0;0;KG;0;0;;;;1;;;;;;
1;01-STOCK NULO;1025392;ZSTO;ARANDELA ZAPATA;MR01;0368;A1A1C103;V1;2;HB;3;0;0;0;0;0;C03;EQUIPOS;0;;5P-6652;DESGASTE;?;?;0,05;0;KG;3,5;0;;;;1;;;;1;;
1;01-STOCK NULO;1025734;ZSTO;BULON ZAPATA;MR01;0368;A1A1C103;V1;2;HB;3;0;0;0;0;0;C03;EQUIPOS;0;;3B-6753;DESGASTE;?;?;0,4;0;KG;62,5;0;;;;1;;;;1;;
1;01-STOCK NULO;1001701;ZSTO;GUANTE NITRILO AZUL PUÑO ELASTIZADO;U003;0372;CBD2CJ;V1;3;HB;5;0;0;0;0;0;C28;SEGURIDAD/ROPA/EPP;0;;;SEGURIDAD;GUANTE;8-VARIOS;0,113;0;KG;156,25;0;;;;1;;;;1;;
1;01-STOCK NULO;1001772;ZSTO;BANDERIN ROJO Y BLANCO 500MM X 700MM XUN;U003;0372;CBA5CJ;V1;2;HB;4;0;0;0;0;0;C28;SEGURIDAD/ROPA/EPP;0;;;SEGURIDAD;SEÑALIZACION;8-VARIOS;0,03;0;KG;93,6;0;;;;1;;;;1;;
1;01-STOCK NULO;1001787;ZSTO;ACEITE ISO 68 HIDRAULICO X 205L;U003;0372;;RE;1;HB;1;0;0;0;0;0;L01;ACEITES;0;YPF S.A. // YPF S.A.;BP68 // 135592;LUBRICANTES;ACEITES;2-TACHO;193;0;KG;233705,49;0;;;;1;;;;1;;
1;01-STOCK NULO;1001808;ZSTO;UREA AZUL 32 X 10 LTS;U003;0372;;V1;3;HB;7;0;0;0;0;0;L02;FLUIDOS;0;YPF S.A. // YPF S.A.;516347 // 516347;LUBRICANTES;VOLVO FM460;6-PESADO Y FRAGIL;11,5;0;KG;13689;0;;;;1;;;;1;;
1;01-STOCK NULO;1001828;ZSTO;CUBIERTA 12.00 R20 TG85 (TRACCION);U003;0372;;V1;2;HB;4;0;0;0;0;0;C48;CUBIERTAS CAMIONES;0;PIRELLI NE // GOOD YEAR // GOOD YEAR // GOOD YEAR // GOOD YEAR // MICHELIN A;TG85 // G-677 MSD // G677 // G677MSD. // G677OTR // XDY;CUBIERTAS;CUBIERTAS;5-CUBIERTAS;80;0;KG;275717,12;0;;;;1;;;;1;;
1;01-STOCK NULO;1001952;ZSTO;TRAPO LIMPIO (BOLSAX10KG) XUN;U003;0372;;V1;6;HB;10;0;0;0;0;0;C27;FERRETERIA MR01;0;;MÚLT. 10 KG;FERRETERIA;ACCESORIOS;7-PESADO;10;0;KG;71456;0;;;;1;;;;1;;
1;01-STOCK NULO;1002071;ZSTO;CAMPERA DESCARNE T.XXXL;U003;0372;CBD1CJ;RE;1;HB;1;0;0;0;0;0;C28;SEGURIDAD/ROPA/EPP;0;;;SEGURIDAD;INDUMENTARIA;8-VARIOS;0;0;KG;0;0;;;;1;;;;1;;
1;01-STOCK NULO;1002923;ZSTO;FILTRO COMBUSTIBLE;U003;0372;;V1;2;HB;2;0;0;0;0;0;F06;FILTRO COMBUSTIBLE;0;BOMAG GMBH // DONALDSON;5716779 // P554620;FILTROS;BW24RH;8-VARIOS;0,66;0;KG;1500;0;;;;1;;;;1;;
1;01-STOCK NULO;1003175;ZSTO;FILTRO DE COMBUSTIBLE;U003;0372;;V1;3;HB;5;0;0;0;0;0;F06;FILTRO COMBUSTIBLE;0;CATERPILLA;3608960;FILTROS;CAT 950;8-VARIOS;0,24;0;KG;1377;0;;;;1;;;;1;;
1;01-STOCK NULO;1003954;ZSTO;BATERIA 12V 180AMP;U003;0372;;V1;1;HB;3;0;0;0;0;0;C29;FILTROS/RESPUESTOS;0;;25 PLACAS POR ELEMENTO;REPUESTOS;MAQUINARIA PESADA;7-PESADO;43;0;KG;23126,475;0;;;;1;;;;1;;
1;01-STOCK NULO;1004046;ZSTO;BATERIA 12V 200 AMP;U003;0372;;V1;1;HB;3;0;0;0;0;0;C29;FILTROS/RESPUESTOS;0;LEVAS BOSC // LEVAS BOSC // LEVAS BOSC // VOLVO CONS;4180E12VOL180AH1390 // BAT BOSCH S4200E // S5X 220E BOSCH // 22813727;REPUESTOS;VOLVO FMX HID VOLCADORA;7-PESADO;58,5;0;KG;26574;0;;;;1;;;;1;;
1;01-STOCK NULO;1016938;ZSSD;SILICONA LIQUIDA BRILLO SILICONADO X5LT;U003;0372;;V1;2;HB;3;0;0;0;0;0;C17;INSUMOS A;0;;;LIMPIEZA;LIMPIEZA /SEGURIDAD;?;0;0;KG;0;0;;;;1;;;;1;;
1;01-STOCK NULO;1016942;ZSSD;BIBLIORATO PVC A4 LOMO ANCHO;U003;0372;;V1;2;HB;7;0;0;0;0;0;C17;INSUMOS A;0;;;LIBRERIA;LIBRERIA;?;0;0;KG;0;0;;;;1;;;;1;;
1;01-STOCK NULO;1016955;ZSSD;SOGA NAUTICA 10MM;U003;0372;;V1;77;HB;150;0;0;0;0;0;C27;FERRETERIA MR01;0;;MÚLT. 100 MTS;FERRETERIA;ACCESORIOS;?;0;0;KG;0;0;;;;1;;;;1;;
1;01-STOCK NULO;1034629;ZSTO;JUNTA TAPA PRINCIPAL;U003;0372;;V1;3;HB;4;0;0;0;0;0;C29;FILTROS/RESPUESTOS;0;DBT S.A. //;3036097 // 119717-11331;REPUESTOS;HIMOINSA LTA 8 V LED;8-VARIOS;0;0;KG;0;0;;;;1;;;;1;;
1;01-STOCK NULO;1042018;ZSCD;CAMPERA ABRIGO ROJA T.L;U003;0372;CBC1CJ;V1;8;HB;12;0;0;0;0;0;C28;SEGURIDAD/ROPA/EPP;0;;;ROPA;INDUMENTARIA;?;0,926;0;KG;12000;0;;;;1;;;;1;;
1;01-STOCK NULO;1046208;ZSCD;CABEZAL SOPLETE P/CARTU GAS BUTANO 227GR;U003;0372;;V1;4;HB;6;0;0;0;0;0;C27;FERRETERIA MR01;0;;;FERRETERIA;INSUMOS;?;0;0;KG;0;0;;;;1;;;;1;;
1;01-STOCK NULO;1048123;ZSTO;FILTRO BOMBA VACIO LEISTER;U003;0372;;RE;1;HB;3;0;0;0;0;0;CGT;GC Geotextiles;0;;MODELO: KIT 158665;REPUESTOS;?;?;0;0;KG;0;0;;;;1;;;;1;;
1;01-STOCK NULO;1048243;ZSTO;CADENA DE RODILLO - LEISTER;U003;0372;;RE;2;HB;4;0;0;0;0;0;CGT;GC Geotextiles;0;;146.517;REPUESTOS;?;?;0;0;KG;0;0;;;;1;;;;1;;
1;01-STOCK NULO;1048247;ZSTO;EJE MOTRIZ - LEISTER;U003;0372;;RE;2;HB;4;0;0;0;0;0;CGT;GC Geotextiles;0;;146.321;REPUESTOS;?;?;0;0;KG;0;0;;;;1;;;;1;;
1;01-STOCK NULO;1001701;ZSTO;GUANTE NITRILO AZUL PUÑO ELASTIZADO;MR01;0374;MB03;V1;5;HB;10;0;0;0;0;0;C28;SEGURIDAD/ROPA/EPP;0;;;SEGURIDAD;GUANTE;8-VARIOS;0,113;0;KG;156,25;21;;;;1;;;;1;;
1;01-STOCK NULO;1001702;ZSTO;GUANTE SOLDADOR COSTURA KEVLAR;MR01;0374;MB03;V1;4;HB;8;0;0;0;0;0;C28;SEGURIDAD/ROPA/EPP;0;;;SEGURIDAD;GUANTE;8-VARIOS;0,265;0;KG;527;21;;;;1;;;;1;;
1;01-STOCK NULO;1001706;ZSTO;GUANTE LATEX USO MEDICINAL CAJA X 100 UN;MR01;0374;MA03;V1;1;HB;2;0;0;0;0;0;C28;SEGURIDAD/ROPA/EPP;0;;;SEGURIDAD;GUANTE;8-VARIOS;0,625;0;KG;1320;21;;;;1;;;;1;;
1;01-STOCK NULO;1001728;ZSTO;ADAPTADOR PROTECTOR FACIAL AUDITIVO;MR01;0374;MI02;V1;25;HB;50;0;0;0;0;0;C28;SEGURIDAD/ROPA/EPP;0;LIBUS // 3M // MSA // STEELPRO;902493 // ADAPTADOR VISOR PELTOR // ADAPTADOR VISOR PELTOR // UNIVERSAL STEELPRO;SEGURIDAD;ACCESORIO SEGURIDAD;9-FRAGIL;0;0;KG;2800;21;;;;1;;;;1;;
1;01-STOCK NULO;1001738;ZSTO;GRILLETE 7/8   8,5TONELADASC CERTIFICADO;MR01;0374;DC03CAJON;V1;2;HB;10;0;0;0;0;0;C27;FERRETERIA MR01;0;;;SEGURIDAD;LOGISTICA;7-PESADO;2,21;0;KG;1344;21;;;;1;;;;1;;
1;01-STOCK NULO;1001773;ZSTO;CHALECOMICROPERFAMARILLOCONREFLECTIVO;MR01;0374;;V1;25;HB;50;0;0;0;0;0;C28;SEGURIDAD/ROPA/EPP;0;;;SEGURIDAD;INDUMENTARIA;8-VARIOS;0,06;0;KG;230;21;;;;1;;;;1;;
1;01-STOCK NULO;1001774;ZSTO;ESLINGA SINTETICA 4MTS 4TN CERTIFICADA;MR01;0374;DB03CAJON;V1;2;HB;6;0;0;0;0;0;C27;FERRETERIA MR01;0;;;SEGURIDAD;LOGISTICA;7-PESADO;3,225;0;KG;4784;21;;;;1;;;;1;;
1;01-STOCK NULO;1001830;ZSTO;CUBIERTA 295 80 R22.5;MR01;0374;HD03;V1;2;HB;4;0;0;0;0;0;C48;CUBIERTAS CAMIONES;0;GOOD YEAR // PIRELLI NE // // GOOD YEAR // FIRESTONE;G686 MSS PLUS GOODYEAR // ARMOR MAX MSS 152K // FG01 // G386 MSS // G686 MSS PLUS // T822;CUBIERTAS;STRALIS // VW 31-320;5-CUBIERTAS;64;0;KG;254714,8;15;;;;1;;;;1;;
1;01-STOCK NULO;1001983;ZSTO;VIDRIOP CARETASOLDADOR50X105MMTINTE11;MR01;0374;MI05;V1;5;HB;10;0;0;0;0;0;C27;FERRETERIA MR01;0;;;SOLDADURA;ACCESORIOS;9-FRAGIL;0,035;0;KG;10,5;15;;;;1;;;;1;;
1;01-STOCK NULO;1001984;ZSTO;CARETA PARA SOLDADOR X UN;MR01;0374;MB04;V1;2;HB;4;0;0;0;0;0;C27;FERRETERIA MR01;0;;;SOLDADURA;ACCESORIOS;9-FRAGIL;0,545;0;KG;15640;15;;;;1;;;;1;;
1;01-STOCK NULO;1002044;ZSTO;CAMISETA PRIMERA PIEL T.M;MR01;0374;MF05;V1;10;HB;20;0;0;0;0;0;C28;SEGURIDAD/ROPA/EPP;0;;;SEGURIDAD;INDUMENTARIA;8-VARIOS;0,173;0;KG;1000;20;;;;1;;;;1;;
1;01-STOCK NULO;1002070;ZSTO;CAMPERA DESCARNE T.XXL;MR01;0374;MB04;V1;2;HB;4;0;0;0;0;0;C28;SEGURIDAD/ROPA/EPP;0;;;SEGURIDAD;INDUMENTARIA;8-VARIOS;1,735;0;KG;5624;15;;;;1;;;;1;;
1;01-STOCK NULO;1015806;ZSSD;JABÓN LIQUIDO X 5 LTS;MR01;0374;;CL;4;HB;10;0;0;0;0;0;C17;INSUMOS A;0;;;;;;0;0;KG;0;15;;;;1;;;;1;;
1;01-STOCK NULO;1016431;ZSTO;Tapa Tanque de Combustible;MR01;0374;;V1;1;HB;3;0;0;0;0;0;C29;FILTROS/RESPUESTOS;0;VOLVO MAQU;22839769;REPUESTOS;VOLVO FM460;8-VARIOS;0,173;0;KG;2016;15;;;;1;;;;1;;
1;01-STOCK NULO;1016432;ZSTO;Tapa Tanque de Urea;MR01;0374;;V1;1;HB;3;0;0;0;0;0;C29;FILTROS/RESPUESTOS;0;VOLVO MAQU;21584844;REPUESTOS;VOLVO FM460;8-VARIOS;0,221;0;KG;486;15;;;;1;;;;1;;
1;01-STOCK NULO;1016929;ZSSD;FRATACHO MADERA 30CM XUN;MR01;0374;FB03PALLET;V1;10;HB;20;0;0;0;0;0;C27;FERRETERIA MR01;0;;;FERRETERIA;INSUMOS;?;0;0;KG;0;0;;;;1;;;;1;;
1;01-STOCK NULO;1017021;ZSSD;CUADERNO ESPIRAL CUAD A4 T.DURA 80 HJ;MR01;0374;MA03;CL;5;HB;10;0;0;0;0;0;C17;INSUMOS A;0;;;LIBRERIA;LIBRERIA;?;0;0;KG;0;0;;;;1;;;;1;;
1;01-STOCK NULO;1017022;ZSSD;CUADERNO ESPIRAL CUAD A4 T.SEMIDURA 80HJ;MR01;0374;ARMARIO;CL;5;HB;10;0;0;0;0;0;C17;INSUMOS A;0;;;LIBRERIA;PAPEL;?;0;0;KG;0;0;;;;1;;;;1;;
1;01-STOCK NULO;1017034;ZSSD;TIJERA 17 CM C MANGO PLASTICO;MR01;0374;ARMARIO;CL;2;HB;4;0;0;0;0;0;C17;INSUMOS A;0;;;LIBRERIA;ACCESORIOS;?;0;0;KG;0;0;;;;1;;;;1;;
1;01-STOCK NULO;1017085;ZSSD;NIVEL DE BURBUJA DE 100CM;MR01;0374;FB02PALLET;V1;4;HB;7;0;0;0;0;0;C27;FERRETERIA MR01;0;;;FERRETERIA;HERRAMIENTAS;?;0;0;KG;0;0;;;;1;;;;1;;
1;01-STOCK NULO;1017086;ZSSD;AZADA CON CABO;MR01;0374;EB03PALLET;V1;5;HB;10;0;0;0;0;0;C27;FERRETERIA MR01;0;;;FERRETERIA;HERRAMIENTA MANUAL;?;0;0;KG;0;0;;;;1;;;;1;;
1;01-STOCK NULO;1017150;ZSSD;BARRETA SACACLAVOS 22X1500;MR01;0374;FB02PALLET;V1;2;HB;4;0;0;0;0;0;C27;FERRETERIA MR01;0;;;FERRETERIA;INSUMOS;?;0;0;KG;0;0;;;;1;;;;1;;
1;01-STOCK NULO;1017214;ZSSD;DISCO DIAMANTADO P AMOLADORA 7PG;MR01;0374;;V1;25;HB;50;0;0;0;0;0;C27;FERRETERIA MR01;0;;;FERRETERIA;ABRASIVOS/DISCOS;?;0;0;KG;0;0;;;;1;;;;1;;
1;01-STOCK NULO;1017220;ZSSD;REGLA PLASTICA 30 CM;MR01;0374;ARMARIO;CL;3;HB;6;0;0;0;0;0;C17;INSUMOS A;0;;;LIBRERIA;ACCESORIOS;?;0;0;KG;0;0;;;;1;;;;1;;
1;01-STOCK NULO;1022103;ZSTO;Cuchilla;MR01;0374;;V1;1;HB;2;0;0;0;0;0;G01;CUCHILLAS;0;JOHN DEERE;T223081;DESGASTE;MINICARGADORA JD 324G;4-CUCHILLAS;0;0;KG;0;25;;;;1;;;;1;;
1;01-STOCK NULO;1025949;ZSSD;MECHA ACERO RAPIDO D10 MM;MR01;0374;MJ04;V1;4;HB;8;0;0;0;0;0;C27;FERRETERIA MR01;0;;;FERRETERIA;INSUMOS;?;0;0;KG;0;0;;;;1;;;;1;;
1;01-STOCK NULO;1025950;ZSSD;MECHA ACERO RAPIDO D6 MM;MR01;0374;MJ04;V1;4;HB;8;0;0;0;0;0;C27;FERRETERIA MR01;0;;;FERRETERIA;INSUMOS;?;0;0;KG;0;0;;;;1;;;;1;;
1;01-STOCK NULO;1026936;ZSCD;NIVEL DE BURBUJA 60CM;MR01;0374;FB02PALLET;V1;2;HB;4;0;0;0;0;0;C27;FERRETERIA MR01;0;;;FERRETERIA;INSUMOS;?;0;0;KG;0;15;;;;1;;;;1;;
1;01-STOCK NULO;1047248;ZSCD;"TIJERA CORTAPERNO 24"" (HASTA D10MM)";MR01;0374;DA02PALLET;V1;1;HB;3;0;0;0;0;0;C27;FERRETERIA MR01;0;;;FERRETERIA;HERRAMIENTA MANUAL;?;0;0;KG;0;0;;;;1;;;;1;;
1;01-STOCK NULO;1047250;ZSCD;"TIJERA CORTAPERNO 8"" (HASTA D3MM)";MR01;0374;DA02PALLET;V1;1;HB;3;0;0;0;0;0;C27;FERRETERIA MR01;0;;;FERRETERIA;HERRAMIENTA MANUAL;?;0;0;KG;0;0;;;;1;;;;1;;
1;01-STOCK NULO;1047258;ZSCD;MECHA ACERO RAPIDO D12MM;MR01;0374;MJ04;V1;2;HB;6;0;0;0;0;0;C27;FERRETERIA MR01;0;;;FERRETERIA;ACCESORIOS;?;0;0;KG;0;0;;;;1;;;;1;;
1;01-STOCK NULO;1047453;ZSCD;NIVEL IMANTADO X10CM;MR01;0374;;V1;2;HB;4;0;0;0;0;0;C27;FERRETERIA MR01;0;;;FERRETERIA;HERRAMIENTAS MANUALES;?;0;0;KG;0;15;;;;1;;;;1;;
1;01-STOCK NULO;1047703;ZSCD;CHALECO REFLECT. NARANJA C2 C/LOGO T.3XL;MR01;0374;MI06;V1;8;HB;16;0;0;0;0;0;C28;SEGURIDAD/ROPA/EPP;0;;;INDUMENTARIA;EPP;?;0;0;KG;0;15;;;;1;;;;1;;
1;01-STOCK NULO;1047704;ZSCD;CHALECO REFLECT. NARANJA C2 C/LOGO T.4XL;MR01;0374;MI06;V1;4;HB;8;0;0;0;0;0;C28;SEGURIDAD/ROPA/EPP;0;;;INDUMENTARIA;EPP;?;0;0;KG;0;15;;;;1;;;;1;;
1;01-STOCK NULO;1048030;ZSCD;LIJA AL AGUA GRANO 800;MR01;0374;;V1;25;HB;50;0;0;0;0;0;C27;FERRETERIA MR01;0;;;FERRETERIA;INSUMOS;?;0;0;KG;0;0;;;;1;;;;1;;
1;01-STOCK NULO;1049985;ZSCD;CHALECO GRAFA REFLECTIVO VERDE C2 T.M;MR01;0374;EA01PALLET;V1;5;HB;10;0;0;0;0;0;C28;SEGURIDAD/ROPA/EPP;0;;;SEGURIDAD;INDUMENTARIA;?;0;0;KG;0;15;;;;1;;;;1;;
1;01-STOCK NULO;1049986;ZSCD;CHALECO GRAFA REFLECTIVO VERDE C2 T.L;MR01;0374;EA01PALLET;V1;5;HB;10;0;0;0;0;0;C28;SEGURIDAD/ROPA/EPP;0;;;SEGURIDAD;INDUMENTARIA;?;0;0;KG;0;15;;;;1;;;;1;;
1;01-STOCK NULO;1049987;ZSCD;CHALECO GRAFA REFLECTIVO VERDE C2 T.XL;MR01;0374;EA01PALLET;V1;10;HB;20;0;0;0;0;0;C28;SEGURIDAD/ROPA/EPP;0;;;SEGURIDAD;INDUMENTARIA;?;0;0;KG;0;15;;;;1;;;;1;;
1;01-STOCK NULO;1049988;ZSCD;CHALECO GRAFA REFLECTIVO VERDE C2 T.XXL;MR01;0374;EA01PALLET;V1;5;HB;8;0;0;0;0;0;C28;SEGURIDAD/ROPA/EPP;0;;;SEGURIDAD;INDUMENTARIA;?;0;0;KG;0;15;;;;1;;;;1;;
1;01-STOCK NULO;1054313;ZSSD;"SIKAROD 5/8""  X430M";MR01;0374;;V1;1;HB;2;0;0;0;0;0;C18;HORMIGÓN;0;;;HORMIGON;ADITIVO;?;0;0;KG;0;15;;;;1;;;;1;;
1;01-STOCK NULO;1054314;ZSSD;"SIKAROD 3/8""  X1000M";MR01;0374;;V1;1;HB;2;0;0;0;0;0;C18;HORMIGÓN;0;;;HORMIGON;ADITIVO;?;0;0;KG;0;15;;;;1;;;;1;;
1;01-STOCK NULO;1054315;ZSSD;SIKALATEX X20LT;MR01;0374;;V1;40;HB;80;0;0;0;0;0;C18;HORMIGÓN;0;;;HORMIGON;ADITIVO;?;0;0;KG;0;15;;;;1;;;;1;;
1;01-STOCK NULO;1054318;ZSSD;SIKAFLEX 1A PURFORM X300ML;MR01;0374;;V1;20;HB;40;0;0;0;0;0;C18;HORMIGÓN;0;;;HORMIGON;ADITIVO;?;0;0;KG;0;15;;;;1;;;;1;;
1;01-STOCK NULO;1054319;ZSSD;SIKAFLEX 1A PURFORM X600ML;MR01;0374;;V1;40;HB;80;0;0;0;0;0;C18;HORMIGÓN;0;;;HORMIGON;ADITIVO;?;0;0;KG;0;15;;;;1;;;;1;;
1;01-STOCK NULO;1054322;ZSSD;SIKADUR 52 INYECCIÓN X1KG;MR01;0374;;V1;10;HB;20;0;0;0;0;0;C18;HORMIGÓN;0;;;HORMIGON;ADITIVO;?;0;0;KG;0;0;;;;1;;;;1;;
1;01-STOCK NULO;1054324;ZSSD;SIKADUR 32 GEL X1KG;MR01;0374;;V1;10;HB;20;0;0;0;0;0;C18;HORMIGÓN;0;;;HORMIGON;ADITIVO;?;0;0;KG;0;15;;;;1;;;;1;;
1;01-STOCK NULO;1054325;ZSSD;SIKASWELL S-2 X600ML;MR01;0374;;V1;140;HB;280;0;0;0;0;0;C18;HORMIGÓN;0;;;HORMIGON;ADITIVO;?;0;0;KG;0;15;;;;1;;;;1;;
1;01-STOCK NULO;1054326;ZSSD;SIKASWELL A 2010 X10M;MR01;0374;;V1;20;HB;40;0;0;0;0;0;C18;HORMIGÓN;0;;;HORMIGON;ADITIVO;?;0;0;KG;0;15;;;;1;;;;1;;
1;01-STOCK NULO;1054327;ZSSD;SIKA SEPAROL PRECAST X200LTS;MR01;0374;;V1;1;HB;1;0;0;0;0;0;C18;HORMIGÓN;0;;;HORMIGON;ADITIVO;?;0;0;KG;0;15;;;;1;;;;1;;
1;01-STOCK NULO;1054335;ZSCD;PISTOLA APLICADORA SIKA X600ML;MR01;0374;;V1;4;HB;8;0;0;0;0;0;C18;HORMIGÓN;0;;;FERRETERIA;?;?;0;0;KG;0;15;;;;1;;;;1;;
1;01-STOCK NULO;1054336;ZSCD;PISTOLA APLICADORA SIKA X300ML;MR01;0374;;V1;4;HB;8;0;0;0;0;0;C18;HORMIGÓN;0;;;FERRETERIA;?;?;0;0;KG;0;15;;;;1;;;;1;;
1;01-STOCK NULO;1055217;ZSCD;NIVEL DE MANO IMANTADO X20CM;MR01;0374;;V1;5;HB;15;0;0;0;0;0;C27;FERRETERIA MR01;0;;;FERRETERIA;?;?;0;0;KG;0;15;;;;1;;;;1;;
1;01-STOCK NULO;1055218;ZSCD;NIVEL DE MANO IMANTADO X60CM;MR01;0374;;V1;5;HB;15;0;0;0;0;0;C27;FERRETERIA MR01;0;;;FERRETERIA;?;?;0;0;KG;0;15;;;;1;;;;1;;
1;01-STOCK NULO;1055220;ZSCD;NIVEL DE MANO IMANTADO X100CM;MR01;0374;;V1;5;HB;15;0;0;0;0;0;C27;FERRETERIA MR01;0;;;FERRETERIA;?;?;0;0;KG;0;15;;;;1;;;;1;;
1;01-STOCK NULO;1055985;ZSCD;FILTRO 3M;MR01;0374;;V1;10;HB;20;0;0;0;0;0;C28;SEGURIDAD/ROPA/EPP;0;3M;MODELO 60926;;;;0;0;KG;0;15;;;;1;;;;1;;
1;01-STOCK NULO;1001738;ZSTO;GRILLETE 7/8   8,5TONELADASC CERTIFICADO;MR01;0377;;V1;1;HB;2;0;0;0;0;0;C27;FERRETERIA MR01;0;;;SEGURIDAD;LOGISTICA;7-PESADO;2,21;0;KG;1344;21;;;;1;;;;1;;
1;01-STOCK NULO;1001771;ZSTO;GRILLETECORAZON6,5TONELADASC CERTIFICADO;MR01;0377;E1D1;V1;1;HB;2;0;0;0;0;0;C27;FERRETERIA MR01;0;;;SEGURIDAD;SERVICIOS GENERALES;7-PESADO;1,669;0;KG;906,25;21;;;;1;;;;1;;
1;01-STOCK NULO;1001952;ZSTO;TRAPO LIMPIO (BOLSAX10KG) XUN;MR01;0377;;V1;5;HB;10;0;0;0;0;0;C27;FERRETERIA MR01;0;;MÚLT. 10 KG;FERRETERIA;ACCESORIOS;7-PESADO;10;0;KG;71456;30;;;;1;;;;1;;
1;01-STOCK NULO;1002211;ZSTO;CORREA VENTILADOR;MR01;0377;;V1;1;HB;2;0;0;0;0;0;C03;EQUIPOS;0;;10PK1448-20712530 // 10PK1448-24635977;CORREAS;PLATAFORMA DE MANTENIMIENTO VE;8-VARIOS;0,282;0;KG;1350;15;;;;1;;;;1;;
1;01-STOCK NULO;1003224;ZSTO;7ILTRO DE UREA A BOMBA;MR01;0377;C2 C2;V1;1;HB;2;0;0;0;0;0;F09;FILTRO DE UREA;0;CNH // CNH;500055972 // 2997594;FILTROS;IVECO TRAKKER 410 T 44 EUROTRO;9-FRAGIL;0,18;0;KG;1100;15;;;;1;;;;1;;
1;01-STOCK NULO;1003225;ZSTO;FILTRO ACEITE MOTOR CARTUCHO;MR01;0377;;V1;1;HB;2;0;0;0;0;0;F03;FILTRO ACEITE;0;CNH // //;500086331 // 500091645 // 500058320;FILTROS;IVECO TRAKKER 410 T 44 EUROTRO;9-FRAGIL;0,53;0;KG;6084;15;;;;1;;;;1;;
1;01-STOCK NULO;1004023;ZSTO;LAMPARA 12V-21 5 X UN;MR01;0377;;V1;10;HB;15;0;0;0;0;0;C29;FILTROS/RESPUESTOS;0;;PATAPAREJABA15D;REPUESTOS;ELECTRICIDAD AUTOMOTOR;9-FRAGIL;0,05;0;KG;22,089;15;;;;1;;;;1;;
1;01-STOCK NULO;1004028;ZSTO;LAMPARA 12V-16W S CULOTE X UN;MR01;0377;;V1;10;HB;15;0;0;0;0;0;C29;FILTROS/RESPUESTOS;0;;W16W;REPUESTOS;ELECTRICIDAD AUTOMOTOR;9-FRAGIL;0,001;0;KG;6,185;15;;;;1;;;;1;;
1;01-STOCK NULO;1013685;ZSSD;CAMPERA ABRIGO IGNIFUGA  C/LOGO  T. M;MR01;0377;;V1;5;HB;10;0;0;0;0;0;C28;SEGURIDAD/ROPA/EPP;0;No aplica;CON REFLECTIVO T. M-;ROPA;INDUMENTARIA;?;0;0;KG;0;15;;;;1;;;;1;;
1;01-STOCK NULO;1016915;ZSSD;PINCEL CERDA NB 20;MR01;0377;;V1;5;HB;10;0;0;0;0;0;C22;INSUMOS C;0;;;FERRETERIA;INSUMOS;?;0;0;KG;0;0;;;;1;;;;1;;
1;01-STOCK NULO;1016920;ZSSD;SOGA NAUTICA 12MM;MR01;0377;;V1;200;HB;400;0;0;0;0;0;C27;FERRETERIA MR01;0;;MÚLT. 100 MTS;FERRETERIA;FERRETERIA;8-VARIOS;0;0;KG;0;0;;;;1;;;;1;;
1;01-STOCK NULO;1017008;ZSSD;ADHESIVO SINTETICO 50GR;MR01;0377;;V1;10;HB;20;0;0;0;0;0;C17;INSUMOS A;0;;VOLIGOMA;FERRETERIA;ADHESIVOS;?;0;0;KG;0;0;;;;1;;;;1;;
1;01-STOCK NULO;1022053;ZSTO;CORREA ALTERNADOR;MR01;0377;;V1;1;HB;2;0;0;0;0;0;C29;FILTROS/RESPUESTOS;0;KOMATSU HO;20Y-01-B4010;REPUESTOS;KOMATSU PC-220;8-VARIOS;0;0;KG;1089;25;;;;1;;;;1;;
1;01-STOCK NULO;1026272;ZSCD;DELANTAL KEVLAR C TRIPLE PROT ABDOMINAL;MR01;0377;;V1;5;HB;10;0;0;0;0;0;C28;SEGURIDAD/ROPA/EPP;0;;;INDUMENTARIA;INSUMOS;?;0;0;KG;0;0;;;;1;;;;1;;
1;01-STOCK NULO;1029764;ZSTO;CORREA MOTOR 8PK1660;MR01;0377;;V1;1;HB;2;0;0;0;0;0;C03;EQUIPOS;0;KOMATSU HO;8PK1660;CORREAS;CORREAS;?;0,155;0;KG;67,2;0;;;;1;;;;1;;
