Cliente;Material;Tipo material;Texto breve de material;Nombre Fabricante;Numero Pieza de Fabricante;Centro área pl.nec.;Almacén;Caract.planif.nec.;Punto de pedido;Stock alm.máx.;Grupo de compras;Denominación GrpComp;Rubro;SubRubro;Unidad de peso;TIPO DOC;NRO. VA01/VA21;ESTADO ITEM;NRO. OC;FECHA RECEPCION;FECHA PICKING;FECHA CONTABILIZACION VL;FECHA ENTREGA ESPERADA;FECHA DE EMISION NECESIDAD;GRUPO DE COMPRA OC;NRO. SOLPED
00223 Comp Amb Santa Fe;1000007;ZSTO;ELEMENTO FILTRO DE CABINA;JOHN DEERE // JOHN DEERE;AT315957 // AT528017;MR01;223;V1;1;3;F05;FILTRO AIRE CABINA;FILTROS;TOPADOR JD 850;KG;ZPAS;1000087018;DESPACHADO;;;13/5/2026;23/5/2026;12/5/2026;21/4/2026;;
00223 Comp Amb Santa Fe;1001796;ZSTO;ACEITE MOTOR 2T X 1 LT;;;MR01;223;V1;1;2;C27;FERRETERIA MR01;LUBRICANTES;ACEITES;KG;ZPAS;1000088120;DESPACHADO;;;13/5/2026;23/5/2026;1/6/2026;11/5/2026;;
00223 Comp Amb Santa Fe;1002613;ZSTO;FILTRO AIRE;JOHN DEERE;AL150288;MR01;223;V1;2;5;F04;FILTRO AIRE;FILTROS;JD 6615;KG;ZPAS;1000084743;CUMPLIDO PARCIAL;;;18/3/2026;15/4/2026;7/4/2026;13/3/2026;;
00223 Comp Amb Santa Fe;1002621;ZSTO;FILTRO AIRE 1 XUN;JOHN DEERE;AT300487;MR01;223;V1;2;3;F04;FILTRO AIRE;FILTROS;JD. 544K;KG;ZPAS;1000088589;DESPACHADO;;;21/5/2026;23/5/2026;8/6/2026;18/5/2026;;
00223 Comp Amb Santa Fe;1002623;ZSTO;FILTRO AIRE 2 XUN;JOHN DEERE;AT314583;MR01;223;V1;2;3;F04;FILTRO AIRE;FILTROS;JOHN DEERE;KG;ZPAS;1000088589;DESPACHADO;;;21/5/2026;23/5/2026;8/6/2026;18/5/2026;;
00223 Comp Amb Santa Fe;1002932;ZSTO;FILTRO ACEITE;VOLVO CONS // VOLVO CONS;P21707132 // VOE477556;MR01;223;V1;4;8;F03;FILTRO ACEITE;FILTROS;VOLVO L260H;KG;ZPAS;1000088589;DESPACHADO;;;21/5/2026;23/5/2026;8/6/2026;18/5/2026;;
00223 Comp Amb Santa Fe;1003093;ZSTO;FILTRO DE COMBUSTIBLE;VOLVO CONS // VOLVO CONS;P22480372 // VOE15126069;MR01;223;V1;4;8;F06;FILTRO COMBUSTIBLE;FILTROS;VOLVO FM460;KG;ZPAS;1000088589;DESPACHADO;;;21/5/2026;23/5/2026;8/6/2026;18/5/2026;;
00223 Comp Amb Santa Fe;1003095;ZSTO;FILTRO TRAMPA DE AGUA COMBUSTIBLE;PARKER RAC //;21925732 // 23662435;MR01;223;V1;4;8;F13;FILTRO TRAMPA DE A;FILTROS;VOLVO FM460;KG;ZPAS;1000088589;DESPACHADO;;;21/5/2026;23/5/2026;8/6/2026;18/5/2026;;
00223 Comp Amb Santa Fe;1003096;ZSTO;FILTRO DE AIRE TANQUE DE COMBUSTIBLE;VOLVO CONS // DONALDSON;21743197 // P954869;MR01;223;V1;4;8;F06;FILTRO COMBUSTIBLE;FILTROS;VOLVO 330 // VOLVO FM460;KG;ZPAS;1000088589;DESPACHADO;;;21/5/2026;23/5/2026;8/6/2026;18/5/2026;;
00223 Comp Amb Santa Fe;1003097;ZSTO;FILTRO DE AIRE PRIMARIO;VOLVO CONS;21337557;MR01;223;V1;4;8;F04;FILTRO AIRE;FILTROS;VOLVO FM460;KG;ZPAS;1000088589;DESPACHADO;;;21/5/2026;23/5/2026;8/6/2026;18/5/2026;;
00223 Comp Amb Santa Fe;1003373;ZSTO;FILTROAIREACONDCABINAEXTERIORINTERIOR;VOLVO CONS;21758906;MR01;223;V1;2;5;F10;FILTRO HVAC;FILTROS;VOLVO FM460;KG;ZPAS;1000088589;DESPACHADO;;;21/5/2026;23/5/2026;8/6/2026;18/5/2026;;
00314 CASA Olavarría;1001794;ZSTO;ACEITE HIPOIDAL X 205L;YPF S.A. // YPF S.A.;80W90 // 123092;MM01;26;V1;1;2;L01;ACEITES;LUBRICANTES;ACEITES;KG;ZPAS;1000088521;DESPACHADO;;;18/5/2026;21/5/2026;1/6/2026;16/5/2026;;
00314 CASA Olavarría;1001805;ZSTO;GRASA PARA RODAMIENTO X1KG;SKF // SHELL PLC. //;LGWA2MA // GADAUS S2 V220 2 // MOBILGREASE MP;MM01;26;V1;1;3;L03;GRASAS;LUBRICANTES;GRASA;KG;ZPAS;1000088521;DESPACHADO;;;18/5/2026;21/5/2026;1/6/2026;16/5/2026;;
00314 CASA Olavarría;1016259;ZSTO;Filtro Cabina Polen de Entrada;ATLAS COPC;2653252367;MM01;26;V1;1;2;F05;FILTRO AIRE CABINA;FILTROS;PERFORADORA ATLAS T45-12;KG;ZPAS;1000086827;SIN TRATAMIENTO;;;;;4/5/2026;18/4/2026;;
00314 CASA Olavarría;1002361;ZSTO;SEGURO UÑA BALDE  - 65P;VOLVO CONS // VOLVO CONS;VOE14524710 // 65P;MM01;26;V1;34;60;G04;UÑAS;DESGASTE;VOLVO EC 480D;KG;ZPAS;1000088521;DESPACHADO;;;18/5/2026;21/5/2026;1/6/2026;16/5/2026;;
00314 CASA Olavarría;1002483;ZSTO;FILTRO ACEITE;KOMATSU HO // DONALDSON // KOMATSU HO;6002111340 // P559000 // 6002111341;MM01;26;V1;7;14;F03;FILTRO ACEITE;FILTROS;KMS 155AX6, 375D, WA600;KG;ZPAS;1000088798;EMBALADO;;;21/5/2026;;5/6/2026;20/5/2026;;
00314 CASA Olavarría;1016260;ZSTO;Filtro Cabina Polen Exterior;ATLAS COPC;2653252359;MM01;26;V1;1;2;F05;FILTRO AIRE CABINA;FILTROS;PERFORADORA ATLAS T45-12;KG;ZPAS;1000086827;SIN TRATAMIENTO;;;;;4/5/2026;18/4/2026;;
00314 CASA Olavarría;1002491;ZSTO;FILTRO ACEITE MOTOR;CATERPILLA // No aplica;2698325 // 4621171;MM01;26;V1;1;2;F03;FILTRO ACEITE;FILTROS;CAT 938H;KG;ZPAS;1000088798;SIN TRATAMIENTO;;;;;5/6/2026;20/5/2026;;
00314 CASA Olavarría;1001687;ZSTO;ANTEOJO INCOLORO;LIBUS // 3M // MSA // STEELPRO;ECOLINEHC (MÚLT. 10U) // SECUREFIT SF201AF CLEAR // MSA PERSPECTA CLEAR // STEELPRO SPY CLEAR;MR01;314;V1;78;135;C28;SEGURIDAD/ROPA/EPP;SEGURIDAD;ACCESORIO SEGURIDAD;KG;ZPAS;1000086849;DESPACHADO;;;20/5/2026;21/5/2026;5/5/2026;20/4/2026;;
00314 CASA Olavarría;1002564;ZSTO;FILTRO AIRE DE CABINA;CATERPILLA;2112660;MM01;26;V1;4;8;C29;FILTROS/RESPUESTOS;FILTROS;CAT 416E;KG;ZPAS;1000088798;EMBALADO;;;21/5/2026;;5/6/2026;20/5/2026;;
00314 CASA Olavarría;1002629;ZSTO;FILTRO ACEITE GROVE 540E;MANITOWOK // FLEETGUARD // DONALDSON // No aplica;9414101679 // LF3970 // P550428 // 3937736;MM01;26;V1;1;2;F03;FILTRO ACEITE;FILTROS;GROVE RT540E;KG;ZPAS;1000087664;DESPACHADO;;;18/5/2026;21/5/2026;18/5/2026;2/5/2026;;
00314 CASA Olavarría;1004596;ZSTO;PORTA UÑA BALDE - EA65BL50;VOLVO CONS;VOE14526776;MM01;26;V1;4;8;C29;FILTROS/RESPUESTOS;DESGASTE;VOLVO EC 480D;KG;ZPAS;1000086850;CUMPLIDO PARCIAL;;;11/5/2026;15/5/2026;5/5/2026;20/4/2026;;
00314 CASA Olavarría;1002742;ZSTO;FILTRO ACEITE XUN;CATERPILLA // CATERPILLA // CATERPILLA;1R1808 // 1R0716 // 1R1808;MM01;26;V1;25;44;F03;FILTRO ACEITE;FILTROS;CAT 755G;KG;ZPAS;1000088798;EMBALADO;;;21/5/2026;;5/6/2026;20/5/2026;;
00314 CASA Olavarría;1015924;ZSCD;1U-9891 ADITIVO HIDR. CAT X 1LT;;;MM01;26;V1;10;18;C29;FILTROS/RESPUESTOS;LUBRICANTES;ADITIVO;KG;ZPAN;1000086864;ADJUDICADO;4500125761;;;;5/5/2026;20/4/2026;C29;10148062
00314 CASA Olavarría;1002773;ZSTO;FILTRO AIRE WA600;KOMATSU HO // // // // DONALDSON //;6001856100 // AF25627 + AF25468 // KA160164 // P608885 + P777869 // P777869+P777868 KIT // X770806;MM01;26;V1;5;9;F04;FILTRO AIRE;FILTROS;155AX6,PC350LC8,375;KG;ZPAS;1000088800;EMBALADO;;;21/5/2026;;5/6/2026;20/5/2026;;
00314 CASA Olavarría;1002870;ZSTO;FILTRO ACEITE UNID. COMPRES.;ATLAS COPC // DONALDSON // DONALDSON // ATLAS COPC // No aplica;1613610500 // P550230 // P763577 // 1613610590 // 9728059401;MM01;26;V1;1;2;F03;FILTRO ACEITE;FILTROS;FILTROS;KG;ZPAS;1000087667;EMBALADO;;;21/5/2026;;18/5/2026;2/5/2026;;
00314 CASA Olavarría;1022272;ZSTO;Conjunto Filtro Admision;GUANGXI LI;SP207554;MM01;26;V1;1;2;F04;FILTRO AIRE;FILTROS;AUTOELEVADOR LUIGONG CPCD35;KG;ZPAN;1000086866;ADJUDICADO;4500125654;;;;5/5/2026;20/4/2026;F04;10148063
00314 CASA Olavarría;1002935;ZSTO;FILTRO AIRE COMBUSTIBLE;VOLVO CONS // DONALDSON;VOE11172907 // P528708;MM01;26;V1;10;18;F04;FILTRO AIRE;FILTROS;EC 480D - L220G - PL 3005D;KG;ZPAS;1000088612;DESPACHADO;;;20/5/2026;21/5/2026;1/6/2026;18/5/2026;;
00314 CASA Olavarría;1002936;ZSTO;FILTRO AIRE CABINA;VOLVO CONS // No aplica;VOE11703979 // 150522786;MM01;26;V1;6;12;F05;FILTRO AIRE CABINA;FILTROS;VOLVO EC 480D;KG;ZPAS;1000088612;DESPACHADO;;;20/5/2026;21/5/2026;1/6/2026;18/5/2026;;
00314 CASA Olavarría;1002954;ZSTO;FILTRO ACEITE ORIGINAL;KOHLER;WAN5000155736;MM01;26;V1;2;5;F03;FILTRO ACEITE;FILTROS;TORRE WACKER;KG;ZPAS;1000088798;EMBALADO;;;21/5/2026;;5/6/2026;20/5/2026;;
00314 CASA Olavarría;1002955;ZSTO;FILTRO AIRE WEGA ALTER;MANN // MANN // WEGA //;FA134S // C2420 // JFA134 // WA48095;MM01;26;V1;2;5;F04;FILTRO AIRE;FILTROS;TORRE DE ILUMINACION;KG;ZPAS;1000088798;EMBALADO;;;21/5/2026;;5/6/2026;20/5/2026;;
00314 CASA Olavarría;1002975;ZSTO;FILTRO DE AIRE SECUNDARIO CSA;CATERPILLA;3318111;MM01;26;V1;19;35;F04;FILTRO AIRE;FILTROS;CAT 775G;KG;ZPAS;1000088800;EMBALADO PARCIAL;;;21/5/2026;;5/6/2026;20/5/2026;;
00314 CASA Olavarría;1003045;ZSTO;FILTRO PRIMARIO;VOLVO CONS;VOE11033998;MM01;26;V1;6;12;F04;FILTRO AIRE;FILTROS;CARGADORA VOLVO L220G;KG;ZPAS;1000088521;DESPACHADO;;;18/5/2026;21/5/2026;1/6/2026;16/5/2026;;
00314 CASA Olavarría;1003046;ZSTO;FILTRO AIRE SECUNDARIO;VOLVO CONS;VOE11033999;MM01;26;V1;6;12;F04;FILTRO AIRE;FILTROS;CARGADORA VOLVO L220G;KG;ZPAS;1000088521;DESPACHADO;;;18/5/2026;21/5/2026;1/6/2026;16/5/2026;;
00314 CASA Olavarría;1003057;ZSTO;ELEMENTO FILTRO DE AIRE PRIMARIO;JOHN DEERE;AT175223;MM01;26;V1;1;3;F04;FILTRO AIRE;FILTROS;MOTONIVELADORA JD 770 G;KG;ZPAS;1000088521;DESPACHADO;;;18/5/2026;21/5/2026;1/6/2026;16/5/2026;;
00314 CASA Olavarría;1003093;ZSTO;FILTRO DE COMBUSTIBLE;VOLVO CONS // VOLVO CONS;P22480372 // VOE15126069;MM01;26;V1;13;24;F06;FILTRO COMBUSTIBLE;FILTROS;VOLVO FM460;KG;ZPAS;1000088612;DESPACHADO;;;20/5/2026;21/5/2026;1/6/2026;18/5/2026;;
00314 CASA Olavarría;1003173;ZSTO;FILTRO DE AIRE PRIMARIO;CATERPILLA;3370790;MM01;26;V1;1;2;F04;FILTRO AIRE;FILTROS;CAT 950;KG;ZPAS;1000088798;EMBALADO;;;21/5/2026;;5/6/2026;20/5/2026;;
00314 CASA Olavarría;1003174;ZSTO;FILTRO DE AIRE SECUNDARIO;CATERPILLA //;3862097 // 5771433;MM01;26;V1;1;2;F04;FILTRO AIRE;FILTROS;CAT 950;KG;ZPAS;1000088798;SIN TRATAMIENTO;;;;;5/6/2026;20/5/2026;;
00314 CASA Olavarría;1003175;ZSTO;FILTRO DE COMBUSTIBLE;CATERPILLA;3608960;MM01;26;V1;1;3;F06;FILTRO COMBUSTIBLE;FILTROS;CAT 950;KG;ZPAS;1000088798;EMBALADO;;;21/5/2026;;5/6/2026;20/5/2026;;
00314 CASA Olavarría;1003176;ZSTO;FILTRO A A CABINA INTERIOR;CATERPILLA //;2902288 // 5019255;MM01;26;V1;1;2;F10;FILTRO HVAC;FILTROS;CAT 950;KG;ZPAS;1000088798;EMBALADO;;;21/5/2026;;5/6/2026;20/5/2026;;
00314 CASA Olavarría;1003181;ZSTO;FILTRO DE COMBUSTIBLE;DBT S.A. // FLEETGUARD // DONALDSON // HIFI FILTE;3048841 // FF 5259 // P502166 // SN 21590;MM01;26;V1;1;3;F06;FILTRO COMBUSTIBLE;FILTROS;HIMOINSA LTA 8 V LED;KG;ZPAS;1000088798;EMBALADO;;;21/5/2026;;5/6/2026;20/5/2026;;
00314 CASA Olavarría;1003182;ZSTO;FILTRO GASOIL;DBT S.A. // DONALDSON // VER // HIMOINSA S;3024206 // P502406 // 17108155910 // 3082015;MM01;26;V1;1;3;F06;FILTRO COMBUSTIBLE;FILTROS;HIMOINSA LTA 8 V LED;KG;ZPAS;1000088798;EMBALADO;;;21/5/2026;;5/6/2026;20/5/2026;;
00314 CASA Olavarría;1003183;ZSTO;FILTRO DE ACEITE MOTOR;DBT S.A. // // FLEETGUARD // DONALDSON // // //;3035098 // LF3925 // LF3925 // P502067 // T 600 // W67/1 // W671;MM01;26;V1;1;3;F03;FILTRO ACEITE;FILTROS;HIMOINSA LTA 8 V LED;KG;ZPAS;1000088798;EMBALADO;;;21/5/2026;;5/6/2026;20/5/2026;;
00314 CASA Olavarría;1003219;ZSTO;FILTRO VENTILACION DE CARTER;CATERPILLA;2735711;MM01;26;V1;1;2;F04;FILTRO AIRE;FILTROS;CAT 815 K;KG;ZPAS;1000088798;SIN TRATAMIENTO;;;;;5/6/2026;20/5/2026;;
00314 CASA Olavarría;1003237;ZSTO;FILTRO DE COMBUSTIBLE;CATERPILLA;5000480;MM01;26;V1;2;5;F06;FILTRO COMBUSTIBLE;FILTROS;CAT 140K;KG;ZPAS;1000088521;DESPACHADO;;;18/5/2026;21/5/2026;1/6/2026;16/5/2026;;
00314 CASA Olavarría;1049394;ZSTO;BOMBA DE FRENO ;;594-0989;MM01;26;RE;1;1;C03;EQUIPOS;REPUESTOS;?;KG;ZPAN;1000087423;ADJUDICADO;4500126603;;;;13/5/2026;28/4/2026;C03;10148786
00314 CASA Olavarría;1001700;ZSTO;CASCO CARCAZA AMARILLO;LIBUS // 3M // MSA // STEELPRO;MILENIUM // H-700 AMARILLO // V-GARD AMARILLO // STEELPRO SAFETY AMARILLO;MR01;314;V1;6;12;C28;SEGURIDAD/ROPA/EPP;SEGURIDAD;ACCESORIO SEGURIDAD;KG;ZPAS;1000087659;SIN TRATAMIENTO;;;;;18/5/2026;2/5/2026;;
00314 CASA Olavarría;1001726;ZSTO;SUSPENSION CREMALLERA;LIBUS // 3M // MSA // STEELPRO;MILENIUM // SUSPENSIÓN RATCHET H-700 // FAS-TRAC III // RATCHET STEELPRO;MR01;314;V1;4;8;C28;SEGURIDAD/ROPA/EPP;SEGURIDAD;ACCESORIO SEGURIDAD;KG;ZPAS;1000087659;EMBALADO;;;22/5/2026;;18/5/2026;2/5/2026;;
00314 CASA Olavarría;1041725;ZSTO;"CUCHILLA (7′ X 8″ X 5/8″) X 15 Aguj 5/8""";;5D9561 / T71979 (BORO);MM01;26;V1;10;20;C03;EQUIPOS;EQUIPOS;DESGASTE;KG;ZPAS;1000087665;SIN TRATAMIENTO;;;;;18/5/2026;2/5/2026;;
00314 CASA Olavarría;1001878;ZSTO;CINTA DE ENMASCARAR 48MM X ROLLO;SCOTCH;;MR01;314;V1;2;5;C17;INSUMOS A;LIBRERIA;CINTAS ADHESIVAS;KG;ZPAS;1000088520;DESPACHADO;;;18/5/2026;21/5/2026;1/6/2026;16/5/2026;;
00314 CASA Olavarría;1001887;ZSTO;BOLSAS RESIDUOS XUN 102X130 AMARILLA;;;MR01;314;V1;13;23;C17;INSUMOS A;LIMPIEZA;LIMPIEZA /SEGURIDAD;KG;ZPAS;1000088211;EMBALADO;;;22/5/2026;;27/5/2026;12/5/2026;;
00314 CASA Olavarría;1001888;ZSTO;BOLSAS RESIDUOS XUN 102X130 NEGRA;;;MR01;314;V1;34;60;C17;INSUMOS A;LIMPIEZA;LIMPIEZA /SEGURIDAD;KG;ZPAS;1000088211;EMBALADO;;;21/5/2026;;27/5/2026;12/5/2026;;
00314 CASA Olavarría;1001898;ZSTO;BOBINA DE PAPEL 25 X 400MTS X UN;ELEGANTE // ELITE;1003 (MÚLT. 2U) // 6264;MR01;314;V1;4;8;C17;INSUMOS A;LIMPIEZA;INSUMOS;KG;ZPAN;1000087796;RECEPCIONADO PARCIAL;4500127227;11/5/2026;;;27/5/2026;5/5/2026;C01;10149254
00314 CASA Olavarría;1001906;ZSTO;INSECTICIDA MATA MOSCAS Y MOSQ. X360CC;;;MR01;314;V1;8;15;C17;INSUMOS A;LIMPIEZA;INSUMOS;KG;ZPAN;1000087796;ADJUDICADO;4500127227;;;;27/5/2026;5/5/2026;C01;10149254
00314 CASA Olavarría;1003954;ZSTO;BATERIA 12V 180AMP;;25 PLACAS POR ELEMENTO;MM01;26;V1;5;9;C29;FILTROS/RESPUESTOS;REPUESTOS;MAQUINARIA PESADA;KG;ZPAS;1000088521;DESPACHADO PARCIAL;;;18/5/2026;21/5/2026;1/6/2026;16/5/2026;;
00314 CASA Olavarría;1001952;ZSTO;TRAPO LIMPIO (BOLSAX10KG) XUN;;MÚLT. 10 KG;MR01;314;V1;13;23;C27;FERRETERIA MR01;FERRETERIA;ACCESORIOS;KG;ZPAS;1000087820;DESPACHADO;;;18/5/2026;21/5/2026;20/5/2026;5/5/2026;;
00314 CASA Olavarría;1016256;ZSTO;Filtro Admision Exterior;ATLAS COPC;2653 3762 24;MM01;26;V1;1;2;F04;FILTRO AIRE;FILTROS;PERFORADORA ATLAS T45-12;KG;ZPAS;1000087821;SIN TRATAMIENTO;;;;;20/5/2026;5/5/2026;;
00314 CASA Olavarría;1013520;ZSCD;9Z-0009KIT MUESTRA LUBRIC CAT C/BOMBA;;;MM01;26;V1;17;30;C03;EQUIPOS;REPUESTOS;KIT MUESTRA;KG;ZPAN;1000088803;SIN TRATAMIENTO;;;;;5/6/2026;20/5/2026;;10150634
00314 CASA Olavarría;1013582;ZSSD;MINIFUSIBLE PLANO 10 AMP. XUN;;;MM01;26;V1;13;23;C29;FILTROS/RESPUESTOS;REPUESTOS;ELECTRICIDAD AUTOMOTOR;KG;ZPAN;1000088214;ADJUDICADO;4500128271;;;;27/5/2026;12/5/2026;C01;10149979
00314 CASA Olavarría;1013583;ZSSD;MINIFUSIBLE PLANO 15 AMP. XUN;;;MM01;26;V1;8;15;C29;FILTROS/RESPUESTOS;REPUESTOS;ELECTRICIDAD AUTOMOTOR;KG;ZPAN;1000088805;SIN TRATAMIENTO;;;;;5/6/2026;20/5/2026;;10150636
00314 CASA Olavarría;1013585;ZSSD;MINIFUSIBLE PLANO 25 AMP. XUN;;;MM01;26;V1;8;15;C29;FILTROS/RESPUESTOS;REPUESTOS;ELECTRICIDAD AUTOMOTOR;KG;ZPAN;1000088214;ADJUDICADO;4500128271;;;;27/5/2026;12/5/2026;C01;10149979
00314 CASA Olavarría;1016429;ZSTO;Filtro A/A Cabina Exterior;CATERPILLA;580-5439;MM01;26;V1;1;2;F10;FILTRO HVAC;FILTROS;CAT 323;KG;ZPAS;1000088521;DESPACHADO;;;19/5/2026;21/5/2026;1/6/2026;16/5/2026;;
00314 CASA Olavarría;1017891;ZSTO;Filtro Cabina Interior;CATERPILLA //;SG014520304 // 5000957;MM01;26;V1;1;2;F05;FILTRO AIRE CABINA;FILTROS;FILTRO AIRE;KG;ZPAS;1000088521;DESPACHADO;;;18/5/2026;21/5/2026;1/6/2026;16/5/2026;;
00314 CASA Olavarría;1018132;ZSSD;lámparas de 24V-H4;;;MM01;26;V1;2;5;C29;FILTROS/RESPUESTOS;REPUESTOS;ELECTRICIDAD AUTOMOTOR;KG;ZPAN;1000088805;SIN TRATAMIENTO;;;;;5/6/2026;20/5/2026;;10150636
00314 CASA Olavarría;1033241;ZSTO;INYECTOR C27;;647-0751 / 618-0751;MM01;26;RE;12;24;C03;EQUIPOS;REPUESTOS;AUTOMOTOR;KG;ZPAN;1000088177;ADJUDICADO;4500128366;;;;2/6/2026;12/5/2026;C03;10149879
00314 CASA Olavarría;1033550;ZSSD;FARO LED 9V 36 LUXLED XUN;;;MM01;26;V1;6;12;C11;ELECTRICIDAD;REPUESTOS;ELECTRICIDAD AUTOMOTOR;KG;ZPAN;1000088214;ADJUDICADO;4500128271;;;;27/5/2026;12/5/2026;C01;10149979
00314 CASA Olavarría;1028200;ZSCD;PIEDRA RUEDA VERDE P/WIDIA 150X19X19Gr80;;;MR01;314;V1;8;15;C27;FERRETERIA MR01;FERRETERIA;INSUMOS;KG;ZPAN;1000088807;SIN TRATAMIENTO;;;;;5/6/2026;20/5/2026;;10150638
00341 Mov. Suelos San Luis;1001686;ZSTO;ANTEOJO GRIS;LIBUS // 3M // MSA // STEELPRO;ECOLINEHC (MÚLT. 10U) // SECUREFIT SF202AF GRIS // MSA PERSPECTA SMOKE // STEELPRO SPY SMOKE;MR01;341;V1;96;120;C28;SEGURIDAD/ROPA/EPP;SEGURIDAD;ACCESORIO SEGURIDAD;KG;ZPAS;1000086414;SIN TRATAMIENTO;;;;;30/4/2026;10/4/2026;;
00341 Mov. Suelos San Luis;1001699;ZSTO;CASCO CARCAZA BLANCO;LIBUS // 3M // MSA // STEELPRO;MILENIUM // H-700 BLANCO // V-GARD BLANCO // STEELPRO SAFETY BLANCO;MR01;341;V1;6;8;C28;SEGURIDAD/ROPA/EPP;SEGURIDAD;ACCESORIO SEGURIDAD;KG;ZPAS;1000087110;DESPACHADO;;;22/5/2026;22/5/2026;13/5/2026;22/4/2026;;
00341 Mov. Suelos San Luis;1001700;ZSTO;CASCO CARCAZA AMARILLO;LIBUS // 3M // MSA // STEELPRO;MILENIUM // H-700 AMARILLO // V-GARD AMARILLO // STEELPRO SAFETY AMARILLO;MR01;341;V1;6;8;C28;SEGURIDAD/ROPA/EPP;SEGURIDAD;ACCESORIO SEGURIDAD;KG;ZPAS;1000086675;DESPACHADO PARCIAL;;;22/5/2026;22/5/2026;6/5/2026;15/4/2026;;
00341 Mov. Suelos San Luis;1001706;ZSTO;GUANTE LATEX USO MEDICINAL CAJA X 100 UN;;;MR01;341;V1;2;3;C28;SEGURIDAD/ROPA/EPP;SEGURIDAD;GUANTE;KG;ZPAS;1000088329;DESPACHADO;;;15/5/2026;19/5/2026;3/6/2026;13/5/2026;;
00341 Mov. Suelos San Luis;1001716;ZSTO;TAPON AUDITIVO;LIBUS // 3M // MSA // STEELPRO;QUANTUM-REUSABLE (MÚLT. 50U) // ULTRAFIT UF-01-000 // MSA WAVEFIT // STEELPRO REUSABLE PLUG;MR01;341;V1;12;15;C28;SEGURIDAD/ROPA/EPP;SEGURIDAD;ACCESORIO SEGURIDAD;KG;ZPAS;1000088516;DESPACHADO;;;20/5/2026;22/5/2026;5/6/2026;15/5/2026;;
00341 Mov. Suelos San Luis;1001717;ZSTO;PROTECTOR FACIAL BURBUJA INCOLORO;LIBUS // 3M // MSA // STEELPRO;901386 // VISOR WP96 + SOPORTE // MSA VISOR CLEAR // STEELPRO BURBUJA CLEAR;MR01;341;V1;6;8;C28;SEGURIDAD/ROPA/EPP;SEGURIDAD;ACCESORIO SEGURIDAD;KG;ZPAS;1000088516;DESPACHADO;;;18/5/2026;22/5/2026;5/6/2026;15/5/2026;;
00341 Mov. Suelos San Luis;1001726;ZSTO;SUSPENSION CREMALLERA;LIBUS // 3M // MSA // STEELPRO;MILENIUM // SUSPENSIÓN RATCHET H-700 // FAS-TRAC III // RATCHET STEELPRO;MR01;341;V1;12;15;C28;SEGURIDAD/ROPA/EPP;SEGURIDAD;ACCESORIO SEGURIDAD;KG;ZPAS;1000086675;DESPACHADO;;;22/5/2026;22/5/2026;6/5/2026;15/4/2026;;
00341 Mov. Suelos San Luis;1001774;ZSTO;ESLINGA SINTETICA 4MTS 4TN CERTIFICADA;;;MR01;341;V1;1;2;C27;FERRETERIA MR01;SEGURIDAD;LOGISTICA;KG;ZPAS;1000087839;DESPACHADO;;;22/5/2026;22/5/2026;26/5/2026;5/5/2026;;
00341 Mov. Suelos San Luis;1001971;ZSTO;ESMALTE SINT. AEROSOL ROJO X 440CC;;KUWAIT-SINTEPLAST;MR01;341;V1;18;23;C22;INSUMOS C;PINTURAS;PINTURA AEROSOL;KG;ZPAS;1000088964;SIN TRATAMIENTO;;;;;12/6/2026;22/5/2026;;
00341 Mov. Suelos San Luis;1016961;ZSSD;RESALTADOR ROSA PUNTA CHANFLEADA;;MÚLT. 10U;MR01;341;V1;3;5;C17;INSUMOS A;LIBRERIA;ESCRITURA;KG;ZPAN;1000087840;ADJUDICADO;4500127376;;;;26/5/2026;5/5/2026;C17;10149368
00341 Mov. Suelos San Luis;1016962;ZSSD;RESALTADOR NARANJA PUNTA CHANFLEADA;;MÚLT. 10U;MR01;341;V1;3;5;C17;INSUMOS A;LIBRERIA;ESCRITURA;KG;ZPAN;1000087840;ADJUDICADO;4500127376;;;;26/5/2026;5/5/2026;C17;10149368
00341 Mov. Suelos San Luis;1016965;ZSSD;PORTABLOCK ACRILICO C CLIP SUPERIOR;;;MR01;341;V1;3;5;C17;INSUMOS A;LIBRERIA;ACCESORIOS;KG;ZPAN;1000087840;DESPACHADO;4500127379;14/5/2026;14/5/2026;19/5/2026;26/5/2026;5/5/2026;C17;10149368
00341 Mov. Suelos San Luis;1016971;ZSSD;NOTAS ADHESIVAS (POST IT) 38X54 MM;;MÚLT. 12U;MR01;341;V1;4;6;C17;INSUMOS A;LIBRERIA;PAPEL;KG;ZPAN;1000087840;ADJUDICADO;4500127376;;;;26/5/2026;5/5/2026;C17;10149368
00341 Mov. Suelos San Luis;1017009;ZSSD;BLOCK A5 ESPIRAL CUADRIC 70HS;;;MR01;341;V1;6;8;C17;INSUMOS A;LIBRERIA;LIBRERIA;KG;ZPAN;1000087840;DESPACHADO;4500127175;14/5/2026;14/5/2026;19/5/2026;26/5/2026;5/5/2026;C17;10149368
00341 Mov. Suelos San Luis;1017010;ZSSD;BOLIGRAFO TRAZO FINO AZUL;;MÚLT. 24U;MR01;341;V1;120;150;C17;INSUMOS A;LIBRERIA;ESCRITURA;KG;ZPAN;1000087636;EMBALADO;4500127893;23/5/2026;23/5/2026;;21/5/2026;30/4/2026;C17;10149043
00341 Mov. Suelos San Luis;1017034;ZSSD;TIJERA 17 CM C MANGO PLASTICO;;;MR01;341;V1;2;3;C17;INSUMOS A;LIBRERIA;ACCESORIOS;KG;ZPAN;1000087840;DESPACHADO;4500127379;14/5/2026;14/5/2026;19/5/2026;26/5/2026;5/5/2026;C17;10149368
00341 Mov. Suelos San Luis;1017039;ZSSD;LAPIZ A MINA 05 MM 2B;;;MR01;341;V1;6;8;C17;INSUMOS A;LIBRERIA;ESCRITURA;KG;ZPAN;1000087840;ADJUDICADO;4500127376;;;;26/5/2026;5/5/2026;C17;10149368
00341 Mov. Suelos San Luis;1017050;ZSSD;BOBINA PAPEL 25CM 400MT;;;MR01;341;V1;7;10;C17;INSUMOS A;LIMPIEZA;LIMPIEZA /SEGURIDAD;KG;ZPAN;1000088517;ADJUDICADO;4500128245;;;;5/6/2026;15/5/2026;C17;10150340
00341 Mov. Suelos San Luis;1017233;ZSSD;PAPEL HIGIENICO X72UN XUN;;;MR01;341;V1;4;6;C17;INSUMOS A;LIMPIEZA;LIMPIEZA /SEGURIDAD;KG;ZPAN;1000088517;ADJUDICADO;4500128245;;;;5/6/2026;15/5/2026;C17;10150340
00341 Mov. Suelos San Luis;1025947;ZSSD;ESCOBA DE PLASTICO;;;MR01;341;V1;2;4;C17;INSUMOS A;LIMPIEZA;LIMPIEZA /SEGURIDAD;KG;ZPAN;1000088517;ADJUDICADO;4500128245;;;;5/6/2026;15/5/2026;C17;10150340
00341 Mov. Suelos San Luis;1026411;ZSCD;DEKASOL KAISER XLT;;;MR01;341;V1;12;15;C17;INSUMOS A;LIMPIEZA;LIMPIEZA /SEGURIDAD;KG;ZPAN;1000087840;DESPACHADO;4500127306;12/5/2026;12/5/2026;19/5/2026;26/5/2026;5/5/2026;C17;10149368
00341 Mov. Suelos San Luis;1000010;ZSTO;FILTRO AIRE;MOTORCRAFT;B69X9601;MM01;35;V1;1;2;F04;FILTRO AIRE;FILTROS;F-100 INT 86577 - 578;KG;ZPAS;1000087842;SIN TRATAMIENTO;;;;;26/5/2026;5/5/2026;;
00341 Mov. Suelos San Luis;1001787;ZSTO;ACEITE ISO 68 HIDRAULICO X 205L;YPF S.A. // YPF S.A.;BP68 // 135592;MM01;35;V1;3;6;L01;ACEITES;LUBRICANTES;ACEITES;KG;ZPAS;1000087264;CUMPLIDO PARCIAL;;;30/4/2026;20/5/2026;15/5/2026;24/4/2026;;
00341 Mov. Suelos San Luis;1001790;ZSTO;ACEITE 15W40  X 205L;YPF S.A. // EXXON MOBI // CATERPILLA // SHELL PLC. // VOLVO MAQU // YPF S.A.;EXTRAVIDA XV300 // DELVAC MX 15W40 APICI4 // DEO 15W40 // R4 15W40 APICI4 ACEAE5E7 // VDS3 // 189292;MM01;35;V1;6;8;L01;ACEITES;LUBRICANTES;ACEITES;KG;ZPAS;1000088741;SIN TRATAMIENTO;;;;;9/6/2026;19/5/2026;;
00341 Mov. Suelos San Luis;1001804;ZSTO;GRASA LITIO LIMIT MO-2 (NEGRA) X 180 KG;YPF S.A. // // YPF S.A.;LIMIT MO-2 // GADUS S2 V220 // 628793;MM01;35;V1;2;3;L03;GRASAS;LUBRICANTES;GRASA;KG;ZPAS;1000088963;SIN TRATAMIENTO;;;;;12/6/2026;22/5/2026;;
00341 Mov. Suelos San Luis;1001828;ZSTO;CUBIERTA 12.00 R20 TG85 (TRACCION);PIRELLI NE // GOOD YEAR // GOOD YEAR // GOOD YEAR // GOOD YEAR // MICHELIN A;TG85 // G-677 MSD // G677 // G677MSD. // G677OTR // XDY;MM01;35;V1;3;5;C48;CUBIERTAS CAMIONES;CUBIERTAS;CUBIERTAS;KG;ZPAS;1000088237;DESPACHADO;;;15/5/2026;20/5/2026;2/6/2026;12/5/2026;;
00341 Mov. Suelos San Luis;1001842;ZSTO;PROTECTOR P CAMARA 12.00;;;MM01;35;V1;4;8;C52;CAMARAS;CUBIERTAS;CUBIERTAS;KG;ZPAS;1000088237;DESPACHADO;;;15/5/2026;20/5/2026;2/6/2026;12/5/2026;;
00341 Mov. Suelos San Luis;1002297;ZSTO;PLACA INTERNO DE PROTECTOR DE BALDE;VOLVO CONS;VOE14537760;MM01;35;V1;4;8;G02;LATERALES;DESGASTE;VOLVO;KG;ZPAS;1000087803;CUMPLIDO PARCIAL;;;8/5/2026;11/5/2026;26/5/2026;5/5/2026;;
00341 Mov. Suelos San Luis;1002349;ZSTO;TRABA P UNA XUN;CATERPILLA;2209090;MM01;35;V1;9;16;G05;AJUSTE;DESGASTE;CAT324DL, 980H;KG;ZPAS;1000088515;DESPACHADO;;;18/5/2026;20/5/2026;5/6/2026;15/5/2026;;
00341 Mov. Suelos San Luis;1002491;ZSTO;FILTRO ACEITE MOTOR;CATERPILLA // No aplica;2698325 // 4621171;MM01;35;V1;2;3;F03;FILTRO ACEITE;FILTROS;CAT 938H;KG;ZPAS;1000088515;DESPACHADO;;;18/5/2026;20/5/2026;5/6/2026;15/5/2026;;
00341 Mov. Suelos San Luis;1002524;ZSTO;FILTRO ACEITE MOTOR;MANN // // BALDWIN // FLEETGUARD;W962 // 0986B01027 // B236 // LF4054;MM01;35;V1;1;2;F03;FILTRO ACEITE;FILTROS;FILTROS;KG;ZPAS;1000088395;DESPACHADO;;;18/5/2026;20/5/2026;4/6/2026;14/5/2026;;
00341 Mov. Suelos San Luis;1002544;ZSTO;FILTRO TRAMPA AGUA;PARKER RAC // PARKER RAC;2R000127177J // R120LJ10MAQII;MM01;35;V1;2;3;F13;FILTRO TRAMPA DE A;FILTROS;VW31-3;KG;ZPAS;1000088395;DESPACHADO;;;18/5/2026;20/5/2026;4/6/2026;14/5/2026;;
00341 Mov. Suelos San Luis;1002673;ZSTO;FILTRO AIRE 1;MANITOU;563416;MM01;35;V1;1;2;F04;FILTRO AIRE;FILTROS;MANITOU;KG;ZPAS;1000087842;SIN TRATAMIENTO;;;;;26/5/2026;5/5/2026;;
00341 Mov. Suelos San Luis;1002761;ZSTO;FILTRO DE COMBUSTIBLE;CATERPILLA;1R0751;MM01;35;V1;1;2;F06;FILTRO COMBUSTIBLE;FILTROS;FILTROS;KG;ZPAS;1000087457;DESPACHADO;;;15/5/2026;20/5/2026;19/5/2026;28/4/2026;;
00341 Mov. Suelos San Luis;1002934;ZSTO;FILTRO PRIMARIO COMBUSTIBLE;VOLVO CONS;VOE11110683;MM01;35;V1;2;4;F06;FILTRO COMBUSTIBLE;FILTROS;EC 480D - L220G - PL 3005D;KG;ZPAS;1000088963;SIN TRATAMIENTO;;;;;12/6/2026;22/5/2026;;
00341 Mov. Suelos San Luis;1002954;ZSTO;FILTRO ACEITE ORIGINAL;KOHLER;WAN5000155736;MM01;35;V1;3;5;F03;FILTRO ACEITE;FILTROS;TORRE WACKER;KG;ZPAS;1000088515;DESPACHADO PARCIAL;;;18/5/2026;20/5/2026;5/6/2026;15/5/2026;;
00341 Mov. Suelos San Luis;1002955;ZSTO;FILTRO AIRE WEGA ALTER;MANN // MANN // WEGA //;FA134S // C2420 // JFA134 // WA48095;MM01;35;V1;3;5;F04;FILTRO AIRE;FILTROS;TORRE DE ILUMINACION;KG;ZPAS;1000088237;DESPACHADO;;;15/5/2026;20/5/2026;2/6/2026;12/5/2026;;
00341 Mov. Suelos San Luis;1003088;ZSTO;FILTRO AIRE;TOYOTA ARG // TOYOTA ARG;178010L04000 // 178010E030;MM01;35;V1;4;6;F04;FILTRO AIRE;FILTROS;HILUX 2017;KG;ZPAS;1000088396;DESPACHADO;;;18/5/2026;20/5/2026;4/6/2026;14/5/2026;;
00341 Mov. Suelos San Luis;1003089;ZSTO;FILTRO DE CABINA;TOYOTA ARG;871390K080;MM01;35;V1;4;6;F05;FILTRO AIRE CABINA;FILTROS;HILUX 2017;KG;ZPAS;1000088396;DESPACHADO;;;18/5/2026;20/5/2026;4/6/2026;14/5/2026;;
00341 Mov. Suelos San Luis;1003095;ZSTO;FILTRO TRAMPA DE AGUA COMBUSTIBLE;PARKER RAC //;21925732 // 23662435;MM01;35;V1;4;6;F13;FILTRO TRAMPA DE A;FILTROS;VOLVO FM460;KG;ZPAS;1000088237;DESPACHADO;;;15/5/2026;20/5/2026;2/6/2026;12/5/2026;;
00341 Mov. Suelos San Luis;1003102;ZSTO;FILTRO DE COMBUSTIBLE;VOLKSWAGEN // HENGST // VOLKSWAGEN;2V5201512 // E422KP D98 // FF 5629;MM01;35;V1;2;3;F06;FILTRO COMBUSTIBLE;FILTROS;FILTROS;KG;ZPAS;1000088395;DESPACHADO;;;18/5/2026;20/5/2026;4/6/2026;14/5/2026;;
00341 Mov. Suelos San Luis;1003174;ZSTO;FILTRO DE AIRE SECUNDARIO;CATERPILLA //;3862097 // 5771433;MM01;35;V1;2;3;F04;FILTRO AIRE;FILTROS;CAT 950;KG;ZPAS;1000088515;DESPACHADO;;;18/5/2026;20/5/2026;5/6/2026;15/5/2026;;
00341 Mov. Suelos San Luis;1003177;ZSTO;FILTRO TRAMPA DE AGUA;CATERPILLA;4238524;MM01;35;V1;1;2;F13;FILTRO TRAMPA DE A;FILTROS;CAT 950;KG;ZPAS;1000088515;DESPACHADO;;;18/5/2026;20/5/2026;5/6/2026;15/5/2026;;
00341 Mov. Suelos San Luis;1003217;ZSTO;FILTRO DE COMBUSTIBLE;CATERPILLA;3608958;MM01;35;V1;1;2;F06;FILTRO COMBUSTIBLE;FILTROS;CAT 815 K;KG;ZPAS;1000088515;DESPACHADO;;;18/5/2026;20/5/2026;5/6/2026;15/5/2026;;
00341 Mov. Suelos San Luis;1003219;ZSTO;FILTRO VENTILACION DE CARTER;CATERPILLA;2735711;MM01;35;V1;2;3;F04;FILTRO AIRE;FILTROS;CAT 815 K;KG;ZPAS;1000088515;DESPACHADO;;;18/5/2026;20/5/2026;5/6/2026;15/5/2026;;
00341 Mov. Suelos San Luis;1003245;ZSTO;FILTRO DE AIRE PRIMARIO;VOLKSWAGEN // MANN // FRAMM;2S2129620 // C21470 // CA-9369;MM01;35;V1;1;2;F04;FILTRO AIRE;FILTROS;VW 13-180;KG;ZPAS;1000088741;SIN TRATAMIENTO;;;;;9/6/2026;19/5/2026;;
00341 Mov. Suelos San Luis;1003306;ZSTO;FILTRO DE AIRE PRIMARIO;VOLVO CONS // HIFI FILTE;VOE15013668 // SA 16666;MM01;35;V1;2;4;F04;FILTRO AIRE;FILTROS;CAMION ARTICULADO;KG;ZPAS;1000088237;DESPACHADO;;;15/5/2026;20/5/2026;2/6/2026;12/5/2026;;
00341 Mov. Suelos San Luis;1003341;ZSTO;FILTRO SECADOR AIRE;WABCO // FLEETGUARD // // HENGST //;4324100202 // AF27817 // P781466 // T250W // TB1374X;MM01;35;V1;1;2;F11;FILTRO SECADOR DE;FILTROS;VW (WACO);KG;ZPAS;1000088395;DESPACHADO;;;18/5/2026;20/5/2026;4/6/2026;14/5/2026;;
00341 Mov. Suelos San Luis;1003343;ZSTO;FILTRO COMBUSTIBLE;VOLKSWAGEN // // // // FORD // MWM INTERN;90541150027 // P551523 // WK 962/13 // 2R0127177N // 6L5Z7A508AB // 905411510042;MM01;35;V1;1;2;F06;FILTRO COMBUSTIBLE;FILTROS;VW 26.260;KG;ZPAS;1000088395;SIN TRATAMIENTO;;;;;4/6/2026;14/5/2026;;
00341 Mov. Suelos San Luis;1003429;ZSTO;POLEA CORREA AUXILIAR;TOYOTA ARG;884400K172;MM01;35;V1;2;2;C29;FILTROS/RESPUESTOS;REPUESTOS;HILUX 3.0 2010;KG;ZPAS;1000088515;DESPACHADO PARCIAL;;;18/5/2026;20/5/2026;5/6/2026;15/5/2026;;
00341 Mov. Suelos San Luis;1003854;ZSTO;BULON MAZA TRASERA P TRAKKER;CNH // CNH;42064826 // 42117455;MM01;35;V1;1;2;C29;FILTROS/RESPUESTOS;REPUESTOS;MAQUINARIA PESADA;KG;ZPAS;1000088515;SIN TRATAMIENTO;;;;;5/6/2026;15/5/2026;;
00341 Mov. Suelos San Luis;1003953;ZSTO;BATERIA 12V 75AMP;MOURA;M30LD;MM01;35;V1;2;3;C03;EQUIPOS;REPUESTOS;hilux 2017 en adelante;KG;ZPAS;1000088237;DESPACHADO;;;15/5/2026;20/5/2026;2/6/2026;12/5/2026;;
00341 Mov. Suelos San Luis;1003990;ZSTO;KITSEGURAIRECOMPRATLCOPCOXU;;3222188142;MM01;35;V1;2;3;C29;FILTROS/RESPUESTOS;REPUESTOS;?;KG;ZPAS;1000087457;DESPACHADO;;;15/5/2026;20/5/2026;19/5/2026;28/4/2026;;
00341 Mov. Suelos San Luis;1003993;ZSTO;KITSEGURAIREMOTORATLCOPCOXUN;;3222188152;MM01;35;V1;2;3;C29;FILTROS/RESPUESTOS;REPUESTOS;?;KG;ZPAS;1000088515;DESPACHADO;;;18/5/2026;20/5/2026;5/6/2026;15/5/2026;;
00341 Mov. Suelos San Luis;1004264;ZSTO;BULON DE RUEDA;VOLVO CONS //;21147687 // 24076067;MM01;35;V1;16;30;C29;FILTROS/RESPUESTOS;REPUESTOS;VOLVO 460 FMX;KG;ZPAS;1000088963;SIN TRATAMIENTO;;;;;12/6/2026;22/5/2026;;
00341 Mov. Suelos San Luis;1009541;ZSTO;FILTRO HIDRAU COMPR ATL COPCO x;ATLAS COPC;1202804002 // 6060011168;MM01;35;V1;4;6;C29;FILTROS/RESPUESTOS;FILTROS;ATLAS COPCO ROC F9-11;KG;ZPAS;1000087457;CUMPLIDO PARCIAL;;;30/4/2026;20/5/2026;19/5/2026;28/4/2026;;
00341 Mov. Suelos San Luis;1013571;ZSSD;GASOIL DIESEL 500;;MÚLT. 36000 LTS;MM01;35;V1;12000;24000;C21;COMBUSTIBLE;COMBUSTIBLE;COMBUSTIBLE;KG;ZPAN;1000087941;RECEPCIONADO PARCIAL;4500127160;18/5/2026;;;28/5/2026;7/5/2026;C21;10149510
00341 Mov. Suelos San Luis;1013633;ZSSD;0021303956000 TUERCA DE RUEDA;;;MM01;35;V1;24;30;C29;FILTROS/RESPUESTOS;REPUESTOS;?;KG;ZPAN;1000088965;SIN TRATAMIENTO;;;;;12/6/2026;22/5/2026;;10150817
00341 Mov. Suelos San Luis;1016099;ZSTO;FILTRO DE AIRE SECUNDARIO;VOLVO MAQU;17500263;MM01;35;V1;3;5;F04;FILTRO AIRE;FILTROS;VOLVO EC 480D;KG;ZPAS;1000088963;SIN TRATAMIENTO;;;;;12/6/2026;22/5/2026;;
00341 Mov. Suelos San Luis;1022713;ZSTO;COMPRESOR A/A;;14659238;MM01;35;V1;1;2;C03;EQUIPOS;REPUESTOS;?;KG;ZPAS;1000087842;SIN TRATAMIENTO;;;;;26/5/2026;5/5/2026;;
00341 Mov. Suelos San Luis;1027333;ZSTO;UÑA BALDE PENETRACION  - 66PPE;ESCANDINAV;VOE14732403;MM01;35;V1;12;24;C29;FILTROS/RESPUESTOS;DESGASTE;VOLVO EC 480D;KG;ZPAN;1000087841;ADJUDICADO;4500127122;;;;26/5/2026;5/5/2026;C29;10149369
00341 Mov. Suelos San Luis;1028006;ZSTO;KIT DE EMBRAGUE VW;;2T2-141-025 + 2T2-141-031 + 2T2-141-165;MM01;35;V1;1;2;C03;EQUIPOS;REPUESTO;VW 31-280;KG;ZPAN;1000088518;ADJUDICADO;4500128058;;;;5/6/2026;15/5/2026;C03;10150341
00365 RIO TINTO;1001679;ZSTO;FICHA T.STECK MACHO 220V 16A 2P T XUN;;;U365;365;V1;8;13;C11;ELECTRICIDAD;ELECTRICIDAD;FICHAS;KG;ZPAN;1000088590;ADJUDICADO;4500128372;;;;18/6/2026;18/5/2026;C11;10150398
00365 RIO TINTO;1001680;ZSTO;FICHA T.STECK HEMBRA 380V 32A T N XUN;;;U365;365;V1;3;5;C11;ELECTRICIDAD;ELECTRICIDAD;FICHAS;KG;ZPAN;1000087713;ADJUDICADO;4500127704;;;;4/6/2026;4/5/2026;C11;10149101
00365 RIO TINTO;1001701;ZSTO;GUANTE NITRILO AZUL PUÑO ELASTIZADO;;;U365;365;V1;45;78;C28;SEGURIDAD/ROPA/EPP;SEGURIDAD;GUANTE;KG;ZPAN;1000086474;ADJUDICADO;4500125316;;;;13/5/2026;13/4/2026;C28;10147491
00365 RIO TINTO;1001704;ZSTO;PROTECTORFACIALSOPORTEARNESCREMALLERA;LIBUS;901383;U365;365;V1;14;24;C28;SEGURIDAD/ROPA/EPP;SEGURIDAD;ACCESORIO SEGURIDAD;KG;ZPAN;1000087713;EMBALADO;4500127884;22/5/2026;22/5/2026;;4/6/2026;4/5/2026;C28;10149101
00365 RIO TINTO;1001706;ZSTO;GUANTE LATEX USO MEDICINAL CAJA X 100 UN;;;U365;365;V1;3;5;C28;SEGURIDAD/ROPA/EPP;SEGURIDAD;GUANTE;KG;ZPAN;1000087713;ADJUDICADO;4500126853;;;;4/6/2026;4/5/2026;C28;10149101
00365 RIO TINTO;1001707;ZSTO;CHALECOGRAFANARANJACONREFLETIVOT.XLC2;;MÚLT. 12U;U365;365;V1;58;102;C28;SEGURIDAD/ROPA/EPP;SEGURIDAD;INDUMENTARIA;KG;ZPAN;1000088902;SIN TRATAMIENTO;;;;;22/6/2026;22/5/2026;;10150772
00365 RIO TINTO;1001794;ZSTO;ACEITE HIPOIDAL X 205L;YPF S.A. // YPF S.A.;80W90 // 123092;U365;365;V1;2;3;C29;FILTROS/RESPUESTOS;LUBRICANTES;ACEITES;KG;ZPAN;1000088266;ADJUDICADO;4500127810;;;;15/6/2026;13/5/2026;C29;10150043
00365 RIO TINTO;1001800;ZSTO;ACEITE SAE 30 X 200LTS;CATERPILLA;7X2888;U365;365;V1;2;3;C29;FILTROS/RESPUESTOS;LUBRICANTES;CATERPILLAR;KG;ZPAS;1000088265;SIN TRATAMIENTO;;;;;27/5/2026;13/5/2026;;
00365 RIO TINTO;1001834;ZSTO;CUBIERTA 265 65 17 DUELER A T 693;BRIDGESTON // BRIDGESTON // PIRELLI NE // PIRELLI NE // GOOD YEAR;DUELER A T 693 // AT REVO 2 // S MTR // SCORPION ATR // WRANGLER WORKHORSE;U365;365;V1;11;19;C03;EQUIPOS;CUBIERTAS;hilux hasta 2016;KG;ZPAN;1000084860;DESPACHADO;4500122705;27/3/2026;27/3/2026;31/3/2026;28/3/2026;14/3/2026;C03;10145460
00365 RIO TINTO;1001848;ZSTO;KIT TECLADO MOUSE USB;;;U365;365;V1;4;6;C05;INFORMÁT.-HARDWARE;INFORMATICA;HARDWARE;KG;ZPAN;1000088902;SIN TRATAMIENTO;;;;;22/6/2026;22/5/2026;;10150772
00365 RIO TINTO;1001867;ZSTO;MARCADOR INDUSTRIAL-BLANCOXUN;UNIPAINT;MÚLT. 10U;U365;365;V1;18;31;C17;INSUMOS A;LIBRERIA;ESCRITURA;KG;ZPAN;1000088902;SIN TRATAMIENTO;;;;;22/6/2026;22/5/2026;;10150772
00365 RIO TINTO;1001871;ZSTO;RESMA DE HOJA A4 70GR. X UN;;;U365;365;V1;36;63;C17;INSUMOS A;LIBRERIA;PAPEL;KG;ZPAN;1000088590;ADJUDICADO;4500128120;;;;18/6/2026;18/5/2026;C17;10150398
00365 RIO TINTO;1001876;ZSTO;CINTA EMBALAR TRANSPARENTE 48MM X 100 MT;SCOTCH;;U365;365;V1;15;25;C17;INSUMOS A;LIBRERIA;CINTAS ADHESIVAS;KG;ZPAN;1000088186;ADJUDICADO;4500127829;;;;12/6/2026;12/5/2026;C17;10149890
00365 RIO TINTO;1001878;ZSTO;CINTA DE ENMASCARAR 48MM X ROLLO;SCOTCH;;U365;365;V1;3;5;C17;INSUMOS A;LIBRERIA;CINTAS ADHESIVAS;KG;ZPAN;1000088186;ADJUDICADO;4500127829;;;;12/6/2026;12/5/2026;C17;10149890
00365 RIO TINTO;1001888;ZSTO;BOLSAS RESIDUOS XUN 102X130 NEGRA;;;U365;365;V1;533;940;C17;INSUMOS A;LIMPIEZA;LIMPIEZA /SEGURIDAD;KG;ZPAN;1000087673;ADJUDICADO;4500126946;;;;17/5/2026;3/5/2026;C35;10149076
00365 RIO TINTO;1001944;ZSTO;ADHESIVO TRANSPARENTE X70ML XUN;POXIPOL;;U365;365;V1;2;3;C27;FERRETERIA MR01;FERRETERIA;ADHESIVOS;KG;ZPAN;1000088902;SIN TRATAMIENTO;;;;;22/6/2026;22/5/2026;;10150772
00365 RIO TINTO;1001952;ZSTO;TRAPO LIMPIO (BOLSAX10KG) XUN;;MÚLT. 10 KG;U365;365;V1;14;24;C27;FERRETERIA MR01;FERRETERIA;ACCESORIOS;KG;ZPAN;1000087713;ADJUDICADO;4500127531;;;;4/6/2026;4/5/2026;C27;10149101
00365 RIO TINTO;1001971;ZSTO;ESMALTE SINT. AEROSOL ROJO X 440CC;;KUWAIT-SINTEPLAST;U365;365;V1;107;188;C22;INSUMOS C;PINTURAS;PINTURA AEROSOL;KG;ZPAN;1000086862;CUMPLIDO PARCIAL;4500127090;15/5/2026;15/5/2026;19/5/2026;29/5/2026;20/4/2026;C22;10148060
00365 RIO TINTO;1002045;ZSTO;CAMISETA PRIMERA PIEL T.L;;;U365;365;V1;40;71;C28;SEGURIDAD/ROPA/EPP;SEGURIDAD;INDUMENTARIA;KG;ZPAN;1000084323;RECEPCIONADO;4500122224;20/3/2026;;;8/4/2026;7/3/2026;C28;10144824
00365 RIO TINTO;1002046;ZSTO;CAMISETA PRIMERA PIEL T.XL;;;U365;365;V1;40;71;C28;SEGURIDAD/ROPA/EPP;SEGURIDAD;INDUMENTARIA;KG;ZPAN;1000084323;RECEPCIONADO;4500122224;20/3/2026;;;8/4/2026;7/3/2026;C28;10144824
00365 RIO TINTO;1002071;ZSTO;CAMPERA DESCARNE T.XXXL;;;U365;365;V1;6;10;C28;SEGURIDAD/ROPA/EPP;SEGURIDAD;INDUMENTARIA;KG;ZPAN;1000087713;ADJUDICADO;4500126853;;;;4/6/2026;4/5/2026;C28;10149101
00365 RIO TINTO;1002171;ZSTO;B25-EA VENTILADOR XUN;BOMAG GMBH;05715360;U365;365;V1;4;6;C29;FILTROS/RESPUESTOS;CORREAS;BOMAG;KG;ZPAN;1000087713;DESPACHADO;4500127344;18/5/2026;18/5/2026;21/5/2026;4/6/2026;4/5/2026;C29;10149101
00365 RIO TINTO;1002186;ZSTO;CORREA VENTILADOR;VOLVO CONS;VOE20459311;U365;365;V1;1;2;C29;FILTROS/RESPUESTOS;CORREAS;VOLVO EC 480D;KG;ZPAN;1000086862;CUMPLIDO PARCIAL;4500125672;24/4/2026;;;20/5/2026;20/4/2026;C29;10148060
00365 RIO TINTO;1002190;ZSTO;CORREA AIRE ACONDICIONADO;BOMAG GMBH;6312244;U365;365;V1;6;9;C29;FILTROS/RESPUESTOS;CORREAS;BOMAG 213 HD4;KG;ZPAN;1000087713;DESPACHADO;4500127355;18/5/2026;18/5/2026;21/5/2026;4/6/2026;4/5/2026;C29;10149101
00365 RIO TINTO;1002198;ZSTO;CORREA DE MOTOR;CATERPILLA;3572637;U365;365;V1;2;3;C29;FILTROS/RESPUESTOS;CORREAS;CAT;KG;ZPAN;1000085401;DESPACHADO;4500123745;20/5/2026;20/5/2026;22/5/2026;27/4/2026;25/3/2026;C29;10146171
00365 RIO TINTO;1002211;ZSTO;CORREA VENTILADOR;;10PK1448-20712530 // 10PK1448-24635977;U365;365;V1;14;24;C29;FILTROS/RESPUESTOS;CORREAS;PLATAFORMA DE MANTENIMIENTO VE;KG;ZPAN;1000078730;CUMPLIDO PARCIAL;4500114707;11/12/2025;11/12/2025;17/12/2025;22/12/2025;1/12/2025;C29;10137152
00365 RIO TINTO;1002212;ZSTO;CORREA DE ALTERNADOR;CATERPILLA // // No aplica;8PK1537 // 22275091 // 8PK-1540 // 8PK1535;U365;365;V1;14;24;C29;FILTROS/RESPUESTOS;CORREAS;PLATAFORMA DE MANTENIMIENTO VE;KG;ZPAN;1000078730;CUMPLIDO PARCIAL;4500114708;20/5/2026;12/12/2025;22/5/2026;30/4/2026;1/12/2025;C29;10137152
00365 RIO TINTO;1002276;ZSTO;PROTECTOR LATERAL BALDE;VOLVO CONS // VOLVO CONS;VOE14537759 // 22E158;U365;365;V1;3;4;C29;FILTROS/RESPUESTOS;DESGASTE;VOLVO EC 480D;KG;ZPAS;1000086470;SIN TRATAMIENTO;;;;;27/4/2026;13/4/2026;;
00365 RIO TINTO;1002314;ZSTO;BRAZO DE RIPPER X UN;CATERPILLA;9J6586;U365;365;V1;5;8;C29;FILTROS/RESPUESTOS;DESGASTE;CAT 140K // JD670 CAT 140K;KG;ZPAS;1000087709;SIN TRATAMIENTO;;;;;18/5/2026;4/5/2026;;
00365 RIO TINTO;1002322;ZSTO;TUERCA X UN;CATERPILLA;2J3506;U365;365;V1;121;213;C29;FILTROS/RESPUESTOS;DESGASTE;CAT 980H, 140K;KG;ZPAN;1000088186;DESPACHADO;4500127794;19/5/2026;19/5/2026;21/5/2026;12/6/2026;12/5/2026;C29;10149890
00365 RIO TINTO;1002353;ZSTO;TUERCA 5 8;JOHN DEERE // JOHN DEERE // CATERPILLA;14H1095 // NP158 // 4K0367;U365;365;V1;32;56;C29;FILTROS/RESPUESTOS;DESGASTE;JD 770 670 CAT 140H;KG;ZPAN;1000088179;ADJUDICADO;4500128020;;;;19/5/2026;12/5/2026;C27;10149881
00365 RIO TINTO;1002515;ZSTO;FILTRO ACEITE XUN;JOHN DEERE // JOHN DEERE //;RE521420 // DZ101884 // DZ118283;U365;365;V1;2;3;C29;FILTROS/RESPUESTOS;FILTROS;JD 850J;KG;ZPAN;1000088902;SIN TRATAMIENTO;;;;;22/6/2026;22/5/2026;;10150772
00365 RIO TINTO;1002543;ZSTO;FILTRO AIRE X UN;JOHN DEERE;AT191102;U365;365;V1;4;6;C29;FILTROS/RESPUESTOS;FILTROS;CABINA J.D. 544K;KG;ZPAN;1000088777;ADJUDICADO;4500128376;;;;22/6/2026;20/5/2026;C29;10150605
00365 RIO TINTO;1002606;ZSTO;FILTRO COMBUSTIBLE X UN;JOHN DEERE;AT365869;U365;365;V1;6;9;C29;FILTROS/RESPUESTOS;FILTROS;JD 850J;KG;ZPAN;1000088777;ADJUDICADO;4500128376;;;;22/6/2026;20/5/2026;C29;10150605
00365 RIO TINTO;1002628;ZSTO;FILTRO AIRE CABINA XUN;JOHN DEERE;AT307501;U365;365;V1;3;5;C29;FILTROS/RESPUESTOS;FILTROS;JD 544K;KG;ZPAN;1000088777;ADJUDICADO;4500128376;;;;22/6/2026;20/5/2026;C29;10150605
00365 RIO TINTO;1002682;ZSTO;FILTRO ACEITE MOTOR XUN;CNH INDUST;2992544;U365;365;V1;9;16;C29;FILTROS/RESPUESTOS;FILTROS;IVECO;KG;ZPAN;1000088777;ADJUDICADO;4500128381;;;;22/6/2026;20/5/2026;C29;10150605
00365 RIO TINTO;1002705;ZSTO;FILTRO AIRE XUN;CATERPILLA;6I2502;U365;365;V1;3;5;C29;FILTROS/RESPUESTOS;FILTROS;FILTROS;KG;ZPAN;1000088777;ADJUDICADO;4500128386;;;;22/6/2026;20/5/2026;C29;10150605
00365 RIO TINTO;1002735;ZSTO;FILTRO AIRE PRIMARIO XUN;CATERPILLA // DONALDSON;2456375 // P782105;U365;365;V1;5;8;C29;FILTROS/RESPUESTOS;FILTROS;CAT;KG;ZPAN;1000087713;ADJUDICADO;4500127404;;;;4/6/2026;4/5/2026;C29;10149101
00365 RIO TINTO;1002923;ZSTO;FILTRO COMBUSTIBLE;BOMAG GMBH // DONALDSON;5716779 // P554620;U365;365;V1;4;6;C29;FILTROS/RESPUESTOS;FILTROS;BW24RH;KG;ZPAN;1000088186;ADJUDICADO;4500127928;;;;12/6/2026;12/5/2026;C29;10149890
00365 RIO TINTO;1002925;ZSTO;FILTRO AIRE PRIMARIO;BOMAG GMBH // // DONALDSON // DONALDSON // BALDWIN;5821147 // C20500 // P778994 // P779894 // RS3992;U365;365;V1;4;6;C29;FILTROS/RESPUESTOS;FILTROS;BW24RH;KG;ZPAS;1000085725;SIN TRATAMIENTO;;;;;13/4/2026;30/3/2026;;
00365 RIO TINTO;1002931;ZSTO;FILTRO ACEITE;VOLVO CONS // VOLVO MAQU // FLEETGUARD // VOLVO CONS // VOLVO CONS;P21707133 // 17533660 // LF667 // VOE478736 // 23658092;U365;365;V1;36;63;C29;FILTROS/RESPUESTOS;FILTROS;VOLVO 330 // VOLVO L260H;KG;ZPAN;1000086390;RECEPCIONADO;4500124896;14/4/2026;;;24/4/2026;10/4/2026;C35;10147389
00365 RIO TINTO;1002932;ZSTO;FILTRO ACEITE;VOLVO CONS // VOLVO CONS;P21707132 // VOE477556;U365;365;V1;16;27;C29;FILTROS/RESPUESTOS;FILTROS;VOLVO L260H;KG;ZPAN;1000088777;ADJUDICADO;4500128409;;;;22/6/2026;20/5/2026;C29;10150605
00365 RIO TINTO;1002988;ZSTO;FILTRO DE ACEITE (HIDRAULICO);KOEHRING // FLEETGUARD;7086449 // HF7538;U365;365;V1;1;2;C29;FILTROS/RESPUESTOS;FILTROS;GRUA TEREX;KG;ZPAN;1000087713;ADJUDICADO;4500127030;;;;4/6/2026;4/5/2026;C29;10149101
00365 RIO TINTO;1003032;ZSTO;FILTRO TRAMPA DE AGUA;CATERPILLA;4385386;U365;365;V1;4;6;C29;FILTROS/RESPUESTOS;FILTROS;CAT;KG;ZPAN;1000088777;ADJUDICADO;4500128386;;;;22/6/2026;20/5/2026;C29;10150605
00365 RIO TINTO;1003033;ZSTO;FILTRO DE ACEITE MOTOR;CATERPILLA;3223155;U365;365;V1;4;6;C29;FILTROS/RESPUESTOS;FILTROS;CAT 323;KG;ZPAN;1000088777;ADJUDICADO;4500128386;;;;22/6/2026;20/5/2026;C29;10150605
00365 RIO TINTO;1003058;ZSTO;KIT FILTRO COMBUSTIBLE COMPLETO;JOHN DEERE // JOHN DEERE;RE525523 // RE52090652323;U365;365;V1;6;9;C29;FILTROS/RESPUESTOS;FILTROS;MOTONIVELADORA JD 770 G;KG;ZPAN;1000088902;SIN TRATAMIENTO;;;;;22/6/2026;22/5/2026;;10150772
00365 RIO TINTO;1003081;ZSTO;FILTRO DE AIRE;FLEETGUARD // No aplica // // No aplica;AF25910 // MSA25910 // P500955 // P50955;U365;365;V1;8;13;C29;FILTROS/RESPUESTOS;FILTROS;GRUPO ELECTROGENO CUMMINS C110;KG;ZPAN;1000087054;CUMPLIDO PARCIAL;4500126543;7/5/2026;7/5/2026;8/5/2026;22/5/2026;22/4/2026;C29;10148300
00365 RIO TINTO;1003087;ZSTO;FILTRO COMBUSTIBLE;TOYOTA ARG //;233900L07000 // 233900L100;U365;365;V1;1;2;C29;FILTROS/RESPUESTOS;FILTROS;HILUX 2017;KG;ZPAN;1000087713;ADJUDICADO;4500127182;;;;4/6/2026;4/5/2026;C29;10149101
00365 RIO TINTO;1003162;ZSTO;FILTRO EN LINEA DE PRESION;PALFINGER;EA4923;U365;365;V1;2;3;C29;FILTROS/RESPUESTOS;FILTROS;PALFINGER PK23500B (S406-SKA);KG;ZPAN;1000085401;EMBALADO;4500124336;23/5/2026;23/5/2026;;27/4/2026;25/3/2026;C29;10146171
00365 RIO TINTO;1003179;ZSTO;FILTRO DE TRANSMISION (CARTUCHO);CATERPILLA;3761288;U365;365;V1;1;2;C29;FILTROS/RESPUESTOS;FILTROS;CAT 950;KG;ZPAN;1000087713;ADJUDICADO;4500127404;;;;4/6/2026;4/5/2026;C29;10149101
00365 RIO TINTO;1003246;ZSTO;FILTRO DE TANQUE HIDRAULICO;REMOLQUES // HIFI FILTE;14896990 // SH 93214;U365;365;V1;6;9;C29;FILTROS/RESPUESTOS;FILTROS;VOLCADORA OMBU;KG;ZPAN;1000087713;ADJUDICADO;4500128378;;;;4/6/2026;4/5/2026;C29;10149101
00365 RIO TINTO;1003278;ZSTO;FILTRO DE ACEITE MOTOR;TEREX // BALDWIN // //;RPTX07049700120 // B7177 // LF3970 // NRPSANB222100000303;U365;365;V1;2;2;C29;FILTROS/RESPUESTOS;FILTROS;TEREX RT 35;KG;ZPAN;1000087612;ADJUDICADO;4500127057;;;;30/5/2026;30/4/2026;C29;10149026
00365 RIO TINTO;1003284;ZSTO;FILTRO DE AIRE PRIMARIO;FLEETGUARD // DONALDSON;AF55014 // DBA5292;U365;365;V1;2;2;C29;FILTROS/RESPUESTOS;FILTROS;GRUA TEREX 780;KG;ZPAN;1000087713;ADJUDICADO;4500127030;;;;4/6/2026;4/5/2026;C29;10149101
00365 RIO TINTO;1004033;ZSTO;LAMPARA 24V-5W C CULOTE X UN;;BA15S;U365;365;V1;5;8;C29;FILTROS/RESPUESTOS;REPUESTOS;ELECTRICIDAD AUTOMOTOR;KG;ZPAN;1000070835;ADJUDICADO;4500105046;;;;7/8/2025;24/7/2025;AGV;10126827
00365 RIO TINTO;1015809;ZSSD;LIMPIA VIDRIOS X 5 LTS;;;U365;365;V1;6;9;C17;INSUMOS A;LIMPIEZA;INSUMOS;KG;ZPAN;1000088902;SIN TRATAMIENTO;;;;;22/6/2026;22/5/2026;;10150772
00365 RIO TINTO;1015963;ZSCD;ANTEOJO LIBUS ECOLINE GRIS HC;;MÚLT. 10U;U365;365;V1;89;157;C28;SEGURIDAD/ROPA/EPP;SEGURIDAD;EPP;KG;ZPAN;1000087054;CUMPLIDO PARCIAL;4500125851;29/4/2026;;;22/5/2026;22/4/2026;C28;10148300
00365 RIO TINTO;1016076;ZSTO;SEGMENTO E/ PORTAUÑAS BALDE-50/60BPE120;VOLVO CONS // VOLVO CONS;VOE14619306 // 50/60BPE120;U365;365;V1;3;5;C29;FILTROS/RESPUESTOS;DESGASTE;VOLVO EC 480D;KG;ZPAS;1000087709;SIN TRATAMIENTO;;;;;18/5/2026;4/5/2026;;
00365 RIO TINTO;1016098;ZSTO;FILTRO DE AIRE PRIMARIO;VOLVO MAQU;17500260;U365;365;V1;3;5;C29;FILTROS/RESPUESTOS;FILTROS;VOLVO EC 480D;KG;ZPAN;1000087713;DESPACHADO;4500127677;20/5/2026;20/5/2026;22/5/2026;4/6/2026;4/5/2026;C29;10149101
00365 RIO TINTO;1016163;ZSTO;FILTRO TRAMPA DE AGUA;VOLVO MAQU;17515206;U365;365;V1;3;5;C29;FILTROS/RESPUESTOS;FILTROS;VOLVO EC 480D;KG;ZPAN;1000087713;DESPACHADO;4500127677;20/5/2026;20/5/2026;22/5/2026;4/6/2026;4/5/2026;C29;10149101
00365 RIO TINTO;1016653;ZSSD;CMASTRA FILTRO SECADOR DE AIRE;MAHLE FILT; AL12/AL24.;U365;365;V1;5;8;AGV;COMPRAS AGV;REPUESTOS;FILTROS;KG;ZPAN;1000087713;SIN TRATAMIENTO;;;;;4/6/2026;4/5/2026;;10149101
00365 RIO TINTO;1016655;ZSSD;CMASTRA CORREA ALTERNADOR;REPUESTOS;12PK1815;U365;365;V1;4;6;AGV;COMPRAS AGV;REPUESTOS;CORREAS;KG;ZPAN;1000080831;ADJUDICADO;4500119588;;;;2/2/2026;12/1/2026;AGV;10140109
00365 RIO TINTO;1016658;ZSSD;CMASTRA CUBIERTA TRASERA;GOOD YEAR;235/95 R24;U365;365;V1;3;5;AGV;COMPRAS AGV;CUBIERTAS;CUBIERTAS;KG;ZPAN;1000087713;SIN TRATAMIENTO;;;;;4/6/2026;4/5/2026;;10149101
00365 RIO TINTO;1016689;ZSSD;HC119FILTRO DE AIRE PRIMARIO;DONALDSON;P61333 / FLEETGUARD - AF25962;U365;365;V1;3;5;AGV;COMPRAS AGV;REPUESTOS;FILTROS;KG;ZPAN;1000087713;SIN TRATAMIENTO;;;;;4/6/2026;4/5/2026;;10149101
00365 RIO TINTO;1016702;ZSTO;Filtro de Aire Primario;SANY HEAVY // DARMET;RPSAN160602020020A // EAP-1848;U365;365;V1;11;19;C29;FILTROS/RESPUESTOS;FILTROS;CAMION FUERA DE RUTA SANY SKT 90S;KG;ZPAN;1000088186;ADJUDICADO;4500127983;;;;12/6/2026;12/5/2026;C29;10149890
00365 RIO TINTO;1016706;ZSTO;Filtro Secador de Aire - Frenos;SANY HEAVY //;RPSAN152599000112A001 // P951413;U365;365;V1;3;4;C29;FILTROS/RESPUESTOS;FILTROS;CAMION FUERA DE RUTA SANY SKT 90S;KG;ZPAN;1000088132;ADJUDICADO;4500127624;;;;11/6/2026;11/5/2026;C29;10149772
00365 RIO TINTO;1016707;ZSTO;Filtro Aceite Retorno Hidraulico;SANY HEAVY //;RPSAN60101256 // SH85029;U365;365;V1;3;4;C29;FILTROS/RESPUESTOS;FILTROS;CAMION FUERA DE RUTA SANY SKT 90S;KG;ZPAN;1000087713;DESPACHADO;4500127057;19/5/2026;19/5/2026;22/5/2026;4/6/2026;4/5/2026;C29;10149101
00365 RIO TINTO;1016708;ZSTO;Filtro A/A Cabina Interior;SANY HEAVY;RPSAN141502000077;U365;365;V1;6;9;C29;FILTROS/RESPUESTOS;FILTROS;CAMION FUERA DE RUTA SANY SKT 90S;KG;ZPAN;1000082288;CUMPLIDO PARCIAL;4500119710;23/4/2026;21/2/2026;24/4/2026;17/2/2026;3/2/2026;C29;10142059
00365 RIO TINTO;1016712;ZSTO;Filtro Combustible c/ Sensor;SANY HEAVY //;RPSAN160604020017 // P 550778;U365;365;V1;11;19;C29;FILTROS/RESPUESTOS;FILTROS;CAMION FUERA DE RUTA SANY SKT 90S;KG;ZPAN;1000088132;DESPACHADO;4500127624;20/5/2026;20/5/2026;22/5/2026;11/6/2026;11/5/2026;C29;10149772
00365 RIO TINTO;1016713;ZSTO;Filtro Aceite Motor;SANY HEAVY // // // MANN;RPSAN60327523 // SO6193 // WP1169 // WP1169;U365;365;V1;11;19;C29;FILTROS/RESPUESTOS;FILTROS;CAMION FUERA DE RUTA SANY SKT 90S;KG;ZPAN;1000088132;DESPACHADO;4500127624;20/5/2026;20/5/2026;22/5/2026;11/6/2026;11/5/2026;C29;10149772
00365 RIO TINTO;1016714;ZSTO;Filtro de Transmision;SANY HEAVY;RPSAN130202000093A023;U365;365;V1;3;4;C29;FILTROS/RESPUESTOS;FILTROS;CAMION FUERA DE RUTA SANY SKT 90S;KG;ZPAN;1000088132;DESPACHADO;4500127624;20/5/2026;20/5/2026;22/5/2026;11/6/2026;11/5/2026;C29;10149772
00365 RIO TINTO;1016715;ZSTO;Filtro Hidraulico Direccion;SANY HEAVY //;RPSAN60345316 // SH75010;U365;365;V1;3;4;C29;FILTROS/RESPUESTOS;FILTROS;CAMION FUERA DE RUTA SANY SKT 90S;KG;ZPAN;1000087713;DESPACHADO;4500127057;19/5/2026;19/5/2026;22/5/2026;4/6/2026;4/5/2026;C29;10149101
00365 RIO TINTO;1016717;ZSTO;CORREA A/A SKT90;SANY HEAVY //;RPSAN60141428 // 6PK1400;U365;365;V1;7;11;C29;FILTROS/RESPUESTOS;CORREAS;CAMION FUERA DE RUTA SANY SKT 90S;KG;ZPAN;1000082288;CUMPLIDO PARCIAL;4500119392;5/5/2026;5/5/2026;6/5/2026;11/4/2026;3/2/2026;C03;10142059
00365 RIO TINTO;1016919;ZSSD;LUBRICANTE MULTIUSO WD-40 440CC;;;U365;365;V1;18;31;C27;FERRETERIA MR01;FERRETERIA;ADHESIVOS/SELLADORES/LUBRICANT;KG;ZPAN;1000088902;SIN TRATAMIENTO;;;;;22/6/2026;22/5/2026;;10150772
00365 RIO TINTO;1016976;ZSSD;MARCADOR P PIZARRA NEGRO;;MÚLT. 10U;U365;365;V1;23;39;C17;INSUMOS A;LIBRERIA;ESCRITURA;KG;ZPAN;1000088590;ADJUDICADO;4500128120;;;;18/6/2026;18/5/2026;C17;10150398
00365 RIO TINTO;1016977;ZSSD;MARCADOR P PIZARRA AZUL;;MÚLT. 10U;U365;365;V1;11;19;C17;INSUMOS A;LIBRERIA;ESCRITURA;KG;ZPAN;1000088902;SIN TRATAMIENTO;;;;;22/6/2026;22/5/2026;;10150772
00365 RIO TINTO;1016982;ZSSD;FOLIO A4 ST X100;;;U365;365;V1;6;9;C17;INSUMOS A;LIBRERIA;PAPEL;KG;ZPAN;1000088590;ADJUDICADO;4500128120;;;;18/6/2026;18/5/2026;C17;10150398
00365 RIO TINTO;1016999;ZSSD;BOLIGRAFO TRAZO GRUESO AZUL;;MÚLT. 50U;U365;365;V1;72;125;C17;INSUMOS A;LIBRERIA;LIBRERIA;KG;ZPAN;1000088902;SIN TRATAMIENTO;;;;;22/6/2026;22/5/2026;;10150772
00365 RIO TINTO;1017009;ZSSD;BLOCK A5 ESPIRAL CUADRIC 70HS;;;U365;365;V1;14;24;C17;INSUMOS A;LIBRERIA;LIBRERIA;KG;ZPAN;1000088590;ADJUDICADO;4500128120;;;;18/6/2026;18/5/2026;C17;10150398
00365 RIO TINTO;1017024;ZSSD;SOPORTE P MATAFUEGO 10KG (COLGAR);;;U365;365;V1;9;16;C28;SEGURIDAD/ROPA/EPP;FERRETERIA;ACCESORIO SEGURIDAD;KG;ZPAN;1000088590;ADJUDICADO;4500128537;;;;18/6/2026;18/5/2026;C28;10150398
00365 RIO TINTO;1017034;ZSSD;TIJERA 17 CM C MANGO PLASTICO;;;U365;365;V1;5;8;C17;INSUMOS A;LIBRERIA;ACCESORIOS;KG;ZPAN;1000088186;ADJUDICADO;4500127829;;;;12/6/2026;12/5/2026;C17;10149890
00365 RIO TINTO;1017035;ZSSD;GOMA DE BORRAR LAPIZ;;;U365;365;V1;6;9;C17;INSUMOS A;LIBRERIA;LIBRERIA;KG;ZPAN;1000088186;ADJUDICADO;4500127829;;;;12/6/2026;12/5/2026;C17;10149890
00365 RIO TINTO;1017141;ZSSD;ADHESIVO INSTANTAN TIPO LOCTITE 401X20GR;;;U365;365;V1;2;3;C27;FERRETERIA MR01;EQUIPOS;ADHESIVOS;KG;ZPAN;1000088902;SIN TRATAMIENTO;;;;;22/6/2026;22/5/2026;;10150772
00365 RIO TINTO;1017222;ZSSD;LAPIZ A MINA 05 MM B;;;U365;365;V1;6;9;C17;INSUMOS A;LIBRERIA;INSUMOS;KG;ZPAN;1000088902;SIN TRATAMIENTO;;;;;22/6/2026;22/5/2026;;10150772
00365 RIO TINTO;1017236;ZSSD;"LUSTRAMUEBLES ""BLEM"" - ORIGINAL XUN";;;U365;365;V1;72;125;C17;INSUMOS A;LIMPIEZA;LIMPIEZA /SEGURIDAD;KG;ZPAN;1000088902;SIN TRATAMIENTO;;;;;22/6/2026;22/5/2026;;10150772
00365 RIO TINTO;1017962;ZSTO;Respiradero Tanque Combustible;JOHN DEERE;H216169;U365;365;V1;3;5;C29;FILTROS/RESPUESTOS;FILTROS;JD670D;KG;ZPAN;1000088902;SIN TRATAMIENTO;;;;;22/6/2026;22/5/2026;;10150772
00365 RIO TINTO;1018265;ZSSD;FILTRO DE AIRE PRIMARIO;DONALDSON;P777871;U365;365;V1;5;8;AGV;COMPRAS AGV;FILTROS;FILTROS;KG;ZPAN;1000088777;SIN TRATAMIENTO;;;;;22/6/2026;20/5/2026;;10150605
00365 RIO TINTO;1018268;ZSSD;CORREA DE COMPRESOR A/A;LEVAS BOSC;4PK1157;U365;365;V1;5;8;AGV;COMPRAS AGV;REPUESTOS;CORREAS;KG;ZPAN;1000080831;ADJUDICADO;4500119588;;;;2/2/2026;12/1/2026;AGV;10140109
00365 RIO TINTO;1018496;ZSSD;FILTRO DE ACEITE;FLEETGUARD;LF3349;U365;365;V1;6;9;AGV;COMPRAS AGV;REPUESTOS;FILTROS;KG;ZPAN;1000081592;SIN TRATAMIENTO;;;;;20/6/2026;23/1/2026;;10141185
00365 RIO TINTO;1018497;ZSSD;FILTRO COMBUSTIBLE;FLEETGUARD;FF5052;U365;365;V1;8;13;AGV;COMPRAS AGV;REPUESTOS;FILTROS;KG;ZPAN;1000066576;ADJUDICADO;4500100392;;;;31/5/2025;10/5/2025;AGV;10121141
00365 RIO TINTO;1018847;ZSSD;FILTRO DE COMBUSTIBLE;FLEETGUARD;FF5688;U365;365;V1;8;13;AGV;COMPRAS AGV;REPUESTOS;FILTROS;KG;ZPAN;1000088266;SIN TRATAMIENTO;;;;;15/6/2026;13/5/2026;;10150043
00365 RIO TINTO;1018850;ZSSD;FILTRO INTERNO (A/A);KOBELCO CO;LQ50V01007P1;U365;365;V1;4;6;AGV;COMPRAS AGV;REPUESTOS;FILTROS;KG;ZPAN;1000087713;SIN TRATAMIENTO;;;;;4/6/2026;4/5/2026;;10149101
00365 RIO TINTO;1018851;ZSSD;FILTRO TANQUE DE COMBUSTIBLE;KOBELCO CO;VH23303EV010;U365;365;V1;6;9;AGV;COMPRAS AGV;REPUESTOS;FILTROS;KG;ZPAN;1000088266;SIN TRATAMIENTO;;;;;15/6/2026;13/5/2026;;10150043
00365 RIO TINTO;1018855;ZSSD;FILTRO COLADOR TANQUE DE COMBUSTIBLE;KOBELCO CO;YN50V00029P1;U365;365;V1;5;8;AGV;COMPRAS AGV;REPUESTOS;FILTROS;KG;ZPAN;1000074118;ADJUDICADO;4500111062;;;;4/10/2025;16/9/2025;AGV;10131113
00365 RIO TINTO;1018868;ZSSD;TRABA DE UÑA;HENSLEY;K40;U365;365;V1;5;8;AGV;COMPRAS AGV;REPUESTOS;EQUIPOS;KG;ZPAN;1000087713;SIN TRATAMIENTO;;;;;4/6/2026;4/5/2026;;10149101
00365 RIO TINTO;1018901;ZSSD;FILTRO HIDRAULICO (STRAINER);KOBELCO CO;LC50V00006S001;U365;365;V1;3;5;AGV;COMPRAS AGV;REPUESTOS;FILTROS;KG;ZPAN;1000087713;SIN TRATAMIENTO;;;;;4/6/2026;4/5/2026;;10149101
00365 RIO TINTO;1018902;ZSSD;FILTRO DEL RESPIRADERO;KOBELCO CO;YN57V00012S002;U365;365;V1;2;3;AGV;COMPRAS AGV;REPUESTOS;FILTROS;KG;ZPAN;1000087713;SIN TRATAMIENTO;;;;;4/6/2026;4/5/2026;;10149101
00365 RIO TINTO;1018909;ZSSD;FILTRO DE CABINA (A/A);SANY HEAVY;60250669;U365;365;V1;1;2;AGV;COMPRAS AGV;REPUESTOS;FILTRO;KG;ZPAN;1000087713;SIN TRATAMIENTO;;;;;4/6/2026;4/5/2026;;10149101
00365 RIO TINTO;1018910;ZSSD;FILTRO DE AIRE DE RECIRCULACION (A/A);SANY HEAVY;222100000711;U365;365;V1;1;2;AGV;COMPRAS AGV;REPUESTOS;FILTRO;KG;ZPAN;1000087713;SIN TRATAMIENTO;;;;;4/6/2026;4/5/2026;;10149101
00365 RIO TINTO;1018920;ZSSD;TRABA DE UÑA;HENSLEY;K40;U365;365;V1;5;8;AGV;COMPRAS AGV;DESGASTE;?;KG;ZPAN;1000088132;SIN TRATAMIENTO;;;;;11/6/2026;11/5/2026;;10149772
00365 RIO TINTO;1021954;ZSTO;TONER HP 105A;;105A;U365;365;V1;6;9;C05;INFORMÁT.-HARDWARE;INSUMOS;?;KG;ZPAN;1000088590;ADJUDICADO;4500128118;;;;18/6/2026;18/5/2026;C05;10150398
00365 RIO TINTO;1022005;ZSSD;ACEITE MINERIA 80W90;TUTELKAN S;80W90;U365;365;V1;1;2;AGV;COMPRAS AGV;INSUMOS;ACEITES;KG;ZPAN;1000087713;SIN TRATAMIENTO;;;;;4/6/2026;4/5/2026;;10149101
00365 RIO TINTO;1025997;ZSSD;FILTRO HIDRAULICO;KOBELCO CO;YN52V01026P1;U365;365;V1;1;2;AGV;COMPRAS AGV;REPUESTOS;FILTRO;KG;ZPAN;1000087713;SIN TRATAMIENTO;;;;;4/6/2026;4/5/2026;;10149101
00365 RIO TINTO;1025998;ZSSD;FILTRO HIDRAULICO;KOBELCO CO;YN52V01025R100;U365;365;V1;1;2;AGV;COMPRAS AGV;REPUESTOS;FILTRO;KG;ZPAN;1000066582;ADJUDICADO;4500105850;;;;31/5/2025;11/5/2025;AGV;10121146
00365 RIO TINTO;1026177;ZSTO;PULLEY SUB-ASSY (16603-0C013);TOYOTA ARG;16603-0C013;U365;365;V1;2;3;C03;EQUIPOS;REPUESTOS;TOYOTA HILUX;KG;ZPAN;1000087713;ADJUDICADO;4500126825;;;;4/6/2026;4/5/2026;C03;10149101
00365 RIO TINTO;1026179;ZSTO;TENSOR;;16620-11010;U365;365;V1;2;3;C03;EQUIPOS;REPUESTOS;TOYOTA HILUX;KG;ZPAN;1000087713;ADJUDICADO;4500126825;;;;4/6/2026;4/5/2026;C03;10149101
00365 RIO TINTO;1027686;ZSTO;CORREA TRAPEZOIDAL;AGRONORTE;CQ51921;U365;365;V1;1;2;C03;EQUIPOS;REPUESTOS;?;KG;ZPAN;1000087713;DESPACHADO;4500127580;18/5/2026;18/5/2026;21/5/2026;4/6/2026;4/5/2026;C03;10149101
00365 RIO TINTO;1028137;ZSSD;CORREA MOTOR;NEW HOLLAN;CNH90416432 (8PK2515);U365;365;V1;2;3;C29;FILTROS/RESPUESTOS;REPUESTOS;CORREAS;KG;ZPAN;1000087713;DESPACHADO;4500127638;19/5/2026;19/5/2026;21/5/2026;4/6/2026;4/5/2026;C29;10149101
00365 RIO TINTO;1029933;ZSTO;CORREA MOTOR;;8PK-1837;U365;365;V1;4;6;C35;OBRA RIO TINTO;REPUESTOS;CORREAS;KG;ZPAN;1000087713;SIN TRATAMIENTO;;;;;4/6/2026;4/5/2026;;10149101
00365 RIO TINTO;1030021;ZSSD;KIT FILTRO PRIMARIO Y SECUNDARIO;SANY INTER;860152043;U365;365;V1;2;3;AGV;COMPRAS AGV;REPUESTOS;FILTRO;KG;ZPAN;1000087713;SIN TRATAMIENTO;;;;;4/6/2026;4/5/2026;;10149101
00365 RIO TINTO;1030029;ZSSD;FILTRO RESPIRADERO TANQ HIDR;TADEMAQ EQ;800101456;U365;365;V1;2;3;AGV;COMPRAS AGV;REPUESTOS;FILTRO;KG;ZPAN;1000087713;SIN TRATAMIENTO;;;;;4/6/2026;4/5/2026;;10149101
00365 RIO TINTO;1033304;ZSSD;FILTRO DE AIRE SECUNDARIO;SANY INTER;160602030027A;U365;365;V1;2;3;AGV;COMPRAS AGV;REPUESTOS;FILTRO;KG;ZPAN;1000087713;SIN TRATAMIENTO;;;;;4/6/2026;4/5/2026;;10149101
00365 RIO TINTO;1033306;ZSSD;FILTRO TRAMPA DE AGUA;SANY INTER;60208879;U365;365;V1;2;3;AGV;COMPRAS AGV;REPUESTOS;FILTRO;KG;ZPAN;1000087713;SIN TRATAMIENTO;;;;;4/6/2026;4/5/2026;;10149101
00365 RIO TINTO;1033308;ZSSD;FILTRO HIDRAULICO;SANY INTER;61001646;U365;365;V1;2;3;AGV;COMPRAS AGV;REPUESTOS;FILTRO;KG;ZPAN;1000087713;SIN TRATAMIENTO;;;;;4/6/2026;4/5/2026;;10149101
00365 RIO TINTO;1033325;ZSSD;FILTRO MAGNETICO;SANY INTER;60082686;U365;365;V1;2;3;AGV;COMPRAS AGV;REPUESTOS;FILTRO;KG;ZPAN;1000087713;SIN TRATAMIENTO;;;;;4/6/2026;4/5/2026;;10149101
00365 RIO TINTO;1033333;ZSSD;PASADOR DIENTE RIPPER;SANY INTER;10841439;U365;365;V1;5;8;AGV;COMPRAS AGV;REPUESTOS;?;KG;ZPAN;1000087713;SIN TRATAMIENTO;;;;;4/6/2026;4/5/2026;;10149101
00365 RIO TINTO;1034220;ZSTO;JUNTA LATERAL MOTOR 6 CILINDROS;;3284623;U365;365;V1;1;2;C03;EQUIPOS;REPUESTOS;CUMMINS 4;KG;ZPAN;1000087713;ADJUDICADO;4500127222;;;;4/6/2026;4/5/2026;C03;10149101
00365 RIO TINTO;1034628;ZSTO;JUNTA DE BALANCINES;;3027433 // 119718-11310;U365;365;V1;1;2;C03;EQUIPOS;REPUESTOS;HIMOINSA LTA 8 V LED;KG;ZPAN;1000087713;ADJUDICADO;4500127127;;;;4/6/2026;4/5/2026;C29;10149101
00365 RIO TINTO;1036794;ZSCD;GUANTE ANTICORTE GRADO 3 C/CERTIFICADO;;MÚLT. 12U;U365;365;V1;311;548;C28;SEGURIDAD/ROPA/EPP;SEGURIDAD;EPP;KG;ZPAN;1000086474;ADJUDICADO;4500125316;;;;13/5/2026;13/4/2026;C28;10147491
00365 RIO TINTO;1041673;ZSTO;DIENTE DERECHO AGUILON;FERNANDEZ;51558780 (47800695;U365;365;V1;1;2;AGV;COMPRAS AGV;REPUESTOS;?;KG;ZPAN;1000087713;SIN TRATAMIENTO;;;;;4/6/2026;4/5/2026;;10149101
00365 RIO TINTO;1041674;ZSTO;DIENTE IZQUIERDO AGUILON;GRUAS SAN;CNH 51558749 (47800694);U365;365;V1;1;2;AGV;COMPRAS AGV;REPUESTOS;?;KG;ZPAN;1000087713;SIN TRATAMIENTO;;;;;4/6/2026;4/5/2026;;10149101
00365 RIO TINTO;1042184;ZSSD;CUBIERTA 315/80 22.5 TRACCION;FIRESTONE; 315/80 22.5 TRACCION;U365;365;V1;3;5;AGV;COMPRAS AGV;CUBIERTAS;?;KG;ZPAN;1000087713;SIN TRATAMIENTO;;;;;4/6/2026;4/5/2026;;10149101
00365 RIO TINTO;1042669;ZSTO;CUCHILLA;CATERPILLA;5D-9559;U365;365;V1;2;3;AGV;COMPRAS AGV;REPUESTOS;CAT;KG;ZPAN;1000087713;SIN TRATAMIENTO;;;;;4/6/2026;4/5/2026;;10149101
00365 RIO TINTO;1042725;ZSTO;CORREA COMPRESOR A/A;REPUESTOS;AV 13X1150 / A230106000321;U365;365;V1;2;3;AGV;COMPRAS AGV;REPUESTOS;CORREAS;KG;ZPAN;1000087713;SIN TRATAMIENTO;;;;;4/6/2026;4/5/2026;;10149101
00365 RIO TINTO;1042726;ZSTO;CORREA BOMBA DE AGUA;SANY INTER;160102080029B046 / CONTITECH-8PK1793;U365;365;V1;2;3;AGV;COMPRAS AGV;REPUESTOS;CORREAS;KG;ZPAN;1000087713;SIN TRATAMIENTO;;;;;4/6/2026;4/5/2026;;10149101
00365 RIO TINTO;1042782;ZSTO;FILTRO DE CABINA;SANY INTER;60305487;U365;365;V1;1;2;AGV;COMPRAS AGV;REPUESTOS;FILTRO;KG;ZPAN;1000079777;CUMPLIDO PARCIAL;4500121975;6/5/2026;;;7/1/2026;17/12/2025;AGV;10138547
00365 RIO TINTO;1048886;ZSTO;FILTRO AIRE PRIMARIO ADMISION;SANY HEAVY;400-038-9991;U365;365;V1;5;8;C29;FILTROS/RESPUESTOS;REPUESTOS;FILTRO;KG;ZPAN;1000086187;SIN TRATAMIENTO;;;;;8/5/2026;8/4/2026;;10147132
00365 RIO TINTO;1054684;ZSTO;FILTRO AIRE PRIMARIO;;SA18158 HI-FI / RS5758 BALDWIN;U365;365;V1;2;3;AGV;COMPRAS AGV;REPUESTOS;FILTRO;KG;ZPAN;1000087713;SIN TRATAMIENTO;;;;;4/6/2026;4/5/2026;;10149101
00365 RIO TINTO;1054686;ZSTO;FILTRO AIRE SECUNDARIO;;SA18159 HI-FI / RS5759 BALDWIN;U365;365;V1;2;3;AGV;COMPRAS AGV;REPUESTOS;FILTRO;KG;ZPAN;1000087713;SIN TRATAMIENTO;;;;;4/6/2026;4/5/2026;;10149101
00365 RIO TINTO;1055070;ZSTO;ACEITE TRANSMISION - S6 ATF A295;;ALTERNATIVO: MOBIL SINTETICO DELVAC ATF;U365;365;V1;2;3;C29;FILTROS/RESPUESTOS;LUBRICANTES;?;KG;ZPAN;1000086067;CUMPLIDO PARCIAL;4500125013;16/5/2026;;;20/4/2026;6/4/2026;C29;10147003
00372 UTE 372 GEO POSCO II;1043433;ZSTO;RODILLO PRESION CUÑA;;153.338;U003;372;RE;4;6;CGT;GC Geotextiles;REPUESTOS;?;KG;ZPAN;1000078176;RECEPCIONADO PARCIAL;4500114743;12/3/2026;;;21/4/2026;20/11/2025;CGT;10136476
00372 UTE 372 GEO POSCO II;1048116;ZSTO;EJE PARA CUÑA;;146.648;U003;372;RE;1;1;CGT;GC Geotextiles;REPUESTOS;?;KG;ZPAN;1000084579;ADJUDICADO;4500123299;;;;25/5/2026;11/3/2026;CGT;10145117
00372 UTE 372 GEO POSCO II;1042016;ZSCD;CAMPERA ABRIGO ROJA T.S;;;U003;372;V1;4;6;C28;SEGURIDAD/ROPA/EPP;ROPA;INDUMENTARIA;KG;ZPAN;1000086475;ADJUDICADO;4500125591;;;;13/5/2026;13/4/2026;C28;10147492
00372 UTE 372 GEO POSCO II;1001682;ZSTO;MAMEL. 1°CAL. DESC. LAMIN.BLANCO 60GR.XL;;FABRICANTE:DUPONT | MODELO:TYVEK 500;U003;372;V1;80;150;C28;SEGURIDAD/ROPA/EPP;SEGURIDAD;INDUMENTARIA;KG;ZPAN;1000087716;ADJUDICADO;4500127064;;;;4/6/2026;4/5/2026;C28;10149103
00372 UTE 372 GEO POSCO II;1001699;ZSTO;CASCO CARCAZA BLANCO;LIBUS // 3M // MSA // STEELPRO;MILENIUM // H-700 BLANCO // V-GARD BLANCO // STEELPRO SAFETY BLANCO;U003;372;V1;3;4;C28;SEGURIDAD/ROPA/EPP;SEGURIDAD;ACCESORIO SEGURIDAD;KG;ZPAN;1000087716;ADJUDICADO;4500127064;;;;4/6/2026;4/5/2026;C28;10149103
00372 UTE 372 GEO POSCO II;1001704;ZSTO;PROTECTORFACIALSOPORTEARNESCREMALLERA;LIBUS;901383;U003;372;V1;3;6;C28;SEGURIDAD/ROPA/EPP;SEGURIDAD;ACCESORIO SEGURIDAD;KG;ZPAN;1000087716;ADJUDICADO;4500127707;;;;4/6/2026;4/5/2026;C28;10149103
00372 UTE 372 GEO POSCO II;1001706;ZSTO;GUANTE LATEX USO MEDICINAL CAJA X 100 UN;;;U003;372;RE;1;2;C28;SEGURIDAD/ROPA/EPP;SEGURIDAD;GUANTE;KG;ZPAN;1000087716;ADJUDICADO;4500127064;;;;4/6/2026;4/5/2026;C28;10149103
00372 UTE 372 GEO POSCO II;1001804;ZSTO;GRASA LITIO LIMIT MO-2 (NEGRA) X 180 KG;YPF S.A. // // YPF S.A.;LIMIT MO-2 // GADUS S2 V220 // 628793;U003;372;RE;1;2;L03;GRASAS;LUBRICANTES;GRASA;KG;ZPAN;1000087716;ADJUDICADO;4500127008;;;;4/6/2026;4/5/2026;L03;10149103
00372 UTE 372 GEO POSCO II;1002491;ZSTO;FILTRO ACEITE MOTOR;CATERPILLA // No aplica;2698325 // 4621171;U003;372;V1;3;4;F03;FILTRO ACEITE;FILTROS;CAT 938H;KG;ZPAN;1000087716;DESPACHADO;4500127570;19/5/2026;19/5/2026;20/5/2026;4/6/2026;4/5/2026;F03;10149103
00372 UTE 372 GEO POSCO II;1002996;ZSTO;FILTRO RESP DE TANQUE;HAULOTTE G;2505003370;U003;372;V1;2;3;F04;FILTRO AIRE;FILTROS;HAULOTTE HTL 4014/4017/4010;KG;ZPAN;1000087716;DESPACHADO;4500127191;21/5/2026;21/5/2026;22/5/2026;4/6/2026;4/5/2026;F04;10149103
00372 UTE 372 GEO POSCO II;1003224;ZSTO;7ILTRO DE UREA A BOMBA;CNH // CNH;500055972 // 2997594;U003;372;V1;1;2;F09;FILTRO DE UREA;FILTROS;IVECO TRAKKER 410 T 44 EUROTRO;KG;ZPAN;1000087716;DESPACHADO;4500127014;9/5/2026;9/5/2026;12/5/2026;4/6/2026;4/5/2026;F09;10149103
00372 UTE 372 GEO POSCO II;1022828;ZSTO;CORREA VENTILADOR MOTOR;;5718288;U003;372;V1;1;2;C03;EQUIPOS;CORREAS;?;KG;ZPAN;1000087716;DESPACHADO;4500127453;19/5/2026;19/5/2026;22/5/2026;4/6/2026;4/5/2026;C03;10149103
00372 UTE 372 GEO POSCO II;1029264;ZSTO;CORREA;;4995243;U003;372;V1;1;2;C03;EQUIPOS;CORREAS;?;KG;ZPAN;1000087716;ADJUDICADO;4500127953;;;;4/6/2026;4/5/2026;C03;10149103
00372 UTE 372 GEO POSCO II;1034220;ZSTO;JUNTA LATERAL MOTOR 6 CILINDROS;;3284623;U003;372;V1;3;4;C03;EQUIPOS;REPUESTOS;CUMMINS 4;KG;ZPAN;1000087716;ADJUDICADO;4500127221;;;;4/6/2026;4/5/2026;C29;10149103
00372 UTE 372 GEO POSCO II;1048112;ZSTO;TERMOCUPLA  Ø3X40;;149.133;U003;372;RE;1;3;CGT;GC Geotextiles;REPUESTOS;?;KG;ZPAN;1000087716;ADJUDICADO;4500127116;;;;4/6/2026;4/5/2026;CGT;10149103
00372 UTE 372 GEO POSCO II;1001784;ZSTO;ACEITE  HY GARD X 209L;JOHN DEERE;HY GARD;U003;372;RE;1;1;L01;ACEITES;LUBRICANTES;ACEITES;KG;ZPAN;1000087789;DESPACHADO;4500127177;16/5/2026;16/5/2026;20/5/2026;5/6/2026;5/5/2026;L01;10149249
00372 UTE 372 GEO POSCO II;1001786;ZSTO;ACEITE ISO 46 HIDRAULICO  X 205L;YPF S.A. // YPF S.A.;BP46 // 135392;U003;372;RE;1;1;L01;ACEITES;LUBRICANTES;ACEITES;KG;ZPAN;1000087789;ADJUDICADO;4500127008;;;;5/6/2026;5/5/2026;L03;10149249
00372 UTE 372 GEO POSCO II;1002411;ZSTO;CUCHILLAS TALON DE BALDE;JOHN DEERE;T329197;U003;372;RE;1;1;G01;CUCHILLAS;DESGASTE;JD 310 L 4X4 - 4X2;KG;ZPAN;1000087789;DESPACHADO;4500127174;14/5/2026;14/5/2026;20/5/2026;5/6/2026;5/5/2026;G05;10149249
00372 UTE 372 GEO POSCO II;1004317;ZSTO;ACEITE CAJA DE CAMBIOS x 205LTS;VOLVO CONS // //;97307//85136284 // TRAXIUM GEAR 8 75W80 // 97315;U003;372;RE;1;1;L01;ACEITES;LUBRICANTES;VOLVO;KG;ZPAN;1000087789;DESPACHADO;4500127056;14/5/2026;15/5/2026;20/5/2026;5/6/2026;5/5/2026;L01;10149249
00372 UTE 372 GEO POSCO II;1013522;ZSCD;ACEITE DIFERENCIALES VOLVO97312 x 205LTS;SHELL PLC.;SPIRAX S6 GXME 75W90;U003;372;RE;1;1;C29;FILTROS/RESPUESTOS;LUBRICANTES;LUBRICANTES;KG;ZPAN;1000087789;DESPACHADO;4500127056;14/5/2026;15/5/2026;20/5/2026;5/6/2026;5/5/2026;L01;10149249
00372 UTE 372 GEO POSCO II;1021945;ZSTO;ACEITE Hydrau x 209 lts  ;JOHN DEERE;TY27368;U003;372;RE;1;1;L01;ACEITES;LUBRICANTES;JOHN DEERE;KG;ZPAN;1000087789;DESPACHADO;4500127177;16/5/2026;16/5/2026;20/5/2026;5/6/2026;5/5/2026;L01;10149249
00372 UTE 372 GEO POSCO II;1030089;ZSTO;CORREA 8PK939;;8PK1939;U003;372;RE;1;1;C03;EQUIPOS;CORREAS;?;KG;ZPAN;1000087789;DESPACHADO;4500127358;19/5/2026;19/5/2026;20/5/2026;5/6/2026;5/5/2026;C03;10149249
00372 UTE 372 GEO POSCO II;1000018;ZSTO;FILTRO DE ACEITE MOTOR;MERCEDES B // //;A9061800209 // A9061800309 // HU945/2X;U003;372;V1;4;7;F03;FILTRO ACEITE;FILTROS;MERCEDES BENZ ATEGO;KG;ZPAN;1000088134;DESPACHADO;4500127408;19/5/2026;19/5/2026;20/5/2026;11/6/2026;11/5/2026;F03;10149773
00372 UTE 372 GEO POSCO II;1000020;ZSTO;FILTRO DE CABINA;MERCEDES B // // MANN //;A9738350147 // AF26144 // CU5877 // P784971;U003;372;V1;2;3;F05;FILTRO AIRE CABINA;FILTROS;MERCEDES BENZ;KG;ZPAN;1000088134;DESPACHADO;4500127408;19/5/2026;19/5/2026;20/5/2026;11/6/2026;11/5/2026;F03;10149773
00372 UTE 372 GEO POSCO II;1000036;ZSTO;FILTRO TRAMPA DE AGUA;MERCEDES B;A9794770015;U003;372;V1;4;7;F13;FILTRO TRAMPA DE A;FILTROS;MERCEDES BENZ ATEGO;KG;ZPAN;1000088134;DESPACHADO;4500127408;19/5/2026;19/5/2026;20/5/2026;11/6/2026;11/5/2026;F03;10149773
00372 UTE 372 GEO POSCO II;1001757;ZSTO;BOTIN MARRON/NEGRO FLOR P.ACERO N 41;CONWORK // VORAN // CALZADOS A // // // // BORIS;53BAF // CRONOS N T41 // ESCORPIO PRUS 1050 T41 // RINGO MOD BOLT TALLE 41 // RINGO-MOD PUNCH TALLE 41 // SKIWAY MOD. 3243 T41 // 3305 T41;U003;372;V1;4;6;C28;SEGURIDAD/ROPA/EPP;SEGURIDAD;CALZADO;KG;ZPAN;1000088134;ADJUDICADO;4500127402;;;;11/6/2026;11/5/2026;C28;10149773
00372 UTE 372 GEO POSCO II;1002832;ZSTO;FILTRO COMBUSTIBLE;FLEETGUARD // // FLEETGUARD // DONALDSON // MANN;2RK127177A // DB0519 // FF5052 // P553004 // WK723;U003;372;V1;5;8;F06;FILTRO COMBUSTIBLE;FILTROS;VW 26260 - ONAN;KG;ZPAN;1000088134;DESPACHADO;4500127697;19/5/2026;19/5/2026;20/5/2026;11/6/2026;11/5/2026;F06;10149773
00372 UTE 372 GEO POSCO II;1003065;ZSTO;FILTRO SECADOR DE AIRE DE FRENOS;MERCEDES B // // //;A0004291797 // A0004295695 // AL24 // T250W;U003;372;V1;2;3;F11;FILTRO SECADOR DE;FILTROS;MB ATEGO;KG;ZPAN;1000088134;DESPACHADO;4500127408;19/5/2026;19/5/2026;20/5/2026;11/6/2026;11/5/2026;F03;10149773
00372 UTE 372 GEO POSCO II;1003066;ZSTO;FILTRO GASOIL;MERCEDES B;A0000901551;U003;372;V1;4;7;F06;FILTRO COMBUSTIBLE;FILTROS;MB ATEGO;KG;ZPAN;1000088134;DESPACHADO;4500127408;19/5/2026;19/5/2026;20/5/2026;11/6/2026;11/5/2026;F03;10149773
00372 UTE 372 GEO POSCO II;1003068;ZSTO;FILTRO DE DIRECCION;MERCEDES B;A0004660604;U003;372;V1;2;3;F07;FILTRO FLUIDO HIDR;FILTROS;MB ATEGO;KG;ZPAN;1000088134;DESPACHADO;4500127408;19/5/2026;19/5/2026;20/5/2026;11/6/2026;11/5/2026;F03;10149773
00372 UTE 372 GEO POSCO II;1003173;ZSTO;FILTRO DE AIRE PRIMARIO;CATERPILLA;3370790;U003;372;V1;4;73;F04;FILTRO AIRE;FILTROS;CAT 950;KG;ZPAN;1000088134;DESPACHADO;4500127570;19/5/2026;19/5/2026;20/5/2026;11/6/2026;11/5/2026;F03;10149773
00372 UTE 372 GEO POSCO II;1048099;ZSTO;EJE TRANSMISION COMPLETA;;146.595;U003;372;RE;1;4;CGT;GC Geotextiles;REPUESTOS;?;KG;ZPAN;1000088134;ADJUDICADO;4500127529;;;;11/6/2026;11/5/2026;CGT;10149773
00372 UTE 372 GEO POSCO II;1043413;ZSTO;FILTRO DE ACEITE DE MOTOR;;A 651 180 01 09;U003;372;V1;2;2;C03;EQUIPOS;REPUESTOS;MERCEDES BENZ;KG;ZPAN;1000088267;DESPACHADO;4500127729;19/5/2026;19/5/2026;20/5/2026;15/6/2026;13/5/2026;C03;10150044
00372 UTE 372 GEO POSCO II;1043414;ZSTO;FILTRO DE COMBUSTIBLE;;A 651 090 30 52;U003;372;V1;2;2;C03;EQUIPOS;REPUESTOS;MERCEDES BENZ;KG;ZPAN;1000088267;DESPACHADO;4500127729;19/5/2026;19/5/2026;20/5/2026;15/6/2026;13/5/2026;C03;10150044
00372 UTE 372 GEO POSCO II;1043415;ZSTO;FILTRO DE AIRE;;A 009 037 52 00;U003;372;V1;2;2;C03;EQUIPOS;REPUESTOS;MERCEDES BENZ;KG;ZPAN;1000088267;DESPACHADO;4500127729;19/5/2026;19/5/2026;20/5/2026;15/6/2026;13/5/2026;C03;10150044
00372 UTE 372 GEO POSCO II;1043416;ZSTO;FILTRO DE HABITACULO;;A 906 830 02 18;U003;372;V1;2;2;C03;EQUIPOS;REPUESTOS;MERCEDES BENZ;KG;ZPAN;1000088267;DESPACHADO;4500127729;19/5/2026;19/5/2026;20/5/2026;15/6/2026;13/5/2026;C03;10150044
00372 UTE 372 GEO POSCO II;1001812;ZSTO;REFRIGERANTE ANTICONG. X20 LT;YPF S.A. // YPF S.A.;KRIOX 3 INORGANICO // 185280;U003;372;V1;3;5;L02;FLUIDOS;LUBRICANTES;ADITIVOS;KG;ZPAN;1000088350;ADJUDICADO;4500127960;;;;15/6/2026;14/5/2026;L02;10150144
00372 UTE 372 GEO POSCO II;1002544;ZSTO;FILTRO TRAMPA AGUA;PARKER RAC // PARKER RAC;2R000127177J // R120LJ10MAQII;U003;372;V1;2;2;F13;FILTRO TRAMPA DE A;FILTROS;VW31-3;KG;ZPAN;1000088544;ADJUDICADO;4500128290;;;;30/6/2026;17/5/2026;F13;10150364
00372 UTE 372 GEO POSCO II;1002750;ZSTO;FILTRO COMBUSTIBLE;KOMATSU HO // FLEETGUARD // // KOMATSU HO;6003193610 // FS1242 // P551864 // 6003113620;U003;372;V1;2;2;F06;FILTRO COMBUSTIBLE;FILTROS;PC350LC8;KG;ZPAN;1000088544;ADJUDICADO;4500128233;;;;30/6/2026;17/5/2026;F04;10150364
00372 UTE 372 GEO POSCO II;1003106;ZSTO;FILTRO DE AIRE SECUNDARIO;FLEETGUARD // //;AF25911 // P500956 // SA18138;U003;372;V1;2;2;F04;FILTRO AIRE;FILTROS;C110D5;KG;ZPAN;1000088544;ADJUDICADO;4500128233;;;;30/6/2026;17/5/2026;F04;10150364
00372 UTE 372 GEO POSCO II;1003358;ZSTO;FILTRO AIRE XUN;FLEETGUARD // DONALDSON // // No aplica;AH1136 // B085001 // C085004 // PA2815;U003;372;V1;2;2;F04;FILTRO AIRE;FILTROS;ONAN 67412;KG;ZPAN;1000088544;SIN TRATAMIENTO;;;;;30/6/2026;17/5/2026;;10150364
00372 UTE 372 GEO POSCO II;1004308;ZSTO;ACEITE HIDRAULICO X 20LT;BECHEM SUD;ATF;U003;372;V1;2;2;C29;FILTROS/RESPUESTOS;LUBRICANTES;LUBRICANTES;KG;ZPAN;1000088544;ADJUDICADO;4500128045;;;;30/6/2026;17/5/2026;C29;10150364
00372 UTE 372 GEO POSCO II;1029132;ZSTO;Filtro Aceite Motor;;2992242;U003;372;V1;2;2;C29;FILTROS/RESPUESTOS;FILTROS;MOTOBOMBA ANTONIK FC80/2;KG;ZPAN;1000088544;DESPACHADO;4500128083;22/5/2026;22/5/2026;22/5/2026;30/6/2026;17/5/2026;C03;10150364
00372 UTE 372 GEO POSCO II;1043520;ZSTO;FILTRO AIRE PRIMARIO;;5801640991;U003;372;V1;2;2;C03;EQUIPOS;REPUESTOS;FILTROS;KG;ZPAN;1000088544;DESPACHADO;4500128083;22/5/2026;22/5/2026;22/5/2026;30/6/2026;17/5/2026;C03;10150364
00372 UTE 372 GEO POSCO II;1043521;ZSTO;FILTRO AIRE SECUNDARIO;;503106176;U003;372;V1;2;2;C03;EQUIPOS;REPUESTOS;FILTROS;KG;ZPAN;1000088544;DESPACHADO;4500128083;22/5/2026;22/5/2026;22/5/2026;30/6/2026;17/5/2026;C03;10150364
00372 UTE 372 GEO POSCO II;1043522;ZSTO;FILTRO DE COMBUSTIBLE;;2992241;U003;372;V1;2;2;C03;EQUIPOS;REPUESTOS;FILTROS;KG;ZPAN;1000088544;DESPACHADO;4500128083;22/5/2026;22/5/2026;22/5/2026;30/6/2026;17/5/2026;C03;10150364
00372 UTE 372 GEO POSCO II;1033986;ZSCD;DISCO LIJA GRANO 60 DE 4 1/2 - DOBLE A;;"C&#24;176GRADO36";U003;372;V1;41;83;C27;FERRETERIA MR01;FERRETERIA;INSUMOS;KG;ZPAN;1000088544;SIN TRATAMIENTO;;;;;30/6/2026;17/5/2026;;10150364
00372 UTE 372 GEO POSCO II;1001885;ZSTO;BOLSAS RESIDUOS XUN 102X130 VERDE;;;U003;372;V1;120;250;C17;INSUMOS A;LIMPIEZA;LIMPIEZA /SEGURIDAD;KG;ZPAN;1000088591;ADJUDICADO;4500128204;;;;18/6/2026;18/5/2026;C17;10150399
00372 UTE 372 GEO POSCO II;1001960;ZSTO;CINTA AISLADORA AMARILLO X10MT;;;U003;372;V1;6;10;C27;FERRETERIA MR01;FERRETERIA;INSUMOS;KG;ZPAN;1000088591;SIN TRATAMIENTO;;;;;18/6/2026;18/5/2026;;10150399
00372 UTE 372 GEO POSCO II;1001962;ZSTO;CINTA AISLADORA ROJA X10MT;;;U003;372;V1;6;10;C27;FERRETERIA MR01;FERRETERIA;INSUMOS;KG;ZPAN;1000088591;SIN TRATAMIENTO;;;;;18/6/2026;18/5/2026;;10150399
00372 UTE 372 GEO POSCO II;1001963;ZSTO;CINTA AISLADORA VERDE X10MT;;;U003;372;V1;6;10;C27;FERRETERIA MR01;FERRETERIA;INSUMOS;KG;ZPAN;1000088591;SIN TRATAMIENTO;;;;;18/6/2026;18/5/2026;;10150399
00372 UTE 372 GEO POSCO II;1016922;ZSSD;CHOCLA 30MT;;;U003;372;V1;4;6;C27;FERRETERIA MR01;FERRETERIA;FERRETERIA;KG;ZPAN;1000088591;SIN TRATAMIENTO;;;;;18/6/2026;18/5/2026;;10150399
00372 UTE 372 GEO POSCO II;1001717;ZSTO;PROTECTOR FACIAL BURBUJA INCOLORO;LIBUS // 3M // MSA // STEELPRO;901386 // VISOR WP96 + SOPORTE // MSA VISOR CLEAR // STEELPRO BURBUJA CLEAR;U003;372;V1;5;10;C28;SEGURIDAD/ROPA/EPP;SEGURIDAD;ACCESORIO SEGURIDAD;KG;ZPAN;1000088663;ADJUDICADO;4500128192;;;;19/6/2026;19/5/2026;C28;10150498
00372 UTE 372 GEO POSCO II;1001759;ZSTO;BOTIN MARRON/NEGRO FLOR P.ACERO N 43;CONWORK // VORAN // CALZADOS A // // // // BORIS;53BAF // CRONOS N T43 // ESCORPIO PRUS 1050 T43 // RINGO MOD BOLT TALLE 43 // RINGO-MOD PUNCH TALLE 43 // SKIWAY MOD. 3243 T43 // 3305 T43;U003;372;V1;3;4;C28;SEGURIDAD/ROPA/EPP;SEGURIDAD;CALZADO;KG;ZPAN;1000088663;ADJUDICADO;4500128192;;;;19/6/2026;19/5/2026;C28;10150498
00372 UTE 372 GEO POSCO II;1015810;ZSSD;LIMPIACONTACTO EN AEROSOL X UN;;;U003;372;V1;5;8;C27;FERRETERIA MR01;LIMPIEZA;LIMPIEZA /SEGURIDAD;KG;ZPAN;1000088663;SIN TRATAMIENTO;;;;;19/6/2026;19/5/2026;;10150498
00372 UTE 372 GEO POSCO II;1001961;ZSTO;CINTA AISLADORA NEGRA X10MT;;;U003;372;V1;6;10;C27;FERRETERIA MR01;FERRETERIA;INSUMOS;KG;ZPAN;1000088778;SIN TRATAMIENTO;;;;;22/6/2026;20/5/2026;;10150606
00372 UTE 372 GEO POSCO II;1002013;ZSTO;PANTALON JEAN T.42;;;U003;372;V1;6;8;C28;SEGURIDAD/ROPA/EPP;ROPA;INDUMENTARIA;KG;ZPAN;1000088997;SIN TRATAMIENTO;;;;;18/6/2026;25/5/2026;;10150923
00374 TERMINAL PUNTA COLORADA;1041725;ZSTO;"CUCHILLA (7′ X 8″ X 5/8″) X 15 Aguj 5/8""";;5D9561 / T71979 (BORO);MR01;374;V1;20;40;G01;CUCHILLAS;EQUIPOS;DESGASTE;KG;ZPAN;1000076029;CUMPLIDO PARCIAL;4500113010;20/4/2026;23/1/2026;24/4/2026;6/11/2025;17/10/2025;G01;10133598
00374 TERMINAL PUNTA COLORADA;1001871;ZSTO;RESMA DE HOJA A4 70GR. X UN;;;MR01;374;V1;30;60;C17;INSUMOS A;LIBRERIA;PAPEL;KG;ZPAS;1000080945;DESPACHADO;;;14/1/2026;23/1/2026;2/2/2026;13/1/2026;;
00374 TERMINAL PUNTA COLORADA;1049670;ZSTO;DIENTE CORTE IZQUIERDO;;KV17002 / BOBCAT 06634415;MR01;374;V1;34;68;C03;EQUIPOS;EQUIPOS;?;KG;ZPAN;1000081472;CUMPLIDO PARCIAL;4500118169;30/1/2026;30/1/2026;4/2/2026;4/2/2026;21/1/2026;C03;10141016
00374 TERMINAL PUNTA COLORADA;1049671;ZSTO;DIENTE CORTE DERECHO;;KV17003 / BOBCAT 06634414;MR01;374;V1;34;68;C03;EQUIPOS;EQUIPOS;?;KG;ZPAN;1000081472;CUMPLIDO PARCIAL;4500118169;30/1/2026;30/1/2026;4/2/2026;4/2/2026;21/1/2026;C03;10141016
00374 TERMINAL PUNTA COLORADA;1017009;ZSSD;BLOCK A5 ESPIRAL CUADRIC 70HS;;;MR01;374;CL;12;24;C17;INSUMOS A;LIBRERIA;LIBRERIA;KG;ZPAN;1000082283;RESPONDIDO;4500119274;14/2/2026;14/2/2026;14/2/2026;15/5/2026;3/2/2026;374;10142052
00374 TERMINAL PUNTA COLORADA;1017010;ZSSD;BOLIGRAFO TRAZO FINO AZUL;;MÚLT. 24U;MR01;374;CL;72;144;C17;INSUMOS A;LIBRERIA;ESCRITURA;KG;ZPAN;1000083302;RESPONDIDO;4500120671;30/3/2026;30/3/2026;30/3/2026;15/5/2026;20/2/2026;374;10143356
00374 TERMINAL PUNTA COLORADA;1017023;ZSSD;CUADERNO ESPIRAL RAY A4 T.DURA 80 HJ;;;MR01;374;CL;5;10;C17;INSUMOS A;LIBRERIA;ESCRITURA;KG;ZPAN;1000083302;RESPONDIDO;4500120671;30/3/2026;30/3/2026;30/3/2026;15/5/2026;20/2/2026;374;10143356
00374 TERMINAL PUNTA COLORADA;1001697;ZSTO;GUANTE VAQUETA MEDIO PASEO T.10;;MÚLT. 12U;MR01;374;V1;700;1000;C28;SEGURIDAD/ROPA/EPP;SEGURIDAD;GUANTE;KG;ZPAS;1000084479;DESPACHADO;;;11/3/2026;13/3/2026;31/3/2026;10/3/2026;;
00374 TERMINAL PUNTA COLORADA;1022224;ZSTO;"ESCOBILLA HILUX 22"" L/2016+";TOYOTA ARG;85222-71010;MR01;374;V1;2;4;C03;EQUIPOS;REPUESTOS;AUTOMOTOR;KG;ZPAS;1000085878;CUMPLIDO PARCIAL;;;27/4/2026;30/4/2026;11/5/2026;1/4/2026;;
00374 TERMINAL PUNTA COLORADA;1001686;ZSTO;ANTEOJO GRIS;LIBUS // 3M // MSA // STEELPRO;ECOLINEHC (MÚLT. 10U) // SECUREFIT SF202AF GRIS // MSA PERSPECTA SMOKE // STEELPRO SPY SMOKE;MR01;374;V1;700;1000;C28;SEGURIDAD/ROPA/EPP;SEGURIDAD;ACCESORIO SEGURIDAD;KG;ZPAS;1000086362;CUMPLIDO PARCIAL;;;22/4/2026;21/5/2026;30/4/2026;10/4/2026;;
00374 TERMINAL PUNTA COLORADA;1003669;ZSTO;PIN PIN STOP;DAEMO ENGI;B23510153;MR01;374;V1;4;4;C29;FILTROS/RESPUESTOS;REPUESTOS;DAEMO;KG;ZPAN;1000086369;ADJUDICADO;4500125122;;;;30/4/2026;10/4/2026;C28;10147353
00374 TERMINAL PUNTA COLORADA;1001699;ZSTO;CASCO CARCAZA BLANCO;LIBUS // 3M // MSA // STEELPRO;MILENIUM // H-700 BLANCO // V-GARD BLANCO // STEELPRO SAFETY BLANCO;MR01;374;V1;15;30;C28;SEGURIDAD/ROPA/EPP;SEGURIDAD;ACCESORIO SEGURIDAD;KG;ZPAS;1000086661;CUMPLIDO PARCIAL;;;17/4/2026;;6/5/2026;15/4/2026;;
00374 TERMINAL PUNTA COLORADA;1001726;ZSTO;SUSPENSION CREMALLERA;LIBUS // 3M // MSA // STEELPRO;MILENIUM // SUSPENSIÓN RATCHET H-700 // FAS-TRAC III // RATCHET STEELPRO;MR01;374;V1;70;150;C28;SEGURIDAD/ROPA/EPP;SEGURIDAD;ACCESORIO SEGURIDAD;KG;ZPAS;1000086661;CUMPLIDO PARCIAL;;;17/4/2026;;6/5/2026;15/4/2026;;
00374 TERMINAL PUNTA COLORADA;1001952;ZSTO;TRAPO LIMPIO (BOLSAX10KG) XUN;;MÚLT. 10 KG;MR01;374;V1;10;15;C27;FERRETERIA MR01;FERRETERIA;ACCESORIOS;KG;ZPAS;1000086661;CUMPLIDO PARCIAL;;;17/4/2026;21/5/2026;6/5/2026;15/4/2026;;
00374 TERMINAL PUNTA COLORADA;1034240;ZSSD;CHALECO GRAFA NARANJA C/REFLECTIVO T.XXL;;;MR01;374;V1;30;60;C28;SEGURIDAD/ROPA/EPP;SEGURIDAD;INDUMENTARIA;KG;ZPAN;1000086949;CUMPLIDO PARCIAL;4500126536;19/5/2026;19/5/2026;19/5/2026;11/5/2026;20/4/2026;C28;10148153
00374 TERMINAL PUNTA COLORADA;1047700;ZSCD;CHALECO REFLECTIVO NARANJA C2 C/LOGO T.S;;;MR01;374;V1;20;35;C28;SEGURIDAD/ROPA/EPP;INDUMENTARIA;EPP;KG;ZPAN;1000086949;CUMPLIDO PARCIAL;4500126536;19/5/2026;19/5/2026;19/5/2026;11/5/2026;20/4/2026;C28;10148153
00374 TERMINAL PUNTA COLORADA;1001888;ZSTO;BOLSAS RESIDUOS XUN 102X130 NEGRA;;;MR01;374;V1;100;200;C17;INSUMOS A;LIMPIEZA;LIMPIEZA /SEGURIDAD;KG;ZPAS;1000087208;CUMPLIDO PARCIAL;;;27/4/2026;21/5/2026;15/5/2026;24/4/2026;;
00374 TERMINAL PUNTA COLORADA;1001881;ZSTO;MARCADOR INDUSTRIAL - ROJO UNIPAINT X UN;UNIPAINT;MÚLT. 10U;MR01;374;V1;120;240;C17;INSUMOS A;LIBRERIA;ESCRITURA;KG;ZPAS;1000087311;CUMPLIDO PARCIAL;;;29/4/2026;21/5/2026;18/5/2026;27/4/2026;;
00374 TERMINAL PUNTA COLORADA;1001962;ZSTO;CINTA AISLADORA ROJA X10MT;;;MR01;374;V1;25;40;C27;FERRETERIA MR01;FERRETERIA;INSUMOS;KG;ZPAS;1000087311;CUMPLIDO PARCIAL;;;29/4/2026;21/5/2026;18/5/2026;27/4/2026;;
00374 TERMINAL PUNTA COLORADA;1001964;ZSTO;CINTA AISLADORA BLANCA;;;MR01;374;V1;25;40;C27;FERRETERIA MR01;FERRETERIA;INSUMOS;KG;ZPAS;1000087311;CUMPLIDO PARCIAL;;;29/4/2026;21/5/2026;18/5/2026;27/4/2026;;
00374 TERMINAL PUNTA COLORADA;1001880;ZSTO;MARCADOR INDUSTRIAL - AZUL UNIPAINT X UN;UNIPAINT;MÚLT. 10U;MR01;374;V1;120;240;C17;INSUMOS A;LIBRERIA;ESCRITURA;KG;ZPAS;1000087721;CUMPLIDO PARCIAL;;;5/5/2026;21/5/2026;22/5/2026;4/5/2026;;
00374 TERMINAL PUNTA COLORADA;1001956;ZSTO;MASILLA POXILINA 10MIN. X 250 GRS XUN;POXILINA;;MR01;374;V1;4;8;C27;FERRETERIA MR01;FERRETERIA;ADHESIVOS/SELLADORES/LUBRICANT;KG;ZPAS;1000087721;SIN TRATAMIENTO;;;;;22/5/2026;4/5/2026;;
00374 TERMINAL PUNTA COLORADA;1004401;ZSTO;LAMPARA12V-45WPATASIGUALESXUN;;(BA15S);MR01;374;V1;10;20;C29;FILTROS/RESPUESTOS;REPUESTOS;ELECTRICIDAD AUTOMOTOR;KG;ZPAS;1000087721;SIN TRATAMIENTO;;;;;22/5/2026;4/5/2026;;
00374 TERMINAL PUNTA COLORADA;1022049;ZSTO;CUCHILLA CENTRAL DERECHA;KOMATSU HO;130-70-41130;MR01;374;V1;1;3;G01;CUCHILLAS;DESGASTE;KOMATSU D65 EX15;KG;ZPAS;1000087721;SIN TRATAMIENTO;;;;;22/5/2026;4/5/2026;;
00374 TERMINAL PUNTA COLORADA;1022050;ZSTO;CUCHILLA CENTRAL IZQUIERDA;KOMATSU HO;130-920-2180;MR01;374;V1;1;3;G01;CUCHILLAS;DESGASTE;KOMATSU D65 EX15;KG;ZPAS;1000087721;SIN TRATAMIENTO;;;;;22/5/2026;4/5/2026;;
00374 TERMINAL PUNTA COLORADA;1022061;ZSTO;CORREA ALTERNADOR DE 90AMP;KOMATSU HO;6741-61-1621;MR01;374;V1;1;2;C29;FILTROS/RESPUESTOS;REPUESTOS;KOMATSU D65EX15;KG;ZPAS;1000087721;SIN TRATAMIENTO;;;;;22/5/2026;4/5/2026;;
00374 TERMINAL PUNTA COLORADA;1022223;ZSTO;"ESCOBILLA HILUX 16"" L/2016+";TOYOTA ARG;85212-42130;MR01;374;V1;2;4;C03;EQUIPOS;REPUESTOS;AUTOMOTOR;KG;ZPAS;1000087721;SIN TRATAMIENTO;;;;;22/5/2026;4/5/2026;;
00374 TERMINAL PUNTA COLORADA;1027673;ZSTO;KIT CORREA Y TENSOR VM;VOLVO TRUC;20002070 (20430614+21549016+21574656);MR01;374;V1;2;3;C03;EQUIPOS;CORREAS;?;KG;ZPAS;1000087721;SIN TRATAMIENTO;;;;;22/5/2026;4/5/2026;;
00374 TERMINAL PUNTA COLORADA;1025947;ZSSD;ESCOBA DE PLASTICO;;;MR01;374;CL;10;15;C17;INSUMOS A;LIMPIEZA;LIMPIEZA /SEGURIDAD;KG;ZPAN;1000087723;CUMPLIDO PARCIAL;4500126845;19/5/2026;19/5/2026;19/5/2026;29/5/2026;4/5/2026;374;10149106
00374 TERMINAL PUNTA COLORADA;1016973;ZSSD;MAZA MINERO 3 KG;;;MR01;374;V1;3;6;C27;FERRETERIA MR01;FERRETERIA;HERRAMIENTA MANUAL;KG;ZPAN;1000087723;ADJUDICADO;4500128086;;;;22/5/2026;4/5/2026;C27;10149106
00374 TERMINAL PUNTA COLORADA;1022812;ZSTO;CORREA COMPRESOR A/A;;04120-21766;MR01;374;V1;1;2;C03;EQUIPOS;EQUIPOS;?;KG;ZPAN;1000087724;ADJUDICADO;4500126972;;;;22/5/2026;4/5/2026;C03;10149107
00374 TERMINAL PUNTA COLORADA;1025339;ZSTO;CORREA VENTILADOR MOTOR;;5715360;MR01;374;V1;1;2;C03;EQUIPOS;CORREAS;?;KG;ZPAN;1000087724;DESPACHADO;4500127242;19/5/2026;19/5/2026;21/5/2026;22/5/2026;4/5/2026;C03;10149107
00374 TERMINAL PUNTA COLORADA;1027863;ZSTO;CORREA MOTOR;;8PK-2250;MR01;374;V1;2;4;C03;EQUIPOS;CORREAS;?;KG;ZPAN;1000087724;DESPACHADO;4500127043;16/5/2026;16/5/2026;21/5/2026;22/5/2026;4/5/2026;C03;10149107
00374 TERMINAL PUNTA COLORADA;1029481;ZSTO;CORREA POLY V 4PK-1000;SKF;4PK1000 POLY V CONTINENTAL;MR01;374;V1;1;2;C29;FILTROS/RESPUESTOS;CORREAS;?;KG;ZPAN;1000087724;DESPACHADO;4500126913;15/5/2026;15/5/2026;21/5/2026;22/5/2026;4/5/2026;C29;10149107
00374 TERMINAL PUNTA COLORADA;1035198;ZSTO;CORREA POLY V;;0412021760;MR01;374;V1;1;3;C03;EQUIPOS;CORREAS;?;KG;ZPAN;1000087724;PICKEADO;4500127244;22/5/2026;22/5/2026;;22/5/2026;4/5/2026;C03;10149107
00374 TERMINAL PUNTA COLORADA;1046486;ZSTO;CORREA ALTERNADOR;;6205-61-3580;MR01;374;V1;1;2;C03;EQUIPOS;EQUIPOS;?;KG;ZPAN;1000087724;DESPACHADO;4500127398;19/5/2026;19/5/2026;21/5/2026;22/5/2026;4/5/2026;C03;10149107
00374 TERMINAL PUNTA COLORADA;1047701;ZSCD;CHALECO REFLECTIVO NARANJA C2 C/LOGO T.M;;;MR01;374;V1;20;35;C28;SEGURIDAD/ROPA/EPP;INDUMENTARIA;EPP;KG;ZPAN;1000087724;ADJUDICADO;4500127155;;;;22/5/2026;4/5/2026;C28;10149107
00374 TERMINAL PUNTA COLORADA;1054331;ZSSD;SIKA ANTISOL BASE SOLVENTE X200LT;;;MR01;374;V1;1;2;C18;HORMIGÓN;HORMIGON;?;KG;ZPAN;1000087724;ADJUDICADO;4500127692;;;;22/5/2026;4/5/2026;C18;10149107
00374 TERMINAL PUNTA COLORADA;1016930;ZSSD;BALDE ALBANIL PLASTICO;;;MR01;374;V1;25;50;C27;FERRETERIA MR01;FERRETERIA;FERRETERIA;KG;ZPAN;1000087792;ADJUDICADO;4500128086;;;;26/5/2026;5/5/2026;C27;10149251
00374 TERMINAL PUNTA COLORADA;1002090;ZSTO;CAPA DE LLUVIA T.XL;;;MR01;374;V1;3;6;C28;SEGURIDAD/ROPA/EPP;ROPA;INDUMENTARIA;KG;ZPAS;1000087963;DESPACHADO;;;21/5/2026;21/5/2026;28/5/2026;7/5/2026;;
00374 TERMINAL PUNTA COLORADA;1001737;ZSTO;CRIQUETTENSORCONFAJA9METROSX10CMSGPLANO;;;MR01;374;V1;2;6;C27;FERRETERIA MR01;SEGURIDAD;LOGISTICA;KG;ZPAS;1000088135;DESPACHADO;;;21/5/2026;21/5/2026;1/6/2026;11/5/2026;;
00374 TERMINAL PUNTA COLORADA;1001834;ZSTO;CUBIERTA 265 65 17 DUELER A T 693;BRIDGESTON // BRIDGESTON // PIRELLI NE // PIRELLI NE // GOOD YEAR;DUELER A T 693 // AT REVO 2 // S MTR // SCORPION ATR // WRANGLER WORKHORSE;MR01;374;V1;8;16;C47;CUBIERTAS AUTOMOTR;CUBIERTAS;hilux hasta 2016;KG;ZPAS;1000088135;CUMPLIDO PARCIAL;;;13/5/2026;21/5/2026;1/6/2026;11/5/2026;;
00374 TERMINAL PUNTA COLORADA;1016920;ZSSD;SOGA NAUTICA 12MM;;MÚLT. 100 MTS;MR01;374;V1;200;400;C27;FERRETERIA MR01;FERRETERIA;FERRETERIA;KG;ZPAN;1000088184;ADJUDICADO;4500128086;;;;2/6/2026;12/5/2026;C27;10149888
00374 TERMINAL PUNTA COLORADA;1016986;ZSSD;CORTAFRIO FORJADO 22X200;;;MR01;374;V1;10;15;C27;FERRETERIA MR01;FERRETERIA;INSUMOS;KG;ZPAN;1000088184;ADJUDICADO;4500128086;;;;2/6/2026;12/5/2026;C27;10149888
00374 TERMINAL PUNTA COLORADA;1041529;ZSCD;HOJA CALADORA P/BOSCHGST650 T111C;;;MR01;374;V1;10;20;C27;FERRETERIA MR01;FERRETERIA;INSUMOS;KG;ZPAN;1000088184;ADJUDICADO;4500128086;;;;2/6/2026;12/5/2026;C27;10149888
00374 TERMINAL PUNTA COLORADA;1047246;ZSCD;MAZA MINERO 2KG C/ CABO PLASTICO;;;MR01;374;V1;2;4;C27;FERRETERIA MR01;FERRETERIA;HERRAMIENTA MANUAL;KG;ZPAN;1000088184;ADJUDICADO;4500128086;;;;2/6/2026;12/5/2026;C27;10149888
00374 TERMINAL PUNTA COLORADA;1047285;ZSCD;MECHA WIDIA SDS PLUS Ø12MM 450MM;;;MR01;374;V1;2;4;C27;FERRETERIA MR01;FERRETERIA;ACCESORIOS;KG;ZPAN;1000088184;ADJUDICADO;4500128086;;;;2/6/2026;12/5/2026;C27;10149888
00374 TERMINAL PUNTA COLORADA;1047515;ZSCD;TANZA 1MM AMARILLA XROLLO 80M;;;MR01;374;V1;20;40;C27;FERRETERIA MR01;FERRETERIA;INSUMOS;KG;ZPAN;1000088184;ADJUDICADO;4500128086;;;;2/6/2026;12/5/2026;C27;10149888
00374 TERMINAL PUNTA COLORADA;1047702;ZSCD;CHALECO REFLECTIVO NARANJA C2 C/LOGO T.L;;;MR01;374;V1;25;45;C28;SEGURIDAD/ROPA/EPP;INDUMENTARIA;EPP;KG;ZPAN;1000088184;ADJUDICADO;4500127991;;;;2/6/2026;12/5/2026;C28;10149888
00374 TERMINAL PUNTA COLORADA;1049436;ZSCD;MARTILLO CARPINTERO C/CABO DE FIBRA;;;MR01;374;V1;20;40;C27;FERRETERIA MR01;FERRETERIA;?;KG;ZPAN;1000088184;ADJUDICADO;4500128086;;;;2/6/2026;12/5/2026;C27;10149888
00374 TERMINAL PUNTA COLORADA;1054305;ZSCD;AEROSOL BASE AGUA ROJO X440CC;;;MR01;374;V1;96;240;C22;INSUMOS C;INSUMOS;?;KG;ZPAN;1000088184;ADJUDICADO;4500127991;;;;2/6/2026;12/5/2026;C28;10149888
00374 TERMINAL PUNTA COLORADA;1054308;ZSCD;AEROSOL BASE AGUA AMARILLO X440CC;;;MR01;374;V1;12;24;C22;INSUMOS C;INSUMOS;?;KG;ZPAN;1000088184;ADJUDICADO;4500127991;;;;2/6/2026;12/5/2026;C28;10149888
00374 TERMINAL PUNTA COLORADA;1054337;ZSCD;HOJA CALADORA;LEVAS BOSC;T144DP;MR01;374;V1;10;20;C27;FERRETERIA MR01;FERRETERIA;?;KG;ZPAN;1000088184;ADJUDICADO;4500128086;;;;2/6/2026;12/5/2026;C27;10149888
00374 TERMINAL PUNTA COLORADA;1017013;ZSSD;CORRECTOR LAPIZ 7MM;;;MR01;374;CL;12;24;C17;INSUMOS A;LIBRERIA;ACCESORIOS;KG;ZPAN;1000088271;PICKEADO;4500127894;23/5/2026;23/5/2026;;3/6/2026;13/5/2026;C17;10150046
00374 TERMINAL PUNTA COLORADA;1041940;ZSCD;MAMELUCO GRAFA AZUL C/LOGO Y REFL. T.XXL;;;MR01;374;CL;5;10;C28;SEGURIDAD/ROPA/EPP;INDUMENTARIA;EPP;KG;ZPAN;1000088271;ADJUDICADO;4500127891;;;;15/6/2026;13/5/2026;374;10150046
00374 TERMINAL PUNTA COLORADA;1026942;ZSCD;ESCUADRA ALBANIL 45° 20CMx30CM METAL;;;MR01;374;V1;1;2;C27;FERRETERIA MR01;FERRETERIA;HERRAMIENTAS;KG;ZPAN;1000088271;ADJUDICADO;4500128082;;;;3/6/2026;13/5/2026;C27;10150046
00374 TERMINAL PUNTA COLORADA;1030003;ZSTO;CORREA A/C;;04120-21747;MR01;374;V1;1;3;C29;FILTROS/RESPUESTOS;CORREAS;EXCAVADORA KOMATSU PC 240;KG;ZPAN;1000088271;DESPACHADO;4500127874;19/5/2026;19/5/2026;21/5/2026;3/6/2026;13/5/2026;C03;10150046
00374 TERMINAL PUNTA COLORADA;1047471;ZSCD;TRIPA P/VIBRADOR DE H° HEXAG. 38MMX6M;;;MR01;374;V1;2;4;C27;FERRETERIA MR01;HORMIGON;ACCESORIOS;KG;ZPAN;1000088271;ADJUDICADO;4500128317;;;;3/6/2026;13/5/2026;C27;10150046
00374 TERMINAL PUNTA COLORADA;1047472;ZSCD;TRIPA P/VIBRADOR DE H° HEXAG. 45MMX6M;;;MR01;374;V1;2;4;C27;FERRETERIA MR01;HORMIGON;ACCESORIOS;KG;ZPAN;1000088271;ADJUDICADO;4500128317;;;;3/6/2026;13/5/2026;C27;10150046
00374 TERMINAL PUNTA COLORADA;1047473;ZSCD;TRIPA P/VIBRADOR DE H° HEXAG. 35MMX3,5M;;;MR01;374;V1;4;8;C27;FERRETERIA MR01;HORMIGON;ACCESORIOS;KG;ZPAN;1000088271;ADJUDICADO;4500128317;;;;3/6/2026;13/5/2026;C27;10150046
00374 TERMINAL PUNTA COLORADA;1048029;ZSCD;LIJA AL AGUA GRANO 1000;;;MR01;374;V1;25;50;C27;FERRETERIA MR01;FERRETERIA;INSUMOS;KG;ZPAN;1000088271;SIN TRATAMIENTO;;;;;3/6/2026;13/5/2026;;10150046
00374 TERMINAL PUNTA COLORADA;1002529;ZSTO;FILTRO HIDRAULICO DE RETORNO XUN;JOHN DEERE // JOHN DEERE;AT335977 // AT545968;MR01;374;V1;2;3;F07;FILTRO FLUIDO HIDR;FILTROS;JD 544K;KG;ZPAS;1000088351;DESPACHADO;;;15/5/2026;21/5/2026;4/6/2026;14/5/2026;;
00374 TERMINAL PUNTA COLORADA;1002569;ZSTO;FILTRO RESPIRADERO TANQUE HIDRAULICO XUN;JOHN DEERE;AM39653;MR01;374;V1;2;3;F04;FILTRO AIRE;FILTROS;JD 544K;KG;ZPAS;1000088351;DESPACHADO;;;15/5/2026;21/5/2026;4/6/2026;14/5/2026;;
00374 TERMINAL PUNTA COLORADA;1002815;ZSTO;FILTRO AIRE SECUNDARIO XUN;DARMET // // MANN // DONALDSON // DARMET // No aplica // LEVAS BOSC;V750S // AF1840 // CF1000 // P776695 // V-717/S // C1000 // 0986B03904;MR01;374;V1;3;5;F04;FILTRO AIRE;FILTROS;ONAN / MULLER;KG;ZPAS;1000088351;DESPACHADO;;;15/5/2026;21/5/2026;4/6/2026;14/5/2026;;
00374 TERMINAL PUNTA COLORADA;1002908;ZSTO;FILTRO TRANSIMISION HIDRAULICO XUN;JOHN DEERE;AT367635;MR01;374;V1;2;4;F07;FILTRO FLUIDO HIDR;FILTROS;JD 524;KG;ZPAS;1000088351;DESPACHADO;;;15/5/2026;21/5/2026;4/6/2026;14/5/2026;;
00374 TERMINAL PUNTA COLORADA;1003103;ZSTO;FILTRO ACEITE MOTOR;MANN // HENGST // MANN // DONALDSON // PARKER;07W115436 // E161H01 D28 // HU947/2 2X // P550451 // REL-814;MR01;374;V1;4;7;F03;FILTRO ACEITE;FILTROS;FILTROS;KG;ZPAS;1000088351;DESPACHADO;;;15/5/2026;21/5/2026;4/6/2026;14/5/2026;;
00374 TERMINAL PUNTA COLORADA;1003229;ZSTO;FILTRO DE TRANSMISION;JOHN DEERE;AT468647;MR01;374;V1;2;3;F03;FILTRO ACEITE;FILTROS;JD 624 K;KG;ZPAS;1000088351;DESPACHADO;;;15/5/2026;21/5/2026;4/6/2026;14/5/2026;;
00374 TERMINAL PUNTA COLORADA;1003953;ZSTO;BATERIA 12V 75AMP;MOURA;M30LD;MR01;374;V1;2;4;C03;EQUIPOS;REPUESTOS;hilux 2017 en adelante;KG;ZPAS;1000088351;DESPACHADO;;;15/5/2026;21/5/2026;4/6/2026;14/5/2026;;
00374 TERMINAL PUNTA COLORADA;1002688;ZSTO;FILTRO GASOIL;BOBCAT;6667352;MR01;374;V1;3;5;F06;FILTRO COMBUSTIBLE;FILTROS;BOBCAT S185;KG;ZPAS;1000088430;DESPACHADO;;;18/5/2026;21/5/2026;5/6/2026;15/5/2026;;
00374 TERMINAL PUNTA COLORADA;1001679;ZSTO;FICHA T.STECK MACHO 220V 16A 2P T XUN;;;MR01;374;V1;15;30;C11;ELECTRICIDAD;ELECTRICIDAD;FICHAS;KG;ZPAS;1000088592;DESPACHADO;;;21/5/2026;21/5/2026;8/6/2026;18/5/2026;;
00374 TERMINAL PUNTA COLORADA;1001707;ZSTO;CHALECOGRAFANARANJACONREFLETIVOT.XLC2;;MÚLT. 12U;MR01;374;V1;30;60;C28;SEGURIDAD/ROPA/EPP;SEGURIDAD;INDUMENTARIA;KG;ZPAS;1000088592;DESPACHADO;;;21/5/2026;21/5/2026;8/6/2026;18/5/2026;;
00374 TERMINAL PUNTA COLORADA;1001708;ZSTO;GUANTE POLIAMIDA LAMINADO PALMAPU-TALLE9;;MÚLT. 12U;MR01;374;V1;700;1000;C28;SEGURIDAD/ROPA/EPP;SEGURIDAD;GUANTE;KG;ZPAS;1000088592;DESPACHADO;;;21/5/2026;21/5/2026;8/6/2026;18/5/2026;;
00374 TERMINAL PUNTA COLORADA;1001840;ZSTO;CUBIERTA 17.5-25 VIAL SP 16 TELAS L2;FIRESTONE // PIRELLI NE // GOOD YEAR // TITAN ARGE // MICHELIN A;L2 // PN-L2 // SGL-L2 // TITAN L2 // XTLA;MR01;374;V1;2;5;C49;CUBIERTAS INDUSTRI;CUBIERTAS;MOTONIVELADORA CAT Y JD;KG;ZPAS;1000088592;DESPACHADO;;;21/5/2026;21/5/2026;8/6/2026;18/5/2026;;
00374 TERMINAL PUNTA COLORADA;1001868;ZSTO;FILMSTRECHMANUALXBOBINAx2,70KG;;MEDIDAS 0,50X200METROSX2;MR01;374;V1;5;10;C17;INSUMOS A;LIBRERIA;CINTAS ADHESIVAS;KG;ZPAS;1000088592;DESPACHADO;;;21/5/2026;21/5/2026;8/6/2026;18/5/2026;;
00374 TERMINAL PUNTA COLORADA;1001885;ZSTO;BOLSAS RESIDUOS XUN 102X130 VERDE;;;MR01;374;V1;400;800;C17;INSUMOS A;LIMPIEZA;LIMPIEZA /SEGURIDAD;KG;ZPAS;1000088592;DESPACHADO;;;21/5/2026;21/5/2026;8/6/2026;18/5/2026;;
00374 TERMINAL PUNTA COLORADA;1001894;ZSTO;ALCOHOL EN GEL X LITRO;;;MR01;374;V1;10;20;C17;INSUMOS A;LIMPIEZA;ALCOHOL EN GEL;KG;ZPAS;1000088592;DESPACHADO;;;21/5/2026;21/5/2026;8/6/2026;18/5/2026;;
00374 TERMINAL PUNTA COLORADA;1001959;ZSTO;CINTA TEFLON 3/4 X 20MT;;;MR01;374;V1;10;15;C27;FERRETERIA MR01;FERRETERIA;INSUMOS;KG;ZPAS;1000088592;DESPACHADO;;;21/5/2026;21/5/2026;8/6/2026;18/5/2026;;
00374 TERMINAL PUNTA COLORADA;1002002;ZSTO;CAMISA JEAN T.42 C LOGO;;;MR01;374;V1;20;35;C28;SEGURIDAD/ROPA/EPP;ROPA;INDUMENTARIA;KG;ZPAS;1000088592;DESPACHADO;;;21/5/2026;21/5/2026;8/6/2026;18/5/2026;;
00374 TERMINAL PUNTA COLORADA;1002046;ZSTO;CAMISETA PRIMERA PIEL T.XL;;;MR01;374;V1;15;30;C28;SEGURIDAD/ROPA/EPP;SEGURIDAD;INDUMENTARIA;KG;ZPAS;1000088592;DESPACHADO;;;21/5/2026;21/5/2026;8/6/2026;18/5/2026;;
00374 TERMINAL PUNTA COLORADA;1002048;ZSTO;CAMISETA PRIMERA PIEL T.XXXL;;;MR01;374;V1;8;16;C28;SEGURIDAD/ROPA/EPP;SEGURIDAD;INDUMENTARIA;KG;ZPAS;1000088592;DESPACHADO;;;21/5/2026;21/5/2026;8/6/2026;18/5/2026;;
00374 TERMINAL PUNTA COLORADA;1002051;ZSTO;CAMPERA 2 PIEL T. L;;;MR01;374;V1;10;20;C28;SEGURIDAD/ROPA/EPP;SEGURIDAD;INDUMENTARIA;KG;ZPAS;1000088592;DESPACHADO;;;21/5/2026;21/5/2026;8/6/2026;18/5/2026;;
00374 TERMINAL PUNTA COLORADA;1002066;ZSTO;PANTALON PRIMERA PIEL T.L;;;MR01;374;V1;10;20;C28;SEGURIDAD/ROPA/EPP;SEGURIDAD;INDUMENTARIA;KG;ZPAS;1000088592;DESPACHADO;;;21/5/2026;21/5/2026;8/6/2026;18/5/2026;;
00374 TERMINAL PUNTA COLORADA;1002067;ZSTO;PANTALON PRIMERA PIEL T.XL;;;MR01;374;V1;15;30;C28;SEGURIDAD/ROPA/EPP;SEGURIDAD;INDUMENTARIA;KG;ZPAS;1000088592;DESPACHADO;;;21/5/2026;21/5/2026;8/6/2026;18/5/2026;;
00374 TERMINAL PUNTA COLORADA;1002068;ZSTO;PANTALON PRIMERA PIEL T.XXL;;;MR01;374;V1;15;30;C28;SEGURIDAD/ROPA/EPP;SEGURIDAD;INDUMENTARIA;KG;ZPAS;1000088592;DESPACHADO;;;21/5/2026;21/5/2026;8/6/2026;18/5/2026;;
00374 TERMINAL PUNTA COLORADA;1002236;ZSTO;BULON PARA CUCHILLA XUN;CATERPILLA;5J4773;MR01;374;V1;40;80;G05;AJUSTE;DESGASTE;CAT 140K // CAT 988H // CAT D6T;KG;ZPAS;1000088592;DESPACHADO;;;21/5/2026;21/5/2026;8/6/2026;18/5/2026;;
00374 TERMINAL PUNTA COLORADA;1015788;ZSSD;DESODORANTE LÍQUIDO PARA PISO X 5 LTS;;;MR01;374;V1;40;80;C17;INSUMOS A;LIMPIEZA;LIMPIEZA /SEGURIDAD;KG;ZPAN;1000088593;ADJUDICADO;4500128231;;;;8/6/2026;18/5/2026;C17;10150401
00374 TERMINAL PUNTA COLORADA;1016928;ZSSD;FRATACHO PLASTICO C GOMA ESPUMA 30CM;;;MR01;374;V1;5;10;C27;FERRETERIA MR01;FERRETERIA;FERRETERIA;KG;ZPAN;1000088593;SIN TRATAMIENTO;;;;;8/6/2026;18/5/2026;;10150401
00374 TERMINAL PUNTA COLORADA;1017083;ZSSD;PILA ALCALINA AA;;;MR01;374;CL;15;30;C27;FERRETERIA MR01;FERRETERIA;INSUMOS;KG;ZPAN;1000088593;SIN TRATAMIENTO;;;;;8/6/2026;18/5/2026;;10150401
00374 TERMINAL PUNTA COLORADA;1017233;ZSSD;PAPEL HIGIENICO X72UN XUN;;;MR01;374;V1;2;5;C17;INSUMOS A;LIMPIEZA;LIMPIEZA /SEGURIDAD;KG;ZPAN;1000088593;SIN TRATAMIENTO;;;;;8/6/2026;18/5/2026;;10150401
00374 TERMINAL PUNTA COLORADA;1047245;ZSCD;MAZA MINERO 1KG C/ CABO PLASTICO;;;MR01;374;V1;3;6;C27;FERRETERIA MR01;FERRETERIA;HERRAMIENTA MANUAL;KG;ZPAN;1000088593;SIN TRATAMIENTO;;;;;8/6/2026;18/5/2026;;10150401
00374 TERMINAL PUNTA COLORADA;1047983;ZSCD;TENAZA ARMADOR 1/2 CORTE L.30CM MIN.;;;MR01;374;V1;35;50;C27;FERRETERIA MR01;FERRETERIA;HERRAMIENTAS;KG;ZPAN;1000088593;SIN TRATAMIENTO;;;;;8/6/2026;18/5/2026;;10150401
00374 TERMINAL PUNTA COLORADA;1002705;ZSTO;FILTRO AIRE XUN;CATERPILLA;6I2502;MR01;374;V1;6;11;F04;FILTRO AIRE;FILTROS;FILTROS;KG;ZPAS;1000088665;EMBALADO PARCIAL;;;21/5/2026;;9/6/2026;19/5/2026;;
00374 TERMINAL PUNTA COLORADA;1002830;ZSTO;FILTRO AIRE 1;CATERPILLA;1318902;MR01;374;V1;1;3;F04;FILTRO AIRE;FILTROS;FILTROS;KG;ZPAS;1000088665;DESPACHADO;;;21/5/2026;21/5/2026;9/6/2026;19/5/2026;;
00374 TERMINAL PUNTA COLORADA;1003031;ZSTO;FILTRO DE COMBUSTIBLE;CATERPILLA;1R1804;MR01;374;V1;1;2;F06;FILTRO COMBUSTIBLE;FILTROS;CAT;KG;ZPAS;1000088665;DESPACHADO;;;21/5/2026;21/5/2026;9/6/2026;19/5/2026;;
00374 TERMINAL PUNTA COLORADA;1003032;ZSTO;FILTRO TRAMPA DE AGUA;CATERPILLA;4385386;MR01;374;V1;1;2;F13;FILTRO TRAMPA DE A;FILTROS;CAT;KG;ZPAS;1000088665;DESPACHADO;;;21/5/2026;21/5/2026;9/6/2026;19/5/2026;;
00374 TERMINAL PUNTA COLORADA;1003043;ZSTO;FILTRO DE AIRE SECUNDARIO CAT;CATERPILLA // CATERPILLA;1318903 // 1106331;MR01;374;V1;1;3;F04;FILTRO AIRE;FILTROS;CAT 312 D2L;KG;ZPAS;1000088665;DESPACHADO;;;21/5/2026;21/5/2026;9/6/2026;19/5/2026;;
00374 TERMINAL PUNTA COLORADA;1017792;ZSTO;CORREA DE ALTERNADOR;JOHN DEERE // JOHN DEERE;T321428 // T496608;MR01;374;V1;1;2;C29;FILTROS/RESPUESTOS;CORREAS;CORREAS;KG;ZPAS;1000088665;DESPACHADO;;;21/5/2026;21/5/2026;9/6/2026;19/5/2026;;
00374 TERMINAL PUNTA COLORADA;1016479;ZSCD;PROTECTOR SOLAR (CREMA) FACT 60 X 120ML;;;MR01;374;V1;300;600;C28;SEGURIDAD/ROPA/EPP;SEGURIDAD;INSUMO;KG;ZPAN;1000088666;ADJUDICADO PARCIAL;4500128526;;;;9/6/2026;19/5/2026;C28;10150500
00374 TERMINAL PUNTA COLORADA;1001705;ZSTO;GUANTE PVC ROJO 40CM;GUPLASTEX;;MR01;374;V1;3;6;C28;SEGURIDAD/ROPA/EPP;SEGURIDAD;GUANTE;KG;ZPAS;1000088943;SIN TRATAMIENTO;;;;;12/6/2026;22/5/2026;;
00374 TERMINAL PUNTA COLORADA;1001786;ZSTO;ACEITE ISO 46 HIDRAULICO  X 205L;YPF S.A. // YPF S.A.;BP46 // 135392;MR01;374;V1;3;6;L01;ACEITES;LUBRICANTES;ACEITES;KG;ZPAS;1000088943;SIN TRATAMIENTO;;;;;12/6/2026;22/5/2026;;
00374 TERMINAL PUNTA COLORADA;1001872;ZSTO;RESMA DE HOJA A3 75GR. X UN;;;MR01;374;V1;5;10;C17;INSUMOS A;LIBRERIA;PAPEL;KG;ZPAS;1000088943;SIN TRATAMIENTO;;;;;12/6/2026;22/5/2026;;
00374 TERMINAL PUNTA COLORADA;1001892;ZSTO;BOLSAS RESIDUOS XUN 102X130ROJA100MICXUN;;;MR01;374;V1;300;600;C17;INSUMOS A;LIMPIEZA;LIMPIEZA /SEGURIDAD;KG;ZPAS;1000088943;SIN TRATAMIENTO;;;;;12/6/2026;22/5/2026;;
00374 TERMINAL PUNTA COLORADA;1002003;ZSTO;CAMISA JEAN T.44 C LOGO;;;MR01;374;V1;20;35;C28;SEGURIDAD/ROPA/EPP;ROPA;INDUMENTARIA;KG;ZPAS;1000088943;SIN TRATAMIENTO;;;;;12/6/2026;22/5/2026;;
00374 TERMINAL PUNTA COLORADA;1002015;ZSTO;PANTALON JEAN T.46;;;MR01;374;V1;15;25;C28;SEGURIDAD/ROPA/EPP;ROPA;INDUMENTARIA;KG;ZPAS;1000088943;SIN TRATAMIENTO;;;;;12/6/2026;22/5/2026;;
00374 TERMINAL PUNTA COLORADA;1002016;ZSTO;PANTALON JEAN T.48;;;MR01;374;V1;15;25;C28;SEGURIDAD/ROPA/EPP;ROPA;INDUMENTARIA;KG;ZPAS;1000088943;SIN TRATAMIENTO;;;;;12/6/2026;22/5/2026;;
00374 TERMINAL PUNTA COLORADA;1002017;ZSTO;PANTALON JEAN T.50;;;MR01;374;V1;8;16;C28;SEGURIDAD/ROPA/EPP;ROPA;INDUMENTARIA;KG;ZPAS;1000088943;SIN TRATAMIENTO;;;;;12/6/2026;22/5/2026;;
00374 TERMINAL PUNTA COLORADA;1002020;ZSTO;PANTALON JEAN T.56;;;MR01;374;V1;2;4;C28;SEGURIDAD/ROPA/EPP;ROPA;INDUMENTARIA;KG;ZPAS;1000088943;SIN TRATAMIENTO;;;;;12/6/2026;22/5/2026;;
00374 TERMINAL PUNTA COLORADA;1002045;ZSTO;CAMISETA PRIMERA PIEL T.L;;;MR01;374;V1;10;20;C28;SEGURIDAD/ROPA/EPP;SEGURIDAD;INDUMENTARIA;KG;ZPAS;1000088943;SIN TRATAMIENTO;;;;;12/6/2026;22/5/2026;;
00374 TERMINAL PUNTA COLORADA;1002047;ZSTO;CAMISETA PRIMERA PIEL T.XXL;;;MR01;374;V1;15;30;C28;SEGURIDAD/ROPA/EPP;SEGURIDAD;INDUMENTARIA;KG;ZPAS;1000088943;SIN TRATAMIENTO;;;;;12/6/2026;22/5/2026;;
00374 TERMINAL PUNTA COLORADA;1003241;ZSTO;MANN CF1651;MANN //;CF1651 // P750003;MR01;374;V1;1;2;F14;GENERICOS FILTROS;FILTROS;VOLVO 330;KG;ZPAS;1000088943;SIN TRATAMIENTO;;;;;12/6/2026;22/5/2026;;
00374 TERMINAL PUNTA COLORADA;1004020;ZSTO;LAMPARA 12V-H4 P43T X UN;;P43T38;MR01;374;V1;10;20;C29;FILTROS/RESPUESTOS;REPUESTOS;ELECTRICIDAD AUTOMOTOR;KG;ZPAS;1000088943;SIN TRATAMIENTO;;;;;12/6/2026;22/5/2026;;
00374 TERMINAL PUNTA COLORADA;1036100;ZSTO;CONO FLEX. C/REFLECT. Y BASE CAUCHO 70CM;;NARANJA DE PVC FLEXIBLE CON MEMORIA-70CM;MR01;374;V1;50;75;C28;SEGURIDAD/ROPA/EPP;SEGURIDAD;SEÑALIZACION;KG;ZPAS;1000088943;SIN TRATAMIENTO;;;;;12/6/2026;22/5/2026;;
00374 TERMINAL PUNTA COLORADA;1016955;ZSSD;SOGA NAUTICA 10MM;;MÚLT. 100 MTS;MR01;374;V1;200;400;C27;FERRETERIA MR01;FERRETERIA;ACCESORIOS;KG;ZPAN;1000088946;SIN TRATAMIENTO;;;;;22/6/2026;22/5/2026;;10150807
00374 TERMINAL PUNTA COLORADA;1042798;ZSCD;GUANTE LÁTEX NEGRO INDUSTRIAL T10;;;MR01;374;V1;200;400;C28;SEGURIDAD/ROPA/EPP;INDUMENTARIA;EPP;KG;ZPAN;1000088946;SIN TRATAMIENTO;;;;;22/6/2026;22/5/2026;;10150807
00374 TERMINAL PUNTA COLORADA;1047474;ZSCD;SOGA NAUTICA 16MM;;;MR01;374;V1;200;400;C27;FERRETERIA MR01;FERRETERIA;?;KG;ZPAN;1000088946;SIN TRATAMIENTO;;;;;22/6/2026;22/5/2026;;10150807
00374 TERMINAL PUNTA COLORADA;1047521;ZSCD;CINCEL PUNTA C/ENCASTRE SDS MAX 400MM;;;MR01;374;V1;4;8;C27;FERRETERIA MR01;FERRETERIA;HERRAMIENTAS MANUALES;KG;ZPAN;1000088946;SIN TRATAMIENTO;;;;;22/6/2026;22/5/2026;;10150807
00377-YPF 3° loop;1001686;ZSTO;ANTEOJO GRIS;LIBUS // 3M // MSA // STEELPRO;ECOLINEHC (MÚLT. 10U) // SECUREFIT SF202AF GRIS // MSA PERSPECTA SMOKE // STEELPRO SPY SMOKE;MR01;377;V1;180;350;C28;SEGURIDAD/ROPA/EPP;SEGURIDAD;ACCESORIO SEGURIDAD;KG;ZPAS;1000079495;CUMPLIDO PARCIAL;;;29/12/2025;5/1/2026;5/1/2026;12/12/2025;;
00377-YPF 3° loop;1001896;ZSTO;PULVERIZADOR P ALCOHOL LIQUIDO 500 ML;;;MR01;377;V1;10;20;C17;INSUMOS A;LIMPIEZA;DIFUSOR;KG;ZPAS;1000079637;CUMPLIDO PARCIAL;;;16/12/2025;16/1/2026;6/1/2026;15/12/2025;;
00377-YPF 3° loop;1001969;ZSTO;ESMALTE SINT. AEROSOL BLANCO X440CC;;KUWAIT-SINTEPLAST;MR01;377;V1;36;60;C22;INSUMOS C;PINTURAS;PINTURA AEROSOL;KG;ZPAS;1000084112;DESPACHADO;;;20/3/2026;1/4/2026;25/3/2026;4/3/2026;;
00377-YPF 3° loop;1016916;ZSSD;PINCEL CERDA NB 30;;;MR01;377;V1;5;10;C22;INSUMOS C;FERRETERIA;INSUMOS;KG;ZPAN;1000085885;ADJUDICADO;4500124404;;;;23/4/2026;1/4/2026;C22;10146755
00377-YPF 3° loop;1001700;ZSTO;CASCO CARCAZA AMARILLO;LIBUS // 3M // MSA // STEELPRO;MILENIUM // H-700 AMARILLO // V-GARD AMARILLO // STEELPRO SAFETY AMARILLO;MR01;377;V1;10;20;C28;SEGURIDAD/ROPA/EPP;SEGURIDAD;ACCESORIO SEGURIDAD;KG;ZPAS;1000086372;CUMPLIDO PARCIAL;;;17/4/2026;;30/4/2026;10/4/2026;;
00377-YPF 3° loop;1026342;ZSTO;FILTRO BOMBA DE COMBUSTIBLE;TOYOTA ARG;23390-0E011;MR01;377;V1;3;4;F06;FILTRO COMBUSTIBLE;FILTROS;?;KG;ZPAS;1000086372;DESPACHADO;;;13/5/2026;21/5/2026;30/4/2026;10/4/2026;;
00377-YPF 3° loop;1002818;ZSTO;FILTRO GASOIL;LEVAS BOSC // DONALDSON // PARKER RAC // LEVAS BOSC // BOMAG GMBH;5825010 // P551026 // R160T // 5825010 // 5825015;MR01;377;V1;3;6;F06;FILTRO COMBUSTIBLE;FILTROS;FILTROS;KG;ZPAS;1000086664;CUMPLIDO PARCIAL;;;17/4/2026;21/5/2026;6/5/2026;15/4/2026;;
00377-YPF 3° loop;1036622;ZSTO;CEPILLO TRENZADO PIPELINE 175X6X22 BUJE;;44 PELOS-38 PELOS;MR01;377;V1;150;300;C27;FERRETERIA MR01;FERRETERIA;ABRASIVOS/DISCOS;KG;ZPAS;1000086876;CUMPLIDO PARCIAL;;;22/4/2026;24/4/2026;11/5/2026;20/4/2026;;
00377-YPF 3° loop;1002070;ZSTO;CAMPERA DESCARNE T.XXL;;;MR01;377;V1;15;25;C28;SEGURIDAD/ROPA/EPP;SEGURIDAD;INDUMENTARIA;KG;ZPAS;1000086989;CUMPLIDO PARCIAL;;;22/4/2026;;12/5/2026;21/4/2026;;
00377-YPF 3° loop;1026688;ZSTO;PICA TESMEC WRECKER Ø carburo 19mm;TESMEC S.P;V00-2700-119;MR01;377;V1;150;300;C29;FILTROS/RESPUESTOS;REPUESTOS;ZANJADORA TESMEC 1150EVO;KG;ZPAN;1000086990;DESPACHADO;4500125815;15/5/2026;15/5/2026;21/5/2026;12/5/2026;21/4/2026;C29;10148201
00377-YPF 3° loop;1002907;ZSTO;FILTRO TRAMPA AGUA XUN;JOHN DEERE;AT365870;MR01;377;V1;3;6;F13;FILTRO TRAMPA DE A;FILTROS;JD 644K, 544K;KG;ZPAS;1000087727;DESPACHADO PARCIAL;;;13/5/2026;21/5/2026;22/5/2026;4/5/2026;;
00377-YPF 3° loop;1003060;ZSTO;FILTRO ACEITE;VOLKSWAGEN // VOLKSWAGEN;03L115562 // L3L115562;MR01;377;V1;2;3;F03;FILTRO ACEITE;FILTROS;VW AMAROK;KG;ZPAS;1000087727;DESPACHADO;;;5/5/2026;13/5/2026;22/5/2026;4/5/2026;;
00377-YPF 3° loop;1003061;ZSTO;FILTRO AIRE;VOLKSWAGEN;2H0129620A;MR01;377;V1;2;3;F04;FILTRO AIRE;FILTROS;VW AMAROK;KG;ZPAS;1000087727;DESPACHADO;;;5/5/2026;13/5/2026;22/5/2026;4/5/2026;;
00377-YPF 3° loop;1003062;ZSTO;FILTRO COMBUSTIBLE VW AMAROK;VOLKSWAGEN // VOLKSWAGEN;2H0127401D // 2HO127401G;MR01;377;V1;2;3;F06;FILTRO COMBUSTIBLE;FILTROS;VW AMAROK;KG;ZPAS;1000087727;DESPACHADO;;;5/5/2026;13/5/2026;22/5/2026;4/5/2026;;
00377-YPF 3° loop;1003069;ZSTO;SECANTE CSA 2018;CATERPILLA //;2032389 // 5879321;MR01;377;V1;1;2;F14;GENERICOS FILTROS;FILTROS;CAT 140 K;KG;ZPAS;1000087727;DESPACHADO;;;5/5/2026;13/5/2026;22/5/2026;4/5/2026;;
00377-YPF 3° loop;1003093;ZSTO;FILTRO DE COMBUSTIBLE;VOLVO CONS // VOLVO CONS;P22480372 // VOE15126069;MR01;377;V1;4;6;F06;FILTRO COMBUSTIBLE;FILTROS;VOLVO FM460;KG;ZPAS;1000087727;DESPACHADO;;;5/5/2026;13/5/2026;22/5/2026;4/5/2026;;
00377-YPF 3° loop;1003094;ZSTO;FILTRO DE DRENAJE BOMBA;VOLVO CONS // // No aplica;21392404 // 20580233 // 7632141111;MR01;377;V1;1;2;F07;FILTRO FLUIDO HIDR;FILTROS;VOLVO 330 // VOLVO FM460;KG;ZPAS;1000087727;DESPACHADO;;;5/5/2026;13/5/2026;22/5/2026;4/5/2026;;
00377-YPF 3° loop;1003119;ZSTO;FILTRO DE AIRE PRIMARIO;VOLVO MAQU;21436535;MR01;377;V1;2;4;F04;FILTRO AIRE;FILTROS;VOLVO 330;KG;ZPAS;1000087727;DESPACHADO;;;5/5/2026;13/5/2026;22/5/2026;4/5/2026;;
00377-YPF 3° loop;1003120;ZSTO;FILTRO DE COMBUSTIBLE;VOLVO CONS;22095097;MR01;377;V1;2;4;F06;FILTRO COMBUSTIBLE;FILTROS;VOLVO 330;KG;ZPAS;1000087727;CUMPLIDO PARCIAL;;;5/5/2026;13/5/2026;22/5/2026;4/5/2026;;
00377-YPF 3° loop;1003124;ZSTO;FILTRO DE TRANSMISION CAJA DE CAMBIOS;VOLVO CONS;21479106;MR01;377;V1;1;2;F03;FILTRO ACEITE;FILTROS;VOLVO 330;KG;ZPAS;1000087727;DESPACHADO;;;5/5/2026;13/5/2026;22/5/2026;4/5/2026;;
00377-YPF 3° loop;1003126;ZSTO;FILTRO SECADO DE AIRE;VOLVO CONS // VOLVO CONS // VOLVO CONS //;21412848 // 22223804 // 23260134 // 23690622;MR01;377;V1;1;2;F11;FILTRO SECADOR DE;FILTROS;VOLVO FM460;KG;ZPAS;1000087727;DESPACHADO;;;5/5/2026;13/5/2026;22/5/2026;4/5/2026;;
00377-YPF 3° loop;1003169;ZSTO;FILTRO TRAMPA DE AGUA;SUDAMERICA // //;24226451 // 22752360 // 24226451;MR01;377;V1;2;4;F13;FILTRO TRAMPA DE A;FILTROS;VOLVO 330;KG;ZPAS;1000087727;DESPACHADO;;;5/5/2026;13/5/2026;22/5/2026;4/5/2026;;
00377-YPF 3° loop;1003170;ZSTO;FILTRO DE AIRE PRIMARIO;FLEETGUARD // // FILPLUS;AF26085 // FAI6085 // MSA26085;MR01;377;V1;3;6;F04;FILTRO AIRE;FILTROS;FILTRO AIRE;KG;ZPAS;1000087727;DESPACHADO;;;5/5/2026;13/5/2026;22/5/2026;4/5/2026;;
00377-YPF 3° loop;1003300;ZSTO;FILTRO DOSIFICACION DE UREA (COLADOR);VOLVO CONS;21954674;MR01;377;V1;1;2;F09;FILTRO DE UREA;FILTROS;VOLVO 460 FMX;KG;ZPAS;1000087727;DESPACHADO;;;5/5/2026;13/5/2026;22/5/2026;4/5/2026;;
00377-YPF 3° loop;1003301;ZSTO;FILTRO DE TANQUE;VOLVO CONS // VOLVO CONS;21516229 // 23381562;MR01;377;V1;1;2;F06;FILTRO COMBUSTIBLE;FILTROS;VOLVO 460 FMX;KG;ZPAS;1000087727;DESPACHADO;;;5/5/2026;13/5/2026;22/5/2026;4/5/2026;;
00377-YPF 3° loop;1017009;ZSSD;BLOCK A5 ESPIRAL CUADRIC 70HS;;;MR01;377;V1;20;30;C17;INSUMOS A;LIBRERIA;LIBRERIA;KG;ZPAN;1000087728;DESPACHADO;4500127172;14/5/2026;14/5/2026;21/5/2026;22/5/2026;4/5/2026;C17;10149109
00377-YPF 3° loop;1017084;ZSSD;CEPILLO ACERO 4X19 C MANGO MADERA;;;MR01;377;V1;5;10;C27;FERRETERIA MR01;LIMPIEZA;INSUMOS;KG;ZPAN;1000087728;ADJUDICADO;4500127831;;;;22/5/2026;4/5/2026;C27;10149109
00377-YPF 3° loop;1013684;ZSSD;CAMPERA ABRIGO IGNIFUGA C/LOGO T. S;No aplica;CON REFLECTIVO T. S-;MR01;377;V1;5;10;C28;SEGURIDAD/ROPA/EPP;ROPA;INDUMENTARIA;KG;ZPAN;1000087868;ADJUDICADO;4500127918;;;;29/5/2026;6/5/2026;C28;10149398
00377-YPF 3° loop;1001949;ZSTO;CANDADO 30MM XUN;;;MR01;377;V1;15;30;C27;FERRETERIA MR01;FERRETERIA;ACCESORIOS;KG;ZPAS;1000087964;SIN TRATAMIENTO;;;;;28/5/2026;7/5/2026;;
00377-YPF 3° loop;1017012;ZSSD;CARPETA CRISTAL BASE OPACA A4 AZUL NEGRA;;MÚLT. 12U;MR01;377;V1;12;24;C17;INSUMOS A;LIBRERIA;INSUMOS;KG;ZPAN;1000087965;ADJUDICADO;4500127377;;;;28/5/2026;7/5/2026;C17;10149535
00377-YPF 3° loop;1017054;ZSSD;CABLE TPR TIPO TALLER 3X4MM2;;MT O MÚLT. 100 MTS;MR01;377;V1;100;200;C11;ELECTRICIDAD;ELECTRICIDAD;CABLES;KG;ZPAN;1000087965;SIN TRATAMIENTO;;;;;28/5/2026;7/5/2026;;10149535
00377-YPF 3° loop;1022444;ZSTO;CORREA POLI V;;20430614;MR01;377;V1;1;2;C03;EQUIPOS;CORREAS;?;KG;ZPAN;1000088033;ADJUDICADO;4500127478;;;;29/5/2026;8/5/2026;C03;10149631
00377-YPF 3° loop;1001951;ZSTO;CANDADO 50MM XUN;;;MR01;377;V1;15;30;C27;FERRETERIA MR01;FERRETERIA;ACCESORIOS;KG;ZPAS;1000088137;DESPACHADO;;;13/5/2026;21/5/2026;1/6/2026;11/5/2026;;
00377-YPF 3° loop;1002639;ZSTO;FILTRO DEPOSITO DIRECCION HIDRAULICA;CNH INDUST // DONALDSON // No aplica // No aplica;1902137 // P550309 // T1100145397 // V600;MR01;377;V1;2;3;F07;FILTRO FLUIDO HIDR;FILTROS;VOLVO 330 // VW26310/IVECO/26280-19360;KG;ZPAS;1000088137;DESPACHADO;;;13/5/2026;21/5/2026;1/6/2026;11/5/2026;;
00377-YPF 3° loop;1002819;ZSTO;FILTRO CABINA FIAT STRALIS 420;CNH //;2995964 // CU4594;MR01;377;V1;1;2;F05;FILTRO AIRE CABINA;FILTROS;STRALIS;KG;ZPAS;1000088137;DESPACHADO;;;13/5/2026;21/5/2026;1/6/2026;11/5/2026;;
00377-YPF 3° loop;1003220;ZSTO;FILTRO DE AIRE PRIMARIO;CNH;5801440581;MR01;377;V1;2;4;F04;FILTRO AIRE;FILTROS;IVECO TRAKKER 410 T 44 EUROTRO;KG;ZPAS;1000088137;DESPACHADO;;;13/5/2026;21/5/2026;1/6/2026;11/5/2026;;
00377-YPF 3° loop;1003221;ZSTO;FILTRO DE AIRE SECUNDARIO;CNH;5801440583;MR01;377;V1;2;4;F04;FILTRO AIRE;FILTROS;IVECO TRAKKER 410 T 44 EUROTRO;KG;ZPAS;1000088137;DESPACHADO;;;13/5/2026;21/5/2026;1/6/2026;11/5/2026;;
00377-YPF 3° loop;1003222;ZSTO;FILTRO DE COMBUSTIBLE;CNH // CNH;5801445628 // 5801445630;MR01;377;V1;2;4;F06;FILTRO COMBUSTIBLE;FILTROS;IVECO TRAKKER 410 T 44 EUROTRO;KG;ZPAS;1000088137;DESPACHADO;;;13/5/2026;21/5/2026;1/6/2026;11/5/2026;;
00377-YPF 3° loop;1003223;ZSTO;FILTRO TRAMPA DE AGUA;CNH;5801403243;MR01;377;V1;2;4;F13;FILTRO TRAMPA DE A;FILTROS;IVECO TRAKKER 410 T 44 EUROTRO;KG;ZPAS;1000088137;DESPACHADO;;;13/5/2026;21/5/2026;1/6/2026;11/5/2026;;
00377-YPF 3° loop;1003226;ZSTO;FILTRO TANQUE DE UREA;CNH;42555466;MR01;377;V1;1;2;F09;FILTRO DE UREA;FILTROS;IVECO TRAKKER 410 T 44 EUROTRO;KG;ZPAS;1000088137;DESPACHADO;;;13/5/2026;21/5/2026;1/6/2026;11/5/2026;;
00377-YPF 3° loop;1003557;ZSTO;TENSOR;CNH;504006261;MR01;377;V1;1;2;C29;FILTROS/RESPUESTOS;REPUESTOS;CAMIONES;KG;ZPAS;1000088137;DESPACHADO;;;13/5/2026;21/5/2026;1/6/2026;11/5/2026;;
00377-YPF 3° loop;1003705;ZSTO;TENSOR DE CORREA MOVIL;CNH;504046191;MR01;377;V1;1;2;C29;FILTROS/RESPUESTOS;REPUESTOS;IVECO TRAKKER 410 T 44 EUROTRO;KG;ZPAS;1000088137;DESPACHADO;;;13/5/2026;21/5/2026;1/6/2026;11/5/2026;;
00377-YPF 3° loop;1003707;ZSTO;CORREA;CNH // No aplica;504049426 // 5802113881;MR01;377;V1;1;2;C29;FILTROS/RESPUESTOS;REPUESTOS;POLY V 12pk1835;KG;ZPAS;1000088137;DESPACHADO;;;13/5/2026;21/5/2026;1/6/2026;11/5/2026;;
00377-YPF 3° loop;1027020;ZSTO;Aceite Mobilgear 600 XP 150;VOLVO MAQU;BALDE DE 20LTS;MR01;377;V1;1;2;C29;FILTROS/RESPUESTOS;LUBRICANTES;?;KG;ZPAS;1000088137;DESPACHADO;;;13/5/2026;21/5/2026;1/6/2026;11/5/2026;;
00377-YPF 3° loop;1042455;ZSTO;FILTRO ADMISION PRIMARIO;MANN // DARMET;C 15 300 // VP-1705;MR01;377;V1;2;3;C29;FILTROS/RESPUESTOS;FILTROS;"DOBLADORA DE TUBOS  EV 6-24""  VIETZ";KG;ZPAS;1000088137;DESPACHADO;;;13/5/2026;21/5/2026;1/6/2026;11/5/2026;;
00377-YPF 3° loop;1042456;ZSTO;FILTRO ADMISION SECUNDARIO;MANN // DARMET;CF 300 // VP-1705/S;MR01;377;V1;2;3;C29;FILTROS/RESPUESTOS;FILTROS;"DOBLADORA DE TUBOS  EV 6-24""  VIETZ";KG;ZPAS;1000088137;DESPACHADO;;;13/5/2026;21/5/2026;1/6/2026;11/5/2026;;
00377-YPF 3° loop;1042457;ZSTO;FILTRO COMBUSTIBLE;;0117 4696;MR01;377;V1;2;3;C29;FILTROS/RESPUESTOS;FILTROS;"DOBLADORA DE TUBOS  EV 6-24""  VIETZ";KG;ZPAS;1000088137;DESPACHADO;;;13/5/2026;21/5/2026;1/6/2026;11/5/2026;;
00377-YPF 3° loop;1042458;ZSTO;FILTRO ACEITE MOTOR;;W712/4;MR01;377;V1;2;3;C29;FILTROS/RESPUESTOS;FILTROS;"DOBLADORA DE TUBOS  EV 6-24""  VIETZ";KG;ZPAS;1000088137;DESPACHADO;;;13/5/2026;21/5/2026;1/6/2026;11/5/2026;;
00377-YPF 3° loop;1042460;ZSTO;CORREA MOTOR;;02235181HX;MR01;377;V1;1;2;C29;FILTROS/RESPUESTOS;CORREAS;"DOBLADORA DE TUBOS  EV 6-24""  VIETZ";KG;ZPAS;1000088137;SIN TRATAMIENTO;;;;;1/6/2026;11/5/2026;;
00377-YPF 3° loop;1013680;ZSSD;MAMELUCO IGNIFUGO T.L C/LOGO;;;MR01;377;V1;10;20;C28;SEGURIDAD/ROPA/EPP;SEGURIDAD;ROPA;KG;ZPAN;1000088139;ADJUDICADO;4500127936;;;;15/6/2026;11/5/2026;C28;10149775
00377-YPF 3° loop;1013681;ZSSD;MAMELUCO IGNIFUGO T.XL C/LOGO;;;MR01;377;V1;10;20;C28;SEGURIDAD/ROPA/EPP;SEGURIDAD;ROPA;KG;ZPAN;1000088139;ADJUDICADO;4500127936;;;;15/6/2026;11/5/2026;C28;10149775
00377-YPF 3° loop;1013682;ZSSD;MAMELUCO IGNIFUGO T.XXL C/LOGO;;;MR01;377;V1;10;20;C28;SEGURIDAD/ROPA/EPP;SEGURIDAD;ROPA;KG;ZPAN;1000088139;ADJUDICADO;4500127936;;;;15/6/2026;11/5/2026;C28;10149775
00377-YPF 3° loop;1013687;ZSSD;CAMPERA ABRIGO IGNIFUGA  C/LOGO T. XL;No aplica;CON REFLECTIVO T.XL-;MR01;377;V1;5;10;C28;SEGURIDAD/ROPA/EPP;ROPA;INDUMENTARIA;KG;ZPAN;1000088139;ADJUDICADO;4500127918;;;;1/6/2026;11/5/2026;C28;10149775
00377-YPF 3° loop;1016988;ZSSD;CINTA METRICA 3MT;;;MR01;377;V1;5;10;C27;FERRETERIA MR01;FERRETERIA;INSUMOS;KG;ZPAN;1000088272;SIN TRATAMIENTO;;;;;3/6/2026;13/5/2026;;10150047
00377-YPF 3° loop;1001698;ZSTO;GUANTE ALGODON MOTEADO;;MÚLT. 12U;MR01;377;V1;100;200;C28;SEGURIDAD/ROPA/EPP;SEGURIDAD;GUANTE;KG;ZPAS;1000088353;DESPACHADO;;;15/5/2026;21/5/2026;4/6/2026;14/5/2026;;
00377-YPF 3° loop;1001840;ZSTO;CUBIERTA 17.5-25 VIAL SP 16 TELAS L2;FIRESTONE // PIRELLI NE // GOOD YEAR // TITAN ARGE // MICHELIN A;L2 // PN-L2 // SGL-L2 // TITAN L2 // XTLA;MR01;377;V1;2;3;C49;CUBIERTAS INDUSTRI;CUBIERTAS;MOTONIVELADORA CAT Y JD;KG;ZPAS;1000088353;DESPACHADO;;;15/5/2026;21/5/2026;4/6/2026;14/5/2026;;
00377-YPF 3° loop;1002207;ZSTO;CORREA ALTERNADOR;HAULOTTE G // CONTINENTA // No aplica;4000053460 // AVX 13X1188 // 2614B543;MR01;377;V1;1;2;C29;FILTROS/RESPUESTOS;CORREAS;HAULOTTE 4014 /4017;KG;ZPAS;1000088353;DESPACHADO;;;15/5/2026;21/5/2026;4/6/2026;14/5/2026;;
00377-YPF 3° loop;1002611;ZSTO;FILTRO CABINA;CATERPILLA;7T7358;MR01;377;V1;2;4;F05;FILTRO AIRE CABINA;FILTROS;CAT 140K;KG;ZPAS;1000088353;DESPACHADO;;;15/5/2026;21/5/2026;4/6/2026;14/5/2026;;
00377-YPF 3° loop;1002675;ZSTO;FILTRO COMBUSTIBLE;PERKINS // // PARKER // // // HAULOTTE G // PERKINS // PERKINS // MANITOU;26560201 // FS20009 // REC-154 // SN40645 // TCE1804I // 2427003070 // 26560201 // 4816636 // 605013;MR01;377;V1;2;3;F06;FILTRO COMBUSTIBLE;FILTROS;MANITOU/HAULOTTE;KG;ZPAS;1000088353;DESPACHADO;;;18/5/2026;21/5/2026;4/6/2026;14/5/2026;;
00377-YPF 3° loop;1002994;ZSTO;PERKINS FILTRO ACEITE;HAULOTTE G // DONALDSON // PERKINS;2427003080 // P554407 // 2654407;MR01;377;V1;2;3;F03;FILTRO ACEITE;FILTROS;HAULOTTE HTL 4014/4017/4010;KG;ZPAS;1000088353;DESPACHADO;;;18/5/2026;21/5/2026;4/6/2026;14/5/2026;;
00377-YPF 3° loop;1002995;ZSTO;FILTRO HIDRAULICO DE PRESION;HAULOTTE G // // DONALDSON;2427002910 // P564860 // P783753;MR01;377;V1;1;2;F07;FILTRO FLUIDO HIDR;FILTROS;HAULOTTE HTL 4014/4017/4010;KG;ZPAS;1000088353;DESPACHADO;;;15/5/2026;21/5/2026;4/6/2026;14/5/2026;;
00377-YPF 3° loop;1002996;ZSTO;FILTRO RESP DE TANQUE;HAULOTTE G;2505003370;MR01;377;V1;1;2;F04;FILTRO AIRE;FILTROS;HAULOTTE HTL 4014/4017/4010;KG;ZPAS;1000088353;DESPACHADO;;;15/5/2026;21/5/2026;4/6/2026;14/5/2026;;
00377-YPF 3° loop;1002997;ZSTO;FILTRO CABINA INTERIOR;HAULOTTE G // HIFI FILTE // DIECI;2820301610 // SC 70087 // 2I094123;MR01;377;V1;1;2;F05;FILTRO AIRE CABINA;FILTROS;HAULOTTE HTL 4014/4017/4010;KG;ZPAS;1000088353;DESPACHADO;;;15/5/2026;21/5/2026;4/6/2026;14/5/2026;;
00377-YPF 3° loop;1003000;ZSTO;FILTRO HIDRAULICO DE RETORNO;HAULOTTE G //;2505001940 // 16782 ELEVAMUNDO;MR01;377;V1;1;2;F07;FILTRO FLUIDO HIDR;FILTROS;HAULOTTE HTL 4014/4017;KG;ZPAS;1000088353;DESPACHADO;;;15/5/2026;21/5/2026;4/6/2026;14/5/2026;;
00377-YPF 3° loop;1003001;ZSTO;FILTRO DE AIRE PRIMARIO;FLEETGUARD // FLEETGUARD // DONALDSON;2324005070 // AF25557 // P828889;MR01;377;V1;2;3;F04;FILTRO AIRE;FILTROS;HAULOTTE HTL 4014/4017/4010;KG;ZPAS;1000088353;DESPACHADO;;;18/5/2026;21/5/2026;4/6/2026;14/5/2026;;
00377-YPF 3° loop;1003002;ZSTO;FILTRO DE AIRE SECUNDARIO;HAULOTTE G // DONALDSON;2326001910 // P829333;MR01;377;V1;2;3;F04;FILTRO AIRE;FILTROS;HAULOTTE HTL 4014/4017/4010;KG;ZPAS;1000088353;DESPACHADO;;;15/5/2026;21/5/2026;4/6/2026;14/5/2026;;
00377-YPF 3° loop;1001830;ZSTO;CUBIERTA 295 80 R22.5;GOOD YEAR // PIRELLI NE // // GOOD YEAR // FIRESTONE;G686 MSS PLUS GOODYEAR // ARMOR MAX MSS 152K // FG01 // G386 MSS // G686 MSS PLUS // T822;MR01;377;V1;1;2;C48;CUBIERTAS CAMIONES;CUBIERTAS;STRALIS // VW 31-320;KG;ZPAS;1000088431;DESPACHADO;;;18/5/2026;21/5/2026;5/6/2026;15/5/2026;;
00377-YPF 3° loop;1004042;ZSTO;LAMPARA 24V-H7 70W X UN;;PX26D-PHILIPS-OSRAM;MR01;377;V1;10;15;C29;FILTROS/RESPUESTOS;REPUESTOS;ELECTRICIDAD AUTOMOTOR;KG;ZPAN;1000088474;ADJUDICADO;4500128044;;;;5/6/2026;15/5/2026;EFO;10150307
00377-YPF 3° loop;1001834;ZSTO;CUBIERTA 265 65 17 DUELER A T 693;BRIDGESTON // BRIDGESTON // PIRELLI NE // PIRELLI NE // GOOD YEAR;DUELER A T 693 // AT REVO 2 // S MTR // SCORPION ATR // WRANGLER WORKHORSE;MR01;377;V1;9;16;C47;CUBIERTAS AUTOMOTR;CUBIERTAS;hilux hasta 2016;KG;ZPAS;1000088594;SIN TRATAMIENTO;;;;;8/6/2026;18/5/2026;;
00377-YPF 3° loop;1001871;ZSTO;RESMA DE HOJA A4 70GR. X UN;;;MR01;377;V1;25;48;C17;INSUMOS A;LIBRERIA;PAPEL;KG;ZPAS;1000088923;SIN TRATAMIENTO;;;;;12/6/2026;22/5/2026;;
00223 Comp Amb Santa Fe;1001673;ZSTO;ALAMBRE 1.42MM NEGRO RECOCIDO P ATAR XKG;;MÚLT. 45/50 KG;MR01;223;V1;30;68;C08;ACERO;ACEROS;ALAMBRES;KG;SIN PEDIDO;;;;;;;;;;
00223 Comp Amb Santa Fe;1001744;ZSTO;BOTA GOMA P.ACERO N 40;;;MR01;223;V1;2;3;C28;SEGURIDAD/ROPA/EPP;SEGURIDAD;CALZADO;KG;SIN PEDIDO;;;;;;;;;;
00223 Comp Amb Santa Fe;1001745;ZSTO;BOTA GOMA P.ACERO N 41;;;MR01;223;V1;2;3;C28;SEGURIDAD/ROPA/EPP;SEGURIDAD;CALZADO;KG;SIN PEDIDO;;;;;;;;;;
00223 Comp Amb Santa Fe;1001748;ZSTO;BOTA GOMA P.ACERO N 44;;;MR01;223;V1;2;3;C28;SEGURIDAD/ROPA/EPP;SEGURIDAD;CALZADO;KG;SIN PEDIDO;;;;;;;;;;
00223 Comp Amb Santa Fe;1001756;ZSTO;BOTIN MARRON/NEGRO FLOR P.ACERO N 40;CONWORK // VORAN // CALZADOS A // // // // BORIS;53BAF // CRONOS N T40 // ESCORPIO PRUS 1050 T40 // RINGO MOD BOLT TALLE 40 // RINGO-MOD PUNCH TALLE 40 // SKIWAY MOD. 3243 T40 // 3305 T40;MR01;223;V1;2;3;C28;SEGURIDAD/ROPA/EPP;SEGURIDAD;CALZADO;KG;SIN PEDIDO;;;;;;;;;;
00223 Comp Amb Santa Fe;1001760;ZSTO;BOTINMARRON/NEGRO FLOR P.ACERO N 44;CONWORK // VORAN // CALZADOS A // // // BORIS;53BAF // CRONOS N T44 // ESCORPIO PRUS 1050 T44 // RINGO MOD BOLT TALLE 44 // RINGO-MOD PUNCH TALLE 44 // 3305 T44;MR01;223;V1;2;3;C28;SEGURIDAD/ROPA/EPP;SEGURIDAD;CALZADO;KG;SIN PEDIDO;;;;;;;;;;
00223 Comp Amb Santa Fe;1001767;ZSTO;ZAPATILLA P.ACERO N 43;FUNCIONAL // VORAN // CONWORK;LANDERBROWN // ENERGY N43 // 655ZA N43;MR01;223;V1;1;2;C28;SEGURIDAD/ROPA/EPP;SEGURIDAD;CALZADO;KG;SIN PEDIDO;;;;;;;;;;
00223 Comp Amb Santa Fe;1001791;ZSTO;ACEITE SAE 30 X 205L;YPF S.A. // YPF S.A. // YPF S.A.;FT SUPER 30 TR // 151692;MR01;223;V1;1;2;L01;ACEITES;LUBRICANTES;ACEITES;KG;SIN PEDIDO;;;;;;;;;;
00223 Comp Amb Santa Fe;1001805;ZSTO;GRASA PARA RODAMIENTO X1KG;SKF // SHELL PLC. //;LGWA2MA // GADAUS S2 V220 2 // MOBILGREASE MP;MR01;223;V1;1;2;L03;GRASAS;LUBRICANTES;GRASA;KG;SIN PEDIDO;;;;;;;;;;
00223 Comp Amb Santa Fe;1001823;ZSTO;ACEITE F50 5W40 X 20 L;ELAION // ELAION // YPF S.A.;F50 5W40 // FS540 // 151792;MR01;223;V1;1;2;L01;ACEITES;LUBRICANTES;AMAROK-HILUX;KG;SIN PEDIDO;;;;;;;;;;
00223 Comp Amb Santa Fe;1001949;ZSTO;CANDADO 30MM XUN;;;MR01;223;V1;2;5;C27;FERRETERIA MR01;FERRETERIA;ACCESORIOS;KG;SIN PEDIDO;;;;;;;;;;
00223 Comp Amb Santa Fe;1002009;ZSTO;CAMISA JEAN T.56 C LOGO;;;MR01;223;V1;2;3;C28;SEGURIDAD/ROPA/EPP;ROPA;INDUMENTARIA;KG;SIN PEDIDO;;;;;;;;;;
00223 Comp Amb Santa Fe;1002017;ZSTO;PANTALON JEAN T.50;;;MR01;223;V1;2;3;C28;SEGURIDAD/ROPA/EPP;ROPA;INDUMENTARIA;KG;SIN PEDIDO;;;;;;;;;;
00223 Comp Amb Santa Fe;1002018;ZSTO;PANTALON JEAN T.52;;;MR01;223;V1;1;2;C28;SEGURIDAD/ROPA/EPP;ROPA;INDUMENTARIA;KG;SIN PEDIDO;;;;;;;;;;
00223 Comp Amb Santa Fe;1002022;ZSTO;PANTALON JEAN T.60;;;MR01;223;V1;1;2;C28;SEGURIDAD/ROPA/EPP;ROPA;INDUMENTARIA;KG;SIN PEDIDO;;;;;;;;;;
00223 Comp Amb Santa Fe;1002046;ZSTO;CAMISETA PRIMERA PIEL T.XL;;;MR01;223;V1;1;2;C28;SEGURIDAD/ROPA/EPP;SEGURIDAD;INDUMENTARIA;KG;SIN PEDIDO;;;;;;;;;;
00223 Comp Amb Santa Fe;1002086;ZSTO;TRAJE DE LLUVIA T.L;;;MR01;223;V1;2;3;C28;SEGURIDAD/ROPA/EPP;ROPA;INDUMENTARIA;KG;SIN PEDIDO;;;;;;;;;;
00223 Comp Amb Santa Fe;1002090;ZSTO;CAPA DE LLUVIA T.XL;;;MR01;223;V1;1;2;C28;SEGURIDAD/ROPA/EPP;ROPA;INDUMENTARIA;KG;SIN PEDIDO;;;;;;;;;;
00223 Comp Amb Santa Fe;1002515;ZSTO;FILTRO ACEITE XUN;JOHN DEERE // JOHN DEERE //;RE521420 // DZ101884 // DZ118283;MR01;223;V1;1;2;F03;FILTRO ACEITE;FILTROS;JD 850J;KG;SIN PEDIDO;;;;;;;;;;
00223 Comp Amb Santa Fe;1002527;ZSTO;FILTRO AIRE CABINA;CATERPILLA // CATERPILLA;2457823 // 5460006;MR01;223;V1;2;3;F05;FILTRO AIRE CABINA;FILTROS;CAT 324DL;KG;SIN PEDIDO;;;;;;;;;;
00223 Comp Amb Santa Fe;1002529;ZSTO;FILTRO HIDRAULICO DE RETORNO XUN;JOHN DEERE // JOHN DEERE;AT335977 // AT545968;MR01;223;V1;2;3;F07;FILTRO FLUIDO HIDR;FILTROS;JD 544K;KG;SIN PEDIDO;;;;;;;;;;
00223 Comp Amb Santa Fe;1002541;ZSTO;FILTRO DE LINEA XUN;JOHN DEERE;AT101565;MR01;223;V1;1;2;F04;FILTRO AIRE;FILTROS;JOHN DEERE;KG;SIN PEDIDO;;;;;;;;;;
00223 Comp Amb Santa Fe;1002546;ZSTO;FILTRO HIDRAULICO;JOHN DEERE //;AT308274 // AT367840;MR01;223;V1;1;2;F04;FILTRO AIRE;FILTROS;FILTROS;KG;SIN PEDIDO;;;;;;;;;;
00223 Comp Amb Santa Fe;1002547;ZSTO;FILTRO HIDRAULICO X UN;CATERPILLA // CATERPILLA;1262081 // 1799806;MR01;223;V1;1;2;F07;FILTRO FLUIDO HIDR;FILTROS;CAT 336 DLME, 390;KG;SIN PEDIDO;;;;;;;;;;
00223 Comp Amb Santa Fe;1002566;ZSTO;FILTRO LINEA COMBUSTIBLE;FLEETGUARD // FLEETGUARD // FLEETGUARD // DONALDSON // // FLEETGUARD;FF5079 // FF5006 // FS5288 // P550090 // P550974 // 4080720;MR01;223;V1;2;3;F07;FILTRO FLUIDO HIDR;FILTROS;FILTROS;KG;SIN PEDIDO;;;;;;;;;;
00223 Comp Amb Santa Fe;1002569;ZSTO;FILTRO RESPIRADERO TANQUE HIDRAULICO XUN;JOHN DEERE;AM39653;MR01;223;V1;2;3;F04;FILTRO AIRE;FILTROS;JD 544K;KG;SIN PEDIDO;;;;;;;;;;
00223 Comp Amb Santa Fe;1002606;ZSTO;FILTRO COMBUSTIBLE X UN;JOHN DEERE;AT365869;MR01;223;V1;1;2;F06;FILTRO COMBUSTIBLE;FILTROS;JD 850J;KG;SIN PEDIDO;;;;;;;;;;
00223 Comp Amb Santa Fe;1002607;ZSTO;FILTRO RETORNO ACEITE HIDRAULICO;JOHN DEERE;T175002;MR01;223;V1;1;2;F07;FILTRO FLUIDO HIDR;FILTROS;JD 850J;KG;SIN PEDIDO;;;;;;;;;;
00223 Comp Amb Santa Fe;1002609;ZSTO;FILTRO AIRE PRIMARIO;JOHN DEERE;AT223226;MR01;223;V1;2;3;F04;FILTRO AIRE;FILTROS;JD 850J;KG;SIN PEDIDO;;;;;;;;;;
00223 Comp Amb Santa Fe;1002727;ZSTO;FILTRO AIRE CABINA XUN;KOMATSU HO // DONALDSON;17M9113530 // P500138;MR01;223;V1;1;2;F05;FILTRO AIRE CABINA;FILTROS;KMS 155AX6;KG;SIN PEDIDO;;;;;;;;;;
00223 Comp Amb Santa Fe;1002738;ZSTO;Filtro Aceite Motor;FLEETGUARD // DONALDSON;LF3345 // P558616;MR01;223;V1;1;2;F03;FILTRO ACEITE;FILTROS;ONAN 40DGCA;KG;SIN PEDIDO;;;;;;;;;;
00223 Comp Amb Santa Fe;1002745;ZSTO;FILTRO AIRE CABINA;CATERPILLA // CATERPILLA // CATERPILLA;2931183 // 3050329 // 4I1278;MR01;223;V1;2;3;F05;FILTRO AIRE CABINA;FILTROS;CAT 336 DLME;KG;SIN PEDIDO;;;;;;;;;;
00223 Comp Amb Santa Fe;1002766;ZSTO;FILTRO COMBUSTIBLE;KOMATSU HO // //;4216035170 // AF4167 // P502574;MR01;223;V1;1;2;F06;FILTRO COMBUSTIBLE;FILTROS;WA600;KG;SIN PEDIDO;;;;;;;;;;
00223 Comp Amb Santa Fe;1002807;ZSTO;FILTRO;MANN // MANN;V733S // CF 600;MR01;223;V1;1;2;C29;FILTROS/RESPUESTOS;FILTROS;GRUPO ELECTROGENO ONAN 40-DG;KG;SIN PEDIDO;;;;;;;;;;
00223 Comp Amb Santa Fe;1002832;ZSTO;FILTRO COMBUSTIBLE;FLEETGUARD // // FLEETGUARD // DONALDSON // MANN;2RK127177A // DB0519 // FF5052 // P553004 // WK723;MR01;223;V1;2;3;F06;FILTRO COMBUSTIBLE;FILTROS;VW 26260 - ONAN;KG;SIN PEDIDO;;;;;;;;;;
00223 Comp Amb Santa Fe;1002836;ZSTO;FILTRO AIRE XUN;TOYOTA ARG;178010C01000;MR01;223;V1;1;2;F04;FILTRO AIRE;FILTROS;HILUX 3.00;KG;SIN PEDIDO;;;;;;;;;;
00223 Comp Amb Santa Fe;1002837;ZSTO;FILTRO COMBUSTIBLE;TOYOTA ARG // TOYOTA ARG;233900L04100 // 233920L0100;MR01;223;V1;1;2;F06;FILTRO COMBUSTIBLE;FILTROS;PARA HILUX 3.00;KG;SIN PEDIDO;;;;;;;;;;
00223 Comp Amb Santa Fe;1002838;ZSTO;FILTRO ACEITE;TOYOTA ARG // TOYOTA ARG;909152000300 // 90915YZZD2;MR01;223;V1;2;3;F03;FILTRO ACEITE;FILTROS;PARA HILUX;KG;SIN PEDIDO;;;;;;;;;;
00223 Comp Amb Santa Fe;1002873;ZSTO;FILTRO DE AIRE;DARMET;V733;MR01;223;V1;1;2;F04;FILTRO AIRE;FILTROS;GRUPO ELECTROGENO ONAN 40-DG;KG;SIN PEDIDO;;;;;;;;;;
00223 Comp Amb Santa Fe;1002901;ZSTO;FILTRO ACEITE;FLEETGUARD // DONALDSON // KOMATSU HO;LF9009 // P553000 // 6742014540;MR01;223;V1;1;2;F03;FILTRO ACEITE;FILTROS;VW 31-320 - 19360;KG;SIN PEDIDO;;;;;;;;;;
00223 Comp Amb Santa Fe;1002902;ZSTO;FILTRO HABITACULO XUN;TOYOTA ARG;871390K010;MR01;223;V1;1;2;F05;FILTRO AIRE CABINA;FILTROS;HILUX;KG;SIN PEDIDO;;;;;;;;;;
00223 Comp Amb Santa Fe;1002908;ZSTO;FILTRO TRANSIMISION HIDRAULICO XUN;JOHN DEERE;AT367635;MR01;223;V1;1;2;F07;FILTRO FLUIDO HIDR;FILTROS;JD 524;KG;SIN PEDIDO;;;;;;;;;;
00223 Comp Amb Santa Fe;1002922;ZSTO;FILTRO ACEITE TRANSMISIÓN DIFERENCIAL;JOHN DEERE;AT335492;MR01;223;V1;1;2;F03;FILTRO ACEITE;FILTROS;JD 644K, 544K;KG;SIN PEDIDO;;;;;;;;;;
00223 Comp Amb Santa Fe;1002923;ZSTO;FILTRO COMBUSTIBLE;BOMAG GMBH // DONALDSON;5716779 // P554620;MR01;223;V1;1;2;F06;FILTRO COMBUSTIBLE;FILTROS;BW24RH;KG;SIN PEDIDO;;;;;;;;;;
00223 Comp Amb Santa Fe;1003026;ZSTO;FILTRO SEPARADOR DE AGUA;FLEETGUARD // FLEETGUARD // DONALDSON;FS19652 // FS1280 // P551329;MR01;223;V1;1;2;F13;FILTRO TRAMPA DE A;FILTROS;ONAN C66D5;KG;SIN PEDIDO;;;;;;;;;;
00223 Comp Amb Santa Fe;1003029;ZSTO;FILTRO DE AIRE PRIMARIO CAT;CATERPILLA // CATERPILLA // CATERPILLA;4578206 // 5206407 // 5287222;MR01;223;V1;2;3;F04;FILTRO AIRE;FILTROS;CAT 320;KG;SIN PEDIDO;;;;;;;;;;
00223 Comp Amb Santa Fe;1003030;ZSTO;FILTRO DE AIRE SECUNDARIO;CATERPILLA // CATERPILLA;4470761 // 5290132;MR01;223;V1;2;3;F04;FILTRO AIRE;FILTROS;CAT 320;KG;SIN PEDIDO;;;;;;;;;;
00223 Comp Amb Santa Fe;1003031;ZSTO;FILTRO DE COMBUSTIBLE;CATERPILLA;1R1804;MR01;223;V1;2;3;F06;FILTRO COMBUSTIBLE;FILTROS;CAT;KG;SIN PEDIDO;;;;;;;;;;
00223 Comp Amb Santa Fe;1003032;ZSTO;FILTRO TRAMPA DE AGUA;CATERPILLA;4385386;MR01;223;V1;2;3;F13;FILTRO TRAMPA DE A;FILTROS;CAT;KG;SIN PEDIDO;;;;;;;;;;
00223 Comp Amb Santa Fe;1003033;ZSTO;FILTRO DE ACEITE MOTOR;CATERPILLA;3223155;MR01;223;V1;2;3;F03;FILTRO ACEITE;FILTROS;CAT 323;KG;SIN PEDIDO;;;;;;;;;;
00223 Comp Amb Santa Fe;1003057;ZSTO;ELEMENTO FILTRO DE AIRE PRIMARIO;JOHN DEERE;AT175223;MR01;223;V1;1;2;F04;FILTRO AIRE;FILTROS;MOTONIVELADORA JD 770 G;KG;SIN PEDIDO;;;;;;;;;;
00223 Comp Amb Santa Fe;1003058;ZSTO;KIT FILTRO COMBUSTIBLE COMPLETO;JOHN DEERE // JOHN DEERE;RE525523 // RE52090652323;MR01;223;V1;1;2;F06;FILTRO COMBUSTIBLE;FILTROS;MOTONIVELADORA JD 770 G;KG;SIN PEDIDO;;;;;;;;;;
00223 Comp Amb Santa Fe;1003087;ZSTO;FILTRO COMBUSTIBLE;TOYOTA ARG //;233900L07000 // 233900L100;MR01;223;V1;1;2;F06;FILTRO COMBUSTIBLE;FILTROS;HILUX 2017;KG;SIN PEDIDO;;;;;;;;;;
00223 Comp Amb Santa Fe;1003088;ZSTO;FILTRO AIRE;TOYOTA ARG // TOYOTA ARG;178010L04000 // 178010E030;MR01;223;V1;1;2;F04;FILTRO AIRE;FILTROS;HILUX 2017;KG;SIN PEDIDO;;;;;;;;;;
00223 Comp Amb Santa Fe;1003089;ZSTO;FILTRO DE CABINA;TOYOTA ARG;871390K080;MR01;223;V1;1;2;F05;FILTRO AIRE CABINA;FILTROS;HILUX 2017;KG;SIN PEDIDO;;;;;;;;;;
00223 Comp Amb Santa Fe;1003094;ZSTO;FILTRO DE DRENAJE BOMBA;VOLVO CONS // // No aplica;21392404 // 20580233 // 7632141111;MR01;223;V1;1;2;F07;FILTRO FLUIDO HIDR;FILTROS;VOLVO 330 // VOLVO FM460;KG;SIN PEDIDO;;;;;;;;;;
00223 Comp Amb Santa Fe;1003125;ZSTO;FILTRO SECADOR DE AIRE;VOLVO CONS;21620181;MR01;223;V1;1;2;F11;FILTRO SECADOR DE;FILTROS;VOLVO 330;KG;SIN PEDIDO;;;;;;;;;;
00223 Comp Amb Santa Fe;1003126;ZSTO;FILTRO SECADO DE AIRE;VOLVO CONS // VOLVO CONS // VOLVO CONS //;21412848 // 22223804 // 23260134 // 23690622;MR01;223;V1;2;3;F11;FILTRO SECADOR DE;FILTROS;VOLVO FM460;KG;SIN PEDIDO;;;;;;;;;;
00223 Comp Amb Santa Fe;1003138;ZSTO;FILTRO DE COMBUSTIBLE;KOMATSU HO // KOMATSU HO;6003193750 // 6003113750;MR01;223;V1;1;2;F06;FILTRO COMBUSTIBLE;FILTROS;KOMATSU PC 200-8;KG;SIN PEDIDO;;;;;;;;;;
00223 Comp Amb Santa Fe;1003139;ZSTO;FILTRO HIDRAULICO;KOMATSU HO;2076071183;MR01;223;V1;1;2;F07;FILTRO FLUIDO HIDR;FILTROS;KOMATSU PC 200-8;KG;SIN PEDIDO;;;;;;;;;;
00223 Comp Amb Santa Fe;1003164;ZSTO;FILTRO DE BOMBA SIST. UREA;VOLVO CONS;20877958;MR01;223;V1;1;2;F09;FILTRO DE UREA;FILTROS;VOLVO 330;KG;SIN PEDIDO;;;;;;;;;;
00223 Comp Amb Santa Fe;1003233;ZSTO;FILTRO HIDRAULICO VENTILACION;KOMATSU HO;22B6011160;MR01;223;V1;1;2;F07;FILTRO FLUIDO HIDR;FILTROS;KOM D155 AX-6;KG;SIN PEDIDO;;;;;;;;;;
00223 Comp Amb Santa Fe;1003246;ZSTO;FILTRO DE TANQUE HIDRAULICO;REMOLQUES // HIFI FILTE;14896990 // SH 93214;MR01;223;V1;1;2;F07;FILTRO FLUIDO HIDR;FILTROS;VOLCADORA OMBU;KG;SIN PEDIDO;;;;;;;;;;
00223 Comp Amb Santa Fe;1003276;ZSTO;FILTRO TANQUE HIDRAULICO;PARKER // No aplica //;921999 // K22001 // P551551;MR01;223;V1;1;2;F07;FILTRO FLUIDO HIDR;FILTROS;VOLCADORA MILICIC // VOLVO 330;KG;SIN PEDIDO;;;;;;;;;;
00223 Comp Amb Santa Fe;1003302;ZSTO;FILTRO ACEITE CAJA DE CAMBIO;VOLVO CONS // VOLVO CONS;20779040 // 24283117;MR01;223;V1;1;2;F03;FILTRO ACEITE;FILTROS;VOLVO 460 FMX;KG;SIN PEDIDO;;;;;;;;;;
00223 Comp Amb Santa Fe;1003359;ZSTO;FILTRO DE AIRE PRIMARIO;KOMATSU HO //;2A59791551 // AF55884;MR01;223;V1;1;2;F10;FILTRO HVAC;FILTROS;KOMATSU PC 200-8;KG;SIN PEDIDO;;;;;;;;;;
00223 Comp Amb Santa Fe;1016537;ZSTO;KIT FILTRO DE AIRE PRIMARIO Y SECUNDARIO;KOMATSU HO // DARMET;6001855100 // VP-3722 + VP-3723;MR01;223;V1;1;2;F04;FILTRO AIRE;FILTROS;PC2000;KG;SIN PEDIDO;;;;;;;;;;
00314 CASA Olavarría;1001795;ZSTO;ACEITE 85W140 X 205L;YPF S.A. // YPF S.A.;85W140 // 123192;MM01;26;RE;1;2;L01;ACEITES;LUBRICANTES;ACEITES;KG;SIN PEDIDO;;;;;;;;;;
00314 CASA Olavarría;1001801;ZSTO;ACEITE 80W X 205L;M-LUBE;GXA;MM01;26;RE;1;2;L01;ACEITES;LUBRICANTES;ACEITES;KG;SIN PEDIDO;;;;;;;;;;
00314 CASA Olavarría;1002101;ZSTO;CORREA ALTERNADOR STRAL;CNH // CNH;5801361410 // 500341810;MM01;26;RE;1;2;C03;EQUIPOS;CORREAS;AUTOMOTOR;KG;SIN PEDIDO;;;;;;;;;;
00314 CASA Olavarría;1002113;ZSTO;CORREA DISTRIBUCION ORIG TORRE WACK;;WAN5000155697;MM01;26;RE;1;2;C29;FILTROS/RESPUESTOS;CORREAS;TORRE ILUMINACION DAYCO113;KG;SIN PEDIDO;;;;;;;;;;
00314 CASA Olavarría;1002114;ZSTO;CORREA ALTERNADOR 850MM ORIG;LOMBARDINI;WAN5200002703;MM01;26;RE;1;2;C29;FILTROS/RESPUESTOS;CORREAS;TORRE WACKER;KG;SIN PEDIDO;;;;;;;;;;
00314 CASA Olavarría;1002164;ZSTO;CORREA MOTOR VW 31-320 CONSTELATION XUN;CONTINENTA;8PK1980;MM01;26;RE;1;2;C29;FILTROS/RESPUESTOS;CORREAS;VW 31-320 CONSTELATION;KG;SIN PEDIDO;;;;;;;;;;
00314 CASA Olavarría;1002186;ZSTO;CORREA VENTILADOR;VOLVO CONS;VOE20459311;MM01;26;RE;1;2;C29;FILTROS/RESPUESTOS;CORREAS;VOLVO EC 480D;KG;SIN PEDIDO;;;;;;;;;;
00314 CASA Olavarría;1002204;ZSTO;CORREA ALTERNADOR;;3032915 // AV 13X890;MM01;26;RE;1;2;C03;EQUIPOS;CORREAS;HIMOINSA LTA 8 V LED;KG;SIN PEDIDO;;;;;;;;;;
00314 CASA Olavarría;1002211;ZSTO;CORREA VENTILADOR;;10PK1448-20712530 // 10PK1448-24635977;MM01;26;RE;1;2;C29;FILTROS/RESPUESTOS;CORREAS;PLATAFORMA DE MANTENIMIENTO VE;KG;SIN PEDIDO;;;;;;;;;;
00314 CASA Olavarría;1002212;ZSTO;CORREA DE ALTERNADOR;CATERPILLA // // No aplica;8PK1537 // 22275091 // 8PK-1540 // 8PK1535;MM01;26;RE;1;2;C29;FILTROS/RESPUESTOS;CORREAS;PLATAFORMA DE MANTENIMIENTO VE;KG;SIN PEDIDO;;;;;;;;;;
00314 CASA Olavarría;1002217;ZSTO;CORREA;VOLVO CONS;VOE22281893;MM01;26;RE;1;2;C29;FILTROS/RESPUESTOS;CORREAS;VOLVO EC 480D;KG;SIN PEDIDO;;;;;;;;;;
00314 CASA Olavarría;1002708;ZSTO;FILTRO AIRE X UN;VOLKSWAGEN // VOLKSWAGEN // VOLKSWAGEN // // // FLEETGUARD;2S0129620B // CA-5626 // FLI6120 // P618941 // S3003 // AF2599700;MM01;26;V1;1;3;F04;FILTRO AIRE;FILTROS;VW;KG;SIN PEDIDO;;;;;;;;;;
00314 CASA Olavarría;1002709;ZSTO;CARTUCHO PARA FILTRO AIRE;VOLKSWAGEN // // // MONZA // FLEETGUARD;2S0129620CA // AB3406 // CA5626 // FLI9141 // AF26211;MM01;26;V1;1;3;F01;CARTUCHO;FILTROS;WV;KG;SIN PEDIDO;;;;;;;;;;
00314 CASA Olavarría;1002931;ZSTO;FILTRO ACEITE;VOLVO CONS // VOLVO MAQU // FLEETGUARD // VOLVO CONS // VOLVO CONS;P21707133 // 17533660 // LF667 // VOE478736 // 23658092;MM01;26;V1;24;42;F03;FILTRO ACEITE;FILTROS;VOLVO 330 // VOLVO L260H;KG;SIN PEDIDO;;;;;;;;;;
00314 CASA Olavarría;1002977;ZSTO;FILTRO DE AIRE;CATERPILLA // CATERPILLA // CATERPILLA;3962122 // 577-1440 / 518-1710 // 5771436;MM01;26;V1;19;35;F04;FILTRO AIRE;FILTROS;CAT 775G;KG;SIN PEDIDO;;;;;;;;;;
00314 CASA Olavarría;1003177;ZSTO;FILTRO TRAMPA DE AGUA;CATERPILLA;4238524;MM01;26;V1;7;14;F13;FILTRO TRAMPA DE A;FILTROS;CAT 950;KG;SIN PEDIDO;;;;;;;;;;
00314 CASA Olavarría;1003323;ZSTO;FILTRO CABINA;CATERPILLA;1070266;MM01;26;V1;3;6;F05;FILTRO AIRE CABINA;FILTROS;CAT D9, 988H;KG;SIN PEDIDO;;;;;;;;;;
00314 CASA Olavarría;1003373;ZSTO;FILTROAIREACONDCABINAEXTERIORINTERIOR;VOLVO CONS;21758906;MM01;26;V1;5;10;F10;FILTRO HVAC;FILTROS;VOLVO FM460;KG;SIN PEDIDO;;;;;;;;;;
00314 CASA Olavarría;1003381;ZSTO;PICO AUTOMATICODEDESPACHDECOMBUSTIBLE3 4;;;MM01;26;RE;1;2;C13;FERRETERÍA MM01;REPUESTOS;?;KG;SIN PEDIDO;;;;;;;;;;
00314 CASA Olavarría;1003428;ZSTO;TENSOR CORREA AUXILIAR;TOYOTA ARG // TOYOTA ARG;166200L02000K // 1662030031;MM01;26;RE;1;2;C29;FILTROS/RESPUESTOS;REPUESTOS;HILUX;KG;SIN PEDIDO;;;;;;;;;;
00314 CASA Olavarría;1003429;ZSTO;POLEA CORREA AUXILIAR;TOYOTA ARG;884400K172;MM01;26;RE;1;2;C29;FILTROS/RESPUESTOS;REPUESTOS;HILUX 3.0 2010;KG;SIN PEDIDO;;;;;;;;;;
00314 CASA Olavarría;1003433;ZSTO;BOMBA DE AGUA;TOYOTA ARG;16100-69357;MM01;26;RE;1;2;C29;FILTROS/RESPUESTOS;REPUESTOS;HILUX 3.0 2010;KG;SIN PEDIDO;;;;;;;;;;
00314 CASA Olavarría;1003456;ZSTO;INTERRUPTOR;CNH INDUST;41200567FI;MM01;26;RE;1;2;C29;FILTROS/RESPUESTOS;REPUESTOS;LUZ INTER. E TECH TRAKKER;KG;SIN PEDIDO;;;;;;;;;;
00314 CASA Olavarría;1003460;ZSTO;LLAVE TECLA BALIZA;CNH;500388626;MM01;26;RE;1;2;C29;FILTROS/RESPUESTOS;REPUESTOS;IVECO TRAKKER T380;KG;SIN PEDIDO;;;;;;;;;;
00314 CASA Olavarría;1003461;ZSTO;TUBO GOMA INFERIOR RADIADOR;CNH INDUST //;41270112 // 5801693272;MM01;26;RE;1;2;C29;FILTROS/RESPUESTOS;REPUESTOS;IVECO TRAKKER T380;KG;SIN PEDIDO;;;;;;;;;;
00314 CASA Olavarría;1003470;ZSTO;VALVULA OLEOHIDRAULICA N 1799 XUN;;;MM01;26;RE;1;2;C29;FILTROS/RESPUESTOS;REPUESTOS;CAJA VOLCADORA;KG;SIN PEDIDO;;;;;;;;;;
00314 CASA Olavarría;1003502;ZSTO;RODAMIENTO BLINDADO DE VOLANTE;SKF;63052RS1;MM01;26;RE;1;2;C29;FILTROS/RESPUESTOS;REPUESTOS;SKF;KG;SIN PEDIDO;;;;;;;;;;
00314 CASA Olavarría;1003504;ZSTO;TOMA FUERZA NEUM. MULT. C PLATO;TER APLICA;ZF16s1301650;MM01;26;RE;1;2;C29;FILTROS/RESPUESTOS;REPUESTOS;VW 31-320;KG;SIN PEDIDO;;;;;;;;;;
00314 CASA Olavarría;1003511;ZSTO;EXTREMO DE DIRECCION;CNH;4833829;MM01;26;RE;1;2;C29;FILTROS/RESPUESTOS;REPUESTOS;IVECO TRACKKER;KG;SIN PEDIDO;;;;;;;;;;
00314 CASA Olavarría;1003512;ZSTO;EXTREMO DE DIRECCION;CNH;4833830;MM01;26;RE;1;2;C29;FILTROS/RESPUESTOS;REPUESTOS;IVECO TRACKKER;KG;SIN PEDIDO;;;;;;;;;;
00314 CASA Olavarría;1003661;ZSTO;O-RING (G);DAEMO ENGI;0070010500G;MM01;26;RE;1;2;C29;FILTROS/RESPUESTOS;REPUESTOS;DAEMO B180, B210, B250, B300;KG;SIN PEDIDO;;;;;;;;;;
00314 CASA Olavarría;1003665;ZSTO;WASHER NORD LOCK;DAEMO ENGI;015E1024000;MM01;26;RE;1;2;C29;FILTROS/RESPUESTOS;REPUESTOS;DAEMO B180, B210, B250, B300;KG;SIN PEDIDO;;;;;;;;;;
00314 CASA Olavarría;1003680;ZSTO;DAMPERSIDE;DAEMO ENGI;B00081221;MM01;26;RE;1;2;C29;FILTROS/RESPUESTOS;REPUESTOS;DAEMO B250, B300;KG;SIN PEDIDO;;;;;;;;;;
00314 CASA Olavarría;1001682;ZSTO;MAMEL. 1°CAL. DESC. LAMIN.BLANCO 60GR.XL;;FABRICANTE:DUPONT | MODELO:TYVEK 500;MR01;314;V1;173;300;C28;SEGURIDAD/ROPA/EPP;SEGURIDAD;INDUMENTARIA;KG;SIN PEDIDO;;;;;;;;;;
00314 CASA Olavarría;1003689;ZSTO;COVERFRONT;DAEMO ENGI;B30610040;MM01;26;RE;1;2;C29;FILTROS/RESPUESTOS;REPUESTOS;DAEMO B300;KG;SIN PEDIDO;;;;;;;;;;
00314 CASA Olavarría;1001683;ZSTO;RESPIRADOR PARA POLVOSTIPON95CAJAX20UN;;;MR01;314;RE;3;10;C28;SEGURIDAD/ROPA/EPP;SEGURIDAD;ACCESORIO SEGURIDAD;KG;SIN PEDIDO;;;;;;;;;;
00314 CASA Olavarría;1003692;ZSTO;HELI COLI;DAEMO ENGI;019B10300270;MM01;26;RE;1;2;C29;FILTROS/RESPUESTOS;REPUESTOS;DAEMO B300;KG;SIN PEDIDO;;;;;;;;;;
00314 CASA Olavarría;1003751;ZSTO;CORREA;KOMATSU HO;6245-61-3360;MM01;26;RE;1;2;C29;FILTROS/RESPUESTOS;REPUESTOS;D465-7EO;KG;SIN PEDIDO;;;;;;;;;;
00314 CASA Olavarría;1001702;ZSTO;GUANTE SOLDADOR COSTURA KEVLAR;;;MR01;314;V1;1;3;C28;SEGURIDAD/ROPA/EPP;SEGURIDAD;GUANTE;KG;SIN PEDIDO;;;;;;;;;;
00314 CASA Olavarría;1003773;ZSTO;SENSOR;KOMATSU HO;ND499000-6160;MM01;26;RE;1;2;C29;FILTROS/RESPUESTOS;REPUESTOS;D465-7EO;KG;SIN PEDIDO;;;;;;;;;;
00314 CASA Olavarría;1003814;ZSTO;LAMPARA;KOMATSU HO;561-86-87410;MM01;26;RE;1;2;C29;FILTROS/RESPUESTOS;REPUESTOS;D465-7EO;KG;SIN PEDIDO;;;;;;;;;;
00314 CASA Olavarría;1003824;ZSTO;ESPEJO;KOMATSU HO;23W-P86-2890;MM01;26;RE;1;2;C29;FILTROS/RESPUESTOS;REPUESTOS;D465-7EO;KG;SIN PEDIDO;;;;;;;;;;
00314 CASA Olavarría;1003825;ZSTO;VIDRIO DE CABINA;KOMATSU HO;581-06-16431;MM01;26;RE;1;2;C29;FILTROS/RESPUESTOS;REPUESTOS;D465-7EO;KG;SIN PEDIDO;;;;;;;;;;
00314 CASA Olavarría;1001869;ZSTO;MARCADORINDUSTRIAL-AMARILLOXUN;UNIPAINT;MÚLT. 10U;MR01;314;V1;3;6;C17;INSUMOS A;LIBRERIA;ESCRITURA;KG;SIN PEDIDO;;;;;;;;;;
00314 CASA Olavarría;1001900;ZSTO;TRAPO DE PISO;;;MR01;314;V1;17;30;C17;INSUMOS A;LIMPIEZA;INSUMOS;KG;SIN PEDIDO;;;;;;;;;;
00314 CASA Olavarría;1001915;ZSTO;REJILLA DE COCINA;;;MR01;314;V1;17;30;C17;INSUMOS A;LIMPIEZA;INSUMOS;KG;SIN PEDIDO;;;;;;;;;;
00314 CASA Olavarría;1001917;ZSTO;ESCOBILLON PLASTICO SIN CABO;;;MR01;314;V1;1;2;C17;INSUMOS A;LIMPIEZA;INSUMOS;KG;SIN PEDIDO;;;;;;;;;;
00314 CASA Olavarría;1004070;ZSTO;HOJA DE LIMPIA PARABRISA;VOLVO CONS;VOE11205856;MM01;26;RE;1;2;C29;FILTROS/RESPUESTOS;REPUESTOS;VOLVO EC 480D;KG;SIN PEDIDO;;;;;;;;;;
00314 CASA Olavarría;1004071;ZSTO;TERMOSTATO;VOLVO CONS;VOE21412639;MM01;26;RE;1;2;C29;FILTROS/RESPUESTOS;REPUESTOS;VOLVO EC 480D;KG;SIN PEDIDO;;;;;;;;;;
00314 CASA Olavarría;1004266;ZSTO;KIT EMBRAGUE;CNH // CNH;5801291663 // 500055485;MM01;26;RE;1;2;C29;FILTROS/RESPUESTOS;REPUESTOS;IVECO TRAKKER T380;KG;SIN PEDIDO;;;;;;;;;;
00314 CASA Olavarría;1004316;ZSTO;ACEITE DE EJES X 20LTS;VOLVO CONS;WB102;MM01;26;V1;1;3;L01;ACEITES;LUBRICANTES;CARGADORA VOLVO L220G;KG;SIN PEDIDO;;;;;;;;;;
00314 CASA Olavarría;1004459;ZSTO;EXTREMO DIRECCION IZQ/DER XUN;CATERPILLA;1313736;MM01;26;RE;1;2;C29;FILTROS/RESPUESTOS;REPUESTOS;CAT;KG;SIN PEDIDO;;;;;;;;;;
00314 CASA Olavarría;1004605;ZSTO;CORTADOR CENTRAL;;2571782;MM01;26;RE;1;2;C29;FILTROS/RESPUESTOS;DESGASTE;DESGASTE;KG;SIN PEDIDO;;;;;;;;;;
00314 CASA Olavarría;1004686;ZSTO;FAROS TRAS IZQ;VOLVO CONS // VOLVO TRUC;84441759 / 23522307 // 82483074;MM01;26;RE;1;2;C29;FILTROS/RESPUESTOS;REPUESTOS;VOLVO 460 FMX;KG;SIN PEDIDO;;;;;;;;;;
00314 CASA Olavarría;1013372;ZSCD;1141452030-JUNTA;;;MM01;26;RE;1;2;C29;FILTROS/RESPUESTOS;REPUESTOS;HITACHI 870;KG;SIN PEDIDO;;;;;;;;;;
00314 CASA Olavarría;1013409;ZSCD;21296849 SENSORES ABS DEL;;;MM01;26;RE;1;2;C29;FILTROS/RESPUESTOS;REPUESTOS;VOLVO FM460-L260H;KG;SIN PEDIDO;;;;;;;;;;
00314 CASA Olavarría;1013476;ZSCD;4653861-JUEGO DE RETENES;;;MM01;26;RE;1;2;C29;FILTROS/RESPUESTOS;REPUESTOS;HITACHI 870;KG;SIN PEDIDO;;;;;;;;;;
00314 CASA Olavarría;1013478;ZSCD;4709228-COMPRESOR;;;MM01;26;RE;1;2;C29;FILTROS/RESPUESTOS;REPUESTOS;HITACHI 870;KG;SIN PEDIDO;;;;;;;;;;
00314 CASA Olavarría;1013522;ZSCD;ACEITE DIFERENCIALES VOLVO97312 x 205LTS;SHELL PLC.;SPIRAX S6 GXME 75W90;MM01;26;RE;1;2;C29;FILTROS/RESPUESTOS;LUBRICANTES;LUBRICANTES;KG;SIN PEDIDO;;;;;;;;;;
00314 CASA Olavarría;1013528;ZSCD;CONTROL FYA00016095 (EX FYA00016270) XUN;;;MM01;26;RE;1;2;C29;FILTROS/RESPUESTOS;REPUESTOS;HITACHI 870;KG;SIN PEDIDO;;;;;;;;;;
00314 CASA Olavarría;1013540;ZSCD;INTERRUPTOR-1831610330;;;MM01;26;RE;1;2;C29;FILTROS/RESPUESTOS;REPUESTOS;HITACHI 870;KG;SIN PEDIDO;;;;;;;;;;
00314 CASA Olavarría;1013541;ZSCD;INTERRUPTOR-4477373;;;MM01;26;RE;1;2;C29;FILTROS/RESPUESTOS;REPUESTOS;HITACHI 870;KG;SIN PEDIDO;;;;;;;;;;
00314 CASA Olavarría;1013543;ZSCD;JUNTA-1137430361;;;MM01;26;RE;1;2;C29;FILTROS/RESPUESTOS;REPUESTOS;HITACHI 870;KG;SIN PEDIDO;;;;;;;;;;
00314 CASA Olavarría;1013544;ZSCD;JUNTA-1141451870;;;MM01;26;RE;1;2;C29;FILTROS/RESPUESTOS;REPUESTOS;HITACHI 870;KG;SIN PEDIDO;;;;;;;;;;
00314 CASA Olavarría;1013547;ZSCD;RELE-1825530391;;;MM01;26;RE;1;2;C29;FILTROS/RESPUESTOS;REPUESTOS;HITACHI 870;KG;SIN PEDIDO;;;;;;;;;;
00314 CASA Olavarría;1013550;ZSCD;RELE-8943795431;;;MM01;26;RE;1;2;C29;FILTROS/RESPUESTOS;REPUESTOS;HITACHI 870;KG;SIN PEDIDO;;;;;;;;;;
00314 CASA Olavarría;1013552;ZSCD;SENSOR-1815107131;;;MM01;26;RE;1;2;C29;FILTROS/RESPUESTOS;REPUESTOS;HITACHI 870;KG;SIN PEDIDO;;;;;;;;;;
00314 CASA Olavarría;1013559;ZSCD;UNIDAD DE CONTROL BASICO-FYA00011104;;;MM01;26;RE;1;2;C29;FILTROS/RESPUESTOS;REPUESTOS;KOMATSU HD465-7E1;KG;SIN PEDIDO;;;;;;;;;;
00314 CASA Olavarría;1013560;ZSCD;VALVE,RELIEF -4469380;;;MM01;26;RE;1;2;C29;FILTROS/RESPUESTOS;REPUESTOS;HITACHI 870;KG;SIN PEDIDO;;;;;;;;;;
00314 CASA Olavarría;1016078;ZSTO;CORREA MOTOR;CATERPILLA;2198689;MM01;26;RE;1;2;C29;FILTROS/RESPUESTOS;CORREAS;VOLVO EC 480D;KG;SIN PEDIDO;;;;;;;;;;
00314 CASA Olavarría;1016432;ZSTO;Tapa Tanque de Urea;VOLVO MAQU;21584844;MM01;26;RE;1;2;C29;FILTROS/RESPUESTOS;REPUESTOS;VOLVO FM460;KG;SIN PEDIDO;;;;;;;;;;
00314 CASA Olavarría;1016434;ZSTO;Kit Correa y Tensores;VOLVO MAQU // // //;20002072 // 20712530+22275091 // 22696301+21479276+21919687 // 22696301+21479276+24201573;MM01;26;RE;1;2;C03;EQUIPOS;REPUESTOS;VOLVO FM460;KG;SIN PEDIDO;;;;;;;;;;
00314 CASA Olavarría;1016436;ZSTO;Bomba de Direccion;VOLVO MAQU;24060142000;MM01;26;RE;1;2;C29;FILTROS/RESPUESTOS;REPUESTOS;VOLVO FM460;KG;SIN PEDIDO;;;;;;;;;;
00314 CASA Olavarría;1017809;ZSSD;CORREA POLI-V;;198-3611;MM01;26;RE;1;2;C29;FILTROS/RESPUESTOS;CORREAS;CAT 140K;KG;SIN PEDIDO;;;;;;;;;;
00314 CASA Olavarría;1017829;ZSSD;VISCOSO;;24017079;MM01;26;RE;1;2;C03;EQUIPOS;REPUESTOS;VOLVO;KG;SIN PEDIDO;;;;;;;;;;
00314 CASA Olavarría;1022036;ZSTO;CORREA;ONAN;8PK-1430;MM01;26;RE;1;2;C29;FILTROS/RESPUESTOS;REPUESTOS;ONAN C 150 D5 4;KG;SIN PEDIDO;;;;;;;;;;
00314 CASA Olavarría;1024638;ZSTO;STARTER SWITCH;;14526158;MM01;26;RE;1;2;C03;EQUIPOS;REPUESTOS;VOLVO EC 480D;KG;SIN PEDIDO;;;;;;;;;;
00314 CASA Olavarría;1024674;ZSTO;SWITCH LUCES;;70369702;MM01;26;RE;1;2;C03;EQUIPOS;REPUESTOS;?;KG;SIN PEDIDO;;;;;;;;;;
00314 CASA Olavarría;1024678;ZSTO;ORING BALDE;;SA9524-00146;MM01;26;RE;5;10;C03;EQUIPOS;REPUESTOS;?;KG;SIN PEDIDO;;;;;;;;;;
00314 CASA Olavarría;1027114;ZSTO;KIT DE EMBRAGUE FMX 460;;20002083 // KIT(2341664-23417523-24157502-1652986) // KIT(23491400-23441664-1652986-23417523);MM01;26;RE;1;2;C03;EQUIPOS;REPUESTOS;CAMION VOLVO FMX 460;KG;SIN PEDIDO;;;;;;;;;;
00314 CASA Olavarría;1027554;ZSSD;"escobilla bufalo c20 plus 500mm 20""";;;MM01;26;CL;1;1;C29;FILTROS/RESPUESTOS;REPUESTOS;IVECO;KG;SIN PEDIDO;;;;;;;;;;
00314 CASA Olavarría;1028721;ZSTO;TUBO AGUA COMPR STRALIS TRAKKER;;5801582266;MM01;26;RE;1;1;C03;EQUIPOS;REPUESTOS;IVECO STRALIS;KG;SIN PEDIDO;;;;;;;;;;
00314 CASA Olavarría;1029359;ZSTO;CORREA A/A;;07W145933;MM01;26;RE;1;1;C03;EQUIPOS;CORREAS;?;KG;SIN PEDIDO;;;;;;;;;;
00314 CASA Olavarría;1033158;ZSTO;BASE DE FILTRO CON BOMBIN;;VOE21023287;MM01;26;RE;1;1;C29;FILTROS/RESPUESTOS;REPUESTOS;?;KG;SIN PEDIDO;;;;;;;;;;
00314 CASA Olavarría;1034469;ZSTO;MANGUERA SUPERIOR DE RADIADOR;;5801693271;MM01;26;RE;1;2;C03;EQUIPOS;REPUESTOS;?;KG;SIN PEDIDO;;;;;;;;;;
00314 CASA Olavarría;1034538;ZSTO;CONDENSADOR A/A;;22768927 // 22768793;MM01;26;RE;1;1;C03;EQUIPOS;REPUESTOS;VOLVO 460 FMX;KG;SIN PEDIDO;;;;;;;;;;
00314 CASA Olavarría;1034630;ZSTO;FLEXIBLE;;20992763;MM01;26;RE;1;2;C03;EQUIPOS;REPUESTOS;VOLVO FM460;KG;SIN PEDIDO;;;;;;;;;;
00314 CASA Olavarría;1034645;ZSTO;VOLANTE DE INERCIA;;21630898;MM01;26;RE;1;2;C03;EQUIPOS;REPUESTOS;VOLVO FM460;KG;SIN PEDIDO;;;;;;;;;;
00314 CASA Olavarría;1034646;ZSTO;ELECTROVALVULA EMBRAGUE;;22327072;MM01;26;RE;1;2;C03;EQUIPOS;REPUESTOS;VOLVO FM460;KG;SIN PEDIDO;;;;;;;;;;
00314 CASA Olavarría;1034682;ZSTO;COMPRESOR A/A TRAKKER 410T;;540385146;MM01;26;RE;1;2;C03;EQUIPOS;REPUESTOS;IVECO;KG;SIN PEDIDO;;;;;;;;;;
00314 CASA Olavarría;1035260;ZSTO;MANGUERA FRENOS;;22938292;MM01;26;RE;1;2;C03;EQUIPOS;REPUESTOS;VOLVO FM460;KG;SIN PEDIDO;;;;;;;;;;
00314 CASA Olavarría;1035264;ZSTO;COMPRESOR 988H;;218-0324;MM01;26;RE;1;2;C03;EQUIPOS;REPUESTOS;CAT 988 H;KG;SIN PEDIDO;;;;;;;;;;
00314 CASA Olavarría;1035453;ZSTO;MOTOR LIMPIAPARABRISAS (V480);;VOE14675537;MM01;26;RE;1;2;C03;EQUIPOS;REPUESTOS;VOLVO EC 480D;KG;SIN PEDIDO;;;;;;;;;;
00314 CASA Olavarría;1035682;ZSTO;ALZA CRISTAL IZQUIERDO;;56B-54-14351;MM01;26;RE;1;2;C03;EQUIPOS;REPUESTOS;KOMATSU HD785;KG;SIN PEDIDO;;;;;;;;;;
00314 CASA Olavarría;1035684;ZSTO;MOTOR LIMPIAPARABRISAS;;56B-54-13220;MM01;26;RE;1;2;C03;EQUIPOS;REPUESTOS;KOMATSU HD785;KG;SIN PEDIDO;;;;;;;;;;
00314 CASA Olavarría;1036372;ZSTO;VARILLA MEDICION DE ACEITE MOTOR;;616-6274;MM01;26;RE;1;1;C03;EQUIPOS;REPUESTOS;?;KG;SIN PEDIDO;;;;;;;;;;
00314 CASA Olavarría;1042215;ZSTO;CILINDRO COLUMNA DIRECCION CAT 775;;332-7047;MM01;26;RE;1;1;C03;EQUIPOS;REPUESTOS;?;KG;SIN PEDIDO;;;;;;;;;;
00314 CASA Olavarría;1046441;ZSTO;BALANCÍN (ALTA);;VOE 11428010;MM01;26;RE;1;2;C03;EQUIPOS;REPUESTOS;?;KG;SIN PEDIDO;;;;;;;;;;
00314 CASA Olavarría;1046692;ZSTO;CORTA CORRIENTE;;VOE17418494;MM01;26;RE;1;2;C03;EQUIPOS;REPUESTOS;?;KG;SIN PEDIDO;;;;;;;;;;
00314 CASA Olavarría;1049393;ZSTO;BOMBA DE IMPLEMENTO;;485-9673;MM01;26;RE;1;1;C03;EQUIPOS;REPUESTOS;?;KG;SIN PEDIDO;;;;;;;;;;
00314 CASA Olavarría;1003466;ZSTO;PERTIGA 3.4M-3.7MC/LED/BANDSOP12/24v xUN;MAXWHIP;CON LED Y BANDERILLA C/SOPORTE 12V;MR01;314;V1;1;3;C03;EQUIPOS;REPUESTOS;AUTOMOTOR;KG;SIN PEDIDO;;;;;;;;;;
00314 CASA Olavarría;1017046;ZSSD;CEPILLO VIOLIN P LAVAR COCHES;;;MR01;314;V1;6;12;C17;INSUMOS A;LIMPIEZA;?;KG;SIN PEDIDO;;;;;;;;;;
00314 CASA Olavarría;1027149;ZSSD;DISCO FLAP TYROLIT 115x22 GRANO 80;;;MR01;314;V1;8;15;C27;FERRETERIA MR01;FERRETERIA;?;KG;SIN PEDIDO;;;;;;;;;;
00314 CASA Olavarría;1036100;ZSTO;CONO FLEX. C/REFLECT. Y BASE CAUCHO 70CM;;NARANJA DE PVC FLEXIBLE CON MEMORIA-70CM;MR01;314;V1;21;38;C28;SEGURIDAD/ROPA/EPP;SEGURIDAD;SEÑALIZACION;KG;SIN PEDIDO;;;;;;;;;;
00341 Mov. Suelos San Luis;1001708;ZSTO;GUANTE POLIAMIDA LAMINADO PALMAPU-TALLE9;;MÚLT. 12U;MR01;341;V1;288;360;C28;SEGURIDAD/ROPA/EPP;SEGURIDAD;GUANTE;KG;SIN PEDIDO;;;;;;;;;;
00341 Mov. Suelos San Luis;1001866;ZSTO;MARCADOR INDUSTRIAL-NEGROXUN;UNIPAINT;MÚLT. 10U;MR01;341;V1;6;10;C17;INSUMOS A;LIBRERIA;ESCRITURA;KG;SIN PEDIDO;;;;;;;;;;
00341 Mov. Suelos San Luis;1001927;ZSTO;DISCO CORTE 178X1.6X22 SECUR EXTRA  x UN;TYROLIT;178X16X222;MR01;341;V1;24;30;C27;FERRETERIA MR01;FERRETERIA;ABRASIVOS/DISCOS;KG;SIN PEDIDO;;;;;;;;;;
00341 Mov. Suelos San Luis;1001929;ZSTO;DISCO 178X4,8X22,23TYROLIT OASECUR XUN;TYROLIT;178X48X222;MR01;341;V1;8;11;C27;FERRETERIA MR01;FERRETERIA;ABRASIVOS/DISCOS;KG;SIN PEDIDO;;;;;;;;;;
00341 Mov. Suelos San Luis;1001970;ZSTO;ESMALTE SINT. AEROSOL NEGRO X440CC;;KUWAIT-SINTEPLAST;MR01;341;V1;6;8;C22;INSUMOS C;PINTURAS;PINTURA AEROSOL;KG;SIN PEDIDO;;;;;;;;;;
00341 Mov. Suelos San Luis;1016920;ZSSD;SOGA NAUTICA 12MM;;MÚLT. 100 MTS;MR01;341;V1;60;75;C27;FERRETERIA MR01;FERRETERIA;FERRETERIA;KG;SIN PEDIDO;;;;;;;;;;
00341 Mov. Suelos San Luis;1016939;ZSSD;DESODORANTE LIQUIDO P PISO X5LT;;;MR01;341;V1;9;14;C17;INSUMOS A;LIMPIEZA;LIMPIEZA /SEGURIDAD;KG;SIN PEDIDO;;;;;;;;;;
00341 Mov. Suelos San Luis;1017237;ZSSD;DESENGRASANTE MULTIPROP. WOHR 5LT XUN;;;MR01;341;V1;4;6;C17;INSUMOS A;LIMPIEZA;LIMPIEZA /SEGURIDAD;KG;SIN PEDIDO;;;;;;;;;;
00341 Mov. Suelos San Luis;1002938;ZSTO;FILTRO HIDRAULICO RETORNO;VOLVO CONS //;VOE14569658 // 14690316;MM01;35;V1;2;2;F07;FILTRO FLUIDO HIDR;FILTROS;VOLVO EC 480D;KG;SIN PEDIDO;;;;;;;;;;
00341 Mov. Suelos San Luis;1003356;ZSTO;FILTRO SEPAR ACEITE;ATLAS COPC;2911011201 // 2911011203;MM01;35;V1;2;3;F03;FILTRO ACEITE;FILTROS;FILTROS;KG;SIN PEDIDO;;;;;;;;;;
00341 Mov. Suelos San Luis;1003835;ZSTO;BROCAXUN;;90510344137;MM01;35;V1;1;2;C29;FILTROS/RESPUESTOS;REPUESTOS;?;KG;SIN PEDIDO;;;;;;;;;;
00341 Mov. Suelos San Luis;1003843;ZSTO;KIT MUESTRA LUBRICANTE C ACOPLE RAP XUN;CATERPILLA;9Z0006;MM01;35;V1;1;2;C29;FILTROS/RESPUESTOS;EQUIPOS;CAT;KG;SIN PEDIDO;;;;;;;;;;
00341 Mov. Suelos San Luis;1004017;ZSTO;BROCA 4B FFCONCAV;;90510343137-6102-49-20;MM01;35;V1;1;1;C29;FILTROS/RESPUESTOS;REPUESTOS;?;KG;SIN PEDIDO;;;;;;;;;;
00341 Mov. Suelos San Luis;1004042;ZSTO;LAMPARA 24V-H7 70W X UN;;PX26D-PHILIPS-OSRAM;MM01;35;V1;12;15;C29;FILTROS/RESPUESTOS;REPUESTOS;ELECTRICIDAD AUTOMOTOR;KG;SIN PEDIDO;;;;;;;;;;
00341 Mov. Suelos San Luis;1009535;ZSTO;FILTRO AIRE SIST COMB ATL COPCO;;3222118000;MM01;35;V1;2;3;C29;FILTROS/RESPUESTOS;FILTROS;ATLAS COPCO ROC F9-11;KG;SIN PEDIDO;;;;;;;;;;
00341 Mov. Suelos San Luis;1013578;ZSSD;FUSIBLE PLANO 10AMP. XUN;;;MM01;35;V1;24;30;C29;FILTROS/RESPUESTOS;REPUESTOS;ELECTRICIDAD AUTOMOTOR;KG;SIN PEDIDO;;;;;;;;;;
00341 Mov. Suelos San Luis;1015793;ZSSD;FUSIBLE PLANO 25AMP. XUN;;;MM01;35;V1;24;30;C03;EQUIPOS;REPUESTOS;ELECTRICIDAD AUTOMOTOR;KG;SIN PEDIDO;;;;;;;;;;
00341 Mov. Suelos San Luis;1015794;ZSSD;FUSIBLE PLANO 30AMP. XUN;;;MM01;35;V1;24;30;C03;EQUIPOS;REPUESTOS;ELECTRICIDAD AUTOMOTOR;KG;SIN PEDIDO;;;;;;;;;;
00341 Mov. Suelos San Luis;1016074;ZSTO;UÑA BALDE HEAVY DUTY  - 66ARXE;VOLVO CONS;VOE14732402;MM01;35;V1;7;9;G04;UÑAS;DESGASTE;VOLVO EC 480D;KG;SIN PEDIDO;;;;;;;;;;
00365 RIO TINTO;1000033;ZSTO;FILTRO TRAMPA DE AGUA;FLEETGUARD;FS1212;U365;365;V1;2;2;C29;FILTROS/RESPUESTOS;FILTROS;TRASH MASTER;KG;SIN PEDIDO;;;;;;;;;;
00365 RIO TINTO;1001694;ZSTO;PASAMONTANAS PARA -10 GRADOS;;;U365;365;V1;40;71;C28;SEGURIDAD/ROPA/EPP;SEGURIDAD;INDUMENTARIA;KG;SIN PEDIDO;;;;;;;;;;
00365 RIO TINTO;1001792;ZSTO;ACEITE SAE 50  X 205L;YPF S.A.;;U365;365;V1;1;2;C29;FILTROS/RESPUESTOS;LUBRICANTES;ACEITES;KG;MOVIMIENTO 313 PENDIENTE;;;;;;;;;;
00365 RIO TINTO;1001804;ZSTO;GRASA LITIO LIMIT MO-2 (NEGRA) X 180 KG;YPF S.A. // // YPF S.A.;LIMIT MO-2 // GADUS S2 V220 // 628793;U365;365;V1;2;3;C29;FILTROS/RESPUESTOS;LUBRICANTES;GRASA;KG;MOVIMIENTO 313 PENDIENTE;;;;;;;;;;
00365 RIO TINTO;1001963;ZSTO;CINTA AISLADORA VERDE X10MT;;;U365;365;V1;27;47;C27;FERRETERIA MR01;FERRETERIA;INSUMOS;KG;SIN PEDIDO;;;;;;;;;;
00365 RIO TINTO;1002066;ZSTO;PANTALON PRIMERA PIEL T.L;;;U365;365;V1;40;71;C28;SEGURIDAD/ROPA/EPP;SEGURIDAD;INDUMENTARIA;KG;MOVIMIENTO 315 PENDIENTE;;;;;;;;;;
00365 RIO TINTO;1002274;ZSTO;CUCHILLA 7′ X 8″ X 5/8″ X 3/4″;FERNANDEZ;7D1158;U365;365;V1;6;9;C29;FILTROS/RESPUESTOS;DESGASTE;CAT 140K;KG;MOVIMIENTO 313 PENDIENTE;;;;;;;;;;
00365 RIO TINTO;1002324;ZSTO;CUCHILLA 15 AGUJEROS;CATERPILLA // JOHN DEERE;5D9554 // T66707;U365;365;V1;2;3;C29;FILTROS/RESPUESTOS;DESGASTE;JD770;KG;SIN PEDIDO;;;;;;;;;;
00365 RIO TINTO;1002491;ZSTO;FILTRO ACEITE MOTOR;CATERPILLA // No aplica;2698325 // 4621171;U365;365;V1;2;2;C29;FILTROS/RESPUESTOS;FILTROS;CAT 938H;KG;SIN PEDIDO;;;;;;;;;;
00365 RIO TINTO;1002624;ZSTO;FILTRO GASOIL;ATLAS COPC // FLEETGUARD // DONALDSON // No aplica // No aplica;2657828816 // FS19732 // P550848 // 219659 // 9414101756;U365;365;V1;2;2;C29;FILTROS/RESPUESTOS;FILTROS;GROVE RT540E;KG;SIN PEDIDO;;;;;;;;;;
00365 RIO TINTO;1002703;ZSTO;FILTRO DE ACEITE MOTOR;FLEETGUARD;LF777;U365;365;V1;2;2;C29;FILTROS/RESPUESTOS;FILTROS;FILTROS;KG;SIN PEDIDO;;;;;;;;;;
00365 RIO TINTO;1003093;ZSTO;FILTRO DE COMBUSTIBLE;VOLVO CONS // VOLVO CONS;P22480372 // VOE15126069;U365;365;V1;15;25;C29;FILTROS/RESPUESTOS;FILTROS;VOLVO FM460;KG;MOVIMIENTO 313 PENDIENTE;;;;;;;;;;
00365 RIO TINTO;1003095;ZSTO;FILTRO TRAMPA DE AGUA COMBUSTIBLE;PARKER RAC //;21925732 // 23662435;U365;365;V1;15;25;C29;FILTROS/RESPUESTOS;FILTROS;VOLVO FM460;KG;MOVIMIENTO 313 PENDIENTE;;;;;;;;;;
00365 RIO TINTO;1003167;ZSTO;FILTRO TRAMPA DE AGUA;CATERPILLA;4395037;U365;365;V1;2;2;C29;FILTROS/RESPUESTOS;FILTROS;CHIEFTAIN 2100 X;KG;SIN PEDIDO;;;;;;;;;;
00365 RIO TINTO;1003215;ZSTO;FILTRO DE AIRE PRIMARIO;CATERPILLA //;3862099 // 5771435;U365;365;V1;2;2;C29;FILTROS/RESPUESTOS;FILTROS;CAT 815 K;KG;SIN PEDIDO;;;;;;;;;;
00365 RIO TINTO;1003216;ZSTO;FILTRO DE AIRE SECUNDARIO;CATERPILLA;3318108;U365;365;V1;2;2;C29;FILTROS/RESPUESTOS;FILTROS;CAT 815 K;KG;SIN PEDIDO;;;;;;;;;;
00365 RIO TINTO;1003217;ZSTO;FILTRO DE COMBUSTIBLE;CATERPILLA;3608958;U365;365;V1;2;2;C29;FILTROS/RESPUESTOS;FILTROS;CAT 815 K;KG;SIN PEDIDO;;;;;;;;;;
00365 RIO TINTO;1003285;ZSTO;FILTRO DE AIRE SECUNDARIO;FLEETGUARD // DONALDSON;AF55308 // P633483;U365;365;V1;2;2;C29;FILTROS/RESPUESTOS;FILTROS;GRUA TEREX 780;KG;MOVIMIENTO 313 PENDIENTE;;;;;;;;;;
00365 RIO TINTO;1003300;ZSTO;FILTRO DOSIFICACION DE UREA (COLADOR);VOLVO CONS;21954674;U365;365;V1;8;14;C29;FILTROS/RESPUESTOS;FILTROS;VOLVO 460 FMX;KG;MOVIMIENTO 313 PENDIENTE;;;;;;;;;;
00365 RIO TINTO;1003905;ZSTO;SUPLEMENTO CIRC.;CATERPILLA //;1289654 // 3807417;U365;365;V1;13;22;C29;FILTROS/RESPUESTOS;REPUESTOS;CAT 140H;KG;SIN PEDIDO;;;;;;;;;;
00365 RIO TINTO;1003954;ZSTO;BATERIA 12V 180AMP;;25 PLACAS POR ELEMENTO;U365;365;RE;9;16;C29;FILTROS/RESPUESTOS;REPUESTOS;MAQUINARIA PESADA;KG;SIN PEDIDO;;;;;;;;;;
00365 RIO TINTO;1009475;ZSTO;"PANTALON TERMICO ""ROJO"" T M";;;U365;365;V1;24;41;C28;SEGURIDAD/ROPA/EPP;ROPA;INDUMENTARIA -15;KG;SIN PEDIDO;;;;;;;;;;
00365 RIO TINTO;1016074;ZSTO;UÑA BALDE HEAVY DUTY  - 66ARXE;VOLVO CONS;VOE14732402;U365;365;V1;6;9;C29;FILTROS/RESPUESTOS;DESGASTE;VOLVO EC 480D;KG;SIN PEDIDO;;;;;;;;;;
00365 RIO TINTO;1016075;ZSTO;TRABA UÑA BALDE - 66P;VOLVO CONS;VOE17473106;U365;365;V1;6;9;C29;FILTROS/RESPUESTOS;DESGASTE;VOLVO EC 480D;KG;SIN PEDIDO;;;;;;;;;;
00365 RIO TINTO;1016479;ZSCD;PROTECTOR SOLAR (CREMA) FACT 60 X 120ML;;;U365;365;V1;178;313;C28;SEGURIDAD/ROPA/EPP;SEGURIDAD;INSUMO;KG;MOVIMIENTO 313 PENDIENTE;;;;;;;;;;
00365 RIO TINTO;1016998;ZSSD;BOLIGRAFO TRAZO GRUESO NEGRO;;MÚLT. 50U;U365;365;V1;27;47;C17;INSUMOS A;LIBRERIA;ESCRITURA;KG;SIN PEDIDO;;;;;;;;;;
00365 RIO TINTO;1017003;ZSSD;BATERIA 9V;;;U365;365;V1;8;13;C27;FERRETERIA MR01;FERRETERIA;BATERIAS;KG;SIN PEDIDO;;;;;;;;;;
00365 RIO TINTO;1017948;ZSTO;Conjunto Respiradero;CATERPILLA;1833873;U365;365;V1;3;5;C29;FILTROS/RESPUESTOS;REPUESTOS;140K;KG;SIN PEDIDO;;;;;;;;;;
00365 RIO TINTO;1018578;ZSSD;CUCHILLAS KOMATSU (5 AGUJEROS);IGARRETA M;12Y-72-11220;U365;365;V1;1;2;C29;FILTROS/RESPUESTOS;REPUESTOS;KOMATSU;KG;MOVIMIENTO 313 PENDIENTE;;;;;;;;;;
00365 RIO TINTO;1018591;ZSSD;FILTRO DE CABINA (A/A);IGARRETA M;12Y-979-1173;U365;365;V1;2;3;C29;FILTROS/RESPUESTOS;REPUESTOS;FILTROS;KG;MOVIMIENTO 313 PENDIENTE;;;;;;;;;;
00365 RIO TINTO;1018592;ZSSD;FILTRO DE CABINA (A/A);IGARRETA M;12Y-979-1181;U365;365;V1;2;3;C29;FILTROS/RESPUESTOS;REPUESTOS;FILTROS;KG;MOVIMIENTO 313 PENDIENTE;;;;;;;;;;
00365 RIO TINTO;1018595;ZSSD;FILTRO HIDRAULICO;IGARRETA M;113-60-43321;U365;365;V1;2;3;C29;FILTROS/RESPUESTOS;REPUESTOS;FILTROS;KG;MOVIMIENTO 313 PENDIENTE;;;;;;;;;;
00365 RIO TINTO;1018863;ZSSD;CORREA VENTILADOR;KOBELCO CO;VHSZ91049259;U365;365;V1;9;16;AGV;COMPRAS AGV;REPUESTOS;CORREAS;KG;SIN PEDIDO;;;;;;;;;;
00365 RIO TINTO;1018892;ZSSD;FILTRO AIRE PRIMARIO;DONALDSON;P812362;U365;365;V1;4;6;AGV;COMPRAS AGV;REPUESTOS;FILTROS;KG;SIN PEDIDO;;;;;;;;;;
00365 RIO TINTO;1018894;ZSSD;FILTRO DE AIRE PRIMARIO;DONALDSON;P182039;U365;365;V1;2;2;AGV;COMPRAS AGV;REPUESTOS;FILTRO;KG;SIN PEDIDO;;;;;;;;;;
00365 RIO TINTO;1018895;ZSSD;FILTRO DE AIRE SECUNDARIO;DONALDSON;P114931;U365;365;V1;2;2;AGV;COMPRAS AGV;REPUESTOS;FILTRO;KG;SIN PEDIDO;;;;;;;;;;
00365 RIO TINTO;1018896;ZSSD;FILTRO ACEITE MOTOR;FLEETGUARD // DONALDSON;LF16110 // P502364;U365;365;V1;9;16;AGV;COMPRAS AGV;REPUESTOS;FILTROS;KG;SIN PEDIDO;;;;;;;;;;
00365 RIO TINTO;1018897;ZSSD;FILTRO DE COMBUSTIBLE;FLEETGUARD;FF5688;U365;365;V1;4;6;AGV;COMPRAS AGV;REPUESTOS;FILTROS;KG;SIN PEDIDO;;;;;;;;;;
00365 RIO TINTO;1018898;ZSSD;FILTRO TRAMPA DE AGUA;FLEETGUARD;FF5786;U365;365;V1;4;6;AGV;COMPRAS AGV;REPUESTOS;FILTROS;KG;SIN PEDIDO;;;;;;;;;;
00365 RIO TINTO;1018904;ZSSD;FILTRO DE ACEITE DE MOTOR;SANY HEAVY;B222100000494;U365;365;V1;2;2;AGV;COMPRAS AGV;REPUESTOS;FILTRO;KG;SIN PEDIDO;;;;;;;;;;
00365 RIO TINTO;1018905;ZSSD;FILTRO DE COMBUSTIBLE;SANY HEAVY;60282117;U365;365;V1;2;2;AGV;COMPRAS AGV;REPUESTOS;FILTRO;KG;SIN PEDIDO;;;;;;;;;;
00365 RIO TINTO;1018906;ZSSD;FILTRO DE COMBUSTIBLE;SANY HEAVY;60250800;U365;365;V1;2;2;AGV;COMPRAS AGV;REPUESTOS;FILTRO;KG;SIN PEDIDO;;;;;;;;;;
00365 RIO TINTO;1018907;ZSSD;FILTRO TRAMPA DE AGUA;SANY HEAVY;60151839;U365;365;V1;2;2;AGV;COMPRAS AGV;REPUESTOS;FILTRO;KG;SIN PEDIDO;;;;;;;;;;
00365 RIO TINTO;1018908;ZSSD;FILTRO TRAMPA DE AGUA;SANY HEAVY;60249072;U365;365;V1;2;2;AGV;COMPRAS AGV;REPUESTOS;FILTRO;KG;SIN PEDIDO;;;;;;;;;;
00365 RIO TINTO;1022893;ZSTO;DESGARRADOR;;T6Y5230;U365;365;V1;7;11;C03;EQUIPOS;REPUESTOS;EQUIPOS;KG;SIN PEDIDO;;;;;;;;;;
00365 RIO TINTO;1028202;ZSSD;CORREA VENTILADOR;DISTRIBUID;30402292 (13X1025);U365;365;V1;1;2;C29;FILTROS/RESPUESTOS;CORREAS;?;KG;MOVIMIENTO 313 PENDIENTE;;;;;;;;;;
00365 RIO TINTO;1047057;ZSTO;FILTRO RESPIRADERO;;YN57V00010S002;U365;365;V1;3;3;AGV;COMPRAS AGV;REPUESTOS;FILTRO;KG;SIN PEDIDO;;;;;;;;;;
00365 RIO TINTO;1049599;ZSTO;FILTRO ADMISION PRIMARIO;;FLEETGUARD AF26413 /SANY 61020095 /;U365;365;V1;2;2;AGV;COMPRAS AGV;REPUESTOS;FILTRO;KG;SIN PEDIDO;;;;;;;;;;
00365 RIO TINTO;1049600;ZSTO;FILTRO ADMISION SECUNDARIO;;FLEETGUARD AF26414 / SANY 61020096 /;U365;365;V1;2;2;AGV;COMPRAS AGV;REPUESTOS;FILTRO;KG;SIN PEDIDO;;;;;;;;;;
00372 UTE 372 GEO POSCO II;1001700;ZSTO;CASCO CARCAZA AMARILLO;LIBUS // 3M // MSA // STEELPRO;MILENIUM // H-700 AMARILLO // V-GARD AMARILLO // STEELPRO SAFETY AMARILLO;U003;372;V1;5;8;C28;SEGURIDAD/ROPA/EPP;SEGURIDAD;ACCESORIO SEGURIDAD;KG;SIN PEDIDO;;;;;;;;;;
00372 UTE 372 GEO POSCO II;1001707;ZSTO;CHALECOGRAFANARANJACONREFLETIVOT.XLC2;;MÚLT. 12U;U003;372;V1;15;33;C28;SEGURIDAD/ROPA/EPP;SEGURIDAD;INDUMENTARIA;KG;SIN PEDIDO;;;;;;;;;;
00372 UTE 372 GEO POSCO II;1001758;ZSTO;BOTIN MARRON/NEGRO FLOR P.ACERO N 42;CONWORK // VORAN // CALZADOS A // // // // BORIS;53BAF // CRONOS N T42 // ESCORPIO PRUS 1050 T42 // RINGO MOD BOLT TALLE 42 // RINGO-MOD PUNCH TALLE 42 // SKIWAY MOD. 3243 T42 // 3305 T42;U003;372;V1;4;6;C28;SEGURIDAD/ROPA/EPP;SEGURIDAD;CALZADO;KG;SIN PEDIDO;;;;;;;;;;
00372 UTE 372 GEO POSCO II;1001783;ZSTO;ACEITE HIDRAULICO X 205L;YPF S.A. // YPF S.A.;ATF // 125492;U003;372;RE;1;1;L01;ACEITES;LUBRICANTES;ACEITES;KG;SIN PEDIDO;;;;;;;;;;
00372 UTE 372 GEO POSCO II;1001788;ZSTO;ACEITE SAE  10W X 205L;YPF S.A. // YPF S.A.;10W // 151592;U003;372;RE;1;1;L01;ACEITES;LUBRICANTES;ACEITES;KG;SIN PEDIDO;;;;;;;;;;
00372 UTE 372 GEO POSCO II;1001791;ZSTO;ACEITE SAE 30 X 205L;YPF S.A. // YPF S.A. // YPF S.A.;FT SUPER 30 TR // 151692;U003;372;RE;1;1;L01;ACEITES;LUBRICANTES;ACEITES;KG;SIN PEDIDO;;;;;;;;;;
00372 UTE 372 GEO POSCO II;1001792;ZSTO;ACEITE SAE 50  X 205L;YPF S.A.;;U003;372;RE;1;1;L01;ACEITES;LUBRICANTES;ACEITES;KG;SIN PEDIDO;;;;;;;;;;
00372 UTE 372 GEO POSCO II;1001795;ZSTO;ACEITE 85W140 X 205L;YPF S.A. // YPF S.A.;85W140 // 123192;U003;372;RE;1;1;L01;ACEITES;LUBRICANTES;ACEITES;KG;SIN PEDIDO;;;;;;;;;;
00372 UTE 372 GEO POSCO II;1001815;ZSTO;AGUA DESMINERALIZADA X 20L;;;U003;372;V1;3;7;L02;FLUIDOS;LUBRICANTES;ADITIVOS;KG;MOVIMIENTO 313 PENDIENTE;;;;;;;;;;
00372 UTE 372 GEO POSCO II;1001827;ZSTO;CUBIERTA 12.00 R20 FG85 (lineal);PIRELLI NE // GOOD YEAR // MICHELIN A;FG85 // G686MSS // XZY3;U003;372;RE;2;2;C48;CUBIERTAS CAMIONES;CUBIERTAS;IVECO TRAKKER;KG;SIN PEDIDO;;;;;;;;;;
00372 UTE 372 GEO POSCO II;1001842;ZSTO;PROTECTOR P CAMARA 12.00;;;U003;372;V1;1;2;C52;CAMARAS;CUBIERTAS;CUBIERTAS;KG;MOVIMIENTO 315 PENDIENTE;;;;;;;;;;
00372 UTE 372 GEO POSCO II;1001896;ZSTO;PULVERIZADOR P ALCOHOL LIQUIDO 500 ML;;;U003;372;V1;9;17;C17;INSUMOS A;LIMPIEZA;DIFUSOR;KG;MOVIMIENTO 313 PENDIENTE;;;;;;;;;;
00372 UTE 372 GEO POSCO II;1001929;ZSTO;DISCO 178X4,8X22,23TYROLIT OASECUR XUN;TYROLIT;178X48X222;U003;372;V1;10;25;C27;FERRETERIA MR01;FERRETERIA;ABRASIVOS/DISCOS;KG;MOVIMIENTO 313 PENDIENTE;;;;;;;;;;
00372 UTE 372 GEO POSCO II;1001933;ZSTO;DISCO 114x1,6x222 REFORZADO x UN;TYROLIT;114X16X222;U003;372;V1;26;50;C27;FERRETERIA MR01;FERRETERIA;ABRASIVOS/DISCOS;KG;MOVIMIENTO 313 PENDIENTE;;;;;;;;;;
00372 UTE 372 GEO POSCO II;1001943;ZSTO;ADHESIVO CIANO 20 G XUN;CIANO;;U003;372;V1;4;6;C27;FERRETERIA MR01;FERRETERIA;ADHESIVOS;KG;MOVIMIENTO 313 PENDIENTE;;;;;;;;;;
00372 UTE 372 GEO POSCO II;1001969;ZSTO;ESMALTE SINT. AEROSOL BLANCO X440CC;;KUWAIT-SINTEPLAST;U003;372;V1;21;42;C22;INSUMOS C;PINTURAS;PINTURA AEROSOL;KG;SIN PEDIDO;;;;;;;;;;
00372 UTE 372 GEO POSCO II;1002049;ZSTO;CAMPERA 2 PIEL T. S;;;U003;372;V1;4;7;C28;SEGURIDAD/ROPA/EPP;SEGURIDAD;INDUMENTARIA;KG;SIN PEDIDO;;;;;;;;;;
00372 UTE 372 GEO POSCO II;1002052;ZSTO;CAMPERA 2 PIEL T. XL;;;U003;372;V1;8;13;C28;SEGURIDAD/ROPA/EPP;SEGURIDAD;INDUMENTARIA;KG;SIN PEDIDO;;;;;;;;;;
00372 UTE 372 GEO POSCO II;1002190;ZSTO;CORREA AIRE ACONDICIONADO;BOMAG GMBH;6312244;U003;372;RE;2;2;C29;FILTROS/RESPUESTOS;CORREAS;BOMAG 213 HD4;KG;SIN PEDIDO;;;;;;;;;;
00372 UTE 372 GEO POSCO II;1002284;ZSTO;TRABA PARA DIENTE;JOHN DEERE;TF23P;U003;372;V1;5;8;G05;AJUSTE;DESGASTE;JD 310J;KG;MOVIMIENTO 315 PENDIENTE;;;;;;;;;;
00372 UTE 372 GEO POSCO II;1002566;ZSTO;FILTRO LINEA COMBUSTIBLE;FLEETGUARD // FLEETGUARD // FLEETGUARD // DONALDSON // // FLEETGUARD;FF5079 // FF5006 // FS5288 // P550090 // P550974 // 4080720;U003;372;V1;9;17;F07;FILTRO FLUIDO HIDR;FILTROS;FILTROS;KG;SIN PEDIDO;;;;;;;;;;
00372 UTE 372 GEO POSCO II;1002575;ZSTO;FILTRO COMBUSTIBLE XUN;JOHN DEERE;RE509031;U003;372;V1;2;2;F06;FILTRO COMBUSTIBLE;FILTROS;J.D. 544J;KG;MOVIMIENTO 315 PENDIENTE;;;;;;;;;;
00372 UTE 372 GEO POSCO II;1002592;ZSTO;FILTRO ACEITE MOTOR XUN;KOMATSU HO // KOMATSU HO // DONALDSON;6736515142 // DBL7349 // P550909;U003;372;V1;2;2;F03;FILTRO ACEITE;FILTROS;FILTROS;KG;SIN PEDIDO;;;;;;;;;;
00372 UTE 372 GEO POSCO II;1002772;ZSTO;FILTRO COMBUSTIBLE XUN;JOHN DEERE;RE62419;U003;372;V1;2;2;F06;FILTRO COMBUSTIBLE;FILTROS;FILTROS;KG;SIN PEDIDO;;;;;;;;;;
00372 UTE 372 GEO POSCO II;1002907;ZSTO;FILTRO TRAMPA AGUA XUN;JOHN DEERE;AT365870;U003;372;V1;2;2;F13;FILTRO TRAMPA DE A;FILTROS;JD 644K, 544K;KG;MOVIMIENTO 315 PENDIENTE;;;;;;;;;;
00372 UTE 372 GEO POSCO II;1002934;ZSTO;FILTRO PRIMARIO COMBUSTIBLE;VOLVO CONS;VOE11110683;U003;372;V1;2;3;F06;FILTRO COMBUSTIBLE;FILTROS;EC 480D - L220G - PL 3005D;KG;MOVIMIENTO 315 PENDIENTE;;;;;;;;;;
00372 UTE 372 GEO POSCO II;1003020;ZSTO;FILTRO AIRE MOTOR;JOHN DEERE;AT332908;U003;372;V1;3;5;F04;FILTRO AIRE;FILTROS;JD 310K;KG;MOVIMIENTO 315 PENDIENTE;;;;;;;;;;
00372 UTE 372 GEO POSCO II;1003021;ZSTO;FILTRO AIRE SEGURIDAD;JOHN DEERE;AT332909;U003;372;V1;3;5;F04;FILTRO AIRE;FILTROS;JD 310K;KG;MOVIMIENTO 315 PENDIENTE;;;;;;;;;;
00372 UTE 372 GEO POSCO II;1003096;ZSTO;FILTRO DE AIRE TANQUE DE COMBUSTIBLE;VOLVO CONS // DONALDSON;21743197 // P954869;U003;372;V1;2;2;F06;FILTRO COMBUSTIBLE;FILTROS;VOLVO 330 // VOLVO FM460;KG;SIN PEDIDO;;;;;;;;;;
00372 UTE 372 GEO POSCO II;1003170;ZSTO;FILTRO DE AIRE PRIMARIO;FLEETGUARD // // FILPLUS;AF26085 // FAI6085 // MSA26085;U003;372;V1;3;5;F04;FILTRO AIRE;FILTROS;FILTRO AIRE;KG;SIN PEDIDO;;;;;;;;;;
00372 UTE 372 GEO POSCO II;1003171;ZSTO;FILTRO DE AIRE SECUNDARIO;FLEETGUARD // FILPLUS;AF26086 // MSA26086;U003;372;V1;3;5;F04;FILTRO AIRE;FILTROS;FILTRO AIRE;KG;SIN PEDIDO;;;;;;;;;;
00372 UTE 372 GEO POSCO II;1003172;ZSTO;Filtro Aceite Motor;FLEETGUARD // DONALDSON // DONALDSON;LF16011 // P550335 // P551132;U003;372;V1;3;5;F03;FILTRO ACEITE;FILTROS;CAT 950;KG;SIN PEDIDO;;;;;;;;;;
00372 UTE 372 GEO POSCO II;1003177;ZSTO;FILTRO TRAMPA DE AGUA;CATERPILLA;4238524;U003;372;V1;3;5;F13;FILTRO TRAMPA DE A;FILTROS;CAT 950;KG;SIN PEDIDO;;;;;;;;;;
00372 UTE 372 GEO POSCO II;1003213;ZSTO;ELEMENTO FILTRO DE ACEITE;FLEETGUARD // DONALDSON //;LF9028 // DBL7349 // P558615;U003;372;V1;2;2;F03;FILTRO ACEITE;FILTROS;ONAN C 150 D5 4;KG;SIN PEDIDO;;;;;;;;;;
00372 UTE 372 GEO POSCO II;1003247;ZSTO;FILTRO DE VENTEO TANQUE HIDRAULICO;FILPLUS // No aplica;MSA07 // TAP0126;U003;372;V1;1;2;F07;FILTRO FLUIDO HIDR;FILTROS;VOLCADORA OMBU;KG;MOVIMIENTO 315 PENDIENTE;;;;;;;;;;
00372 UTE 372 GEO POSCO II;1003929;ZSTO;TORNILLO P PUNTERA XUN;KOMATSU HO // No aplica;1987121720 // 6V8360;U003;372;RE;1;2;C29;FILTROS/RESPUESTOS;REPUESTOS;KMS 375D;KG;MOVIMIENTO 315 PENDIENTE;;;;;;;;;;
00372 UTE 372 GEO POSCO II;1004311;ZSTO;ACEITE SAE 80W90 X 20LT;;MOBILUBE;U003;372;V1;2;3;C29;FILTROS/RESPUESTOS;LUBRICANTES;LUBRICANTES;KG;MOVIMIENTO 315 PENDIENTE;;;;;;;;;;
00372 UTE 372 GEO POSCO II;1015787;ZSSD;DESODORANTE EN AEROSOL X UN;;;U003;372;V1;10;17;C17;INSUMOS A;LIMPIEZA;INSUMO;KG;MOVIMIENTO 313 PENDIENTE;;;;;;;;;;
00372 UTE 372 GEO POSCO II;1015789;ZSSD;DETERGENTE X 5 LTS;;;U003;372;V1;2;4;C17;INSUMOS A;LIMPIEZA;LIMPIEZA /SEGURIDAD;KG;SIN PEDIDO;;;;;;;;;;
00372 UTE 372 GEO POSCO II;1016281;ZSTO;KIT TUERCA/BULON 30 U P/SEGMENTO CORTE;KOMATSU HO;1783205000;U003;372;RE;1;1;G05;AJUSTE;DESGASTE;EXCAVADORA KOMATSU PC 240;KG;MOVIMIENTO 315 PENDIENTE;;;;;;;;;;
00372 UTE 372 GEO POSCO II;1016434;ZSTO;Kit Correa y Tensores;VOLVO MAQU // // //;20002072 // 20712530+22275091 // 22696301+21479276+21919687 // 22696301+21479276+24201573;U003;372;RE;1;1;C29;FILTROS/RESPUESTOS;REPUESTOS;VOLVO FM460;KG;MOVIMIENTO 315 PENDIENTE;;;;;;;;;;
00372 UTE 372 GEO POSCO II;1016479;ZSCD;PROTECTOR SOLAR (CREMA) FACT 60 X 120ML;;;U003;372;V1;70;110;C28;SEGURIDAD/ROPA/EPP;SEGURIDAD;INSUMO;KG;MOVIMIENTO 313 PENDIENTE;;;;;;;;;;
00372 UTE 372 GEO POSCO II;1016480;ZSCD;PROTECTOR SOLAR DE LABIO x UN;;;U003;372;V1;70;110;C28;SEGURIDAD/ROPA/EPP;SEGURIDAD;INSUMO;KG;SIN PEDIDO;;;;;;;;;;
00372 UTE 372 GEO POSCO II;1016948;ZSSD;AEROSOL DESINFECTANTE ANTIBACT 360ML;;;U003;372;V1;5;10;C17;INSUMOS A;LIMPIEZA;LIMPIEZA /SEGURIDAD;KG;SIN PEDIDO;;;;;;;;;;
00372 UTE 372 GEO POSCO II;1017043;ZSSD;CABO MADERA PARA BARREDOR;;;U003;372;V1;2;4;C17;INSUMOS A;LIMPIEZA;LIMPIEZA /SEGURIDAD;KG;MOVIMIENTO 313 PENDIENTE;;;;;;;;;;
00372 UTE 372 GEO POSCO II;1017046;ZSSD;CEPILLO VIOLIN P LAVAR COCHES;;;U003;372;V1;2;5;C17;INSUMOS A;LIMPIEZA;?;KG;MOVIMIENTO 313 PENDIENTE;;;;;;;;;;
00372 UTE 372 GEO POSCO II;1017048;ZSSD;FRANELA;;;U003;372;V1;9;17;C17;INSUMOS A;LIMPIEZA;LIMPIEZA /SEGURIDAD;KG;MOVIMIENTO 313 PENDIENTE;;;;;;;;;;
00372 UTE 372 GEO POSCO II;1017236;ZSSD;"LUSTRAMUEBLES ""BLEM"" - ORIGINAL XUN";;;U003;372;V1;9;15;C17;INSUMOS A;LIMPIEZA;LIMPIEZA /SEGURIDAD;KG;MOVIMIENTO 313 PENDIENTE;;;;;;;;;;
00372 UTE 372 GEO POSCO II;1017792;ZSTO;CORREA DE ALTERNADOR;JOHN DEERE // JOHN DEERE;T321428 // T496608;U003;372;V1;1;2;C29;FILTROS/RESPUESTOS;CORREAS;CORREAS;KG;MOVIMIENTO 315 PENDIENTE;;;;;;;;;;
00372 UTE 372 GEO POSCO II;1022036;ZSTO;CORREA;ONAN;8PK-1430;U003;372;RE;1;1;C29;FILTROS/RESPUESTOS;REPUESTOS;ONAN C 150 D5 4;KG;MOVIMIENTO 315 PENDIENTE;;;;;;;;;;
00372 UTE 372 GEO POSCO II;1022053;ZSTO;CORREA ALTERNADOR;KOMATSU HO;20Y-01-B4010;U003;372;V1;1;1;C29;FILTROS/RESPUESTOS;REPUESTOS;KOMATSU PC-220;KG;MOVIMIENTO 315 PENDIENTE;;;;;;;;;;
00372 UTE 372 GEO POSCO II;1022444;ZSTO;CORREA POLI V;;20430614;U003;372;RE;1;1;C03;EQUIPOS;CORREAS;?;KG;MOVIMIENTO 315 PENDIENTE;;;;;;;;;;
00372 UTE 372 GEO POSCO II;1027449;ZSTO;CORREA MOTOR;GOMA 2000 //;8PK1939 // 8PK1940;U003;372;RE;1;1;C03;EQUIPOS;CORREAS;CAMIONES;KG;SIN PEDIDO;;;;;;;;;;
00372 UTE 372 GEO POSCO II;1027673;ZSTO;KIT CORREA Y TENSOR VM;VOLVO TRUC;20002070 (20430614+21549016+21574656);U003;372;RE;1;1;C03;EQUIPOS;CORREAS;?;KG;MOVIMIENTO 315 PENDIENTE;;;;;;;;;;
00372 UTE 372 GEO POSCO II;1030003;ZSTO;CORREA A/C;;04120-21747;U003;372;V1;1;1;C03;EQUIPOS;CORREAS;EXCAVADORA KOMATSU PC 240;KG;MOVIMIENTO 315 PENDIENTE;;;;;;;;;;
00372 UTE 372 GEO POSCO II;1042017;ZSCD;CAMPERA ABRIGO ROJA T.M;;;U003;372;V1;4;6;C28;SEGURIDAD/ROPA/EPP;ROPA;INDUMENTARIA;KG;SIN PEDIDO;;;;;;;;;;
00372 UTE 372 GEO POSCO II;1042020;ZSCD;CAMPERA ABRIGO ROJA T.XXL;;;U003;372;V1;4;8;C28;SEGURIDAD/ROPA/EPP;ROPA;INDUMENTARIA;KG;SIN PEDIDO;;;;;;;;;;
00374 TERMINAL PUNTA COLORADA;1000042;ZSTO;BOTIQUIN 1ROS. AUXILIOS N 6;;;MR01;374;V1;5;10;C28;SEGURIDAD/ROPA/EPP;SEGURIDAD;BOTIQUIN;KG;SIN PEDIDO;;;;;;;;;;
00374 TERMINAL PUNTA COLORADA;1000043;ZSTO;BOTIQUIN 1ROS. AUXILIOS N 2;;;MR01;374;V1;5;10;C28;SEGURIDAD/ROPA/EPP;SEGURIDAD;BOTIQUIN;KG;SIN PEDIDO;;;;;;;;;;
00374 TERMINAL PUNTA COLORADA;1001678;ZSTO;FICHA T.STECK HEMBRA 220V 16A 2P T X UN;;;MR01;374;V1;7;15;C11;ELECTRICIDAD;ELECTRICIDAD;FICHAS;KG;SIN PEDIDO;;;;;;;;;;
00374 TERMINAL PUNTA COLORADA;1001876;ZSTO;CINTA EMBALAR TRANSPARENTE 48MM X 100 MT;SCOTCH;;MR01;374;V1;60;80;C17;INSUMOS A;LIBRERIA;CINTAS ADHESIVAS;KG;SIN PEDIDO;;;;;;;;;;
00374 TERMINAL PUNTA COLORADA;1001893;ZSTO;BOLSARESIDUPLASTICA60X90NEGRAXROLLOX10UN;;;MR01;374;V1;60;100;C17;INSUMOS A;LIMPIEZA;BOLSAS;KG;SIN PEDIDO;;;;;;;;;;
00374 TERMINAL PUNTA COLORADA;1001943;ZSTO;ADHESIVO CIANO 20 G XUN;CIANO;;MR01;374;V1;5;10;C27;FERRETERIA MR01;FERRETERIA;ADHESIVOS;KG;SIN PEDIDO;;;;;;;;;;
00374 TERMINAL PUNTA COLORADA;1001949;ZSTO;CANDADO 30MM XUN;;;MR01;374;V1;5;10;C27;FERRETERIA MR01;FERRETERIA;ACCESORIOS;KG;SIN PEDIDO;;;;;;;;;;
00374 TERMINAL PUNTA COLORADA;1001961;ZSTO;CINTA AISLADORA NEGRA X10MT;;;MR01;374;V1;25;40;C27;FERRETERIA MR01;FERRETERIA;INSUMOS;KG;SIN PEDIDO;;;;;;;;;;
00374 TERMINAL PUNTA COLORADA;1002014;ZSTO;PANTALON JEAN T.44;;;MR01;374;V1;15;25;C28;SEGURIDAD/ROPA/EPP;ROPA;INDUMENTARIA;KG;SIN PEDIDO;;;;;;;;;;
00374 TERMINAL PUNTA COLORADA;1002018;ZSTO;PANTALON JEAN T.52;;;MR01;374;V1;5;10;C28;SEGURIDAD/ROPA/EPP;ROPA;INDUMENTARIA;KG;SIN PEDIDO;;;;;;;;;;
00374 TERMINAL PUNTA COLORADA;1002021;ZSTO;PANTALON JEAN T.58;;;MR01;374;V1;2;4;C28;SEGURIDAD/ROPA/EPP;ROPA;INDUMENTARIA;KG;SIN PEDIDO;;;;;;;;;;
00374 TERMINAL PUNTA COLORADA;1002195;ZSTO;CORREA DE ALTERNADOR;BOBCAT;7100104;MR01;374;V1;1;1;C29;FILTROS/RESPUESTOS;CORREAS;BOBCAT S530;KG;SIN PEDIDO;;;;;;;;;;
00374 TERMINAL PUNTA COLORADA;1002212;ZSTO;CORREA DE ALTERNADOR;CATERPILLA // // No aplica;8PK1537 // 22275091 // 8PK-1540 // 8PK1535;MR01;374;V1;2;5;C03;EQUIPOS;CORREAS;PLATAFORMA DE MANTENIMIENTO VE;KG;SIN PEDIDO;;;;;;;;;;
00374 TERMINAL PUNTA COLORADA;1002365;ZSTO;CUCHILLA PARA BALDE 68;BOBCAT;PRPBO6716015;MR01;374;V1;1;1;G01;CUCHILLAS;DESGASTE;BOBCAT S530 /Á S185;KG;SIN PEDIDO;;;;;;;;;;
00374 TERMINAL PUNTA COLORADA;1002390;ZSTO;PORTA UNAS CENTRALES;;KH115020;MR01;374;V1;3;3;G04;UÑAS;DESGASTE;PC130-8 OM;KG;SIN PEDIDO;;;;;;;;;;
00374 TERMINAL PUNTA COLORADA;1002527;ZSTO;FILTRO AIRE CABINA;CATERPILLA // CATERPILLA;2457823 // 5460006;MR01;374;V1;1;1;F05;FILTRO AIRE CABINA;FILTROS;CAT 324DL;KG;SIN PEDIDO;;;;;;;;;;
00374 TERMINAL PUNTA COLORADA;1002745;ZSTO;FILTRO AIRE CABINA;CATERPILLA // CATERPILLA // CATERPILLA;2931183 // 3050329 // 4I1278;MR01;374;V1;1;1;F05;FILTRO AIRE CABINA;FILTROS;CAT 336 DLME;KG;SIN PEDIDO;;;;;;;;;;
00374 TERMINAL PUNTA COLORADA;1002878;ZSTO;FILTRO RESPIRADERO TRANSMISION XUN;KOMATSU HO //;0703000252 // FS 127;MR01;374;V1;1;1;F04;FILTRO AIRE;FILTROS;KMS 155AX6;KG;SIN PEDIDO;;;;;;;;;;
00374 TERMINAL PUNTA COLORADA;1002971;ZSTO;FILTRO DE TRANSMISION CAT;CATERPILLA //;3375270 // 5715253;MR01;374;V1;1;1;F03;FILTRO ACEITE;FILTROS;CAT D8,D9,336,775,390,988;KG;SIN PEDIDO;;;;;;;;;;
00374 TERMINAL PUNTA COLORADA;1003069;ZSTO;SECANTE CSA 2018;CATERPILLA //;2032389 // 5879321;MR01;374;V1;1;1;F14;GENERICOS FILTROS;FILTROS;CAT 140 K;KG;SIN PEDIDO;;;;;;;;;;
00374 TERMINAL PUNTA COLORADA;1003138;ZSTO;FILTRO DE COMBUSTIBLE;KOMATSU HO // KOMATSU HO;6003193750 // 6003113750;MR01;374;V1;6;11;F06;FILTRO COMBUSTIBLE;FILTROS;KOMATSU PC 200-8;KG;SIN PEDIDO;;;;;;;;;;
00374 TERMINAL PUNTA COLORADA;1003247;ZSTO;FILTRO DE VENTEO TANQUE HIDRAULICO;FILPLUS // No aplica;MSA07 // TAP0126;MR01;374;V1;1;3;F07;FILTRO FLUIDO HIDR;FILTROS;VOLCADORA OMBU;KG;SIN PEDIDO;;;;;;;;;;
00374 TERMINAL PUNTA COLORADA;1003300;ZSTO;FILTRO DOSIFICACION DE UREA (COLADOR);VOLVO CONS;21954674;MR01;374;V1;2;5;F09;FILTRO DE UREA;FILTROS;VOLVO 460 FMX;KG;SIN PEDIDO;;;;;;;;;;
00374 TERMINAL PUNTA COLORADA;1003301;ZSTO;FILTRO DE TANQUE;VOLVO CONS // VOLVO CONS;21516229 // 23381562;MR01;374;V1;2;5;F06;FILTRO COMBUSTIBLE;FILTROS;VOLVO 460 FMX;KG;SIN PEDIDO;;;;;;;;;;
00374 TERMINAL PUNTA COLORADA;1003373;ZSTO;FILTROAIREACONDCABINAEXTERIORINTERIOR;VOLVO CONS;21758906;MR01;374;V1;4;9;F10;FILTRO HVAC;FILTROS;VOLVO FM460;KG;SIN PEDIDO;;;;;;;;;;
00374 TERMINAL PUNTA COLORADA;1003381;ZSTO;PICO AUTOMATICODEDESPACHDECOMBUSTIBLE3 4;;;MR01;374;RE;1;1;C27;FERRETERIA MR01;REPUESTOS;?;KG;SIN PEDIDO;;;;;;;;;;
00374 TERMINAL PUNTA COLORADA;1003670;ZSTO;PIN PIN CHISEL;DAEMO ENGI //;B23510780 // B23510783;MR01;374;V1;2;2;C29;FILTROS/RESPUESTOS;REPUESTOS;DAEMO;KG;SIN PEDIDO;;;;;;;;;;
00374 TERMINAL PUNTA COLORADA;1015790;ZSSD;ESPONJA P/LAVAR VAJILLA X UN;;;MR01;374;RE;10;20;C17;INSUMOS A;LIMPIEZA;LIMPIEZA /SEGURIDAD;KG;SIN PEDIDO;;;;;;;;;;
00374 TERMINAL PUNTA COLORADA;1016909;ZSSD;CINTA METRICA X5MT;;;MR01;374;V1;15;30;C27;FERRETERIA MR01;FERRETERIA;INSUMOS;KG;SIN PEDIDO;;;;;;;;;;
00374 TERMINAL PUNTA COLORADA;1016911;ZSSD;CINTA METRICA X20MT;;;MR01;374;V1;3;6;C27;FERRETERIA MR01;FERRETERIA;INSUMOS;KG;SIN PEDIDO;;;;;;;;;;
00374 TERMINAL PUNTA COLORADA;1016937;ZSSD;NIVEL DE BURBUJA 30CM;;;MR01;374;V1;2;4;C27;FERRETERIA MR01;FERRETERIA;HERRAMIENTAS;KG;SIN PEDIDO;;;;;;;;;;
00374 TERMINAL PUNTA COLORADA;1016940;ZSSD;DESODORANTE EN AEROSOL;;;MR01;374;CL;96;144;C17;INSUMOS A;LIMPIEZA;LIMPIEZA /SEGURIDAD;KG;SIN PEDIDO;;;;;;;;;;
00374 TERMINAL PUNTA COLORADA;1016942;ZSSD;BIBLIORATO PVC A4 LOMO ANCHO;;;MR01;374;CL;20;50;C17;INSUMOS A;LIBRERIA;LIBRERIA;KG;SIN PEDIDO;;;;;;;;;;
00374 TERMINAL PUNTA COLORADA;1016960;ZSSD;RESALTADOR VERDE PUNTA CHANFLEADA;;MÚLT. 10U;MR01;374;CL;10;20;C17;INSUMOS A;LIBRERIA;ESCRITURA;KG;SIN PEDIDO;;;;;;;;;;
00374 TERMINAL PUNTA COLORADA;1016961;ZSSD;RESALTADOR ROSA PUNTA CHANFLEADA;;MÚLT. 10U;MR01;374;CL;10;20;C17;INSUMOS A;LIBRERIA;ESCRITURA;KG;SIN PEDIDO;;;;;;;;;;
00374 TERMINAL PUNTA COLORADA;1016962;ZSSD;RESALTADOR NARANJA PUNTA CHANFLEADA;;MÚLT. 10U;MR01;374;CL;10;20;C17;INSUMOS A;LIBRERIA;ESCRITURA;KG;SIN PEDIDO;;;;;;;;;;
00374 TERMINAL PUNTA COLORADA;1016965;ZSSD;PORTABLOCK ACRILICO C CLIP SUPERIOR;;;MR01;374;CL;15;25;C17;INSUMOS A;LIBRERIA;ACCESORIOS;KG;SIN PEDIDO;;;;;;;;;;
00374 TERMINAL PUNTA COLORADA;1016971;ZSSD;NOTAS ADHESIVAS (POST IT) 38X54 MM;;MÚLT. 12U;MR01;374;CL;12;24;C17;INSUMOS A;LIBRERIA;PAPEL;KG;SIN PEDIDO;;;;;;;;;;
00374 TERMINAL PUNTA COLORADA;1016982;ZSSD;FOLIO A4 ST X100;;;MR01;374;CL;10;20;C17;INSUMOS A;LIBRERIA;PAPEL;KG;SIN PEDIDO;;;;;;;;;;
00374 TERMINAL PUNTA COLORADA;1016983;ZSSD;CUCHARA ALBANIL FORJADA 7PG;;;MR01;374;V1;15;30;C27;FERRETERIA MR01;FERRETERIA;HERRAMIENTA MANUAL;KG;SIN PEDIDO;;;;;;;;;;
00374 TERMINAL PUNTA COLORADA;1017002;ZSSD;PILA ALCALINA AAA;;;MR01;374;CL;25;50;C27;FERRETERIA MR01;FERRETERIA;INSUMOS;KG;SIN PEDIDO;;;;;;;;;;
00374 TERMINAL PUNTA COLORADA;1017008;ZSSD;ADHESIVO SINTETICO 50GR;;VOLIGOMA;MR01;374;CL;2;4;C17;INSUMOS A;FERRETERIA;ADHESIVOS;KG;SIN PEDIDO;;;;;;;;;;
00374 TERMINAL PUNTA COLORADA;1017012;ZSSD;CARPETA CRISTAL BASE OPACA A4 AZUL NEGRA;;MÚLT. 12U;MR01;374;CL;12;24;C17;INSUMOS A;LIBRERIA;INSUMOS;KG;SIN PEDIDO;;;;;;;;;;
00374 TERMINAL PUNTA COLORADA;1017043;ZSSD;CABO MADERA PARA BARREDOR;;;MR01;374;CL;10;15;C17;INSUMOS A;LIMPIEZA;LIMPIEZA /SEGURIDAD;KG;SIN PEDIDO;;;;;;;;;;
00374 TERMINAL PUNTA COLORADA;1017045;ZSSD;SECADOR DE PISO 30CM;;;MR01;374;CL;4;8;C17;INSUMOS A;LIMPIEZA;INSUMOS;KG;SIN PEDIDO;;;;;;;;;;
00374 TERMINAL PUNTA COLORADA;1017084;ZSSD;CEPILLO ACERO 4X19 C MANGO MADERA;;;MR01;374;V1;8;15;C27;FERRETERIA MR01;LIMPIEZA;INSUMOS;KG;SIN PEDIDO;;;;;;;;;;
00374 TERMINAL PUNTA COLORADA;1017090;ZSSD;ESPATULA METALICA 3PG;;;MR01;374;V1;5;10;C27;FERRETERIA MR01;FERRETERIA;INSUMOS;KG;SIN PEDIDO;;;;;;;;;;
00374 TERMINAL PUNTA COLORADA;1017236;ZSSD;"LUSTRAMUEBLES ""BLEM"" - ORIGINAL XUN";;;MR01;374;CL;48;96;C17;INSUMOS A;LIMPIEZA;LIMPIEZA /SEGURIDAD;KG;SIN PEDIDO;;;;;;;;;;
00374 TERMINAL PUNTA COLORADA;1025951;ZSSD;MECHA ACERO RAPIDO D8 MM;;;MR01;374;V1;4;8;C27;FERRETERIA MR01;FERRETERIA;HERRAMIENTAS;KG;SIN PEDIDO;;;;;;;;;;
00374 TERMINAL PUNTA COLORADA;1026272;ZSCD;DELANTAL KEVLAR C TRIPLE PROT ABDOMINAL;;;MR01;374;V1;10;20;C28;SEGURIDAD/ROPA/EPP;INDUMENTARIA;INSUMOS;KG;SIN PEDIDO;;;;;;;;;;
00374 TERMINAL PUNTA COLORADA;1026933;ZSCD;PLOMADA 250GR;;;MR01;374;V1;2;4;C27;FERRETERIA MR01;FERRETERIA;FERRETERIA;KG;SIN PEDIDO;;;;;;;;;;
00374 TERMINAL PUNTA COLORADA;1034629;ZSTO;JUNTA TAPA PRINCIPAL;DBT S.A. //;3036097 // 119717-11331;MR01;374;V1;1;1;C29;FILTROS/RESPUESTOS;REPUESTOS;HIMOINSA LTA 8 V LED;KG;SIN PEDIDO;;;;;;;;;;
00374 TERMINAL PUNTA COLORADA;1047247;ZSCD;"TIJERA CORTAPERNO 12"" (HASTA D4MM)";;;MR01;374;V1;1;3;C27;FERRETERIA MR01;FERRETERIA;HERRAMIENTA MANUAL;KG;SIN PEDIDO;;;;;;;;;;
00377-YPF 3° loop;1001697;ZSTO;GUANTE VAQUETA MEDIO PASEO T.10;;MÚLT. 12U;MR01;377;V1;350;500;C28;SEGURIDAD/ROPA/EPP;SEGURIDAD;GUANTE;KG;SIN PEDIDO;;;;;;;;;;
00377-YPF 3° loop;1001727;ZSTO;PROTECTOR AUDITIVO COPA P/CASCO;LIBUS // 3M // MSA // STEELPRO;L300 // PELTOR X4P3E // LEFT/RIGHT CAP MOUNTED // CM-502 CASCO;MR01;377;V1;15;30;C28;SEGURIDAD/ROPA/EPP;SEGURIDAD;ACCESORIO SEGURIDAD;KG;SIN PEDIDO;;;;;;;;;;
00377-YPF 3° loop;1001758;ZSTO;BOTIN MARRON/NEGRO FLOR P.ACERO N 42;CONWORK // VORAN // CALZADOS A // // // // BORIS;53BAF // CRONOS N T42 // ESCORPIO PRUS 1050 T42 // RINGO MOD BOLT TALLE 42 // RINGO-MOD PUNCH TALLE 42 // SKIWAY MOD. 3243 T42 // 3305 T42;MR01;377;V1;8;15;C28;SEGURIDAD/ROPA/EPP;SEGURIDAD;CALZADO;KG;SIN PEDIDO;;;;;;;;;;
00377-YPF 3° loop;1001759;ZSTO;BOTIN MARRON/NEGRO FLOR P.ACERO N 43;CONWORK // VORAN // CALZADOS A // // // // BORIS;53BAF // CRONOS N T43 // ESCORPIO PRUS 1050 T43 // RINGO MOD BOLT TALLE 43 // RINGO-MOD PUNCH TALLE 43 // SKIWAY MOD. 3243 T43 // 3305 T43;MR01;377;V1;8;15;C28;SEGURIDAD/ROPA/EPP;SEGURIDAD;CALZADO;KG;SIN PEDIDO;;;;;;;;;;
00377-YPF 3° loop;1001778;ZSTO;YERBA MATE X 500GRS X UN;;;MR01;377;CL;30;60;C17;INSUMOS A;ALIMENTOS;?;KG;SIN PEDIDO;;;;;;;;;;
00377-YPF 3° loop;1002114;ZSTO;CORREA ALTERNADOR 850MM ORIG;LOMBARDINI;WAN5200002703;MR01;377;V1;2;2;C29;FILTROS/RESPUESTOS;CORREAS;TORRE WACKER;KG;SIN PEDIDO;;;;;;;;;;
00377-YPF 3° loop;1003171;ZSTO;FILTRO DE AIRE SECUNDARIO;FLEETGUARD // FILPLUS;AF26086 // MSA26086;MR01;377;V1;3;6;F04;FILTRO AIRE;FILTROS;FILTRO AIRE;KG;SIN PEDIDO;;;;;;;;;;
00377-YPF 3° loop;1004009;ZSTO;LAMPARA 12V-10W X UN;;BA15S;MR01;377;V1;10;15;C29;FILTROS/RESPUESTOS;REPUESTOS;ELECTRICIDAD AUTOMOTOR;KG;SIN PEDIDO;;;;;;;;;;
00377-YPF 3° loop;1004012;ZSTO;LAMPARA 12V-5W C CULOTE X UN;;BA15S;MR01;377;V1;10;15;C29;FILTROS/RESPUESTOS;REPUESTOS;ELECTRICIDAD AUTOMOTOR;KG;SIN PEDIDO;;;;;;;;;;
00377-YPF 3° loop;1004014;ZSTO;LAMPARA 12V-H7 55W X UN;;PX26D;MR01;377;V1;10;15;C03;EQUIPOS;REPUESTOS;ELECTRICIDAD AUTOMOTOR;KG;SIN PEDIDO;;;;;;;;;;
00377-YPF 3° loop;1004019;ZSTO;LAMPARA 12V-21 4W X UN;;BAZ15d;MR01;377;V1;10;15;C29;FILTROS/RESPUESTOS;REPUESTOS;ELECTRICIDAD AUTOMOTOR;KG;SIN PEDIDO;;;;;;;;;;
00377-YPF 3° loop;1004033;ZSTO;LAMPARA 24V-5W C CULOTE X UN;;BA15S;MR01;377;V1;10;15;C29;FILTROS/RESPUESTOS;REPUESTOS;ELECTRICIDAD AUTOMOTOR;KG;SIN PEDIDO;;;;;;;;;;
00377-YPF 3° loop;1009436;ZSTO;UREA AZUL 32 X BIN 1000LTS;YPF S.A. // RAIZEN ARG // YPF S.A. // AXION ENER;L60866 // 516385 // 810300000371;MR01;377;V1;1;1;L02;FLUIDOS;LUBRICANTES;ADITIVOS;KG;SIN PEDIDO;;;;;;;;;;
00377-YPF 3° loop;1013583;ZSSD;MINIFUSIBLE PLANO 15 AMP. XUN;;;MR01;377;V1;10;20;C29;FILTROS/RESPUESTOS;REPUESTOS;ELECTRICIDAD AUTOMOTOR;KG;SIN PEDIDO;;;;;;;;;;
