CLIENTE;NRO. VA01/VA21;POS VA01/VA21;CLASE DE DOC;REF.CLIENTE;DOC. REF;PRIORIDAD;MOT. RECHAZO;INDICADOR DE BLOQUEO;FECHA DE BLOQUEO;OPERADOR DE VA;CODIGO ITEM;DESCRIPCION ITEM;CANTIDAD SOLICITADA;CANTIDAD TOTAL RECEPCIONADA;ADJUDICADO EN OC;CANTIDAD PENDIENTE DE ADJUDICAR;CANTIDAD TOTAL PENDIENTE RECEP.;NRO. RECEPCION;FECHA RECEPCION;TIPO DE ITEM;ESTADO ITEM;PROVEEDOR;CENTRO;FECHA ENTREGA ESPERADA;FECHA DE EMISION NECESIDAD;NRO. SOLPED;POS. SOLPED;REPARTOS;FECHA EMISION SOLPED;FECHA APROBACION SOLPED;GRUPO DE COMPRA;NRO. OC;POS. OC;ALMACEN OC;Q CANT. OC;OPERADOR OC;FECHA EMISION OC;FECHA ENTREGA OC;GRUPO DE COMPRA OC;Q RECEP. DE OC;FECHA SELLO;LIBERACION SOLPED;LIBERACIÓN OC;PLAZO ENTREGA EXCEDIDO;ENTREGA DEL PROVEEDOR;REGISTRO DE RECEPCION;PICKING;EXPEDICIÓN;TRASLADO;NUMERO DE RESERVA;Período de certificación;Estado Servicio;Estado Certificación;Grupo de Compra Definitivo
00223 Comp Amb Santa Fe;1000061281;10;ZPAN;03-SERV. AGUA Y DISP;;0;;;;PBASILIO;1013138;SERVICIO BOTELLON DE 20 LTS XUN;1080;664;1080;0;416;5000171978;7/5/2026;Servicios;CUMPLIDO PARCIAL;PAVONI FRANCO;MR01;31/10/2026;31/1/2025;10114648;10;1;31/1/2025;31/1/2025;C25;4500093191;10;0223;1;MPITTIA;10/2/2025;30/6/2026;C25;11;7/5/2026;;;;;;;;;;03 Cert Mensual;En curso;Verde;C25
00223 Comp Amb Santa Fe;1000066911;10;ZPAN;POLIZA DE CAUCIÓN AL;;0;;;;NLAFORNARO;1012967;POLIZA 181011 ALMACENAM DE COMBUSTIBLE;1;1;1;0;0;5000134550;4/6/2025;Servicios;CUMPLIDO;FEDERACION PATRONAL SEG. S.A.;MR01;30/6/2026;16/5/2025;10121648;10;1;16/5/2025;16/5/2025;C16;4500100727;10;0223;1;ALOPEZ;4/6/2025;30/6/2026;C16;1;4/6/2025;;;;;;;;;;Sin aclaración;En curso - Próximo a vencer;;C16
00223 Comp Amb Santa Fe;1000074123;10;ZPAN;03-SERV. LIMPIEZA;;0;;;;PBASILIO;1013143;SERVICIO DE LIMPIEZA HS NORMALES XHS;288;145;288;0;143;5000172001;7/5/2026;Servicios;CUMPLIDO PARCIAL;CLEANSED S.A.S.;MR01;31/10/2026;16/9/2025;10131134;10;1;16/9/2025;19/9/2025;C25;4500109150;10;0223;1;MPITTIA;23/9/2025;31/10/2026;C25;7;7/5/2026;;;;;;;;;;03 Cert Mensual;En curso;Verde;C25
00223 Comp Amb Santa Fe;1000075696;10;ZPAN;P.1.186.718_END.3;;0;;;;SANSALDI;1022028;P.EJEC.1.186.718_END.3_ASEG.CAUCIONES;1;1;1;0;0;5000149775;22/10/2025;Servicios;CUMPLIDO;ASEGURADORES DE CAUCIONES S.A.;MR01;31/10/2026;13/10/2025;10133218;10;1;13/10/2025;13/10/2025;C16;4500111428;10;0223;1;JESPARZA;22/10/2025;31/10/2026;C16;1;22/10/2025;;;;;;;;;;Sin aclaración;En curso - Total recepcionado;;C16
00223 Comp Amb Santa Fe;1000077718;10;ZPAN;POLIZA DE RESPONSABI;;0;;;;NLAFORNARO;1012957;POLIZA DE RC 108038 OBRA 223;1;1;1;0;0;5000153817;28/11/2025;Servicios;CUMPLIDO;SMG CIA. ARGENTINA DE SEG. SA;MR01;14/11/2026;13/11/2025;10135919;10;1;13/11/2025;14/11/2025;C16;4500113698;10;0223;1;JESPARZA;21/11/2025;14/11/2026;C16;1;28/11/2025;;;;;;;;;;Sin aclaración;En curso - Total recepcionado;;C16
00223 Comp Amb Santa Fe;1000079175;10;ZPAN;03-SERV. INTERNET;;0;;;;PBASILIO;1013141;SERVICIO DE INTERNET XDIA;360;90;360;0;270;5000171993;7/5/2026;Servicios;CUMPLIDO PARCIAL;HI-LINK S.A.S.;MR01;31/1/2027;9/12/2025;10137709;10;1;9/12/2025;9/12/2025;C25;4500115879;10;0223;1;MPITTIA;22/12/2025;31/1/2027;C25;3;7/5/2026;;;;;;;;;;03 Cert Mensual;En curso;Verde;C25
00223 Comp Amb Santa Fe;1000079176;10;ZPAN;03-SERV. INTERNET;;0;;;;PBASILIO;1013141;SERVICIO DE INTERNET XDIA;360;90;12;0;270;5000171981;7/5/2026;Servicios;CUMPLIDO PARCIAL;JAWIT S.A.;MR01;31/1/2027;9/12/2025;10137710;10;1;9/12/2025;9/12/2025;C25;4500115877;10;0223;1;MPITTIA;22/12/2025;31/1/2027;C25;3;7/5/2026;;;;;;;;;;03 Cert Mensual;En curso;Verde;C25
00223 Comp Amb Santa Fe;1000079178;10;ZPAN;03-SERV. MEDICO;;0;;;;PBASILIO;1029252;CONTROL DE AUSENTISMO X UN;12;3;12;0;9;5000171990;7/5/2026;Servicios;CUMPLIDO PARCIAL;OIME SANTA FE S.R.L.;MR01;31/1/2027;9/12/2025;10137711;10;1;9/12/2025;9/12/2025;C25;4500115893;10;0223;1;MPITTIA;22/12/2025;31/1/2027;C25;3;7/5/2026;;;;;;;;;;03 Cert Mensual;En curso;Verde;C25
00223 Comp Amb Santa Fe;1000079178;20;ZPAN;03-SERV. MEDICO;;0;;;;PBASILIO;1035274;MODULO AMBULATORIO Y/O TRAUMATOLOGICO;12;0;12;0;12;;;Servicios;ADJUDICADO;OIME SANTA FE S.R.L.;MR01;31/1/2027;9/12/2025;10137711;20;1;9/12/2025;9/12/2025;C25;4500115893;20;0223;1;MPITTIA;22/12/2025;31/1/2027;C25;0;;;;;;;;;;;03 Cert Mensual;En curso;;C25
00223 Comp Amb Santa Fe;1000079178;30;ZPAN;03-SERV. MEDICO;;0;;;;PBASILIO;1035274;MODULO DERMATOLOGICO;12;0;12;0;12;;;Servicios;ADJUDICADO;OIME SANTA FE S.R.L.;MR01;31/1/2027;9/12/2025;10137711;30;1;9/12/2025;9/12/2025;C25;4500115893;30;0223;1;MPITTIA;22/12/2025;31/1/2027;C25;0;;;;;;;;;;;03 Cert Mensual;En curso;;C25
00223 Comp Amb Santa Fe;1000079178;40;ZPAN;03-SERV. MEDICO;;0;;;;PBASILIO;1035274;MODULO OFTALMOLOGICO;12;0;12;0;12;;;Servicios;ADJUDICADO;OIME SANTA FE S.R.L.;MR01;31/1/2027;9/12/2025;10137711;40;1;9/12/2025;9/12/2025;C25;4500115893;40;0223;1;MPITTIA;22/12/2025;31/1/2027;C25;0;;;;;;;;;;;03 Cert Mensual;En curso;;C25
00223 Comp Amb Santa Fe;1000079178;50;ZPAN;03-SERV. MEDICO;;0;;;;PBASILIO;1035274;MODULO FISIOKINESIOTERAPIA / ESTUD COMP;12;0;12;0;12;;;Servicios;ADJUDICADO;OIME SANTA FE S.R.L.;MR01;31/1/2027;9/12/2025;10137711;50;1;9/12/2025;9/12/2025;C25;4500115893;50;0223;1;MPITTIA;22/12/2025;31/1/2027;C25;0;;;;;;;;;;;03 Cert Mensual;En curso;;C25
00223 Comp Amb Santa Fe;1000079183;10;ZPAN;03-SERV. RECOLECCION;;2;;;;PBASILIO;1022297;SERV. LIMPIEZA MAT. VOLADO, JARDINERIA;480;480;480;0;0;5000171984;7/5/2026;Servicios;CUMPLIDO;DIGNIDAD Y VIDA SANA A.C.;MR01;30/6/2026;9/12/2025;10137716;10;1;9/12/2025;9/12/2025;C25;4500116561;10;0223;1;MPITTIA;2/1/2026;31/5/2026;C25;4;7/5/2026;;;;;;;;;;03 Cert Mensual;En curso - Próximo a vencer;Verde;C25
00223 Comp Amb Santa Fe;1000079185;10;ZPAN;03-SUBC. TOPOGRAFIA;;2;;;;PBASILIO;1027430;SERVICIO DE TOPOGRAFIA x MES;12;4;12;0;8;5000171991;7/5/2026;Servicios;CUMPLIDO PARCIAL;INGEAP S.A.S.;MR01;30/12/2026;9/12/2025;10137717;10;1;9/12/2025;9/12/2025;C26;4500115797;10;0223;1;AGONZALEZ;19/12/2025;30/12/2026;C26;4;7/5/2026;;;;;;;;;;03 Cert Mensual;En curso;Verde;C26
00223 Comp Amb Santa Fe;1000083447;10;ZPAN;03-SERV. VIGILANCIA;;2;;;;PBASILIO;1013146;SERVICIO DE VIGILANCIA DIURNA XHS;17520;2928;17520;0;14592;5000172000;7/5/2026;Servicios;CUMPLIDO PARCIAL;SEGURIDAD Y RESGUARDO SRL;MR01;28/2/2027;23/2/2026;10143586;10;1;23/2/2026;24/2/2026;C25;4500121657;10;0223;1;MPITTIA;5/3/2026;28/2/2027;C25;2;7/5/2026;;;;;;;;;;03 Cert Mensual;En curso;Verde;C25
00223 Comp Amb Santa Fe;1000083718;10;ZPAN;03-SERV. VIGILANCIA;;2;;;;PBASILIO;1013146;SERVICIO DE VIGILANCIA DIURNA XHS;4392;720;4392;0;3672;5000171987;7/5/2026;Servicios;CUMPLIDO PARCIAL;LACHER CRISTIAN JOSE RAMON;MR01;1/10/2026;26/2/2026;10144010;10;1;26/2/2026;27/2/2026;C25;4500122022;10;0223;1;MPITTIA;10/3/2026;1/10/2026;C25;1;7/5/2026;;;;;;;;;;03 Cert Mensual;En curso;Verde;C25
00223 Comp Amb Santa Fe;1000083725;10;ZPAI;04-SUBC. MEMBRANA;4000006522;9;;;;PBASILIO;1011268;GEOMEMBRANA ALTA DENSIDAD 1500MIC;16800;0;16800;0;16800;;;Materiales usuales;ADJUDICADO;SISTEMA DE IMPERMEABILIZACION DE GR;MR01;17/7/2026;26/2/2026;10144011;10;1;26/2/2026;27/2/2026;C26;4500128226;10;0223;2;AGONZALEZ;20/5/2026;17/7/2026;C26;0;;;;;;;;;;;04 Cert a Demanda;En curso;;C26
00223 Comp Amb Santa Fe;1000083729;30;ZPAN;04-SUBC. INST MEMBRA;;8;;;;PBASILIO;1042362;SUMINISTRO VARILLA HDPE;40;0;40;0;40;;;Servicios;ADJUDICADO;SISTEMA DE IMPERMEABILIZACION DE GR;MR01;31/8/2026;26/2/2026;10144015;30;1;26/2/2026;11/3/2026;C26;4500128226;40;0223;2;AGONZALEZ;20/5/2026;31/8/2026;C26;0;;;;;;;;;;;04 Cert a Demanda;En curso;;C26
00223 Comp Amb Santa Fe;1000084250;30;ZPAN;04-SERV. FLETE;;2;;;;PBASILIO;1012969;FLETE CARGA A GRANEL S/ DETALLE X TN;400;49,84;400;0;350,16;5000173515;18/5/2026;Servicios;CUMPLIDO PARCIAL;TRANSPORCAM;MR01;31/5/2026;6/3/2026;10144713;30;1;6/3/2026;6/3/2026;C15;4500122235;30;0223;1;GDIAZ;11/3/2026;31/5/2026;C15;4;18/5/2026;;;;;;;;;;04 Cert a Demanda;En curso - Próximo a vencer;;C15
00223 Comp Amb Santa Fe;1000084255;10;ZPAN;03-SERV. AGUA Y DISP;;0;;;;PBASILIO;1013137;ALQUILER DISPENSER FRIO CALOR XDIA;2520;352;2520;0;2168;5000171979;7/5/2026;Servicios;CUMPLIDO PARCIAL;PAVONI FRANCO;MR01;31/12/2026;6/3/2026;10144718;10;1;6/3/2026;10/3/2026;C25;4500123669;10;0223;1;MPITTIA;30/3/2026;31/12/2026;C25;2;7/5/2026;;;;;;;;;;03 Cert Mensual;En curso;Verde;C25
00223 Comp Amb Santa Fe;1000084822;10;ZPAN;02-SERV. VIANDAS;;2;;;;PBASILIO;1013116;VIANDA ALMUERZO PUESTA EN OBRA XUN;5200;332;5200;0;4868;5000173795;20/5/2026;Servicios;CUMPLIDO PARCIAL;PERES CARLOS DANIEL;MR01;31/1/2027;13/3/2026;10145410;10;1;13/3/2026;13/3/2026;C25;4500123945;10;0223;1;MPITTIA;1/4/2026;31/1/2027;C25;2;20/5/2026;;;;;;;;;;02 Cert Quincenal;En curso;Verde;C25
00223 Comp Amb Santa Fe;1000084823;10;ZPAN;03-SUBC. TOPOGRAFIA;;2;;;;PBASILIO;1027430;SERVICIO DE TOPOGRAFIA x MES;6;1;6;0;5;5000171989;7/5/2026;Servicios;CUMPLIDO PARCIAL;ENGLER WALTER;MR01;6/10/2026;13/3/2026;10145411;10;1;13/3/2026;13/3/2026;C26;4500122879;10;0223;1;YCOLMAN;18/3/2026;6/10/2026;C26;1;7/5/2026;;;;;;;;;;03 Cert Mensual;En curso;Verde;C26
00223 Comp Amb Santa Fe;1000085000;10;ZPAN;03-SERV. HIGIENE Y S;;2;;;;PBASILIO;1025973;SS HIG. SEG. Y MEDIO AMB. XMES;12;2;12;0;10;5000172003;7/5/2026;Servicios;CUMPLIDO PARCIAL;VIDELA HECTOR GUILLERMO;MR01;28/2/2027;17/3/2026;10145594;10;1;17/3/2026;17/3/2026;C25;4500123316;10;0223;1;MPITTIA;25/3/2026;28/2/2027;C25;2;7/5/2026;;;;;;;;;;03 Cert Mensual;En curso;Verde;C25
00223 Comp Amb Santa Fe;1000085155;10;ZPAN;04-SUBC. SISTEMAS;;2;;;;PBASILIO;1013045;SUBCONTRATO INSTALACION SISTEMAS;1;1;1;0;0;5000172241;8/5/2026;Servicios;CUMPLIDO;QUALIS S.A.;MR01;31/5/2026;19/3/2026;10145827;10;1;19/3/2026;19/3/2026;C26;4500123228;10;0223;1;YCOLMAN;23/3/2026;31/5/2026;C26;1;8/5/2026;;;;;;;;;;04 Cert a Demanda;En curso - Próximo a vencer;;C26
00223 Comp Amb Santa Fe;1000085155;20;ZPAN;04-SUBC. SISTEMAS;;2;;;;PBASILIO;1013045;SUBCONTRATO INSTALACION SISTEMAS;1;1;1;0;0;5000172242;8/5/2026;Servicios;CUMPLIDO;QUALIS S.A.;MR01;31/5/2026;19/3/2026;10145827;20;1;19/3/2026;19/3/2026;C26;4500123229;10;0223;1;YCOLMAN;23/3/2026;31/5/2026;C26;1;8/5/2026;;;;;;;;;;04 Cert a Demanda;En curso - Próximo a vencer;;C26
00223 Comp Amb Santa Fe;1000086982;10;ZPAN;03-SERV. RECOLECCION;;2;;;;PBASILIO;1022297;SERV. LIMPIEZA MAT. VOLADO, JARDINERIA;500;30,41;500;0;469,59;5000174228;23/5/2026;Servicios;CUMPLIDO PARCIAL;DIGNIDAD Y VIDA SANA A.C.;MR01;8/8/2026;21/4/2026;10148190;10;1;21/4/2026;22/4/2026;C25;4500127022;10;0223;1;MPITTIA;7/5/2026;8/8/2026;C25;1;23/5/2026;;;;;;;;;;03 Cert Mensual;En curso;Verde;C25
00223 Comp Amb Santa Fe;1000087815;10;ZPAN;Examenes preocupacio;;0;;;;PBASILIO;1013131;EXAMEN PREOCUPACIONAL ADICIONALES XUN;3;3;3;0;0;5000172784;13/5/2026;Servicios;CUMPLIDO;OIME SANTA FE S.R.L.;MR01;26/5/2026;5/5/2026;10149345;10;1;5/5/2026;6/5/2026;C25;4500127474;10;0223;1;MPITTIA;12/5/2026;26/5/2026;C25;1;13/5/2026;;;;;;;;;;Sin aclaración;En curso - Próximo a vencer;;C25
00223 Comp Amb Santa Fe;1000088006;10;ZPAN;Reparacion radio enl;;2;;;;PBASILIO;1013045;SUBCONTRATO INSTALACION SISTEMAS;1;1;1;0;0;5000172733;12/5/2026;Servicios;CUMPLIDO;QUALIS S.A.;MR01;29/5/2026;8/5/2026;10149610;10;1;8/5/2026;8/5/2026;C26;4500127409;10;0223;1;YCOLMAN;12/5/2026;29/5/2026;C26;1;12/5/2026;;;;;;;;;;Sin aclaración;En curso - Próximo a vencer;;C26
00223 Comp Amb Santa Fe;1000088028;10;ZPAN;Servicio lancha;;0;;;;PBASILIO;1022295;SERVICIO TRASLADO EN EMBARCACION;1;1;1;0;0;5000172772;13/5/2026;Servicios;CUMPLIDO;CLUB NAUT.CAZA Y PESCA S.TOME;MR01;29/5/2026;8/5/2026;10149629;10;1;8/5/2026;8/5/2026;C01;4500127494;10;0223;1;PBASILIO;13/5/2026;29/5/2026;C01;1;13/5/2026;;;;;;;;;;Sin aclaración;En curso - Próximo a vencer;;C01
00223 Comp Amb Santa Fe;1000088253;40;ZPAN;Materiales construcc;;0;;;;PBASILIO;1042942;FLETE CORRALON X VIAJE;1;1;1;0;0;5000172960;14/5/2026;Servicios;CUMPLIDO;GERMAT S.R.L.;MR01;3/6/2026;13/5/2026;10150028;40;1;13/5/2026;13/5/2026;C01;4500127642;40;0223;1;PBASILIO;14/5/2026;3/6/2026;C01;1;14/5/2026;;;;;;;;;;Sin aclaración;En curso - Próximo a vencer;;C01
00223 Comp Amb Santa Fe;1000088500;10;ZPAN;03-SERV. MEDICO;;2;;;;PBASILIO;1027345;SERVICIO MEDICO X MES;12;0;12;0;12;;;Servicios;ADJUDICADO;UNIDEM S.A.;MR01;5/6/2026;15/5/2026;10150313;10;1;15/5/2026;18/5/2026;C25;4500128322;10;0223;1;MPITTIA;21/5/2026;5/6/2026;C25;0;;;;;;;;;;;03 Cert Mensual;En curso - Próximo a vencer;;C25
00314 CASA Olavarría;1000054663;10;ZPAN;02 - TRANSPORTE PERS;;0;;;;BDEGENHART;1013113;TRANSPORTE DE PERSONAL COMBI OLA-OBRA;4610;3602;4610;0;1008;5000173563;19/5/2026;Servicios;CUMPLIDO PARCIAL;GANGAS REYES MARCELO DAVID;MM01;31/10/2026;24/9/2024;10106373;10;1;24/9/2024;24/9/2024;C25;4500085234;10;0026;1;MPITTIA;4/10/2024;31/10/2026;C25;37;19/5/2026;;;;;;;;;;02 Cert Quincenal;En curso;Verde;C25
00314 CASA Olavarría;1000054663;20;ZPAN;02 - TRANSPORTE PERS;;0;;;;BDEGENHART;1013113;TRANSPORTE DE PERSONAL COMBI CENTRAL;1160;761;1160;0;399;5000173563;19/5/2026;Servicios;CUMPLIDO PARCIAL;GANGAS REYES MARCELO DAVID;MM01;31/10/2026;24/9/2024;10106373;20;1;24/9/2024;24/9/2024;C25;4500085234;20;0026;1;MPITTIA;4/10/2024;31/10/2026;C25;37;19/5/2026;;;;;;;;;;02 Cert Quincenal;En curso;Verde;C25
00314 CASA Olavarría;1000054663;30;ZPAN;02 - TRANSPORTE PERS;;0;;;;BDEGENHART;1013113;TRANSPORTE DE PERSONAL COMBI Z. SERRANA;2310;1786;2310;0;524;5000173563;19/5/2026;Servicios;CUMPLIDO PARCIAL;GANGAS REYES MARCELO DAVID;MM01;31/10/2026;24/9/2024;10106373;30;1;24/9/2024;24/9/2024;C25;4500085234;30;0026;1;MPITTIA;4/10/2024;31/10/2026;C25;37;19/5/2026;;;;;;;;;;02 Cert Quincenal;En curso;Verde;C25
00314 CASA Olavarría;1000054663;40;ZPAN;02 - TRANSPORTE PERS;;0;;;;BDEGENHART;1013113;TRANSPORTE DE PERSONAL COMBI LOMA N-OBRA;1160;1160;1160;0;0;5000166056;19/3/2026;Servicios;CUMPLIDO;GANGAS REYES MARCELO DAVID;MM01;31/10/2026;24/9/2024;10106373;40;1;24/9/2024;24/9/2024;C25;4500085234;40;0026;1;MPITTIA;4/10/2024;31/10/2026;C25;33;19/3/2026;;;;;;;;;;02 Cert Quincenal;En curso - Total recepcionado;;C25
00314 CASA Olavarría;1000054663;50;ZPAN;02 - TRANSPORTE PERS;;0;;;;BDEGENHART;1013113;TRANSPORTE DE PERSONAL REMIS LOMA N-OBRA;2310;1242;2310;0;1068;5000173561;19/5/2026;Servicios;CUMPLIDO PARCIAL;GANGAS REYES MARCELO DAVID;MM01;31/10/2026;24/9/2024;10106373;50;1;24/9/2024;24/9/2024;C25;4500085665;10;0026;2;MPITTIA;14/10/2024;31/10/2026;C25;41;19/5/2026;;;;;;;;;;02 Cert Quincenal;En curso;Verde;C25
00314 CASA Olavarría;1000060707;20;ZPAN;03 - DISPENSER DE AG;;0;;;;BDEGENHART;1013138;SERVICIO BOTELLON DE 20 LTS XUN;2300;1908;2300;0;392;5000171071;29/4/2026;Servicios;CUMPLIDO PARCIAL;CRIMALDI BRUNO;MM01;31/1/2026;22/1/2025;10113983;20;1;22/1/2025;23/1/2025;C25;4500093045;20;0026;1;MPITTIA;7/2/2025;31/1/2026;C25;20;29/4/2026;;;;;;;;;;03 Cert Mensual;Vencido con cant pendiente a recep;;C25
00314 CASA Olavarría;1000067300;10;ZPAN;ZPI 4-5469 Control d;;0;;;;BDEGENHART;1013139;SS CONTROL DE PLAGAS XUN;12;7;12;0;5;5000171731;6/5/2026;Servicios;CUMPLIDO PARCIAL;CARDOSO JOSE DANIEL;MM01;31/5/2026;22/5/2025;10122035;10;1;22/5/2025;23/5/2025;C25;4500101570;10;0026;1;MPITTIA;17/6/2025;31/5/2026;C25;7;6/5/2026;;;;;;;;;;Sin aclaración;En curso - Próximo a vencer;;C25
00314 CASA Olavarría;1000067660;10;ZPAN;AFILADO DE BROCAS;;0;;;;ANAVARRO;1033687;AFILADO DE BROCA;1300;1271;1300;0;29;5000156570;23/12/2025;Servicios;CUMPLIDO PARCIAL;MARINA SOLEDAD SAENZ;MM01;31/12/2025;28/5/2025;10122527;10;1;28/5/2025;4/6/2025;C03;4500100810;10;0026;1;GROSES;5/6/2025;27/8/2026;C03;12;23/12/2025;;;;;;;;;;Sin aclaración;Vencido con cant pendiente a recep;;C03
00314 CASA Olavarría;1000067800;10;ZPAN;03 - TOPOGRAFIA;;0;;;;BDEGENHART;1027430;SERVICIO DE TOPOGRAFIA - VUELO CABAÑITA;12;10;12;0;2;5000171728;6/5/2026;Servicios;CUMPLIDO PARCIAL;DOMINGUEZ ELIAS IVAN;MM01;31/5/2026;29/5/2025;10122730;10;1;29/5/2025;31/5/2025;C26;4500100606;10;0026;1;AGONZALEZ;3/6/2025;31/5/2026;C26;10;6/5/2026;;;;;;;;;;03 Cert Mensual;En curso - Próximo a vencer;Verde;C26
00314 CASA Olavarría;1000067800;20;ZPAN;03 - TOPOGRAFIA;;0;;;;BDEGENHART;1027430;SERVICIO DE TOPOGRAFIA - VUELO PROVIDENC;12;10;12;0;2;5000171728;6/5/2026;Servicios;CUMPLIDO PARCIAL;DOMINGUEZ ELIAS IVAN;MM01;31/5/2026;29/5/2025;10122730;20;1;29/5/2025;31/5/2025;C26;4500100606;20;0026;1;AGONZALEZ;3/6/2025;31/5/2026;C26;10;6/5/2026;;;;;;;;;;03 Cert Mensual;En curso - Próximo a vencer;Verde;C26
00314 CASA Olavarría;1000067800;30;ZPAN;03 - TOPOGRAFIA;;0;;;;BDEGENHART;1027430;SERVICIO DE TOPOGRAFIA - VUELO GRANITO;12;10;12;0;2;5000171728;6/5/2026;Servicios;CUMPLIDO PARCIAL;DOMINGUEZ ELIAS IVAN;MM01;31/5/2026;29/5/2025;10122730;30;1;29/5/2025;31/5/2025;C26;4500100606;30;0026;1;AGONZALEZ;3/6/2025;31/5/2026;C26;10;6/5/2026;;;;;;;;;;03 Cert Mensual;En curso - Próximo a vencer;Verde;C26
00314 CASA Olavarría;1000068123;10;ZPAN;03 - RETIRO RESIDUOS;;0;;;;BDEGENHART;1022295;RECOLECCION DE RESIDUOS RSU XUN;48;33;48;0;15;5000171721;6/5/2026;Servicios;CUMPLIDO PARCIAL;TRANSPORTE MALVINAS SRL;MM01;31/5/2026;4/6/2025;10123173;10;1;4/6/2025;6/6/2025;C25;4500101325;10;0026;1;MPITTIA;11/6/2025;31/5/2026;C25;17;6/5/2026;;;;;;;;;;03 Cert Mensual;En curso - Próximo a vencer;Verde;C25
00314 CASA Olavarría;1000068123;20;ZPAN;03 - RETIRO RESIDUOS;;0;;;;BDEGENHART;1022295;TASAS MUNICIPALES;48;45;48;0;3;5000171721;6/5/2026;Servicios;CUMPLIDO PARCIAL;TRANSPORTE MALVINAS SRL;MM01;31/5/2026;4/6/2025;10123173;20;1;4/6/2025;6/6/2025;C25;4500101325;20;0026;1;MPITTIA;11/6/2025;31/5/2026;C25;13;6/5/2026;;;;;;;;;;03 Cert Mensual;En curso - Próximo a vencer;Verde;C25
00314 CASA Olavarría;1000069905;10;ZPAN;extencion OC 4500091;;0;;;;ANAVARRO;1034203;SERVICIO DE GOMERIA;10000000;9263500;10000000;0;736500;5000158323;14/1/2026;Servicios;CUMPLIDO PARCIAL;ROJAS DIEGO HECTOR;MM01;31/12/2025;8/7/2025;10125614;10;1;8/7/2025;8/7/2025;C04;4500103438;10;0026;1;GROSES;11/7/2025;15/6/2026;C04;10;14/1/2026;;;;;;;;;;Sin aclaración;Vencido con cant pendiente a recep;;C04
00314 CASA Olavarría;1000071563;10;ZPAN;03 - INTERNET;;0;;;;ANAVARRO;1025931;SERVICIO DE INTERNET X MES;12;9;12;0;3;5000171730;6/5/2026;Servicios;CUMPLIDO PARCIAL;IPERACTIVE S.A.;MM01;15/8/2026;5/8/2025;10127735;10;1;5/8/2025;7/8/2025;C25;4500105699;10;0026;1;MPITTIA;11/8/2025;15/8/2026;C25;9;6/5/2026;;;;;;;;;;03 Cert Mensual;En curso;Verde;C25
00314 CASA Olavarría;1000077602;10;ZPAN;VIANDA - MERIENDA Y;;0;;;;DBENITEZ;1013116;VIANDA ALMUERZO PUESTA EN OBRA XUN;8000;1752;8000;0;6248;5000173760;20/5/2026;Servicios;CUMPLIDO PARCIAL;HOJMAN JORGE ALFREDO;MM01;30/6/2026;12/11/2025;10135745;10;1;12/11/2025;18/11/2025;C25;4500114017;10;0026;1;MPITTIA;27/11/2025;2/12/2026;C25;8;20/5/2026;;;;;;;;;;Sin aclaración;En curso - Próximo a vencer;;C25
00314 CASA Olavarría;1000077602;20;ZPAN;VIANDA - MERIENDA Y;;0;;;;DBENITEZ;1013120;VIANDA DESAYUNO XUN;18000;7341;18000;0;10659;5000173760;20/5/2026;Servicios;CUMPLIDO PARCIAL;HOJMAN JORGE ALFREDO;MM01;30/6/2026;12/11/2025;10135745;20;1;12/11/2025;18/11/2025;C25;4500114017;20;0026;1;MPITTIA;27/11/2025;2/12/2026;C25;12;20/5/2026;;;;;;;;;;Sin aclaración;En curso - Próximo a vencer;;C25
00314 CASA Olavarría;1000077602;30;ZPAN;VIANDA - MERIENDA Y;;0;;;;DBENITEZ;1013122;VIANDA MERIENDA XUN;18000;5642;18000;0;12358;5000173760;20/5/2026;Servicios;CUMPLIDO PARCIAL;HOJMAN JORGE ALFREDO;MM01;30/6/2026;12/11/2025;10135745;30;1;12/11/2025;18/11/2025;C25;4500114017;30;0026;1;MPITTIA;27/11/2025;2/12/2026;C25;12;20/5/2026;;;;;;;;;;Sin aclaración;En curso - Próximo a vencer;;C25
00314 CASA Olavarría;1000077711;10;ZPAN;Extencion OC tt Buen;;0;;;;DBENITEZ;1012981;SERVICIO FLETE BS AS - OLAVARRIA;5000000;3670734,93;5000000;0;1329265,07;5000173774;20/5/2026;Servicios;CUMPLIDO PARCIAL;LOGISTICA VW S.A;MM01;1/5/2026;13/11/2025;10135911;10;1;13/11/2025;18/11/2025;C15;4500114063;10;0026;1;GDIAZ;27/11/2025;1/8/2026;C15;25;20/5/2026;;;;;;;;;;Sin aclaración;Vencido con cant pendiente a recep;;C15
00314 CASA Olavarría;1000079042;10;ZPAN;03 - INTERNET;;0;;;;ANAVARRO;1034212;SERVICIO DE INTERNET STARLINK X MES;12;6;12;0;6;5000171720;6/5/2026;Servicios;CUMPLIDO PARCIAL;JAWIT S.A.;MM01;30/11/2026;4/12/2025;10137549;10;1;4/12/2025;5/12/2025;C25;4500115862;10;0026;1;MPITTIA;20/12/2025;30/11/2026;C25;6;6/5/2026;;;;;;;;;;03 Cert Mensual;En curso;Verde;C25
00314 CASA Olavarría;1000080073;10;ZPAN;AFILADO DE BROCAS;;0;;;;ANAVARRO;1033687;AFILADO DE BROCA;2000;1715;2000;0;285;5000173605;19/5/2026;Servicios;CUMPLIDO PARCIAL;MARINA SOLEDAD SAENZ;MM01;30/6/2026;23/12/2025;10138947;10;1;23/12/2025;7/1/2026;C03;4500117198;10;0026;1;GROSES;12/1/2026;30/6/2026;C03;12;19/5/2026;;;;;;;;;;Sin aclaración;En curso - Próximo a vencer;;C03
00314 CASA Olavarría;1000080960;10;ZPAN;Extencion OC 4500114;;0;;;;ANAVARRO;1012981;FLETE PAQUETERIA S DETALLE XUN;24000000;16654339;24000000;0;7345661;5000173717;20/5/2026;Servicios;CUMPLIDO PARCIAL;MP TRANSPORTES S.R.L.;MR01;15/4/2026;13/1/2026;10140245;10;1;13/1/2026;14/1/2026;C15;4500117971;10;0314;1;JPUPULIN;20/1/2026;15/6/2026;C15;4;20/5/2026;;;;;;;;;;Sin aclaración;Vencido con cant pendiente a recep;;C15
00314 CASA Olavarría;1000081693;10;ZPAN;Extencion OC 4500103;;0;;;;ANAVARRO;1034203;SERVICIO DE GOMERIA;10000000;5701000;10000000;0;4299000;5000172118;7/5/2026;Servicios;CUMPLIDO PARCIAL;ROJAS DIEGO HECTOR;MM01;30/6/2026;26/1/2026;10141318;10;1;26/1/2026;26/1/2026;C04;4500118648;10;0026;1;GROSES;28/1/2026;30/9/2026;C04;4;7/5/2026;;;;;;;;;;Sin aclaración;En curso - Próximo a vencer;;C04
00314 CASA Olavarría;1000082647;10;ZPAN;02 - TRANSPORTE PERS;;0;;4;4/3/2026;ANAVARRO;1013113;TRANSPORTE DE PERSONAL XVIAJE;600;509;600;0;91;5000173562;19/5/2026;Servicios;RESPONDIDO;GANGAS REYES MARCELO DAVID;MM01;30/8/2026;9/2/2026;10142561;10;1;9/2/2026;9/2/2026;C25;4500121227;10;0026;1;MPITTIA;2/3/2026;30/8/2026;C25;9;19/5/2026;;;;;;;;;;02 Cert Quincenal;En curso;Verde;C25
00314 CASA Olavarría;1000082731;10;ZPAN;SERVICIO GPS;;0;;;;ANAVARRO;1025940;SERVICIO DE RASTREO SATELITAL VEHICUL XU;75;0;75;0;75;;;Servicios;ADJUDICADO;VIDEOLOCALIZA S.A.S.;MM01;15/5/2026;10/2/2026;10142650;10;1;10/2/2026;10/2/2026;C04;4500121473;10;0026;1;DMORAN;4/3/2026;15/6/2026;C04;0;;;;;;;;;;;Sin aclaración;Vencido con cant pendiente a recep;;C04
00314 CASA Olavarría;1000084403;10;ZPAN;SRVICIO RSV;;0;;;;ANAVARRO;1054188;CAMARA ORBCOM FM5610;19;19;19;0;0;5000173720;20/5/2026;Materiales Stock;CUMPLIDO;AC SAT S.R.L.;MM01;30/3/2028;9/3/2026;10144906;10;1;9/3/2026;9/3/2026;C04;4500126945;10;0026;2;EFUNES;6/5/2026;30/3/2028;C04;5;20/5/2026;;;;;;;;;;Sin aclaración;En curso - Total recepcionado;;C04
00314 CASA Olavarría;1000084403;20;ZPAN;SRVICIO RSV;;0;;;;ANAVARRO;1054190;MONTAJE CAMARA ORBCOM;19;19;19;0;0;5000173720;20/5/2026;Materiales Stock;CUMPLIDO;AC SAT S.R.L.;MM01;30/3/2028;9/3/2026;10144906;20;1;9/3/2026;9/3/2026;C04;4500126945;20;0026;2;EFUNES;6/5/2026;30/3/2028;C04;5;20/5/2026;;;;;;;;;;Sin aclaración;En curso - Total recepcionado;;C04
00314 CASA Olavarría;1000084403;30;ZPAN;SRVICIO RSV;;0;;;;ANAVARRO;1054191;SERVICIO SOFWARE RSV FM6510;456;19;456;0;437;5000173722;20/5/2026;Materiales Stock;RECEPCIONADO PARCIAL;AC SAT S.R.L.;MM01;30/3/2028;9/3/2026;10144906;30;1;9/3/2026;9/3/2026;C04;4500126945;30;0026;2;EFUNES;6/5/2026;30/3/2028;C04;1;20/5/2026;;;;;;;;;;Sin aclaración;En curso;;C04
00314 CASA Olavarría;1000085133;10;ZPAN;Extencion OC 4500085;;0;10;4;7/4/2026;ANAVARRO;1013113;TRANSPORTE DE PERSONAL COMBI LOMA N-OBRA;192;0;0;192;192;;;Servicios;CUMPLIDO;;MM01;13/9/2026;19/3/2026;10145794;10;1;19/3/2026;19/3/2026;C25;;0;;1;;;;;0;;;;;;;;;;;Sin aclaración;En curso;;C25
00314 CASA Olavarría;1000085419;10;ZPAN;03 - DISPENSER DE AG;;0;;;;ANAVARRO;1025992;ALQUILER DISPENSER FRIO CALOR x MES;160;36;160;0;124;5000171733;6/5/2026;Servicios;CUMPLIDO PARCIAL;CRIMALDI BRUNO;MM01;31/12/2026;25/3/2026;10146181;10;1;25/3/2026;30/3/2026;C25;4500124266;10;0026;1;MPITTIA;7/4/2026;31/12/2026;C25;3;6/5/2026;;;;;;;;;;03 Cert Mensual;En curso;Verde;C25
00314 CASA Olavarría;1000085419;20;ZPAN;03 - DISPENSER DE AG;;0;;;;ANAVARRO;1013138;SERVICIO BOTELLON DE 20 LTS XUN;1600;275;1600;0;1325;5000171733;6/5/2026;Servicios;CUMPLIDO PARCIAL;CRIMALDI BRUNO;MM01;31/12/2026;25/3/2026;10146181;20;1;25/3/2026;30/3/2026;C25;4500124266;20;0026;1;MPITTIA;7/4/2026;31/12/2026;C25;2;6/5/2026;;;;;;;;;;03 Cert Mensual;En curso;Verde;C25
00314 CASA Olavarría;1000085684;10;ZPAN;Fabricacion porton t;;0;;;;ANAVARRO;1042362;Fabricacion y montaje dos hojas porton;1;0;1;0;1;;;Servicios;ADJUDICADO;GALLARDO DANIEL JESUS;MM01;29/5/2026;28/3/2026;10146521;10;1;28/3/2026;30/3/2026;C26;4500124393;10;0026;1;YCOLMAN;7/4/2026;29/5/2026;C26;0;;;;;;;;;;;Sin aclaración;En curso - Próximo a vencer;;C26
00314 CASA Olavarría;1000086010;10;ZPAN;03 - CABLE;;0;;;;ANAVARRO;1022295;SERVICIO DE DIRECTV XMES;12;1;12;0;11;5000171734;6/5/2026;Servicios;CUMPLIDO PARCIAL;DIRECTV ARGENTINA S.A.;MR01;24/4/2027;6/4/2026;10146908;10;1;6/4/2026;7/4/2026;C25;4500124865;10;0314;1;MPITTIA;13/4/2026;24/4/2027;C25;1;6/5/2026;;;;;;;;;;03 Cert Mensual;En curso;Verde;C25
00314 CASA Olavarría;1000086020;10;ZPAN;EXTENCION OC 4500095;;0;;;;ANAVARRO;1022295;LICENCIAS DE USUARIO SOBEREYE;88;32;88;0;56;5000171723;6/5/2026;Servicios;CUMPLIDO PARCIAL;SAVE TRACK S.A.;MM01;24/8/2026;6/4/2026;10146919;10;1;6/4/2026;7/4/2026;C25;4500125134;10;0026;1;MPITTIA;16/4/2026;24/8/2026;C25;2;6/5/2026;;;;;;;;;;Sin aclaración;En curso;;C25
00314 CASA Olavarría;1000087382;10;ZPAN;POLIZA TANQUE;;0;;;;NLAFORNARO;1012967;POLIZA 285379 ENDOSO 9;1;1;1;0;0;5000172267;8/5/2026;Servicios;CUMPLIDO;FEDERACION PATRONAL SEG. S.A.;MR01;28/4/2027;28/4/2026;10148753;10;1;28/4/2026;28/4/2026;C16;4500127131;10;0314;1;LSORRENTINO;8/5/2026;28/4/2027;C16;1;8/5/2026;;;;;;;;;;Sin aclaración;En curso - Total recepcionado;;C16
00314 CASA Olavarría;1000088646;10;ZPAN;FORMALIZACION Subc.;;0;;;;ANAVARRO;1042063;SUBC. PERFORACIÓN;1000;0;1000;0;1000;;;Servicios;ADJUDICADO;PATAGONIA DRILLING S. R. L.;MM01;9/6/2026;19/5/2026;10150482;10;1;19/5/2026;20/5/2026;C26;4500128448;10;0026;1;YCOLMAN;22/5/2026;9/6/2026;C26;0;;;;;;;;;;;Sin aclaración;En curso - Próximo a vencer;;C26
00314 CASA Olavarría;1000088680;10;ZPAN;02 - TRANSPORTE PERS;;0;;;;ANAVARRO;1013113;TRANSPORTE DE PERSONAL XVIAJE;1200;0;0;1200;0;;;Servicios;SIN TRATAMIENTO;;MM01;31/12/2026;19/5/2026;10150541;10;1;19/5/2026;20/5/2026;C25;;0;;0;;;;;0;;;;;;;;;;;02 Cert Quincenal;En curso - Total recepcionado;;C25
00035 CASA SAN LUIS-MM;1000066994;10;ZPAN;04 - MATAFUEGOS Y TU;;0;;;;FROSALES;1013043;RECARGA DE MATAFUEGOS - TUBOS;6000000;5398638,97;6000000;0;601361,03;5000171988;7/5/2026;Servicios;CUMPLIDO PARCIAL;ASENSIO ERNESTO RUBEN;MM01;30/5/2026;16/5/2025;10121705;10;1;16/5/2025;20/5/2025;C25;4500100429;10;0035;1;MPITTIA;30/5/2025;1/7/2026;C25;37;7/5/2026;;;;;;;;;;04 Cert a Demanda;En curso - Próximo a vencer;;C25
00035 CASA SAN LUIS-MM;1000080676;10;ZPAN;03 - SERVICIO TOPOGR;;1;;;;MALCARAZ;1027430;SERVICIO DE TOPOGRAFIA x MES;12;4;12;0;8;5000170886;28/4/2026;Servicios;CUMPLIDO PARCIAL;GRUPO SICCTOP S.R.L.;MM01;9/1/2027;9/1/2026;10139943;10;1;9/1/2026;12/1/2026;C26;4500117334;10;0035;1;AGONZALEZ;13/1/2026;1/12/2026;C26;4;28/4/2026;;;;;;;;;;03 Cert Mensual;En curso;Verde;C26
00341 Mov. Suelos San Luis;1000080764;10;ZPAN;03 - SOBEREYE;;0;;;;MALCARAZ;1022295;LICENCIAS DE USUARIO SOBEREYE;132;48;132;0;84;5000174122;22/5/2026;Servicios;CUMPLIDO PARCIAL;SAVE TRACK S.A.;MR01;30/11/2026;10/1/2026;10140049;10;1;10/1/2026;12/1/2026;C25;4500117921;10;0341;1;MPITTIA;20/1/2026;30/11/2026;C25;4;22/5/2026;;;;;;;;;;03 Cert Mensual;En curso;Verde;C25
00341 Mov. Suelos San Luis;1000080788;10;ZPAN;03 -  INTENET OBRA;;0;;;;MALCARAZ;1025931;SERVICIO DE INTERNET X MES;11;4;11;0;7;5000171624;5/5/2026;Servicios;CUMPLIDO PARCIAL;JAWIT S.A.;MR01;30/11/2026;10/1/2026;10140067;10;1;10/1/2026;12/1/2026;C25;4500117664;10;0341;1;MPITTIA;16/1/2026;30/11/2026;C25;4;5/5/2026;;;;;;;;;;03 Cert Mensual;En curso;Verde;C25
00035 CASA SAN LUIS-MM;1000082425;10;ZPAN;04 - SERVICIO FLETE;;0;;;;FALBARELLOS;1012981;SERVICIO FLETE DE PALLETS SL-LA CALERA;30;24;30;0;6;5000173996;21/5/2026;Servicios;CUMPLIDO PARCIAL;CABAÑEZ LAURA VERONICA;MM01;5/8/2026;5/2/2026;10142298;10;1;5/2/2026;5/2/2026;C15;4500120252;10;0035;1;GDIAZ;18/2/2026;30/6/2026;C15;23;21/5/2026;;;;;;;;;;04 Cert a Demanda;En curso;;C15
00341 Mov. Suelos San Luis;1000082444;10;ZPAN;03 - SERVICIO REMISE;;0;;;;FALBARELLOS;1018251;TRASLADO DIARIO X KM;32000;24480;32000;0;7520;5000171587;5/5/2026;Servicios;CUMPLIDO PARCIAL;DOMINGO MARTIN FERNANDO;MR01;15/8/2026;5/2/2026;10142318;10;1;5/2/2026;5/2/2026;C25;4500120560;10;0341;1;MPITTIA;23/2/2026;31/7/2026;C25;3;5/5/2026;;;;;;;;;;03 Cert Mensual;En curso;Verde;C25
00341 Mov. Suelos San Luis;1000083178;10;ZPAN;03 - AGUA OBRA;;0;;;;FALBARELLOS;1025992;ALQUILER DISPENSER FRIO CALOR x MES;120;12;120;0;108;5000173120;15/5/2026;Servicios;CUMPLIDO PARCIAL;ROBLA SRL;MR01;30/1/2027;18/2/2026;10143174;10;1;18/2/2026;19/2/2026;C25;4500121638;10;0341;1;MPITTIA;5/3/2026;27/2/2027;C25;2;15/5/2026;;;;;;;;;;03 Cert Mensual;En curso;Verde;C25
00341 Mov. Suelos San Luis;1000083178;20;ZPAN;03 - AGUA OBRA;;0;;;;FALBARELLOS;1013138;SERVICIO BOTELLON DE 20 LTS XUN;1150;152;1150;0;998;5000173120;15/5/2026;Servicios;CUMPLIDO PARCIAL;ROBLA SRL;MR01;30/1/2027;18/2/2026;10143174;20;1;18/2/2026;19/2/2026;C25;4500121638;20;0341;1;MPITTIA;5/3/2026;27/2/2027;C25;2;15/5/2026;;;;;;;;;;03 Cert Mensual;En curso;Verde;C25
00341 Mov. Suelos San Luis;1000084312;10;ZPAN;03 - SERVICIO LIMPIE;;0;;;;FALBARELLOS;1048681;SERVICIO LIMPIEZA OBRA X MES;2000000;784100;2000000;0;1215900;5000169175;15/4/2026;Servicios;CUMPLIDO PARCIAL;SORIA NATALIA NAZARENA;MR01;15/9/2026;6/3/2026;10144807;10;1;6/3/2026;9/3/2026;C25;4500123670;10;0341;1;MPITTIA;30/3/2026;15/9/2026;C25;3;15/4/2026;;;;;;;;;;03 Cert Mensual;En curso;Rojo;C25
00035 CASA SAN LUIS-MM;1000084409;10;ZPAN;SRVICIO RSV - 341;;0;;;;ANAVARRO;1054188;CAMARA ORBCOM FM5610;3;2;3;0;1;5000173722;20/5/2026;Materiales Stock;RECEPCIONADO PARCIAL;AC SAT S.R.L.;MM01;30/3/2028;9/3/2026;10144911;10;1;9/3/2026;9/3/2026;C04;4500126945;40;0035;2;EFUNES;6/5/2026;30/3/2028;C04;3;20/5/2026;;;;;;;;;;Sin aclaración;En curso;;C04
00035 CASA SAN LUIS-MM;1000084409;20;ZPAN;SRVICIO RSV - 341;;0;;;;ANAVARRO;1054190;MONTAJE CAMARA ORBCOM;3;2;3;0;1;5000173722;20/5/2026;Materiales Stock;RECEPCIONADO PARCIAL;AC SAT S.R.L.;MM01;30/3/2028;9/3/2026;10144911;20;1;9/3/2026;9/3/2026;C04;4500126945;50;0035;2;EFUNES;6/5/2026;30/3/2028;C04;3;20/5/2026;;;;;;;;;;Sin aclaración;En curso;;C04
00035 CASA SAN LUIS-MM;1000084409;30;ZPAN;SRVICIO RSV - 341;;0;;;;ANAVARRO;1054191;SERVICIO SOFWARE RSV FM6510;72;0;72;0;72;;;Materiales Stock;ADJUDICADO;AC SAT S.R.L.;MM01;30/3/2028;9/3/2026;10144911;30;1;9/3/2026;9/3/2026;C04;4500126945;60;0035;2;EFUNES;6/5/2026;30/3/2028;C04;0;;;;;;;;;;;Sin aclaración;En curso;;C04
00341 Mov. Suelos San Luis;1000085024;10;ZPAN;03 - VIANDAS 16/03 A;;0;;;;FALBARELLOS;1013116;VIANDA ALMUERZO PUESTA EN OBRA XUN;900;900;900;0;0;5000174124;22/5/2026;Servicios;CUMPLIDO;BECERRA ITALO GUILLERMO;MR01;1/6/2026;17/3/2026;10145658;10;1;17/3/2026;18/3/2026;C25;4500124136;10;0341;1;MPITTIA;6/4/2026;1/6/2026;C25;2;22/5/2026;;;;;;;;;;03 Cert Mensual;En curso - Próximo a vencer;Verde;C25
00341 Mov. Suelos San Luis;1000087781;10;ZPAN;03 - VIANDAS;;20;;;;FALBARELLOS;1013121;VIANDA ALMUERZO XUN;16380;0;0;16380;16380;;;Servicios;SIN TRATAMIENTO;;MR01;1/6/2027;5/5/2026;10149240;10;1;5/5/2026;6/5/2026;C25;;0;;1;;;;;0;;;;;;;;;;;03 Cert Mensual;En curso;;C25
00341 Mov. Suelos San Luis;1000087781;20;ZPAN;03 - VIANDAS;;20;;;;FALBARELLOS;1013121;SERVICIO ALMUERZO ASADO X 30KG;52;0;0;52;52;;;Servicios;SIN TRATAMIENTO;;MR01;1/6/2027;5/5/2026;10149240;20;1;5/5/2026;6/5/2026;C25;;0;;1;;;;;0;;;;;;;;;;;03 Cert Mensual;En curso;;C25
00341 Mov. Suelos San Luis;1000087981;10;ZPAN;POLIZA DE RESPONSABI;;0;;;;NLAFORNARO;1012957;POLIZA DE RC SAN LUIS RENOVADA 440343;1;1;1;0;0;5000172577;11/5/2026;Servicios;CUMPLIDO;SANCOR COOP. DE SEG. LTDA.;MR01;28/5/2026;7/5/2026;10149581;10;1;7/5/2026;7/5/2026;C16;4500127125;10;0341;1;LSORRENTINO;8/5/2026;28/5/2026;C16;1;11/5/2026;;;;;;;;;;Sin aclaración;En curso - Próximo a vencer;;C16
00341 Mov. Suelos San Luis;1000087983;10;ZPAN;03 - MIRASOLES ABRIL;;0;;;;FALBARELLOS;1013121;VIANDA ALMUERZO XUN;1019;1019;1019;0;0;5000172668;12/5/2026;Servicios;CUMPLIDO;MIRASOLES SRL;MR01;28/5/2026;7/5/2026;10149585;10;1;7/5/2026;11/5/2026;C25;4500127292;10;0341;1;MPITTIA;11/5/2026;28/5/2026;C25;1;12/5/2026;;;;;;;;;;03 Cert Mensual;En curso - Próximo a vencer;Verde;C25
00035 CASA SAN LUIS-MM;1000088106;10;ZPAN;03 - TRANSPORTE PERS;;0;;;;FALBARELLOS;1022296;TRANSP EXT. COMBI X VIAJE SL/LA CALERA;75;0;75;0;75;;;Servicios;ADJUDICADO;THOMAS BUS S. R. L.;MM01;1/6/2026;11/5/2026;10149744;10;1;11/5/2026;11/5/2026;C25;4500128298;10;0035;1;MPITTIA;21/5/2026;1/6/2026;C25;0;;;;;;;;;;;03 Cert Mensual;En curso - Próximo a vencer;;C25
00035 CASA SAN LUIS-MM;1000088106;20;ZPAN;03 - TRANSPORTE PERS;;0;;;;FALBARELLOS;1022296;TRANSP EXT. AUTO X VIAJE SL/LA PUNTA;140;0;140;0;140;;;Servicios;ADJUDICADO;THOMAS BUS S. R. L.;MM01;1/6/2026;11/5/2026;10149744;20;1;11/5/2026;11/5/2026;C25;4500128298;20;0035;1;MPITTIA;21/5/2026;1/6/2026;C25;0;;;;;;;;;;;03 Cert Mensual;En curso - Próximo a vencer;;C25
00035 CASA SAN LUIS-MM;1000088106;30;ZPAN;03 - TRANSPORTE PERS;;0;;;;FALBARELLOS;1022296;TRANSP EXT. AUTO X VIAJE SL/NOGOLI;35;0;35;0;35;;;Servicios;ADJUDICADO;THOMAS BUS S. R. L.;MM01;1/6/2026;11/5/2026;10149744;30;1;11/5/2026;11/5/2026;C25;4500128298;30;0035;1;MPITTIA;21/5/2026;1/6/2026;C25;0;;;;;;;;;;;03 Cert Mensual;En curso - Próximo a vencer;;C25
00341 Mov. Suelos San Luis;1000088435;10;ZPAN;03 - REG VIANDAS BEC;;0;;;;FALBARELLOS;1013116;VIANDA ALMUERZO PUESTA EN OBRA XUN ABRIL;14;14;14;0;0;5000174160;22/5/2026;Servicios;CUMPLIDO;BECERRA ITALO GUILLERMO;MR01;5/6/2026;15/5/2026;10150255;10;1;15/5/2026;15/5/2026;C25;4500128359;10;0341;1;MPITTIA;21/5/2026;5/6/2026;C25;1;22/5/2026;;;;;;;;;;03 Cert Mensual;En curso - Próximo a vencer;Verde;C25
00341 Mov. Suelos San Luis;1000088435;20;ZPAN;03 - REG VIANDAS BEC;;0;;;;FALBARELLOS;1013121;VIANDA ALMUERZO XUN;160;160;160;0;0;5000174160;22/5/2026;Servicios;CUMPLIDO;BECERRA ITALO GUILLERMO;MR01;5/6/2026;15/5/2026;10150255;20;1;18/5/2026;19/5/2026;C25;4500128359;20;0341;1;MPITTIA;21/5/2026;5/6/2026;C25;1;22/5/2026;;;;;;;;;;03 Cert Mensual;En curso - Próximo a vencer;Verde;C25
00341 Mov. Suelos San Luis;1000088435;30;ZPAN;03 - REG VIANDAS BEC;;0;;;;FALBARELLOS;1013116;VIANDA ALMUERZO PUESTA EN OBRA XUN MAYO;290;290;290;0;0;5000174160;22/5/2026;Servicios;CUMPLIDO;BECERRA ITALO GUILLERMO;MR01;5/6/2026;15/5/2026;10150255;30;1;19/5/2026;19/5/2026;C25;4500128359;30;0341;1;MPITTIA;21/5/2026;5/6/2026;C25;1;22/5/2026;;;;;;;;;;03 Cert Mensual;En curso - Próximo a vencer;Verde;C25
00341 Mov. Suelos San Luis;1000089014;10;ZPAN;03 - VIGILANCIA PATR;;0;;;;FALBARELLOS;1013146;SERVICIO DE VIGILANCIA DIURNA XHS;4200;0;0;4200;0;;;Servicios;SIN TRATAMIENTO;;MR01;1/6/2027;26/5/2026;10150944;10;1;26/5/2026;26/5/2026;C25;;0;;0;;;;;0;;;;;;;;;;;03 Cert Mensual;En curso - Total recepcionado;;C25
00365 RIO TINTO;1000070246;10;ZPAN;OC ABIERTA CRIM VOLV;;0;;;;CSOSA;1042545;INSPECCION CRIM EQ. LIVIANO;30;9;30;0;21;5000155737;16/12/2025;Servicios;CUMPLIDO PARCIAL;CAMINOA S.A.;U365;31/12/2026;14/7/2025;10126110;10;1;14/7/2025;15/7/2025;C04;4500104118;10;4401;1;EREGALADO;21/7/2025;26/5/2026;C04;7;16/12/2025;;;;;;;;;;Sin aclaración;En curso;;C04
00365 RIO TINTO;1000070246;20;ZPAN;OC ABIERTA CRIM VOLV;;0;;;;CSOSA;1042546;INSPECCION CRIM EQ. PESADO;80;6;80;0;74;5000158309;13/1/2026;Servicios;CUMPLIDO PARCIAL;CAMINOA S.A.;U365;31/12/2026;14/7/2025;10126110;20;1;14/7/2025;15/7/2025;C04;4500104118;20;4401;1;EREGALADO;21/7/2025;26/5/2026;C04;4;13/1/2026;;;;;;;;;;Sin aclaración;En curso;;C04
00365 RIO TINTO;1000070247;10;ZPAN;OC ABIERTA CRIM SCAN;;0;;;;CSOSA;1042545;INSPECCION CRIM EQ. LIVIANO;15;11;15;0;4;5000167464;31/3/2026;Servicios;CUMPLIDO PARCIAL;SCANIA ARGENTINA S A;U365;31/12/2026;14/7/2025;10126111;10;1;14/7/2025;15/7/2025;C04;4500104116;10;4401;1;EREGALADO;21/7/2025;31/12/2026;C04;7;31/3/2026;;;;;;;;;;Sin aclaración;En curso;;C04
00365 RIO TINTO;1000070247;20;ZPAN;OC ABIERTA CRIM SCAN;;0;;;;CSOSA;1042546;INSPECCION CRIM EQ. PESADO;15;15;15;0;0;5000167411;31/3/2026;Servicios;CUMPLIDO;SCANIA ARGENTINA S A;U365;31/12/2026;14/7/2025;10126111;20;1;14/7/2025;15/7/2025;C04;4500104116;20;4401;1;EREGALADO;21/7/2025;31/12/2026;C04;2;31/3/2026;;;;;;;;;;Sin aclaración;En curso - Total recepcionado;;C04
00365 RIO TINTO;1000074762;10;ZPAN;03 - M - INTERNET 2t;;20;;;;CSOSA;1025931;SERVICIO DE INTERNET X MES;6;6;6;0;0;5000167663;2/4/2026;Servicios;CUMPLIDO;JAWIT S.A.;U365;1/10/2026;26/9/2025;10131954;10;1;26/9/2025;26/9/2025;C25;4500110644;10;4401;1;MPITTIA;14/10/2025;1/10/2026;C25;6;2/4/2026;;;;;;;;;;03 Cert Mensual;En curso - Total recepcionado;;C25
00365 RIO TINTO;1000076924;10;ZPAN;CONTROL DE PLAGAS;;0;;;;CSOSA;1013139;SS CONTROL DE PLAGAS XUN;6;4;6;0;2;5000172406;9/5/2026;Servicios;CUMPLIDO PARCIAL;MORON ARANSAY OSCAR ALFREDO;U365;31/5/2026;31/10/2025;10134891;10;1;31/10/2025;31/10/2025;C25;4500112841;10;4401;1;MPITTIA;11/11/2025;31/5/2026;C25;4;9/5/2026;;;;;;;;;;Sin aclaración;En curso - Próximo a vencer;;C25
00365 RIO TINTO;1000077073;10;ZPAN;4000006096 Servicios;;0;;4;18/5/2026;CSOSA;1036089;FLETE TTE CAMION RES PELIGROSOS;2;0;0;2;2;;;Servicios;RESPONDIDO;;U365;1/5/2026;3/11/2025;10135062;10;1;3/11/2025;3/11/2025;C24;;0;;1;;;;;0;;;;;;;;;;;Sin aclaración;Vencido con cant pendiente a recep;;C24
00365 RIO TINTO;1000077073;20;ZPAN;4000006096 Servicios;;0;;4;18/5/2026;CSOSA;1013096;TRATAMIENTO DE RESIDUOS PELIGROSOS Y48;3000;0;0;3000;3000;;;Servicios;RESPONDIDO;;U365;1/5/2026;3/11/2025;10135062;20;1;3/11/2025;3/11/2025;C24;;0;;1;;;;;0;;;;;;;;;;;Sin aclaración;Vencido con cant pendiente a recep;;C24
00365 RIO TINTO;1000077073;30;ZPAN;4000006096 Servicios;;0;;4;18/5/2026;CSOSA;1013097;TRATAMIENTO DE RESIDUOS PELIGROSOS Y8;4500;0;0;4500;4500;;;Servicios;RESPONDIDO;;U365;1/5/2026;3/11/2025;10135062;30;1;3/11/2025;3/11/2025;C24;;0;;1;;;;;0;;;;;;;;;;;Sin aclaración;Vencido con cant pendiente a recep;;C24
00365 RIO TINTO;1000077073;40;ZPAN;4000006096 Servicios;;0;;;;CSOSA;1013098;TRATAMIENTO DE RESIDUOS PELIGROSOS Y9;1500;0;1500;0;1500;;;Servicios;ADJUDICADO;BARRIOS FROILAN;U365;1/5/2026;3/11/2025;10135062;40;1;3/11/2025;4/11/2025;C24;4500112730;40;4401;1;MPITTIA;10/11/2025;1/5/2026;C24;0;;;;;;;;;;;Sin aclaración;Vencido con cant pendiente a recep;;C24
00365 RIO TINTO;1000077167;10;ZPAN;ALQUILER DISPENSER F;;0;;;;CSOSA;1025992;ALQUILER DISPENSER FRIO CALOR x MES;6;4;6;0;2;5000161391;6/2/2026;Servicios;CUMPLIDO PARCIAL;MELS S.R.L.;U365;1/6/2026;5/11/2025;10135173;10;1;5/11/2025;5/11/2025;C25;4500113290;10;4401;1;MPITTIA;17/11/2025;1/6/2026;C25;6;6/2/2026;;;;;;;;;;Sin aclaración;En curso - Próximo a vencer;;C25
00365 RIO TINTO;1000077168;10;ZPAN;LAVADERO BASE;;20;;;;CSOSA;1041904;LAVADO VEHICULO LIVIANO;10;10;10;0;0;5000156898;29/12/2025;Servicios;CUMPLIDO;MORENO VARGAS LUCIANA GISEL;U365;1/6/2026;5/11/2025;10135174;10;1;5/11/2025;5/11/2025;C35;4500112596;10;4401;1;MZERPA;6/11/2025;27/2/2026;C35;1;29/12/2025;;;;;;;;;;Sin aclaración;En curso - Próximo a vencer;;C35
00365 RIO TINTO;1000077482;10;ZPAN;BAÑOS QUIMICOS NUEVO;;0;;;;CSOSA;1022693;ALQUILER DE MODULO DE BANO X U;30;14;30;0;16;5000161258;6/2/2026;Servicios;CUMPLIDO PARCIAL;JUVEGUMER S. A. S.;U365;30/11/2026;11/11/2025;10135625;10;1;11/11/2025;12/11/2025;C25;4500114120;10;4401;1;MPITTIA;28/11/2025;30/11/2026;C25;3;6/2/2026;;;;;;;;;;Sin aclaración;En curso;;C25
00365 RIO TINTO;1000077482;20;ZPAN;BAÑOS QUIMICOS NUEVO;;0;;;;CSOSA;1013136;SERVICIO LIMPIEZA DESAGOTE BANO QUIMICO;36;12;36;0;24;5000161258;6/2/2026;Servicios;CUMPLIDO PARCIAL;JUVEGUMER S. A. S.;U365;30/11/2026;11/11/2025;10135625;20;1;11/11/2025;12/11/2025;C25;4500114120;20;4401;1;MPITTIA;28/11/2025;30/11/2026;C25;1;6/2/2026;;;;;;;;;;Sin aclaración;En curso;;C25
00365 RIO TINTO;1000078799;10;ZPAN;ALQUILER DE IMPRESOR;;20;;;;CSOSA;1026315;ALQUILER IMPRESORA BYN X MES;6;6;6;0;0;5000171928;6/5/2026;Servicios;CUMPLIDO;TECNICA Y SISTEMAS SRL;U365;1/6/2026;2/12/2025;10137247;10;1;2/12/2025;3/12/2025;C25;4500116688;10;4401;1;MPITTIA;6/1/2026;1/6/2026;C25;6;6/5/2026;;;;;;;;;;Sin aclaración;En curso - Próximo a vencer;;C25
00365 RIO TINTO;1000078799;20;ZPAN;ALQUILER DE IMPRESOR;;20;;;;CSOSA;1026315;ALQ IMPRESORA COLOR A3 XMES;6;6;6;0;0;5000171928;6/5/2026;Servicios;CUMPLIDO;TECNICA Y SISTEMAS SRL;U365;1/6/2026;2/12/2025;10137247;20;1;2/12/2025;3/12/2025;C25;4500116688;20;4401;1;MPITTIA;6/1/2026;1/6/2026;C25;6;6/5/2026;;;;;;;;;;Sin aclaración;En curso - Próximo a vencer;;C25
00365 RIO TINTO;1000078799;30;ZPAN;ALQUILER DE IMPRESOR;;20;;;;CSOSA;1026315;ALQ IMPRESORA COLOR A3 XMES;5;5;5;0;0;5000171928;6/5/2026;Servicios;CUMPLIDO;TECNICA Y SISTEMAS SRL;U365;1/6/2026;2/12/2025;10137247;30;1;2/12/2025;3/12/2025;C25;4500116688;30;4401;1;MPITTIA;6/1/2026;1/6/2026;C25;5;6/5/2026;;;;;;;;;;Sin aclaración;En curso - Próximo a vencer;;C25
00365 RIO TINTO;1000080495;10;ZPAN;ALQUILER AUTOELEVADO;;0;;;;CSOSA;1042558;ALQUILER AUTOELEVADOR X MES;6;4;6;0;2;5000173752;20/5/2026;Servicios;CUMPLIDO PARCIAL;TSM EQUIPOS S. R. L.;U365;30/6/2026;7/1/2026;10139698;10;1;7/1/2026;10/1/2026;C03;4500117321;10;4401;1;WVENTURINI;13/1/2026;30/6/2026;C03;4;20/5/2026;;;;;;;;;;Sin aclaración;En curso - Próximo a vencer;;C03
00365 RIO TINTO;1000081109;10;ZPAN;POLIZAS VAR-CC3002/6;;0;;;;SLUKOSIUS;1022030;FDO_REP_677829_E9_AFIANZADORA;1;1;1;0;0;5000160597;2/2/2026;Servicios;CUMPLIDO;AFIANZADORA LATINOAMERICANA COMPAÑI;U365;25/7/2026;15/1/2026;10140483;10;1;15/1/2026;29/1/2026;C16;4500119038;10;4401;1;JESPARZA;2/2/2026;13/2/2026;C16;1;2/2/2026;;;;;;;;;;Sin aclaración;En curso - Total recepcionado;;C16
00365 RIO TINTO;1000081496;10;ZPAN;BAÑOS QUIMICOS SERV.;;0;;;;MGAUDELLI;1022693;ALQUILER DE MODULO DE BANO X U;21;21;21;0;0;5000167659;2/4/2026;Servicios;CUMPLIDO;AREA PABLO;U365;31/8/2026;22/1/2026;10141056;10;1;22/1/2026;2/2/2026;C25;4500118795;10;4401;1;MPITTIA;29/1/2026;31/8/2026;C25;2;2/4/2026;;;;;;;;;;Sin aclaración;En curso - Total recepcionado;;C25
00365 RIO TINTO;1000081496;20;ZPAN;BAÑOS QUIMICOS SERV.;;0;;;;MGAUDELLI;1013136;SERVICIO LIMPIEZA DESAGOTE BANO QUIMICO;56;23;56;0;33;5000167659;2/4/2026;Servicios;CUMPLIDO PARCIAL;AREA PABLO;U365;31/8/2026;22/1/2026;10141056;20;1;22/1/2026;2/2/2026;C25;4500118795;20;4401;1;MPITTIA;29/1/2026;31/8/2026;C25;2;2/4/2026;;;;;;;;;;Sin aclaración;En curso;;C25
00365 RIO TINTO;1000081677;10;ZPAN;STARLINK CAMIONETAS;;0;;;;MGAUDELLI;1025931;SERVICIO DE INTERNET X MES;12;4;12;0;8;5000171933;6/5/2026;Servicios;CUMPLIDO PARCIAL;JAWIT S.A.;U365;1/3/2027;24/1/2026;10141298;10;1;24/1/2026;26/1/2026;C25;4500119083;10;4401;1;MPITTIA;3/2/2026;1/3/2027;C25;3;6/5/2026;;;;;;;;;;Sin aclaración;En curso;;C25
00365 RIO TINTO;1000081677;20;ZPAN;STARLINK CAMIONETAS;;0;;;;MGAUDELLI;1025931;SERVICIO DE INTERNET X MES;12;4;12;0;8;5000171933;6/5/2026;Servicios;CUMPLIDO PARCIAL;JAWIT S.A.;U365;1/3/2027;24/1/2026;10141298;20;1;1/2/2026;2/2/2026;C25;4500119083;20;4401;1;MPITTIA;3/2/2026;1/3/2027;C25;3;6/5/2026;;;;;;;;;;Sin aclaración;En curso;;C25
00365 RIO TINTO;1000082179;10;ZPAN;ALQUILER RODILLO COM;;20;;;;CSOSA;1033267;SERVICIO ALQUILER Bomag 65HE;4;0;1;3;4;;;Servicios;ADJUDICADO PARCIAL;ALL SERVICE SRL;U365;1/6/2026;2/2/2026;10141915;10;1;2/2/2026;2/2/2026;C04;4500119703;10;4401;2;WVENTURINI;9/2/2026;29/5/2026;C04;0;;;;;;;;;;;Sin aclaración;En curso - Próximo a vencer;;C04
00365 RIO TINTO;1000083714;10;ZPAN;ATENCION PRIMARIA;;0;;;;CSOSA;1035274;ATENCION PRIMARIA EN GUARDIA;12;0;12;0;12;;;Servicios;ADJUDICADO;LABTEC S. R. L.;U365;31/3/2027;26/2/2026;10144003;10;1;26/2/2026;27/2/2026;C25;4500121966;10;4401;1;MPITTIA;9/3/2026;31/3/2027;C25;0;;;;;;;;;;;Sin aclaración;En curso;;C25
00365 RIO TINTO;1000083748;10;ZPAN;EXAMEN PREOCUPACIONA;;0;;;;CSOSA;1013130;EXAMEN PREOCUPACIONAL BASICO XUN;100;100;100;0;0;5000169711;18/4/2026;Servicios;CUMPLIDO;MED LAB SALTA S.R.L.;U365;30/9/2026;27/2/2026;10144038;10;1;27/2/2026;27/2/2026;C25;4500121970;10;4401;1;MPITTIA;9/3/2026;30/9/2026;C25;3;18/4/2026;;;;;;;;;;Sin aclaración;En curso - Total recepcionado;;C25
00365 RIO TINTO;1000084361;10;ZPAN;ALQUILER URGENTE VAL;;1;;;;CSOSA;1050061;ALQUILER VALLADO RIGIDO XMES;3;1;3;0;2;5000170643;26/4/2026;Servicios;CUMPLIDO PARCIAL;RIBRON SA;U365;30/6/2026;9/3/2026;10144866;10;1;9/3/2026;9/3/2026;C26;4500121973;10;4401;1;AGONZALEZ;9/3/2026;30/6/2026;C26;1;26/4/2026;;;;;;;;;;Sin aclaración;En curso - Próximo a vencer;;C26
00365 RIO TINTO;1000085016;10;ZPAN;ALQUILER TERMOFUSORA;;0;;;;MGAUDELLI;1050642;ALQUILER EQUIPO MENOR S/ DETALLE;2;1;2;0;1;5000166765;26/3/2026;Servicios;CUMPLIDO PARCIAL;Sara Mabel Mendoza;U365;18/5/2026;17/3/2026;10145638;10;1;17/3/2026;17/3/2026;C23;4500122766;10;4401;1;JESPARZA;17/3/2026;18/5/2026;C23;1;26/3/2026;;;;;;;;;;Sin aclaración;Vencido con cant pendiente a recep;;C23
00365 RIO TINTO;1000085209;10;ZPAN;PRUEBAS HIDRAULICAS;;0;;;;MGAUDELLI;1022295;PRUEBA HIDRAULICA;10;0;10;0;10;;;Servicios;ADJUDICADO;GE.MAR S.R.L.;U365;10/6/2026;20/3/2026;10145882;10;1;20/3/2026;20/3/2026;C26;4500123515;10;4401;1;AGONZALEZ;26/3/2026;10/6/2026;C26;0;;;;;;;;;;;Sin aclaración;En curso - Próximo a vencer;;C26
00365 RIO TINTO;1000085522;10;ZPAN;VIANDAS BASE SALTA;;0;;4;20/5/2026;CSOSA;1013121;VIANDA ALMUERZO XUN;250;28;28;222;222;5000172378;8/5/2026;Servicios;RESPONDIDO;ALEJO ROCIO JAZMIN;U365;5/7/2026;26/3/2026;10146370;10;1;26/3/2026;26/3/2026;C25;4500124773;10;4401;1;MPITTIA;13/4/2026;5/7/2026;C25;1;8/5/2026;;;;;;;;;;Sin aclaración;En curso - Próximo a vencer;;C25
00365 RIO TINTO;1000085529;10;ZPAN;03 - M - INTERNET 2.;;0;;;;CSOSA;1025931;SERVICIO DE INTERNET X MES 2.5tb;12;1;12;0;11;5000171929;6/5/2026;Servicios;CUMPLIDO PARCIAL;JAWIT S.A.;U365;5/4/2027;26/3/2026;10146380;10;1;26/3/2026;27/3/2026;C25;4500124310;10;4401;1;MPITTIA;7/4/2026;5/4/2027;C25;1;6/5/2026;;;;;;;;;;03 Cert Mensual;En curso;Verde;C25
00365 RIO TINTO;1000085530;10;ZPAN;ALQUILER BOMAG 65HE;;0;;;;CSOSA;1033267;SERVICIO ALQUILER Bomag 65HE;3;1;3;0;2;5000170776;27/4/2026;Servicios;CUMPLIDO PARCIAL;LEITEN S. A.;U365;5/7/2026;26/3/2026;10146381;10;1;26/3/2026;27/3/2026;C04;4500123541;10;4401;1;WVENTURINI;27/3/2026;5/7/2026;C04;1;27/4/2026;;;;;;;;;;Sin aclaración;En curso - Próximo a vencer;;C04
00365 RIO TINTO;1000085532;10;ZPAN;Ampliación Servicio;;0;;;;CSOSA;1022295;SERVICIO LICENCIADO MEDIA AMBIENTE;6;1;6;0;5;5000171918;6/5/2026;Servicios;CUMPLIDO PARCIAL;DELGADO JORGE ESTEBAN;U365;5/10/2026;26/3/2026;10146383;10;1;26/3/2026;27/3/2026;C25;4500125106;10;4401;1;MPITTIA;15/4/2026;5/10/2026;C25;1;6/5/2026;;;;;;;;;;Sin aclaración;En curso;;C25
00365 RIO TINTO;1000085948;10;ZPAN;BAÑOS QUIMICOS RENOV;;0;;;;CSOSA;1022693;ALQUILER DE MODULO DE BANO X U;105;15;105;0;90;5000171923;6/5/2026;Servicios;CUMPLIDO PARCIAL;AREA PABLO;U365;1/11/2026;2/4/2026;10146852;10;1;2/4/2026;4/4/2026;C25;4500124793;10;4401;1;MPITTIA;13/4/2026;1/11/2026;C25;1;6/5/2026;;;;;;;;;;Sin aclaración;En curso;;C25
00365 RIO TINTO;1000085948;20;ZPAN;BAÑOS QUIMICOS RENOV;;0;;;;CSOSA;1013136;SERVICIO LIMPIEZA DESAGOTE BANO QUIMICO;84;13;84;0;71;5000171923;6/5/2026;Servicios;CUMPLIDO PARCIAL;AREA PABLO;U365;1/11/2026;2/4/2026;10146852;20;1;2/4/2026;4/4/2026;C25;4500124793;20;4401;1;MPITTIA;13/4/2026;1/11/2026;C25;1;6/5/2026;;;;;;;;;;Sin aclaración;En curso;;C25
00365 RIO TINTO;1000086152;10;ZPAN;EXAMEN PREOCUPACIONA;;0;;;;CSOSA;1013130;EXAMEN PREOCUPACIONAL BASICO XUN;200;44;200;0;156;5000172643;12/5/2026;Servicios;CUMPLIDO PARCIAL;MED LAB SALTA S.R.L.;U365;30/9/2026;7/4/2026;10147087;10;1;7/4/2026;7/4/2026;C25;4500124550;10;4401;1;MPITTIA;9/4/2026;30/9/2026;C25;4;12/5/2026;;;;;;;;;;Sin aclaración;En curso;;C25
00365 RIO TINTO;1000086304;10;ZPAN;ALQUILER TENSIOMETRO;;0;;;;MGAUDELLI;1050307;ALQUILER TENSIOMETRO XMES;2;0;2;0;2;;;Servicios;ADJUDICADO;ALL IN SA;U365;10/6/2026;9/4/2026;10147286;10;1;9/4/2026;10/4/2026;C23;4500124666;10;4401;1;JESPARZA;10/4/2026;10/6/2026;C23;0;;;;;;;;;;;Sin aclaración;En curso - Próximo a vencer;;C23
00365 RIO TINTO;1000086561;10;ZPAN;CERTIF EQ LABORATORI;;0;;;;MGAUDELLI;1013021;CERTIFICACION HORNO;1;0;1;0;1;;;Servicios;ADJUDICADO;MARADONA PRADO ISABEL MARGARIT;U365;15/5/2026;14/4/2026;10147670;10;1;14/4/2026;15/4/2026;C35;4500125402;10;4401;1;FSOTO;17/4/2026;30/4/2026;C35;0;;;;;;;;;;;Sin aclaración;Vencido con cant pendiente a recep;;C35
00365 RIO TINTO;1000086561;20;ZPAN;CERTIF EQ LABORATORI;;0;;;;MGAUDELLI;1026920;MOLDE PARA PROCTOR ESTANDAR;1;0;1;0;1;;;Servicios;ADJUDICADO;MARADONA PRADO ISABEL MARGARIT;U365;15/5/2026;14/4/2026;10147670;20;1;14/4/2026;15/4/2026;C35;4500125402;20;4401;1;FSOTO;17/4/2026;30/4/2026;C35;0;;;;;;;;;;;Sin aclaración;Vencido con cant pendiente a recep;;C35
00365 RIO TINTO;1000086561;30;ZPAN;CERTIF EQ LABORATORI;;0;;;;MGAUDELLI;1026920;MOLDE PARA PROCTOR MODIFICADO;1;0;1;0;1;;;Servicios;ADJUDICADO;MARADONA PRADO ISABEL MARGARIT;U365;15/5/2026;14/4/2026;10147670;30;1;14/4/2026;15/4/2026;C35;4500125402;30;4401;1;FSOTO;17/4/2026;30/4/2026;C35;0;;;;;;;;;;;Sin aclaración;Vencido con cant pendiente a recep;;C35
00365 RIO TINTO;1000086561;40;ZPAN;CERTIF EQ LABORATORI;;0;;;;MGAUDELLI;1026920;PISON PROCTOR ESTANDAR;1;0;1;0;1;;;Servicios;ADJUDICADO;MARADONA PRADO ISABEL MARGARIT;U365;15/5/2026;14/4/2026;10147670;40;1;14/4/2026;15/4/2026;C35;4500125402;40;4401;1;FSOTO;17/4/2026;30/4/2026;C35;0;;;;;;;;;;;Sin aclaración;Vencido con cant pendiente a recep;;C35
00365 RIO TINTO;1000086561;50;ZPAN;CERTIF EQ LABORATORI;;0;;;;MGAUDELLI;1026920;PISON PROCTOR MODIFICADO;1;0;1;0;1;;;Servicios;ADJUDICADO;MARADONA PRADO ISABEL MARGARIT;U365;15/5/2026;14/4/2026;10147670;50;1;14/4/2026;15/4/2026;C35;4500125402;50;4401;1;FSOTO;17/4/2026;30/4/2026;C35;0;;;;;;;;;;;Sin aclaración;Vencido con cant pendiente a recep;;C35
00365 RIO TINTO;1000086561;60;ZPAN;CERTIF EQ LABORATORI;;0;;;;MGAUDELLI;1026920;CONO DE  ARENA;2;0;2;0;2;;;Servicios;ADJUDICADO;MARADONA PRADO ISABEL MARGARIT;U365;15/5/2026;14/4/2026;10147670;60;1;14/4/2026;15/4/2026;C35;4500125402;60;4401;1;FSOTO;17/4/2026;30/4/2026;C35;0;;;;;;;;;;;Sin aclaración;Vencido con cant pendiente a recep;;C35
00365 RIO TINTO;1000086561;70;ZPAN;CERTIF EQ LABORATORI;;0;;;;MGAUDELLI;1026920;CANASTO MALLADO;1;0;1;0;1;;;Servicios;ADJUDICADO;MARADONA PRADO ISABEL MARGARIT;U365;15/5/2026;14/4/2026;10147670;70;1;14/4/2026;15/4/2026;C35;4500125402;70;4401;1;FSOTO;17/4/2026;30/4/2026;C35;0;;;;;;;;;;;Sin aclaración;Vencido con cant pendiente a recep;;C35
00365 RIO TINTO;1000086561;80;ZPAN;CERTIF EQ LABORATORI;;0;;;;MGAUDELLI;1026920;"TAMIZ 3""";1;0;1;0;1;;;Servicios;ADJUDICADO;MARADONA PRADO ISABEL MARGARIT;U365;15/5/2026;14/4/2026;10147670;80;1;14/4/2026;15/4/2026;C35;4500125402;80;4401;1;FSOTO;17/4/2026;30/4/2026;C35;0;;;;;;;;;;;Sin aclaración;Vencido con cant pendiente a recep;;C35
00365 RIO TINTO;1000086561;90;ZPAN;CERTIF EQ LABORATORI;;0;;;;MGAUDELLI;1026920;"TAMIZ 2 1/2""";1;0;1;0;1;;;Servicios;ADJUDICADO;MARADONA PRADO ISABEL MARGARIT;U365;15/5/2026;14/4/2026;10147670;90;1;14/4/2026;15/4/2026;C35;4500125402;90;4401;1;FSOTO;17/4/2026;30/4/2026;C35;0;;;;;;;;;;;Sin aclaración;Vencido con cant pendiente a recep;;C35
00365 RIO TINTO;1000086561;100;ZPAN;CERTIF EQ LABORATORI;;0;;;;MGAUDELLI;1026920;"TAMIZ 2""";1;0;1;0;1;;;Servicios;ADJUDICADO;MARADONA PRADO ISABEL MARGARIT;U365;15/5/2026;14/4/2026;10147670;100;1;14/4/2026;15/4/2026;C35;4500125402;100;4401;1;FSOTO;17/4/2026;30/4/2026;C35;0;;;;;;;;;;;Sin aclaración;Vencido con cant pendiente a recep;;C35
00365 RIO TINTO;1000086561;110;ZPAN;CERTIF EQ LABORATORI;;0;;;;MGAUDELLI;1026920;"TAMIZ 1 1/2""";1;0;1;0;1;;;Servicios;ADJUDICADO;MARADONA PRADO ISABEL MARGARIT;U365;15/5/2026;14/4/2026;10147670;110;1;14/4/2026;15/4/2026;C35;4500125402;110;4401;1;FSOTO;17/4/2026;30/4/2026;C35;0;;;;;;;;;;;Sin aclaración;Vencido con cant pendiente a recep;;C35
00365 RIO TINTO;1000086561;120;ZPAN;CERTIF EQ LABORATORI;;0;;;;MGAUDELLI;1026920;"TAMIZ 1""";1;0;1;0;1;;;Servicios;ADJUDICADO;MARADONA PRADO ISABEL MARGARIT;U365;15/5/2026;14/4/2026;10147670;120;1;14/4/2026;15/4/2026;C35;4500125402;120;4401;1;FSOTO;17/4/2026;30/4/2026;C35;0;;;;;;;;;;;Sin aclaración;Vencido con cant pendiente a recep;;C35
00365 RIO TINTO;1000086561;130;ZPAN;CERTIF EQ LABORATORI;;0;;;;MGAUDELLI;1026920;"TAMIZ 3/4""";2;0;2;0;2;;;Servicios;ADJUDICADO;MARADONA PRADO ISABEL MARGARIT;U365;15/5/2026;14/4/2026;10147670;130;1;14/4/2026;15/4/2026;C35;4500125402;130;4401;1;FSOTO;17/4/2026;30/4/2026;C35;0;;;;;;;;;;;Sin aclaración;Vencido con cant pendiente a recep;;C35
00365 RIO TINTO;1000086561;140;ZPAN;CERTIF EQ LABORATORI;;0;;;;MGAUDELLI;1026920;"TAMIZ 3/8""";1;0;1;0;1;;;Servicios;ADJUDICADO;MARADONA PRADO ISABEL MARGARIT;U365;15/5/2026;14/4/2026;10147670;140;1;14/4/2026;15/4/2026;C35;4500125402;140;4401;1;FSOTO;17/4/2026;30/4/2026;C35;0;;;;;;;;;;;Sin aclaración;Vencido con cant pendiente a recep;;C35
00365 RIO TINTO;1000086561;150;ZPAN;CERTIF EQ LABORATORI;;0;;;;MGAUDELLI;1026920;"TAMIZ 1/2""";1;0;1;0;1;;;Servicios;ADJUDICADO;MARADONA PRADO ISABEL MARGARIT;U365;15/5/2026;14/4/2026;10147670;150;1;14/4/2026;15/4/2026;C35;4500125402;150;4401;1;FSOTO;17/4/2026;30/4/2026;C35;0;;;;;;;;;;;Sin aclaración;Vencido con cant pendiente a recep;;C35
00365 RIO TINTO;1000086561;160;ZPAN;CERTIF EQ LABORATORI;;0;;;;MGAUDELLI;1026920;"TAMIZ 1/4""";1;0;1;0;1;;;Servicios;ADJUDICADO;MARADONA PRADO ISABEL MARGARIT;U365;15/5/2026;14/4/2026;10147670;160;1;14/4/2026;15/4/2026;C35;4500125402;160;4401;1;FSOTO;17/4/2026;30/4/2026;C35;0;;;;;;;;;;;Sin aclaración;Vencido con cant pendiente a recep;;C35
00365 RIO TINTO;1000086561;170;ZPAN;CERTIF EQ LABORATORI;;0;;;;MGAUDELLI;1026920;"TAMIZ 1/8""";1;0;1;0;1;;;Servicios;ADJUDICADO;MARADONA PRADO ISABEL MARGARIT;U365;15/5/2026;14/4/2026;10147670;170;1;14/4/2026;15/4/2026;C35;4500125402;170;4401;1;FSOTO;17/4/2026;30/4/2026;C35;0;;;;;;;;;;;Sin aclaración;Vencido con cant pendiente a recep;;C35
00365 RIO TINTO;1000086561;180;ZPAN;CERTIF EQ LABORATORI;;0;;;;MGAUDELLI;1026920;TAMIZ #4;1;0;1;0;1;;;Servicios;ADJUDICADO;MARADONA PRADO ISABEL MARGARIT;U365;15/5/2026;14/4/2026;10147670;180;1;14/4/2026;15/4/2026;C35;4500125402;180;4401;1;FSOTO;17/4/2026;30/4/2026;C35;0;;;;;;;;;;;Sin aclaración;Vencido con cant pendiente a recep;;C35
00365 RIO TINTO;1000086561;190;ZPAN;CERTIF EQ LABORATORI;;0;;;;MGAUDELLI;1026920;TAMIZ #8;1;0;1;0;1;;;Servicios;ADJUDICADO;MARADONA PRADO ISABEL MARGARIT;U365;15/5/2026;14/4/2026;10147670;190;1;14/4/2026;15/4/2026;C35;4500125402;190;4401;1;FSOTO;17/4/2026;30/4/2026;C35;0;;;;;;;;;;;Sin aclaración;Vencido con cant pendiente a recep;;C35
00365 RIO TINTO;1000086561;200;ZPAN;CERTIF EQ LABORATORI;;0;;;;MGAUDELLI;1026920;TAMIZ #10;1;0;1;0;1;;;Servicios;ADJUDICADO;MARADONA PRADO ISABEL MARGARIT;U365;15/5/2026;14/4/2026;10147670;200;1;14/4/2026;15/4/2026;C35;4500125402;200;4401;1;FSOTO;17/4/2026;30/4/2026;C35;0;;;;;;;;;;;Sin aclaración;Vencido con cant pendiente a recep;;C35
00365 RIO TINTO;1000086561;210;ZPAN;CERTIF EQ LABORATORI;;0;;;;MGAUDELLI;1026920;TAMIZ #16;1;0;1;0;1;;;Servicios;ADJUDICADO;MARADONA PRADO ISABEL MARGARIT;U365;15/5/2026;14/4/2026;10147670;210;1;14/4/2026;15/4/2026;C35;4500125402;210;4401;1;FSOTO;17/4/2026;30/4/2026;C35;0;;;;;;;;;;;Sin aclaración;Vencido con cant pendiente a recep;;C35
00365 RIO TINTO;1000086561;220;ZPAN;CERTIF EQ LABORATORI;;0;;;;MGAUDELLI;1026920;TAMIZ #20;1;0;1;0;1;;;Servicios;ADJUDICADO;MARADONA PRADO ISABEL MARGARIT;U365;15/5/2026;14/4/2026;10147670;220;1;14/4/2026;15/4/2026;C35;4500125402;220;4401;1;FSOTO;17/4/2026;30/4/2026;C35;0;;;;;;;;;;;Sin aclaración;Vencido con cant pendiente a recep;;C35
00365 RIO TINTO;1000086561;230;ZPAN;CERTIF EQ LABORATORI;;0;;;;MGAUDELLI;1026920;TAMIZ #30;1;0;1;0;1;;;Servicios;ADJUDICADO;MARADONA PRADO ISABEL MARGARIT;U365;15/5/2026;14/4/2026;10147670;230;1;14/4/2026;15/4/2026;C35;4500125402;230;4401;1;FSOTO;17/4/2026;30/4/2026;C35;0;;;;;;;;;;;Sin aclaración;Vencido con cant pendiente a recep;;C35
00365 RIO TINTO;1000086561;240;ZPAN;CERTIF EQ LABORATORI;;0;;;;MGAUDELLI;1026920;TAMIZ #40;1;0;1;0;1;;;Servicios;ADJUDICADO;MARADONA PRADO ISABEL MARGARIT;U365;15/5/2026;14/4/2026;10147670;240;1;14/4/2026;15/4/2026;C35;4500125402;240;4401;1;FSOTO;17/4/2026;30/4/2026;C35;0;;;;;;;;;;;Sin aclaración;Vencido con cant pendiente a recep;;C35
00365 RIO TINTO;1000086561;250;ZPAN;CERTIF EQ LABORATORI;;0;;;;MGAUDELLI;1026920;TAMIZ #50;1;0;1;0;1;;;Servicios;ADJUDICADO;MARADONA PRADO ISABEL MARGARIT;U365;15/5/2026;14/4/2026;10147670;250;1;14/4/2026;15/4/2026;C35;4500125402;250;4401;1;FSOTO;17/4/2026;30/4/2026;C35;0;;;;;;;;;;;Sin aclaración;Vencido con cant pendiente a recep;;C35
00365 RIO TINTO;1000086561;260;ZPAN;CERTIF EQ LABORATORI;;0;;;;MGAUDELLI;1026920;TAMIZ #60;2;0;2;0;2;;;Servicios;ADJUDICADO;MARADONA PRADO ISABEL MARGARIT;U365;15/5/2026;14/4/2026;10147670;260;1;14/4/2026;15/4/2026;C35;4500125402;260;4401;1;FSOTO;17/4/2026;30/4/2026;C35;0;;;;;;;;;;;Sin aclaración;Vencido con cant pendiente a recep;;C35
00365 RIO TINTO;1000086561;270;ZPAN;CERTIF EQ LABORATORI;;0;;;;MGAUDELLI;1026920;TAMIZ #100;1;0;1;0;1;;;Servicios;ADJUDICADO;MARADONA PRADO ISABEL MARGARIT;U365;15/5/2026;14/4/2026;10147670;270;1;14/4/2026;15/4/2026;C35;4500125402;270;4401;1;FSOTO;17/4/2026;30/4/2026;C35;0;;;;;;;;;;;Sin aclaración;Vencido con cant pendiente a recep;;C35
00365 RIO TINTO;1000086659;10;ZPAN;PEDIDO ABIERTO LAVAD;;1;;;;CSOSA;1041904;LAVADO VEHICULO LIVIANO;20;3;2;18;17;5000170393;23/4/2026;Servicios;CUMPLIDO PARCIAL;MORENO VARGAS LUCIANA GISEL;U365;29/7/2026;15/4/2026;10147760;10;1;15/4/2026;15/4/2026;C35;4500125151;10;4401;1;FSOTO;16/4/2026;29/7/2026;C35;2;23/4/2026;;;;;;;;;;Sin aclaración;En curso;;C35
00365 RIO TINTO;1000086706;10;ZPAN;ALQUILER TERMOFUSORA;;20;;;;CSOSA;1050642;ALQUILER termofusión Marca Bauza LS355H4;2;1;2;0;1;5000170824;28/4/2026;Servicios;CUMPLIDO PARCIAL;SERVICIOS OPERACIONALES ANDINOS SAS;U365;1/6/2026;16/4/2026;10147825;10;1;16/4/2026;16/4/2026;C23;4500125585;10;4401;1;JESPARZA;21/4/2026;1/6/2026;C23;3;28/4/2026;;;;;;;;;;Sin aclaración;En curso - Próximo a vencer;;C23
00365 RIO TINTO;1000086735;10;ZPAN;ESTUDIOS DE LABORATO;;20;;;;CSOSA;1022295;Ambiente Laboral MDHS 14/4 + NIOSH 7500;4;0;4;0;4;;;Servicios;ADJUDICADO;GRUPO INDUSER SRL;U365;5/5/2026;16/4/2026;10147867;10;1;16/4/2026;16/4/2026;C26;4500125557;10;4401;1;YCOLMAN;20/4/2026;5/5/2026;C26;0;;;;;;;;;;;Sin aclaración;Vencido con cant pendiente a recep;;C26
00365 RIO TINTO;1000086735;20;ZPAN;ESTUDIOS DE LABORATO;;20;;;;CSOSA;1022295;Ambiente Laboral Formaldehído NIOSH 2016;1;0;1;0;1;;;Servicios;ADJUDICADO;GRUPO INDUSER SRL;U365;5/5/2026;16/4/2026;10147867;20;1;16/4/2026;16/4/2026;C26;4500125557;20;4401;1;YCOLMAN;20/4/2026;5/5/2026;C26;0;;;;;;;;;;;Sin aclaración;Vencido con cant pendiente a recep;;C26
00365 RIO TINTO;1000086735;30;ZPAN;ESTUDIOS DE LABORATO;;20;;;;CSOSA;1022295;Ambiente Laboral MDHS 14/4 (06/2014);1;0;1;0;1;;;Servicios;ADJUDICADO;GRUPO INDUSER SRL;U365;5/5/2026;16/4/2026;10147867;30;1;16/4/2026;16/4/2026;C26;4500125557;30;4401;1;YCOLMAN;20/4/2026;5/5/2026;C26;0;;;;;;;;;;;Sin aclaración;Vencido con cant pendiente a recep;;C26
00365 RIO TINTO;1000086735;40;ZPAN;ESTUDIOS DE LABORATO;;20;;;;CSOSA;1022295;Ambiente Laboral Soldad SMAW NIOSH 7303;2;0;2;0;2;;;Servicios;ADJUDICADO;GRUPO INDUSER SRL;U365;5/5/2026;16/4/2026;10147867;40;1;16/4/2026;16/4/2026;C26;4500125557;40;4401;1;YCOLMAN;20/4/2026;5/5/2026;C26;0;;;;;;;;;;;Sin aclaración;Vencido con cant pendiente a recep;;C26
00365 RIO TINTO;1000086735;50;ZPAN;ESTUDIOS DE LABORATO;;20;;;;CSOSA;1022295;Gastos e Informes;1;0;1;0;1;;;Servicios;ADJUDICADO;GRUPO INDUSER SRL;U365;5/5/2026;16/4/2026;10147867;50;1;16/4/2026;16/4/2026;C26;4500125557;50;4401;1;YCOLMAN;20/4/2026;5/5/2026;C26;0;;;;;;;;;;;Sin aclaración;Vencido con cant pendiente a recep;;C26
00365 RIO TINTO;1000087033;10;ZPAN;ALQUILER BAÑOS QUIMI;;20;;;;CSOSA;1022693;ALQUILER DE MODULO DE BANO X U;15;0;15;0;15;;;Servicios;ADJUDICADO;AREA PABLO;U365;2/8/2026;21/4/2026;10148281;10;1;21/4/2026;21/4/2026;C25;4500126084;10;4401;1;MPITTIA;27/4/2026;2/8/2026;C25;0;;;;;;;;;;;Sin aclaración;En curso;;C25
00365 RIO TINTO;1000087033;20;ZPAN;ALQUILER BAÑOS QUIMI;;20;;;;CSOSA;1013136;SERVICIO LIMPIEZA DESAGOTE BANO QUIMICO;180;0;180;0;180;;;Servicios;ADJUDICADO;AREA PABLO;U365;2/8/2026;21/4/2026;10148281;20;1;21/4/2026;21/4/2026;C25;4500126084;20;4401;1;MPITTIA;27/4/2026;2/8/2026;C25;0;;;;;;;;;;;Sin aclaración;En curso;;C25
00365 RIO TINTO;1000087069;10;ZPAN;ALQUILER COMPACTADOR;;20;;;;AFORTUNA;1033267;SS ALQUILER COMPACTADOR RD24C NEUSON;2;0;2;0;2;;;Servicios;ADJUDICADO;ALL SERVICE SRL;U365;30/6/2026;22/4/2026;10148320;10;1;22/4/2026;22/4/2026;C04;4500125875;10;4401;1;WVENTURINI;23/4/2026;30/6/2026;C04;0;;;;;;;;;;;Sin aclaración;En curso - Próximo a vencer;;C04
00365 RIO TINTO;1000087103;10;ZPAN;RODILLO CONTROL REMO;;20;;;;AFORTUNA;1033267;SS ALQ 1 RODILLO CONTROL REMOTO NEUSON;2;0;2;0;2;;;Servicios;ADJUDICADO;ALL SERVICE SRL;U365;30/6/2026;22/4/2026;10148369;10;1;22/4/2026;22/4/2026;C04;4500125871;10;4401;1;WVENTURINI;23/4/2026;30/6/2026;C04;0;;;;;;;;;;;Sin aclaración;En curso - Próximo a vencer;;C04
00365 RIO TINTO;1000087103;20;ZPAN;RODILLO CONTROL REMO;;20;;;;AFORTUNA;1033267;SS ALQ 2 RODILLO CONTROL REMOTO NEUSON;2;0;2;0;2;;;Servicios;ADJUDICADO;ALL SERVICE SRL;U365;30/6/2026;22/4/2026;10148369;20;1;22/4/2026;22/4/2026;C04;4500125871;20;4401;1;WVENTURINI;23/4/2026;30/6/2026;C04;0;;;;;;;;;;;Sin aclaración;En curso - Próximo a vencer;;C04
00365 RIO TINTO;1000087282;10;ZPAN;CERTIF ESLINGAS;;0;;;;MGAUDELLI;1036348;CERTIFICACION DE ESLINGAS SINTETICAS 10T;4;0;4;0;4;;;Servicios;ADJUDICADO;WORKLIFT SA;U365;9/5/2026;25/4/2026;10148632;10;1;25/4/2026;26/4/2026;C35;4500126169;10;4401;1;FSOTO;27/4/2026;29/4/2026;C35;0;;;;;;;;;;;Sin aclaración;Vencido con cant pendiente a recep;;C35
00365 RIO TINTO;1000087282;20;ZPAN;CERTIF ESLINGAS;;0;;;;MGAUDELLI;1036348;CERTIFICACION DE ESLINGAS SINTETICAS 8T;8;0;8;0;8;;;Servicios;ADJUDICADO;WORKLIFT SA;U365;9/5/2026;25/4/2026;10148632;20;1;25/4/2026;26/4/2026;C35;4500126169;20;4401;1;FSOTO;27/4/2026;29/4/2026;C35;0;;;;;;;;;;;Sin aclaración;Vencido con cant pendiente a recep;;C35
00365 RIO TINTO;1000087282;30;ZPAN;CERTIF ESLINGAS;;0;;;;MGAUDELLI;1036348;CERTIFICACION DE ESLINGAS SINTETICAS 8T;3;0;3;0;3;;;Servicios;ADJUDICADO;WORKLIFT SA;U365;9/5/2026;25/4/2026;10148632;30;1;25/4/2026;26/4/2026;C35;4500126169;30;4401;1;FSOTO;27/4/2026;29/4/2026;C35;0;;;;;;;;;;;Sin aclaración;Vencido con cant pendiente a recep;;C35
00365 RIO TINTO;1000087282;40;ZPAN;CERTIF ESLINGAS;;0;;;;MGAUDELLI;1036348;CERTIFICACION DE ESLINGA CADENA;1;0;1;0;1;;;Servicios;ADJUDICADO;WORKLIFT SA;U365;9/5/2026;25/4/2026;10148632;40;1;25/4/2026;26/4/2026;C35;4500126169;40;4401;1;FSOTO;27/4/2026;29/4/2026;C35;0;;;;;;;;;;;Sin aclaración;Vencido con cant pendiente a recep;;C35
00365 RIO TINTO;1000087285;10;ZPAN;ALQ VALLADO;;0;;;;AFORTUNA;1050061;ALQUILER VALLADO RIGIDO XMES;1;0;1;0;1;;;Servicios;ADJUDICADO;RIBRON SA;U365;26/5/2026;26/4/2026;10148636;10;1;26/4/2026;26/4/2026;C26;4500126189;10;4401;1;YCOLMAN;28/4/2026;30/5/2026;C26;0;;;;;;;;;;;Sin aclaración;En curso - Próximo a vencer;;C26
00365 RIO TINTO;1000087290;10;ZPAN;ALQ TERMOFUSORA;;20;;;;AFORTUNA;1050642;ALQUILER FUSIONADORA 90-250 mm;2;0;2;0;2;;;Servicios;ADJUDICADO;ALL IN SA;U365;30/6/2026;26/4/2026;10148643;10;1;26/4/2026;26/4/2026;C23;4500126456;10;4401;1;JESPARZA;30/4/2026;30/6/2026;C23;2;;;;;;;;;;;Sin aclaración;En curso - Próximo a vencer;;C23
00365 RIO TINTO;1000087555;10;ZPAN;REPARACION HIDROLAVA;;20;;;;CSOSA;1022295;SERVICIO REPARACION HIDROLAVADORA;1;0;1;0;1;;;Servicios;ADJUDICADO;REDONDO CARLOS ENRIQUE;U365;13/5/2026;29/4/2026;10148955;10;1;29/4/2026;29/4/2026;C35;4500126556;10;4401;1;FSOTO;30/4/2026;4/5/2026;C35;0;;;;;;;;;;;Sin aclaración;Vencido con cant pendiente a recep;;C35
00365 RIO TINTO;1000087613;10;ZPAN;ALQUILER SALA CAPACI;;1;;;;CSOSA;1022295;ALQUILER SALA REUNION 60 PERSONAS;1;0;1;0;1;;;Servicios;ADJUDICADO;CENTRO DE NEGOCIOS SLA-COWORKING SA;U365;14/5/2026;30/4/2026;10149027;10;1;30/4/2026;30/4/2026;C01;4500126555;10;4401;1;CSOSA;30/4/2026;5/5/2026;C01;0;;;;;;;;;;;Sin aclaración;Vencido con cant pendiente a recep;;C01
00365 RIO TINTO;1000087638;10;ZPAN;REPARACION TENSIOMET;;20;;;;CSOSA;1022295;REOARACION MO Y REPUESTOS TENSIOMETRO;1;0;1;0;1;;;Servicios;ADJUDICADO;ALL IN SA;U365;15/5/2026;1/5/2026;10149046;10;1;1/5/2026;2/5/2026;C23;4500127466;10;4401;1;JESPARZA;12/5/2026;15/5/2026;C23;0;;;;;;;;;;;Sin aclaración;Vencido con cant pendiente a recep;;C23
00365 RIO TINTO;1000087657;10;ZPAN;GASES OXICORTE;;0;;;;CSOSA;1013105;ALQUILER TUBO C02;5;0;5;0;5;;;Servicios;ADJUDICADO;CROSSDOX S. A. S.;U365;1/10/2026;1/5/2026;10149064;10;1;1/5/2026;2/5/2026;C24;4500126602;10;4401;1;MPITTIA;4/5/2026;1/10/2026;C24;0;;;;;;;;;;;Sin aclaración;En curso;;C24
00365 RIO TINTO;1000087657;20;ZPAN;GASES OXICORTE;;0;;;;CSOSA;1013105;ALQUILER TUBO ACETILENO;5;0;5;0;5;;;Servicios;ADJUDICADO;CROSSDOX S. A. S.;U365;1/10/2026;1/5/2026;10149064;20;1;1/5/2026;2/5/2026;C24;4500126602;20;4401;1;MPITTIA;4/5/2026;1/10/2026;C24;0;;;;;;;;;;;Sin aclaración;En curso;;C24
00365 RIO TINTO;1000087657;30;ZPAN;GASES OXICORTE;;0;;;;CSOSA;1035528;RECARGA TUBO DE OXIGENO;25;0;25;0;25;;;Servicios;ADJUDICADO;CROSSDOX S. A. S.;U365;1/10/2026;1/5/2026;10149064;30;1;1/5/2026;2/5/2026;C24;4500126602;30;4401;1;MPITTIA;4/5/2026;1/10/2026;C24;0;;;;;;;;;;;Sin aclaración;En curso;;C24
00365 RIO TINTO;1000087657;40;ZPAN;GASES OXICORTE;;0;;;;CSOSA;1013106;RECARGA C02;5;0;5;0;5;;;Servicios;ADJUDICADO;CROSSDOX S. A. S.;U365;1/10/2026;1/5/2026;10149064;40;1;1/5/2026;2/5/2026;C24;4500126602;40;4401;1;MPITTIA;4/5/2026;1/10/2026;C24;0;;;;;;;;;;;Sin aclaración;En curso;;C24
00365 RIO TINTO;1000087657;50;ZPAN;GASES OXICORTE;;0;;;;CSOSA;1017956;ACETILENO;8;0;8;0;8;;;Servicios;ADJUDICADO;CROSSDOX S. A. S.;U365;1/10/2026;1/5/2026;10149064;50;1;1/5/2026;2/5/2026;C24;4500126602;50;4401;1;MPITTIA;4/5/2026;1/10/2026;C24;0;;;;;;;;;;;Sin aclaración;En curso;;C24
00365 RIO TINTO;1000087657;60;ZPAN;GASES OXICORTE;;0;;;;CSOSA;1012981;TRANSPORTE X MES;5;0;5;0;5;;;Servicios;ADJUDICADO;CROSSDOX S. A. S.;U365;1/10/2026;1/5/2026;10149064;60;1;12/5/2026;12/5/2026;C24;4500127587;10;4401;1;MPITTIA;13/5/2026;1/10/2026;C24;0;;;;;;;;;;;Sin aclaración;En curso;;C24
00365 RIO TINTO;1000087657;70;ZPAN;GASES OXICORTE;;0;;;;CSOSA;1022295;PH X TUBO;6;0;6;0;6;;;Servicios;ADJUDICADO;CROSSDOX S. A. S.;U365;1/10/2026;1/5/2026;10149064;70;1;12/5/2026;12/5/2026;C25;4500127587;20;4401;1;MPITTIA;13/5/2026;1/10/2026;C24;0;;;;;;;;;;;Sin aclaración;En curso;;C24
00365 RIO TINTO;1000087674;10;ZPAN;SUB CONTRATRO SUPERV;;20;;;;CSOSA;1012998;SUB. SUPERV. PLACAS ASENTAMIENTOS Y PIEZ;8;0;8;0;8;;;Servicios;ADJUDICADO;AOSA SA;U365;28/6/2026;3/5/2026;10149078;10;1;3/5/2026;5/5/2026;C26;4500127086;60;4401;2;YCOLMAN;7/5/2026;28/6/2026;C26;0;;;;;;;;;;;Sin aclaración;En curso - Próximo a vencer;;C26
00365 RIO TINTO;1000087674;20;ZPAN;SUB CONTRATRO SUPERV;;20;;;;CSOSA;1012998;PRESENTACION DE INFORMES POSTERIORES;1;0;1;0;1;;;Servicios;ADJUDICADO;AOSA SA;U365;28/6/2026;3/5/2026;10149078;20;1;3/5/2026;5/5/2026;C26;4500127086;20;4401;1;YCOLMAN;7/5/2026;28/6/2026;C26;0;;;;;;;;;;;Sin aclaración;En curso - Próximo a vencer;;C26
00365 RIO TINTO;1000087674;30;ZPAN;SUB CONTRATRO SUPERV;;20;;;;CSOSA;1012998;STAND BY POR CAUSAS AJENAS;1;0;1;0;1;;;Servicios;ADJUDICADO;AOSA SA;U365;28/6/2026;3/5/2026;10149078;30;1;3/5/2026;5/5/2026;C26;4500127086;30;4401;1;YCOLMAN;7/5/2026;28/6/2026;C26;0;;;;;;;;;;;Sin aclaración;En curso - Próximo a vencer;;C26
00365 RIO TINTO;1000087674;40;ZPAN;SUB CONTRATRO SUPERV;;20;;;;CSOSA;1012998;ESTADÍA DE TRABAJO ADICIONAL;1;0;1;0;1;;;Servicios;ADJUDICADO;AOSA SA;U365;28/6/2026;3/5/2026;10149078;40;1;3/5/2026;5/5/2026;C26;4500127086;40;4401;1;YCOLMAN;7/5/2026;28/6/2026;C26;0;;;;;;;;;;;Sin aclaración;En curso - Próximo a vencer;;C26
00365 RIO TINTO;1000087674;50;ZPAN;SUB CONTRATRO SUPERV;;20;;;;CSOSA;1012998;EXÁMENES MÉDICOS P/ INGRESO;1;0;1;0;1;;;Servicios;ADJUDICADO;AOSA SA;U365;28/6/2026;3/5/2026;10149078;50;1;3/5/2026;5/5/2026;C26;4500127086;50;4401;1;YCOLMAN;7/5/2026;28/6/2026;C26;0;;;;;;;;;;;Sin aclaración;En curso - Próximo a vencer;;C26
00365 RIO TINTO;1000087912;10;ZPAN;EXCEDENTES IMPRESION;;0;;;;CSOSA;1026181;COPIAS EXCEDENTES COLOR 3081R221527;1666;0;1666;0;1666;;;Servicios;ADJUDICADO;TECNICA Y SISTEMAS SRL;U365;20/5/2026;6/5/2026;10149467;10;1;6/5/2026;7/5/2026;C25;4500127245;10;4401;1;MPITTIA;11/5/2026;20/5/2026;C25;0;;;;;;;;;;;Sin aclaración;Vencido con cant pendiente a recep;;C25
00365 RIO TINTO;1000087912;20;ZPAN;EXCEDENTES IMPRESION;;0;;;;CSOSA;1026181;COPIAS EXCEDENTES BYN 3081R221527;30394;0;30394;0;30394;;;Servicios;ADJUDICADO;TECNICA Y SISTEMAS SRL;U365;20/5/2026;6/5/2026;10149467;20;1;6/5/2026;7/5/2026;C25;4500127245;20;4401;1;MPITTIA;11/5/2026;20/5/2026;C25;0;;;;;;;;;;;Sin aclaración;Vencido con cant pendiente a recep;;C25
00365 RIO TINTO;1000087913;10;ZPAN;EXCEDENTES IMPRESION;;0;;;;CSOSA;1026181;excedente BYN EQC768R730603;8633;0;8633;0;8633;;;Servicios;ADJUDICADO;TECNICA Y SISTEMAS SRL;U365;20/5/2026;6/5/2026;10149468;10;1;6/5/2026;7/5/2026;C25;4500127243;10;4401;1;MPITTIA;11/5/2026;20/5/2026;C25;0;;;;;;;;;;;Sin aclaración;Vencido con cant pendiente a recep;;C25
00365 RIO TINTO;1000087913;20;ZPAN;EXCEDENTES IMPRESION;;0;;;;CSOSA;1026181;Excedente Color EQC768R730603;37;0;37;0;37;;;Servicios;ADJUDICADO;TECNICA Y SISTEMAS SRL;U365;20/5/2026;6/5/2026;10149468;20;1;6/5/2026;7/5/2026;C25;4500127243;20;4401;1;MPITTIA;11/5/2026;20/5/2026;C25;0;;;;;;;;;;;Sin aclaración;Vencido con cant pendiente a recep;;C25
00365 RIO TINTO;1000087920;10;ZPAN;ALQ IMPRESORAS;;0;;;;AFORTUNA;1026315;ALQUILER IMPRESORA BYN XMES;12;0;12;0;12;;;Servicios;ADJUDICADO;TECNICA Y SISTEMAS SRL;U365;30/5/2027;7/5/2026;10149479;10;1;7/5/2026;7/5/2026;C25;4500127573;10;4401;1;MPITTIA;13/5/2026;30/5/2027;C25;0;;;;;;;;;;;Sin aclaración;En curso;;C25
00365 RIO TINTO;1000087920;20;ZPAN;ALQ IMPRESORAS;;0;;;;AFORTUNA;1026315;ALQUILER IMPRESORA COLOR A3 XMES;12;0;12;0;12;;;Servicios;ADJUDICADO;TECNICA Y SISTEMAS SRL;U365;30/5/2027;7/5/2026;10149479;20;1;7/5/2026;7/5/2026;C25;4500127573;20;4401;1;MPITTIA;13/5/2026;30/5/2027;C25;0;;;;;;;;;;;Sin aclaración;En curso;;C25
00365 RIO TINTO;1000087920;30;ZPAN;ALQ IMPRESORAS;;0;;;;AFORTUNA;1026315;ALQUILER IMPRESORA COLOR A3 XMES;12;0;12;0;12;;;Servicios;ADJUDICADO;TECNICA Y SISTEMAS SRL;U365;30/5/2027;7/5/2026;10149479;30;1;7/5/2026;7/5/2026;C25;4500127573;30;4401;1;MPITTIA;13/5/2026;30/5/2027;C25;0;;;;;;;;;;;Sin aclaración;En curso;;C25
00365 RIO TINTO;1000087920;40;ZPAN;ALQ IMPRESORAS;;0;;;;AFORTUNA;1026181;COPIAS EXCEDENTES COLOR;20000;0;20000;0;20000;;;Servicios;ADJUDICADO;TECNICA Y SISTEMAS SRL;U365;30/5/2027;7/5/2026;10149479;40;1;12/5/2026;12/5/2026;C25;4500127573;40;4401;1;MPITTIA;13/5/2026;30/5/2027;C25;0;;;;;;;;;;;Sin aclaración;En curso;;C25
00365 RIO TINTO;1000087920;50;ZPAN;ALQ IMPRESORAS;;0;;;;AFORTUNA;1026181;COPIAS EXCEDENTES BYN;20000;0;20000;0;20000;;;Servicios;ADJUDICADO;TECNICA Y SISTEMAS SRL;U365;30/5/2027;7/5/2026;10149479;50;1;12/5/2026;12/5/2026;C25;4500127573;50;4401;1;MPITTIA;13/5/2026;30/5/2027;C25;0;;;;;;;;;;;Sin aclaración;En curso;;C25
00365 RIO TINTO;1000087931;10;ZPAN;REGULARIZAR TTE CRUZ;;20;;;;CSOSA;1012981;DESPACHO MAT. DE OBRA - Fact 0557A2492;1;0;1;0;1;;;Servicios;ADJUDICADO;V.MASSON TRAP.CRUZ DEL SUR SA;U365;21/5/2026;7/5/2026;10149490;10;1;7/5/2026;7/5/2026;C15;4500128000;10;4401;1;GDIAZ;18/5/2026;21/5/2026;C15;0;;;;;;;;;;;Sin aclaración;Vencido con cant pendiente a recep;;C15
00365 RIO TINTO;1000087949;10;ZPAN;flete de traslado de;;0;;;;CSOSA;1012977;FLETE PLANCHADA CORTA H 4TN 6MT XVIAJE;1;0;1;0;1;;;Servicios;ADJUDICADO;VIRGILI MARCELO HECTOR;MR01;28/5/2026;7/5/2026;10149527;10;1;7/5/2026;7/5/2026;C15;4500128009;10;4401;1;GDIAZ;18/5/2026;28/5/2026;C15;0;;;;;;;;;;;Sin aclaración;En curso - Próximo a vencer;;C15
00365 RIO TINTO;1000087949;20;ZPAN;flete de traslado de;;0;;;;CSOSA;1012977;FLETE PLANCHADA CORTA H 4TN 6MT XVIAJE;1;0;1;0;1;;;Servicios;ADJUDICADO;VIRGILI MARCELO HECTOR;MR01;28/5/2026;7/5/2026;10149527;20;1;7/5/2026;7/5/2026;C15;4500128009;20;4401;1;GDIAZ;18/5/2026;28/5/2026;C15;0;;;;;;;;;;;Sin aclaración;En curso - Próximo a vencer;;C15
00365 RIO TINTO;1000088008;10;ZPAN;REGULARIZAR ALL IN S;;20;;;;CSOSA;1050307;ALQUILER TENSIOMETRO XMES;1;0;1;0;1;;;Servicios;ADJUDICADO;ALL IN SA;U365;22/5/2026;8/5/2026;10149612;10;1;8/5/2026;8/5/2026;C23;4500127818;10;4401;1;JESPARZA;15/5/2026;22/5/2026;C23;0;;;;;;;;;;;Sin aclaración;Vencido con cant pendiente a recep;;C23
00365 RIO TINTO;1000088077;10;ZPAN;ALQ DISPENSER DE AGU;;0;;;;AFORTUNA;1025992;ALQUILER DISPENSER FRIO CALOR x MES;12;0;0;12;0;;;Servicios;SIN TRATAMIENTO;;U365;30/4/2027;9/5/2026;10149712;10;1;9/5/2026;10/5/2026;C25;;0;;0;;;;;0;;;;;;;;;;;Sin aclaración;En curso - Total recepcionado;;C25
00365 RIO TINTO;1000088078;10;ZPAN;SERV MENSUAL PRAXSYS;;20;;;;CSOSA;1022295;SERVICIO VIDEO TELEMATICA;16;0;16;0;16;;;Servicios;ADJUDICADO;PRAXSYS SOLUCIONES S.R.L;U365;23/5/2026;9/5/2026;10149713;10;1;9/5/2026;10/5/2026;C25;4500128129;10;4401;1;MPITTIA;19/5/2026;23/5/2026;C25;0;;;;;;;;;;;Sin aclaración;Vencido con cant pendiente a recep;;C25
00365 RIO TINTO;1000088084;10;ZPAN;REG PABLO AREA;;20;;;;CSOSA;1013136;SERVICIO LIMPIEZA DESAGOTE BANO QUIMICO;38;0;38;0;38;;;Servicios;ADJUDICADO;AREA PABLO;U365;23/5/2026;9/5/2026;10149718;10;1;9/5/2026;10/5/2026;C25;4500128130;10;4401;1;MPITTIA;19/5/2026;23/5/2026;C25;0;;;;;;;;;;;Sin aclaración;Vencido con cant pendiente a recep;;C25
00365 RIO TINTO;1000088096;10;ZPAN;REG VILLAGRAN;;20;;;;CSOSA;1042083;"CALIF PROC FUSION TUBO 6""";1;0;1;0;1;;;Servicios;ADJUDICADO;VILLAGRAN FABIO EZEQUIEL;U365;24/5/2026;10/5/2026;10149728;10;1;10/5/2026;10/5/2026;C26;4500127333;10;4401;1;YCOLMAN;11/5/2026;24/5/2026;C26;0;;;;;;;;;;;Sin aclaración;Vencido con cant pendiente a recep;;C26
00365 RIO TINTO;1000088096;20;ZPAN;REG VILLAGRAN;;20;;;;CSOSA;1042083;ENSAYOS DE TRACCION PROBETA HDPE TUBO;2;0;2;0;2;;;Servicios;ADJUDICADO;VILLAGRAN FABIO EZEQUIEL;U365;24/5/2026;10/5/2026;10149728;20;1;10/5/2026;10/5/2026;C26;4500127333;20;4401;1;YCOLMAN;11/5/2026;24/5/2026;C26;0;;;;;;;;;;;Sin aclaración;Vencido con cant pendiente a recep;;C26
00365 RIO TINTO;1000088096;30;ZPAN;REG VILLAGRAN;;20;;;;CSOSA;1042083;"ENSAYOS PLEGADO EN PROBETA HDPE TUBO 6""";4;0;4;0;4;;;Servicios;ADJUDICADO;VILLAGRAN FABIO EZEQUIEL;U365;24/5/2026;10/5/2026;10149728;30;1;10/5/2026;10/5/2026;C26;4500127333;30;4401;1;YCOLMAN;11/5/2026;24/5/2026;C26;0;;;;;;;;;;;Sin aclaración;Vencido con cant pendiente a recep;;C26
00365 RIO TINTO;1000088096;40;ZPAN;REG VILLAGRAN;;20;;;;CSOSA;1042083;"ESPECIF PROC SOLDADURA TERMOF TUBO 6""";1;0;1;0;1;;;Servicios;ADJUDICADO;VILLAGRAN FABIO EZEQUIEL;U365;24/5/2026;10/5/2026;10149728;40;1;10/5/2026;10/5/2026;C26;4500127333;40;4401;1;YCOLMAN;11/5/2026;24/5/2026;C26;0;;;;;;;;;;;Sin aclaración;Vencido con cant pendiente a recep;;C26
00365 RIO TINTO;1000088096;50;ZPAN;REG VILLAGRAN;;20;;;;CSOSA;1042083;"CALIF DE PROCEDIM FUSION TUBO 8""";1;0;1;0;1;;;Servicios;ADJUDICADO;VILLAGRAN FABIO EZEQUIEL;U365;24/5/2026;10/5/2026;10149728;50;1;10/5/2026;10/5/2026;C26;4500127333;50;4401;1;YCOLMAN;11/5/2026;24/5/2026;C26;0;;;;;;;;;;;Sin aclaración;Vencido con cant pendiente a recep;;C26
00365 RIO TINTO;1000088096;60;ZPAN;REG VILLAGRAN;;20;;;;CSOSA;1042083;"ENSAYOS DE TRACCION PROBETA HDPE TUBO 8""";2;0;2;0;2;;;Servicios;ADJUDICADO;VILLAGRAN FABIO EZEQUIEL;U365;24/5/2026;10/5/2026;10149728;60;1;10/5/2026;10/5/2026;C26;4500127333;60;4401;1;YCOLMAN;11/5/2026;24/5/2026;C26;0;;;;;;;;;;;Sin aclaración;Vencido con cant pendiente a recep;;C26
00365 RIO TINTO;1000088096;70;ZPAN;REG VILLAGRAN;;20;;;;CSOSA;1042083;"ENSAYOS PLEGADO EN PROBETA HDPE TUBO 8""";4;0;4;0;4;;;Servicios;ADJUDICADO;VILLAGRAN FABIO EZEQUIEL;U365;24/5/2026;10/5/2026;10149728;70;1;10/5/2026;10/5/2026;C26;4500127333;70;4401;1;YCOLMAN;11/5/2026;24/5/2026;C26;0;;;;;;;;;;;Sin aclaración;Vencido con cant pendiente a recep;;C26
00365 RIO TINTO;1000088096;80;ZPAN;REG VILLAGRAN;;20;;;;CSOSA;1042083;"ESPECIF PROC SOLDADURA TERMOF TUBO 8""";1;0;1;0;1;;;Servicios;ADJUDICADO;VILLAGRAN FABIO EZEQUIEL;U365;24/5/2026;10/5/2026;10149728;80;1;10/5/2026;10/5/2026;C26;4500127333;80;4401;1;YCOLMAN;11/5/2026;24/5/2026;C26;0;;;;;;;;;;;Sin aclaración;Vencido con cant pendiente a recep;;C26
00365 RIO TINTO;1000088096;90;ZPAN;REG VILLAGRAN;;20;;;;CSOSA;1013029;"CALIFICACION DE SOLDADOR 6""";9;0;9;0;9;;;Servicios;ADJUDICADO;VILLAGRAN FABIO EZEQUIEL;U365;24/5/2026;10/5/2026;10149728;90;1;10/5/2026;10/5/2026;C26;4500127333;90;4401;1;YCOLMAN;11/5/2026;24/5/2026;C26;0;;;;;;;;;;;Sin aclaración;Vencido con cant pendiente a recep;;C26
00365 RIO TINTO;1000088096;100;ZPAN;REG VILLAGRAN;;20;;;;CSOSA;1013029;"CALIFICACION DE SOLDADOR 8""";14;0;14;0;14;;;Servicios;ADJUDICADO;VILLAGRAN FABIO EZEQUIEL;U365;24/5/2026;10/5/2026;10149728;100;1;10/5/2026;10/5/2026;C26;4500127333;100;4401;1;YCOLMAN;11/5/2026;24/5/2026;C26;0;;;;;;;;;;;Sin aclaración;Vencido con cant pendiente a recep;;C26
00365 RIO TINTO;1000088096;110;ZPAN;REG VILLAGRAN;;20;;;;CSOSA;1013034;MOVILIZACION Y DESMOVILIZACION;1;0;1;0;1;;;Servicios;ADJUDICADO;VILLAGRAN FABIO EZEQUIEL;U365;24/5/2026;10/5/2026;10149728;110;1;10/5/2026;10/5/2026;C26;4500127333;110;4401;1;YCOLMAN;11/5/2026;24/5/2026;C26;0;;;;;;;;;;;Sin aclaración;Vencido con cant pendiente a recep;;C26
00365 RIO TINTO;1000088098;10;ZPAN;VIANDA BASE;;20;;;;CSOSA;1013121;VIANDA ALMUERZO XUN;300;0;0;300;0;;;Servicios;SIN TRATAMIENTO;;U365;31/12/2026;10/5/2026;10149730;10;1;10/5/2026;10/5/2026;C25;;0;;0;;;;;0;;;;;;;;;;;Sin aclaración;En curso - Total recepcionado;;C25
00365 RIO TINTO;1000088099;10;ZPAN;SUBCONTRATO FUSION D;;0;;;;CSOSA;1012995;Tubería PE-Xa PN12 (DIN 16892/16893);1171;0;1171;0;1171;;;Servicios;ADJUDICADO;INGENIERIA MINERA S. A.;U365;30/11/2026;10/5/2026;10149732;10;1;10/5/2026;10/5/2026;C26;4500127757;10;4401;1;AGONZALEZ;14/5/2026;30/11/2026;C26;0;;;;;;;;;;;Sin aclaración;En curso;;C26
00365 RIO TINTO;1000088099;20;ZPAN;SUBCONTRATO FUSION D;;0;;;;CSOSA;1012995;"BRIDA A105 CL150 B16.47A FF PTFE 30""";21;0;21;0;21;;;Servicios;ADJUDICADO;INGENIERIA MINERA S. A.;U365;30/11/2026;10/5/2026;10149732;20;1;10/5/2026;10/5/2026;C26;4500127757;20;4401;1;AGONZALEZ;14/5/2026;30/11/2026;C26;0;;;;;;;;;;;Sin aclaración;En curso;;C26
00365 RIO TINTO;1000088099;30;ZPAN;SUBCONTRATO FUSION D;;0;;;;CSOSA;1012995;Adaptador Brida PE-Xa PN12 Patrón Largo;21;0;21;0;21;;;Servicios;ADJUDICADO;INGENIERIA MINERA S. A.;U365;30/11/2026;10/5/2026;10149732;30;1;10/5/2026;10/5/2026;C26;4500127757;30;4401;1;AGONZALEZ;14/5/2026;30/11/2026;C26;0;;;;;;;;;;;Sin aclaración;En curso;;C26
00365 RIO TINTO;1000088099;40;ZPAN;SUBCONTRATO FUSION D;;0;;;;CSOSA;1012995;Cople EF HDPE PE100 PN16 ISO 4427;174;0;174;0;174;;;Servicios;ADJUDICADO;INGENIERIA MINERA S. A.;U365;30/11/2026;10/5/2026;10149732;40;1;10/5/2026;10/5/2026;C26;4500127757;40;4401;1;AGONZALEZ;14/5/2026;30/11/2026;C26;0;;;;;;;;;;;Sin aclaración;En curso;;C26
00365 RIO TINTO;1000088099;50;ZPAN;SUBCONTRATO FUSION D;;0;;;;CSOSA;1012995;TEE PE100 ISO4427 PN16 ESPIGA LARGA;5;0;5;0;5;;;Servicios;ADJUDICADO;INGENIERIA MINERA S. A.;U365;30/11/2026;10/5/2026;10149732;50;1;10/5/2026;10/5/2026;C26;4500127757;50;4401;1;AGONZALEZ;14/5/2026;30/11/2026;C26;0;;;;;;;;;;;Sin aclaración;En curso;;C26
00365 RIO TINTO;1000088099;60;ZPAN;SUBCONTRATO FUSION D;;0;;;;CSOSA;1012995;Brida ciega A105 CL150 B16.47A PTFE FF;21;0;21;0;21;;;Servicios;ADJUDICADO;INGENIERIA MINERA S. A.;U365;30/11/2026;10/5/2026;10149732;60;1;10/5/2026;10/5/2026;C26;4500127757;60;4401;1;AGONZALEZ;14/5/2026;30/11/2026;C26;0;;;;;;;;;;;Sin aclaración;En curso;;C26
00365 RIO TINTO;1000088099;70;ZPAN;SUBCONTRATO FUSION D;;0;;;;CSOSA;1012995;CODO 45 LR PE-XA PN12 FAB 1.5D TANG;17;0;17;0;17;;;Servicios;ADJUDICADO;INGENIERIA MINERA S. A.;U365;30/11/2026;10/5/2026;10149732;70;1;10/5/2026;10/5/2026;C26;4500127757;70;4401;1;AGONZALEZ;14/5/2026;30/11/2026;C26;0;;;;;;;;;;;Sin aclaración;En curso;;C26
00365 RIO TINTO;1000088099;80;ZPAN;SUBCONTRATO FUSION D;;0;;;;CSOSA;1012995;CODO 90 LR PE-XA PN12 TANG 1.5D FAB;20;0;20;0;20;;;Servicios;ADJUDICADO;INGENIERIA MINERA S. A.;U365;30/11/2026;10/5/2026;10149732;80;1;10/5/2026;10/5/2026;C26;4500127757;80;4401;1;AGONZALEZ;14/5/2026;30/11/2026;C26;0;;;;;;;;;;;Sin aclaración;En curso;;C26
00365 RIO TINTO;1000088099;90;ZPAN;SUBCONTRATO FUSION D;;0;;;;CSOSA;1012995;PRUEBA HIDRAULICA;1;0;1;0;1;;;Servicios;ADJUDICADO;INGENIERIA MINERA S. A.;U365;30/11/2026;10/5/2026;10149732;90;1;10/5/2026;10/5/2026;C26;4500127757;90;4401;1;AGONZALEZ;14/5/2026;30/11/2026;C26;0;;;;;;;;;;;Sin aclaración;En curso;;C26
00365 RIO TINTO;1000088099;100;ZPAN;SUBCONTRATO FUSION D;;0;;;;CSOSA;1012995;Electrofusora MGSC EF-4000k;1;0;1;0;1;;;Servicios;ADJUDICADO;INGENIERIA MINERA S. A.;U365;30/11/2026;10/5/2026;10149732;100;1;10/5/2026;10/5/2026;C26;4500127757;100;4401;1;AGONZALEZ;14/5/2026;30/11/2026;C26;0;;;;;;;;;;;Sin aclaración;En curso;;C26
00365 RIO TINTO;1000088099;110;ZPAN;SUBCONTRATO FUSION D;;0;;;;CSOSA;1012995;Terminales de electrofusora;50;0;50;0;50;;;Servicios;ADJUDICADO;INGENIERIA MINERA S. A.;U365;30/11/2026;10/5/2026;10149732;110;1;10/5/2026;10/5/2026;C26;4500127757;110;4401;1;AGONZALEZ;14/5/2026;30/11/2026;C26;0;;;;;;;;;;;Sin aclaración;En curso;;C26
00365 RIO TINTO;1000088099;120;ZPAN;SUBCONTRATO FUSION D;;0;;;;CSOSA;1012995;Redondeador Mecánico GF d630-900;2;0;2;0;2;;;Servicios;ADJUDICADO;INGENIERIA MINERA S. A.;U365;30/11/2026;10/5/2026;10149732;120;1;10/5/2026;10/5/2026;C26;4500127757;120;4401;1;AGONZALEZ;14/5/2026;30/11/2026;C26;0;;;;;;;;;;;Sin aclaración;En curso;;C26
00365 RIO TINTO;1000088099;130;ZPAN;SUBCONTRATO FUSION D;;0;;;;CSOSA;1012995;Malacate Manual a Palanca  2 Ganchos;5;0;5;0;5;;;Servicios;ADJUDICADO;INGENIERIA MINERA S. A.;U365;30/11/2026;10/5/2026;10149732;130;1;10/5/2026;10/5/2026;C26;4500127757;130;4401;1;AGONZALEZ;14/5/2026;30/11/2026;C26;0;;;;;;;;;;;Sin aclaración;En curso;;C26
00365 RIO TINTO;1000088099;140;ZPAN;SUBCONTRATO FUSION D;;0;;;;CSOSA;1012995;Raspador giratorio GF RST 1000 d250-d100;2;0;2;0;2;;;Servicios;ADJUDICADO;INGENIERIA MINERA S. A.;U365;30/11/2026;10/5/2026;10149732;140;1;10/5/2026;10/5/2026;C26;4500127757;140;4401;1;AGONZALEZ;14/5/2026;30/11/2026;C26;0;;;;;;;;;;;Sin aclaración;En curso;;C26
00365 RIO TINTO;1000088099;150;ZPAN;SUBCONTRATO FUSION D;;0;;;;CSOSA;1012995;Raspador manual para tubo hdpe;5;0;5;0;5;;;Servicios;ADJUDICADO;INGENIERIA MINERA S. A.;U365;30/11/2026;10/5/2026;10149732;150;1;10/5/2026;10/5/2026;C26;4500127757;150;4401;1;AGONZALEZ;14/5/2026;30/11/2026;C26;0;;;;;;;;;;;Sin aclaración;En curso;;C26
00365 RIO TINTO;1000088099;160;ZPAN;SUBCONTRATO FUSION D;;0;;;;CSOSA;1012995;Biselador de tubos plásticos;5;0;5;0;5;;;Servicios;ADJUDICADO;INGENIERIA MINERA S. A.;U365;30/11/2026;10/5/2026;10149732;160;1;10/5/2026;10/5/2026;C26;4500127757;160;4401;1;AGONZALEZ;14/5/2026;30/11/2026;C26;0;;;;;;;;;;;Sin aclaración;En curso;;C26
00365 RIO TINTO;1000088099;170;ZPAN;SUBCONTRATO FUSION D;;0;;;;CSOSA;1012995;Pulverizador 2 Lts Manual;5;0;5;0;5;;;Servicios;ADJUDICADO;INGENIERIA MINERA S. A.;U365;30/11/2026;10/5/2026;10149732;170;1;10/5/2026;10/5/2026;C26;4500127757;170;4401;1;AGONZALEZ;14/5/2026;30/11/2026;C26;0;;;;;;;;;;;Sin aclaración;En curso;;C26
00365 RIO TINTO;1000088099;180;ZPAN;SUBCONTRATO FUSION D;;0;;;;CSOSA;1012995;Plan de HyS y MA;1;0;1;0;1;;;Servicios;ADJUDICADO;INGENIERIA MINERA S. A.;U365;30/11/2026;10/5/2026;10149732;180;1;10/5/2026;10/5/2026;C26;4500127757;180;4401;1;AGONZALEZ;14/5/2026;30/11/2026;C26;0;;;;;;;;;;;Sin aclaración;En curso;;C26
00365 RIO TINTO;1000088099;190;ZPAN;SUBCONTRATO FUSION D;;0;;;;CSOSA;1012995;Jefe de obra;1;0;1;0;1;;;Servicios;ADJUDICADO;INGENIERIA MINERA S. A.;U365;30/11/2026;10/5/2026;10149732;190;1;10/5/2026;10/5/2026;C26;4500127757;190;4401;1;AGONZALEZ;14/5/2026;30/11/2026;C26;0;;;;;;;;;;;Sin aclaración;En curso;;C26
00365 RIO TINTO;1000088099;200;ZPAN;SUBCONTRATO FUSION D;;0;;;;CSOSA;1012995;Supervisor de Calidad;1;0;1;0;1;;;Servicios;ADJUDICADO;INGENIERIA MINERA S. A.;U365;30/11/2026;10/5/2026;10149732;200;1;10/5/2026;10/5/2026;C26;4500127757;200;4401;1;AGONZALEZ;14/5/2026;30/11/2026;C26;0;;;;;;;;;;;Sin aclaración;En curso;;C26
00365 RIO TINTO;1000088099;210;ZPAN;SUBCONTRATO FUSION D;;0;;;;CSOSA;1012995;Capacitación y certificación de personal;10;0;10;0;10;;;Servicios;ADJUDICADO;INGENIERIA MINERA S. A.;U365;30/11/2026;10/5/2026;10149732;210;1;10/5/2026;10/5/2026;C26;4500127757;210;4401;1;AGONZALEZ;14/5/2026;30/11/2026;C26;0;;;;;;;;;;;Sin aclaración;En curso;;C26
00365 RIO TINTO;1000088170;10;ZPAN;REGULARIZAR TTE CRUZ;;0;;;;CSOSA;1012981;DESPACHO MAT. DE OBRA - Fact 0557A4325;1;0;1;0;1;;;Servicios;ADJUDICADO;V.MASSON TRAP.CRUZ DEL SUR SA;U365;26/5/2026;12/5/2026;10149865;10;1;12/5/2026;12/5/2026;C15;4500128018;10;4401;1;GDIAZ;18/5/2026;26/5/2026;C15;0;;;;;;;;;;;Sin aclaración;En curso - Próximo a vencer;;C15
00365 RIO TINTO;1000088235;10;ZPAN;REGULARIZAR VIANDAS;;20;;;;CSOSA;1013121;VIANDA ALMUERZO XUN;6;0;6;0;6;;;Servicios;ADJUDICADO;ALEJO ROCIO JAZMIN;U365;26/5/2026;12/5/2026;10149998;10;1;12/5/2026;13/5/2026;C35;4500127654;10;4401;1;FSOTO;14/5/2026;15/5/2026;C35;0;;;;;;;;;;;Sin aclaración;En curso - Próximo a vencer;;C35
00365 RIO TINTO;1000088258;10;ZPAN;SS INTERNET STARLINK;;0;;;;AFORTUNA;1034212;SERVICIO DE INTERNET SATELITAL X MES;12;0;0;12;0;;;Servicios;SIN TRATAMIENTO;;U365;13/5/2027;13/5/2026;10150033;10;1;13/5/2026;13/5/2026;C25;;0;;0;;;;;0;;;;;;;;;;;Sin aclaración;En curso - Total recepcionado;;C25
00365 RIO TINTO;1000088318;10;ZPAN;EXT OC 4500126084;;0;;;;MGAUDELLI;1022693;ALQUILER DE MODULO DE BANO X U;3;0;0;3;0;;;Servicios;SIN TRATAMIENTO;;U365;2/8/2026;13/5/2026;10150100;10;1;13/5/2026;13/5/2026;C25;;0;;0;;;;;0;;;;;;;;;;;Sin aclaración;En curso - Total recepcionado;;C25
00365 RIO TINTO;1000088318;20;ZPAN;EXT OC 4500126084;;0;;;;MGAUDELLI;1013136;SERVICIO LIMPIEZA DESAGOTE BANO QUIMICO;108;0;0;108;0;;;Servicios;SIN TRATAMIENTO;;U365;2/8/2026;13/5/2026;10150100;20;1;13/5/2026;13/5/2026;C25;;0;;0;;;;;0;;;;;;;;;;;Sin aclaración;En curso - Total recepcionado;;C25
00365 RIO TINTO;1000088320;10;ZPAN;POLIZA RC 415988;;0;;;;MGAUDELLI;1012957;SEGURO RESPONSABILIDAD CIVIL;1;1;1;0;0;5000173475;18/5/2026;Servicios;CUMPLIDO;LA MERIDIONAL CIA ARG DE SEGUROS S;U365;15/8/2027;13/5/2026;10150102;10;1;13/5/2026;13/5/2026;C16;4500127774;10;4401;1;JESPARZA;15/5/2026;15/8/2027;C16;1;18/5/2026;;;;;;;;;;Sin aclaración;En curso - Total recepcionado;;C16
00365 RIO TINTO;1000088339;10;ZPAN;CONSTR. POZOS PIEZOM;;0;;;;MGAUDELLI;1042059;SUBC. OBRA POZO PIEZOMETRICO;15;0;15;0;15;;;Servicios;ADJUDICADO;AGV FALCON DRILLING S.R.L;U365;28/5/2026;14/5/2026;10150127;10;1;14/5/2026;14/5/2026;C26;4500128141;10;4401;1;YCOLMAN;19/5/2026;30/6/2026;C26;0;;;;;;;;;;;Sin aclaración;En curso - Próximo a vencer;;C26
00365 RIO TINTO;1000088379;10;ZPAN;REG FS SERVICIOS;;0;;;;MGAUDELLI;1012979;FLETE PLAYO 6MT XVIAJE;1;0;0;1;0;;;Servicios;SIN TRATAMIENTO;;U365;28/5/2026;14/5/2026;10150194;10;1;14/5/2026;20/5/2026;C15;;0;;0;;;;;0;;;;;;;;;;;Sin aclaración;En curso - Próximo a vencer;;C15
00365 RIO TINTO;1000088379;20;ZPAN;REG FS SERVICIOS;;0;;;;MGAUDELLI;1012979;FLETE PLAYO 6MT XVIAJE;1;0;0;1;0;;;Servicios;SIN TRATAMIENTO;;U365;28/5/2026;14/5/2026;10150194;20;1;19/5/2026;20/5/2026;C15;;0;;0;;;;;0;;;;;;;;;;;Sin aclaración;En curso - Próximo a vencer;;C15
00365 RIO TINTO;1000088379;30;ZPAN;REG FS SERVICIOS;;0;;;;MGAUDELLI;1012979;FLETE PLAYO 6MT XVIAJE;1;0;0;1;0;;;Servicios;SIN TRATAMIENTO;;U365;28/5/2026;14/5/2026;10150194;30;1;19/5/2026;20/5/2026;C15;;0;;0;;;;;0;;;;;;;;;;;Sin aclaración;En curso - Próximo a vencer;;C15
00365 RIO TINTO;1000088379;40;ZPAN;REG FS SERVICIOS;;0;;;;MGAUDELLI;1012979;FLETE PLAYO 6MT XVIAJE;1;0;0;1;0;;;Servicios;SIN TRATAMIENTO;;U365;28/5/2026;14/5/2026;10150194;40;1;19/5/2026;20/5/2026;C15;;0;;0;;;;;0;;;;;;;;;;;Sin aclaración;En curso - Próximo a vencer;;C15
00365 RIO TINTO;1000088379;50;ZPAN;REG FS SERVICIOS;;0;;;;MGAUDELLI;1012979;FLETE PLAYO 6MT XVIAJE;1;0;0;1;0;;;Servicios;SIN TRATAMIENTO;;U365;28/5/2026;14/5/2026;10150194;50;1;19/5/2026;20/5/2026;C15;;0;;0;;;;;0;;;;;;;;;;;Sin aclaración;En curso - Próximo a vencer;;C15
00365 RIO TINTO;1000088379;60;ZPAN;REG FS SERVICIOS;;0;;;;MGAUDELLI;1012979;FLETE PLAYO 6MT XVIAJE;1;0;0;1;0;;;Servicios;SIN TRATAMIENTO;;U365;28/5/2026;14/5/2026;10150194;60;1;19/5/2026;20/5/2026;C15;;0;;0;;;;;0;;;;;;;;;;;Sin aclaración;En curso - Próximo a vencer;;C15
00365 RIO TINTO;1000088379;70;ZPAN;REG FS SERVICIOS;;0;;;;MGAUDELLI;1012979;FLETE PLAYO 6MT XVIAJE;1;0;0;1;0;;;Servicios;SIN TRATAMIENTO;;U365;28/5/2026;14/5/2026;10150194;70;1;19/5/2026;20/5/2026;C15;;0;;0;;;;;0;;;;;;;;;;;Sin aclaración;En curso - Próximo a vencer;;C15
00365 RIO TINTO;1000088379;80;ZPAN;REG FS SERVICIOS;;0;;;;MGAUDELLI;1012979;FLETE PLAYO 6MT XVIAJE;1;0;0;1;0;;;Servicios;SIN TRATAMIENTO;;U365;28/5/2026;14/5/2026;10150194;80;1;19/5/2026;20/5/2026;C15;;0;;0;;;;;0;;;;;;;;;;;Sin aclaración;En curso - Próximo a vencer;;C15
00365 RIO TINTO;1000088389;30;ZPAN;PM N°31 BASE SALTA;;0;;;;MGAUDELLI;1017991;5902004 - BALANCEOS DE PICK UP;4;4;4;0;0;5000173364;16/5/2026;Servicios;CUMPLIDO;LAROCCA SALTA NEUMATICOS S.A.;U365;28/5/2026;14/5/2026;10150203;30;1;14/5/2026;15/5/2026;C35;4500127772;30;4401;1;FSOTO;15/5/2026;18/5/2026;C35;1;16/5/2026;;;;;;;;;;Sin aclaración;En curso - Próximo a vencer;;C35
00365 RIO TINTO;1000088647;10;ZPAN;POLIZAS CAUCION VALL;;0;;;;MGAUDELLI;1012967;POLIZA DE CAUCION;1;1;1;0;0;5000174289;26/5/2026;Servicios;CUMPLIDO;CREDITO Y CAUCION S.A.;U365;2/6/2026;19/5/2026;10150483;10;1;19/5/2026;19/5/2026;C16;4500128536;10;4401;1;JESPARZA;26/5/2026;2/6/2026;C16;1;26/5/2026;;;;;;;;;;Sin aclaración;En curso - Próximo a vencer;;C16
00365 RIO TINTO;1000088647;20;ZPAN;POLIZAS CAUCION VALL;;0;;;;MGAUDELLI;1012967;POLIZA DE CAUCION;1;1;1;0;0;5000174289;26/5/2026;Servicios;CUMPLIDO;CREDITO Y CAUCION S.A.;U365;2/6/2026;19/5/2026;10150483;20;1;19/5/2026;19/5/2026;C16;4500128536;20;4401;1;JESPARZA;26/5/2026;2/6/2026;C16;1;26/5/2026;;;;;;;;;;Sin aclaración;En curso - Próximo a vencer;;C16
00365 RIO TINTO;1000088677;10;ZPAN;CORTES BARRA HIERRO;;20;;;;MGAUDELLI;1022295;CORTE PERFILERIA;1;0;1;0;1;;;Servicios;ADJUDICADO;HIERRONORT S.R.L.;U365;20/5/2026;19/5/2026;10150522;10;1;19/5/2026;19/5/2026;C35;4500128137;10;4401;1;FSOTO;19/5/2026;20/5/2026;C35;0;;;;;;;;;;;Sin aclaración;Vencido con cant pendiente a recep;;C35
00365 RIO TINTO;1000088759;10;ZPAN;RECARGA DE MATAFUEGO;;0;;;;MGAUDELLI;1013042;RECARGA DE MATAFUEGO 5KG;13;13;13;0;0;5000174174;22/5/2026;Servicios;CUMPLIDO;EXTINGNORT S.R.L.;U365;3/6/2026;20/5/2026;10150598;10;1;20/5/2026;20/5/2026;C35;4500128258;10;4401;1;FSOTO;20/5/2026;22/5/2026;C35;1;22/5/2026;;;;;;;;;;Sin aclaración;En curso - Próximo a vencer;;C35
00365 RIO TINTO;1000088759;20;ZPAN;RECARGA DE MATAFUEGO;;0;;;;MGAUDELLI;1013039;RECARGA DE MATAFUEGO 10KG;8;8;8;0;0;5000174174;22/5/2026;Servicios;CUMPLIDO;EXTINGNORT S.R.L.;U365;3/6/2026;20/5/2026;10150598;20;1;20/5/2026;20/5/2026;C35;4500128258;20;4401;1;FSOTO;20/5/2026;22/5/2026;C35;1;22/5/2026;;;;;;;;;;Sin aclaración;En curso - Próximo a vencer;;C35
00365 RIO TINTO;1000088761;10;ZPAN;CERTIF DE ESLINGAS;;0;;;;MGAUDELLI;1036348;CERTIFICACION DE ESLINGAS SINTETICAS;4;0;4;0;4;;;Servicios;ADJUDICADO;WORKLIFT SA;U365;3/6/2026;20/5/2026;10150599;10;1;20/5/2026;20/5/2026;C35;4500128237;10;4401;1;FSOTO;20/5/2026;22/5/2026;C35;0;;;;;;;;;;;Sin aclaración;En curso - Próximo a vencer;;C35
00365 RIO TINTO;1000088761;20;ZPAN;CERTIF DE ESLINGAS;;0;;;;MGAUDELLI;1022295;SERVICIO OBRA S DETALLE XUN;20;0;20;0;20;;;Servicios;ADJUDICADO;WORKLIFT SA;U365;3/6/2026;20/5/2026;10150599;20;1;20/5/2026;20/5/2026;C35;4500128237;20;4401;1;FSOTO;20/5/2026;22/5/2026;C35;0;;;;;;;;;;;Sin aclaración;En curso - Próximo a vencer;;C35
00365 RIO TINTO;1000088761;30;ZPAN;CERTIF DE ESLINGAS;;0;;;;MGAUDELLI;1022295;SERVICIO OBRA S DETALLE XUN;10;0;10;0;10;;;Servicios;ADJUDICADO;WORKLIFT SA;U365;3/6/2026;20/5/2026;10150599;30;1;20/5/2026;20/5/2026;C35;4500128237;30;4401;1;FSOTO;20/5/2026;22/5/2026;C35;0;;;;;;;;;;;Sin aclaración;En curso - Próximo a vencer;;C35
00365 RIO TINTO;1000088761;40;ZPAN;CERTIF DE ESLINGAS;;0;;;;MGAUDELLI;1036348;CERTIFICACION DE ESLINGAS SINTETICAS;4;0;4;0;4;;;Servicios;ADJUDICADO;WORKLIFT SA;U365;3/6/2026;20/5/2026;10150599;40;1;20/5/2026;20/5/2026;C35;4500128237;40;4401;1;FSOTO;20/5/2026;22/5/2026;C35;0;;;;;;;;;;;Sin aclaración;En curso - Próximo a vencer;;C35
00365 RIO TINTO;1000088852;10;ZPAN;RECARGA INTERNET;;0;;;;MGAUDELLI;1013142;RECARGA INTERNET 1000 GB JAWIT S.A.;1;0;0;1;0;;;Servicios;SIN TRATAMIENTO;;U365;4/6/2026;21/5/2026;10150701;10;1;21/5/2026;21/5/2026;C25;;0;;0;;;;;0;;;;;;;;;;;Sin aclaración;En curso - Próximo a vencer;;C25
00365 RIO TINTO;1000088893;10;ZPAN;WORKLIFT-PRES -72667;;20;;;;MGAUDELLI;1013021;MANIP T HAULOTTE HTL4017;1;0;0;1;0;;;Servicios;SIN TRATAMIENTO;;U365;5/6/2026;22/5/2026;10150757;10;1;22/5/2026;22/5/2026;C25;;0;;0;;;;;0;;;;;;;;;;;Sin aclaración;En curso - Próximo a vencer;;C25
00365 RIO TINTO;1000088893;20;ZPAN;WORKLIFT-PRES -72667;;20;;;;MGAUDELLI;1022295;GUINDOLA 200K;1;0;0;1;0;;;Servicios;SIN TRATAMIENTO;;U365;5/6/2026;22/5/2026;10150757;20;1;22/5/2026;22/5/2026;C25;;0;;0;;;;;0;;;;;;;;;;;Sin aclaración;En curso - Próximo a vencer;;C25
00365 RIO TINTO;1000088893;30;ZPAN;WORKLIFT-PRES -72667;;20;;;;MGAUDELLI;1022295;PLUMIN HTL HPOT1F13/Z;1;0;0;1;0;;;Servicios;SIN TRATAMIENTO;;U365;5/6/2026;22/5/2026;10150757;30;1;22/5/2026;22/5/2026;C25;;0;;0;;;;;0;;;;;;;;;;;Sin aclaración;En curso - Próximo a vencer;;C25
00365 RIO TINTO;1000088893;40;ZPAN;WORKLIFT-PRES -72667;;20;;;;MGAUDELLI;1016081;CERTIFICACION OPERADOR LLANTEIN;1;0;0;1;0;;;Servicios;SIN TRATAMIENTO;;U365;5/6/2026;22/5/2026;10150757;40;1;22/5/2026;22/5/2026;C25;;0;;0;;;;;0;;;;;;;;;;;Sin aclaración;En curso - Próximo a vencer;;C25
00365 RIO TINTO;1000088899;10;ZPAN;ALQUILER ELECTROFUSO;;20;;;;MGAUDELLI;1022294;ALQUILER ELECTROFUSORA;7;0;0;7;0;;;Servicios;SIN TRATAMIENTO;;U365;31/5/2026;22/5/2026;10150769;10;1;22/5/2026;22/5/2026;C23;;0;;0;;;;;0;;;;;;;;;;;Sin aclaración;En curso - Próximo a vencer;;C23
00365 RIO TINTO;1000088980;10;ZPAN;EXT SS CONTROL DE PL;;0;;;;MGAUDELLI;1013139;SS CONTROL DE PLAGAS XUN;2;0;0;2;0;;;Servicios;SIN TRATAMIENTO;;U365;6/6/2026;23/5/2026;10150905;10;1;23/5/2026;26/5/2026;C25;;0;;0;;;;;0;;;;;;;;;;;Sin aclaración;En curso - Próximo a vencer;;C25
00365 RIO TINTO;1000089008;10;ZPAN;EXT ALQ VALLADO;;0;;;;MGAUDELLI;1050061;ALQUILER VALLADO RIGIDO XMES;1;0;0;1;0;;;Servicios;SIN TRATAMIENTO;;U365;8/6/2026;25/5/2026;10150934;10;1;25/5/2026;25/5/2026;C25;;0;;0;;;;;0;;;;;;;;;;;Sin aclaración;En curso - Próximo a vencer;;C25
00365 RIO TINTO;1000089009;10;ZPAN;ALQ TERMOF. 800;;2;;;;MGAUDELLI;1050642;ALQUILER TERMOFUSORA 500/800MM;3;0;0;3;0;;;Servicios;SIN TRATAMIENTO;;U365;1/8/2026;26/5/2026;10150937;10;1;26/5/2026;26/5/2026;C23;;0;;0;;;;;0;;;;;;;;;;;Sin aclaración;En curso - Total recepcionado;;C23
00368-YPF Acueducto TBH;1000050591;10;ZPAN;SUBCONTRATO INGENIER;;0;;;;MCABRERA;1013007;SUBCONTRAO INGENIERIA DETALLE;1;0,949;1;0;0,051;5000167953;7/4/2026;Servicios;CUMPLIDO PARCIAL;SERVICIOS DE INGENIERIA Y CONTRUCCI;MR01;31/5/2026;5/7/2024;10101260;10;1;5/7/2024;8/7/2024;C26;4500078923;10;0368;1;AGONZALEZ;10/7/2024;30/4/2026;C26;18;7/4/2026;;;;;;;;;;Sin aclaración;En curso - Próximo a vencer;;C26
00368-YPF Acueducto TBH;1000050591;20;ZPAN;SUBCONTRATO INGENIER;;0;;;;MCABRERA;1013007;SUBCONTRATO INGENIERIA CONFORME OBRA;1;0,554;1;0;0,446;5000167953;7/4/2026;Servicios;CUMPLIDO PARCIAL;SERVICIOS DE INGENIERIA Y CONTRUCCI;MR01;31/5/2026;5/7/2024;10101260;20;1;5/7/2024;8/7/2024;C26;4500078923;20;0368;1;AGONZALEZ;10/7/2024;30/4/2026;C26;9;7/4/2026;;;;;;;;;;Sin aclaración;En curso - Próximo a vencer;;C26
00368-YPF Acueducto TBH;1000050591;40;ZPAN;SUBCONTRATO INGENIER;;0;;;;MCABRERA;1012851;ASISTENTE X MES;10;3,5;10;0;6,5;5000158367;14/1/2026;Materiales genericos;CONSUMIDO PARCIAL;SERVICIOS DE INGENIERIA Y CONTRUCCI;MR01;31/5/2026;5/7/2024;10101260;40;1;5/7/2024;8/7/2024;C26;4500078923;40;0368;1;AGONZALEZ;10/7/2024;30/4/2026;C26;8;14/1/2026;;;;;;;;;;Sin aclaración;En curso - Próximo a vencer;;C26
00368-YPF Acueducto TBH;1000054110;50;ZPAN;SUBC. GAMMAGRAFÍA;;0;10;;;MCABRERA;1012851;SERV. GAMMAGRAFIA LIQUIDOS P. LUN A VIE;18;18;18;0;0;5000129686;14/4/2025;Materiales genericos;CUMPLIDO;ERLOMA S.A.;MR01;31/5/2026;13/9/2024;10105821;50;1;13/9/2024;16/9/2024;C26;4500084195;50;0368;1;JJCABRERA;19/9/2024;31/5/2026;C26;9;14/4/2025;;;;;;;;;;Sin aclaración;En curso - Próximo a vencer;;C26
00368-YPF Acueducto TBH;1000056800;10;ZPAN;CONTROL DE PLAGAS;;2;;;;MSILVA;1013139;SS CONTROL DE PLAGAS XUN;12;12;12;0;0;5000172915;13/5/2026;Servicios;CUMPLIDO;BIBI SERVICIOS Y PRODUCTOS S.A.;MR01;31/5/2026;4/11/2024;10108986;10;1;4/11/2024;4/11/2024;C25;4500087556;10;0368;1;MPITTIA;11/11/2024;31/5/2026;C25;18;13/5/2026;;;;;;;;;;Sin aclaración;En curso - Próximo a vencer;;C25
00368-YPF Acueducto TBH;1000060587;20;ZPAN;RASTREO SATELITAL;;0;;;;MCABRERA;1025940;AVL COMPLETO S44 (COMODATO);23;23;25;-2;0;5000128889;4/4/2025;Servicios;CUMPLIDO;AC SAT S.R.L.;MR01;31/5/2026;21/1/2025;10113812;20;1;21/1/2025;21/1/2025;C25;4500092861;20;0368;1;MPITTIA;5/2/2025;31/5/2026;C25;1;3/4/2025;;;;;;;;;;Sin aclaración;En curso - Próximo a vencer;;C25
00368-YPF Acueducto TBH;1000060587;40;ZPAN;RASTREO SATELITAL;;0;;;;MCABRERA;1025940;CORTE DE MOTOR;23;23;25;-2;0;5000128889;4/4/2025;Servicios;CUMPLIDO;AC SAT S.R.L.;MR01;31/5/2026;21/1/2025;10113812;40;1;21/1/2025;21/1/2025;C25;4500092861;30;0368;1;MPITTIA;5/2/2025;31/5/2026;C25;1;3/4/2025;;;;;;;;;;Sin aclaración;En curso - Próximo a vencer;;C25
00368-YPF Acueducto TBH;1000060587;50;ZPAN;RASTREO SATELITAL;;0;;;;MCABRERA;1025940;SOFTWARE RSV - MONTAJE AVL COMPLETO;23;23;25;-2;0;5000128889;4/4/2025;Servicios;CUMPLIDO;AC SAT S.R.L.;MR01;31/5/2026;21/1/2025;10113812;60;1;21/1/2025;21/1/2025;C25;4500092861;50;0368;1;MPITTIA;5/2/2025;31/5/2026;C25;1;3/4/2025;;;;;;;;;;Sin aclaración;En curso - Próximo a vencer;;C25
00368-YPF Acueducto TBH;1000060724;10;ZPAN;SUBCONTRATO PROT. CA;;0;;;;MCABRERA;1012851;SUBCONTRATO PROTECCIÓN CATÓDICA;1;1;1;0;0;5000174267;24/5/2026;Materiales genericos;CONSUMIDO PARCIAL;OMNITRONIC SOCIEDAD ANONIMA;MR01;31/5/2026;22/1/2025;10113999;10;1;22/1/2025;23/1/2025;C26;4500092020;10;0368;1;AGONZALEZ;24/1/2025;31/5/2026;C26;8;24/5/2026;;;;;;;;;;Sin aclaración;En curso - Próximo a vencer;;C26
00368-YPF Acueducto TBH;1000060724;20;ZPAN;SUBCONTRATO PROT. CA;;0;;;;MCABRERA;1012851;MATERIALES P/SUBCONTRATO PROT. CATODICA;1;0,731;1;0;0,269;5000174267;24/5/2026;Materiales genericos;CONSUMIDO PARCIAL;OMNITRONIC SOCIEDAD ANONIMA;MR01;31/5/2026;22/1/2025;10113999;20;1;23/1/2025;23/1/2025;C26;4500092020;20;0368;1;AGONZALEZ;24/1/2025;31/5/2026;C26;9;24/5/2026;;;;;;;;;;Sin aclaración;En curso - Próximo a vencer;;C26
00368-YPF Acueducto TBH;1000062106;20;ZPAN;TUBOS GAS PROPANO;;0;10;;;MSILVA;1012945;SERVICIO RECARGA GAS PROPANO x 10Kg;6;6;6;0;0;5000168201;8/4/2026;Materiales genericos;CUMPLIDO;LOSPER SOCIEDAD ANONIMA;MR01;31/5/2026;13/2/2025;10115655;20;1;13/2/2025;18/2/2025;C25;4500093907;10;0368;1;MPITTIA;19/2/2025;31/5/2026;C25;7;8/4/2026;;;;;;;;;;Sin aclaración;En curso - Próximo a vencer;;C25
00368-YPF Acueducto TBH;1000062553;40;ZPAN;NUEVA OC ERLOMA;;0;;;;MCABRERA;1012851;SERV. GAMMAGRAFIA LIQUIDOS P. LUN A VIE;1;1;1;0;0;5000126253;5/3/2025;Materiales genericos;CONSUMIDO;ERLOMA S.A.;MR01;31/5/2026;21/2/2025;10116169;40;1;21/2/2025;21/2/2025;C26;4500094150;40;0368;1;AGONZALEZ;21/2/2025;31/5/2026;C26;3;5/3/2025;;;;;;;;;;Sin aclaración;En curso - Próximo a vencer;;C26
00368-YPF Acueducto TBH;1000062553;50;ZPAN;NUEVA OC ERLOMA;;0;10;;;MCABRERA;1012851;LIQUIDO PARA TINTAS PENETRANTES X ML;28;28;28;0;0;5000129685;14/4/2025;Materiales genericos;CUMPLIDO;ERLOMA S.A.;MR01;31/5/2026;21/2/2025;10116169;50;1;21/2/2025;21/2/2025;C26;4500094150;50;0368;1;AGONZALEZ;21/2/2025;31/5/2026;C26;6;14/4/2025;;;;;;;;;;Sin aclaración;En curso - Próximo a vencer;;C26
00368-YPF Acueducto TBH;1000063597;10;ZPAN;PROCTOR CRUCES DE CA;;2;;;;MSILVA;1013003;ENSAYO GRANULOMETRIA;5;2;5;0;3;5000135571;12/6/2025;Servicios;CUMPLIDO PARCIAL;CONTROL Y DESARROLLO DE HORMIG;MR01;31/5/2026;15/3/2025;10117550;10;1;15/3/2025;26/3/2025;C26;4500096014;10;0368;1;AGONZALEZ;27/3/2025;31/5/2026;C26;1;12/6/2025;;;;;;;;;;Sin aclaración;En curso - Próximo a vencer;;C26
00368-YPF Acueducto TBH;1000063597;30;ZPAN;PROCTOR CRUCES DE CA;;0;;;;MSILVA;1013000;CURADO DE PROBETAS;50;33;50;0;17;5000144658;4/9/2025;Servicios;CUMPLIDO PARCIAL;CONTROL Y DESARROLLO DE HORMIG;MR01;31/5/2026;15/3/2025;10117550;30;1;29/3/2025;29/3/2025;C26;4500096014;30;0368;1;AGONZALEZ;27/3/2025;31/5/2026;C26;8;29/8/2025;;;;;;;;;;Sin aclaración;En curso - Próximo a vencer;;C26
00368-YPF Acueducto TBH;1000068941;10;ZPAN;RECARGA TUBOS GASES;;0;10;;;MFALERO;1017955;OXIGENO GASEOSO INDUSTRIAL x M3;120;70;70;50;50;5000152281;12/11/2025;Servicios;CUMPLIDO;GASES ACONCAGUA S.A.;MR01;30/9/2025;19/6/2025;10124296;10;1;19/6/2025;19/6/2025;C07;4500102196;10;0368;1;MSILVA;25/6/2025;30/9/2025;C07;4;12/11/2025;;;;;;;;;;Sin aclaración;Vencido con cant pendiente a recep;;C07
00368-YPF Acueducto TBH;1000068941;20;ZPAN;RECARGA TUBOS GASES;;0;10;;;MFALERO;1017956;ACETILENO DISUELTO x Kg;75;68;68;7;7;5000152281;12/11/2025;Servicios;CUMPLIDO;GASES ACONCAGUA S.A.;MR01;30/9/2025;19/6/2025;10124296;20;1;19/6/2025;19/6/2025;C07;4500102196;20;0368;1;MSILVA;25/6/2025;30/9/2025;C07;4;12/11/2025;;;;;;;;;;Sin aclaración;Vencido con cant pendiente a recep;;C07
00368-YPF Acueducto TBH;1000070076;10;ZPAN;CERT 03 ALQUILER BOM;;0;;;;FALFARO;1033267;SERVICIO ALQUILER EQUIPOS;15;0,5;15;0;14,5;5000140444;1/8/2025;Servicios;CUMPLIDO;XYLEM WATER SOLUTIONS ARGENTINA S.R;MR01;31/7/2025;11/7/2025;10125904;10;1;11/7/2025;11/7/2025;C04;4500103787;10;0368;1;WVENTURINI;16/7/2025;31/10/2025;C04;1;1/8/2025;;;;;;;;;;Sin aclaración;Vencido con cant pendiente a recep;;C04
00368-YPF Acueducto TBH;1000070681;10;ZPAN;Transporte Personal;;0;;;;MFALERO;1022296;RECORRIDO BUS X KM ENTRE 130-180;31020;15901,48;31020;0;15118,52;5000170778;27/4/2026;Servicios;CUMPLIDO PARCIAL;TRANSPOL SRL;MR01;31/5/2026;22/7/2025;10126633;10;1;22/7/2025;22/7/2025;C25;4500107271;10;0368;2;MPITTIA;29/8/2025;30/4/2026;C25;9;27/4/2026;;;;;;;;;;Sin aclaración;En curso - Próximo a vencer;;C25
00368-YPF Acueducto TBH;1000070681;20;ZPAN;Transporte Personal;;0;;;;MFALERO;1022296;RECORRIDO COMBI XKM ENTRE 60-100;22440;11562;22440;0;10878;5000172691;12/5/2026;Servicios;CUMPLIDO PARCIAL;TRANSPOL SRL;MR01;31/5/2026;22/7/2025;10126633;20;1;22/7/2025;22/7/2025;C25;4500107271;20;0368;2;MPITTIA;29/8/2025;30/4/2026;C25;10;12/5/2026;;;;;;;;;;Sin aclaración;En curso - Próximo a vencer;;C25
00368-YPF Acueducto TBH;1000071393;10;ZPAN;Extension OC 45-9356;;0;;;;MFALERO;1035489;SERVICIO RECARGA TUBO GAS 45 KG;10;10;10;0;0;5000168200;8/4/2026;Servicios;CUMPLIDO;LOSPER SOCIEDAD ANONIMA;MR01;31/5/2026;1/8/2025;10127465;10;1;1/8/2025;4/8/2025;C25;4500105690;10;0368;1;MPITTIA;11/8/2025;31/5/2026;C25;2;8/4/2026;;;;;;;;;;Sin aclaración;En curso - Próximo a vencer;;C25
00368-YPF Acueducto TBH;1000071579;10;ZPAN;SERVICIO INTERNET 1T;;0;;;;MFALERO;1025931;SERVICIO DE INTERNET 1 TB X MES;11;9;11;0;2;5000172914;13/5/2026;Servicios;CUMPLIDO PARCIAL;JAWIT S.A.;MR01;30/6/2026;5/8/2025;10127801;10;1;5/8/2025;6/8/2025;C25;4500106306;10;0368;1;MPITTIA;18/8/2025;30/6/2026;C25;9;13/5/2026;;;;;;;;;;Sin aclaración;En curso - Próximo a vencer;;C25
00368-YPF Acueducto TBH;1000072501;10;ZPAN;EXT. OC 45/94150 Y 9;;0;;;;MFALERO;1042362;"COSTURAS DE 14"" A 20"" XUN";299,5;299,5;299,5;0;0;5000157964;10/1/2026;Servicios;CUMPLIDO;ERLOMA S.A.;MR01;31/5/2026;20/8/2025;10128919;10;1;20/8/2025;20/8/2025;C26;4500106569;10;0368;1;AGONZALEZ;21/8/2025;31/5/2026;C26;14;10/1/2026;;;;;;;;;;Sin aclaración;En curso - Próximo a vencer;;C26
00368-YPF Acueducto TBH;1000073324;30;ZPAN;CERT 01 COSTURAS;;1;;;;FALFARO;1042362;"COSTURAS DE 24"" A 32""  XUN";9,5;9,5;9,5;0;0;5000162100;12/2/2026;Servicios;CUMPLIDO;ERLOMA S.A.;MR01;31/5/2026;3/9/2025;10130174;30;1;10/9/2025;11/9/2025;C26;4500108491;30;0368;1;AGONZALEZ;12/9/2025;31/5/2026;C26;3;12/2/2026;;;;;;;;;;Sin aclaración;En curso - Próximo a vencer;;C26
00368-YPF Acueducto TBH;1000075162;10;ZPAN;CERT 03 VIAJES ESPEC;;1;;;;FALFARO;1022296;SERVICIO TRASLADO PERSONAL ACCIDENTADO;110000;110000;110000;0;0;5000149290;17/10/2025;Servicios;CUMPLIDO;LIGOURI OSCAR OMAR;MR01;31/5/2026;2/10/2025;10132464;10;1;2/10/2025;3/10/2025;C25;4500110393;10;0368;1;MPITTIA;9/10/2025;31/5/2026;C25;1;17/10/2025;;;;;;;;;;Sin aclaración;En curso - Próximo a vencer;;C25
00368-YPF Acueducto TBH;1000075586;10;ZPAN;CERT 01 PROTECCION C;;1;;;;FALFARO;1012806;CABLE TW1X6 MM;450;350;450;0;100;5000159295;21/1/2026;Materiales genericos;CONSUMIDO PARCIAL;OMNITRONIC SOCIEDAD ANONIMA;MR01;31/5/2026;9/10/2025;10133081;10;1;9/10/2025;13/10/2025;C26;4500110588;10;0368;1;AGONZALEZ;13/10/2025;31/5/2026;C26;4;21/1/2026;;;;;;;;;;Sin aclaración;En curso - Próximo a vencer;;C26
00368-YPF Acueducto TBH;1000075586;20;ZPAN;CERT 01 PROTECCION C;;1;;;;FALFARO;1012806;CABLE TW1X10 MM;300;200;300;0;100;5000159295;21/1/2026;Materiales genericos;CONSUMIDO PARCIAL;OMNITRONIC SOCIEDAD ANONIMA;MR01;31/5/2026;9/10/2025;10133081;20;1;9/10/2025;13/10/2025;C26;4500110588;20;0368;1;AGONZALEZ;13/10/2025;31/5/2026;C26;4;21/1/2026;;;;;;;;;;Sin aclaración;En curso - Próximo a vencer;;C26
00368-YPF Acueducto TBH;1000076962;20;ZPAN;P.2 ROTURA DE PROBET;;2;;;;MSILVA;1013000;CURADO DE PROBETAS;200;133;200;0;67;5000165772;17/3/2026;Servicios;CUMPLIDO PARCIAL;CONTROL Y DESARROLLO DE HORMIG;MR01;31/5/2026;31/10/2025;10134925;20;1;31/10/2025;4/11/2025;C26;4500112567;20;0368;1;AGONZALEZ;6/11/2025;31/5/2026;C26;23;31/12/2025;;;;;;;;;;Sin aclaración;En curso - Próximo a vencer;;C26
00368-YPF Acueducto TBH;1000077204;10;ZPAN;CERT 03 COSTURAS;;0;;;;FALFARO;1042362;"COSTURAS DE 2"" A 3""  XUN";14;14;14;0;0;5000168051;7/4/2026;Servicios;CUMPLIDO;ERLOMA S.A.;MR01;31/5/2026;5/11/2025;10135238;10;1;5/11/2025;5/11/2025;C26;4500112655;10;0368;1;AGONZALEZ;7/11/2025;31/5/2026;C26;3;7/4/2026;;;;;;;;;;Sin aclaración;En curso - Próximo a vencer;;C26
00368-YPF Acueducto TBH;1000077270;10;ZPAN;CERT 03 RSV SERV. TE;;0;;;;FALFARO;1042362;RSV FUSIBLES;2;2;2;0;0;5000174268;24/5/2026;Servicios;CUMPLIDO;AC SAT S.R.L.;MR01;31/5/2026;6/11/2025;10135331;10;1;6/11/2025;11/11/2025;C26;4500128471;10;0368;2;YCOLMAN;22/5/2026;31/5/2026;C26;1;24/5/2026;;;;;;;;;;Sin aclaración;En curso - Próximo a vencer;;C26
00368-YPF Acueducto TBH;1000077270;20;ZPAN;CERT 03 RSV SERV. TE;;0;;;;FALFARO;1042362;RSV SOFTWARE;1;1;1;0;0;5000174268;24/5/2026;Servicios;CUMPLIDO;AC SAT S.R.L.;MR01;31/5/2026;6/11/2025;10135331;20;1;6/11/2025;11/11/2025;C26;4500128471;20;0368;2;YCOLMAN;22/5/2026;31/5/2026;C26;1;24/5/2026;;;;;;;;;;Sin aclaración;En curso - Próximo a vencer;;C26
00368-YPF Acueducto TBH;1000078941;10;ZPAN;CERT 03 TRANSPORTE;;0;;;;FALFARO;1022296;RECORRIDO BUS X KM ENTRE 80-129;10000;8299,12;10000;0;1700,88;5000172690;12/5/2026;Servicios;CUMPLIDO PARCIAL;TRANSPOL SRL;MR01;31/5/2026;3/12/2025;10137434;10;1;3/12/2025;4/12/2025;C25;4500115861;10;0368;1;MPITTIA;20/12/2025;31/5/2026;C25;7;12/5/2026;;;;;;;;;;Sin aclaración;En curso - Próximo a vencer;;C25
00368-YPF Acueducto TBH;1000078941;20;ZPAN;CERT 03 TRANSPORTE;;0;;;;FALFARO;1022296;RECORRIDO COMBI XKM ENTRE 25-59;10000;6995,39;10000;0;3004,61;5000172690;12/5/2026;Servicios;CUMPLIDO PARCIAL;TRANSPOL SRL;MR01;31/5/2026;3/12/2025;10137434;20;1;3/12/2025;4/12/2025;C25;4500115861;20;0368;1;MPITTIA;20/12/2025;31/5/2026;C25;7;12/5/2026;;;;;;;;;;Sin aclaración;En curso - Próximo a vencer;;C25
00368-YPF Acueducto TBH;1000079039;10;ZPAN;P2.INSTALACION DE VI;;2;;;;MSILVA;1042056;Instalación de vías de chispas x JORNADA;5;3;5;0;2;5000174266;24/5/2026;Servicios;CUMPLIDO PARCIAL;OMNITRONIC SOCIEDAD ANONIMA;MR01;30/4/2026;4/12/2025;10137547;10;1;4/12/2025;5/12/2025;C26;4500115081;10;0368;1;AGONZALEZ;10/12/2025;30/4/2026;C26;1;24/5/2026;;;;;;;;;;Sin aclaración;Vencido con cant pendiente a recep;;C26
00368-YPF Acueducto TBH;1000079210;10;ZPAN;CERT 03 AGUA;;0;;;;FALFARO;1013138;SERVICIO BOTELLON DE 20 LTS XUN;1500;1092;1500;0;408;5000172382;8/5/2026;Servicios;CUMPLIDO PARCIAL;BISKUPOVICH OSVALDO AGUAS CUYUM;MR01;31/5/2026;9/12/2025;10137734;10;1;9/12/2025;9/12/2025;C24;4500115509;10;0368;1;MPITTIA;16/12/2025;31/5/2026;C24;5;8/5/2026;;;;;;;;;;Sin aclaración;En curso - Próximo a vencer;;C24
00368-YPF Acueducto TBH;1000079861;10;ZPAN;CERT 03 TRANSPOL;;0;;4;21/12/2025;FALFARO;1022296;RECORRIDO BUS X KM ENTRE 80-129;496;496;496;0;0;5000157379;6/1/2026;Servicios;RESPONDIDO;TRANSPOL SRL;MR01;31/5/2026;18/12/2025;10138721;10;1;18/12/2025;18/12/2025;C25;4500115834;10;0368;1;MPITTIA;19/12/2025;9/1/2026;C25;1;6/1/2026;;;;;;;;;;Sin aclaración;En curso - Próximo a vencer;;C25
00368-YPF Acueducto TBH;1000079861;20;ZPAN;CERT 03 TRANSPOL;;0;;4;21/12/2025;FALFARO;1022296;RECORRIDO COMBI XKM ENTRE 25-80;1743;1743;1743;0;0;5000157379;6/1/2026;Servicios;RESPONDIDO;TRANSPOL SRL;MR01;31/5/2026;18/12/2025;10138721;20;1;18/12/2025;18/12/2025;C25;4500115834;20;0368;1;MPITTIA;19/12/2025;9/1/2026;C25;1;6/1/2026;;;;;;;;;;Sin aclaración;En curso - Próximo a vencer;;C25
00368-YPF Acueducto TBH;1000079904;10;ZPAN;CERT 03 BAÑOS QUIMIC;;0;;;;FALFARO;1026246;ALQUILER BANO QUIMICO SIN LAVAMANOS XMES;24;22;24;0;2;5000172925;13/5/2026;Servicios;CUMPLIDO PARCIAL;ECOSAN S.A.;MR01;31/5/2026;19/12/2025;10138779;10;1;19/12/2025;19/12/2025;C25;4500117289;10;0368;1;MPITTIA;13/1/2026;30/4/2026;C25;5;13/5/2026;;;;;;;;;;Sin aclaración;En curso - Próximo a vencer;;C25
00368-YPF Acueducto TBH;1000079904;20;ZPAN;CERT 03 BAÑOS QUIMIC;;0;;;;FALFARO;1013136;SERVICIO LIMPIEZA DESAGOTE BANO QUIMICO;288;276;288;0;12;5000173313;15/5/2026;Servicios;CUMPLIDO PARCIAL;ECOSAN S.A.;MR01;31/5/2026;19/12/2025;10138779;20;1;19/12/2025;19/12/2025;C25;4500117289;20;0368;1;MPITTIA;13/1/2026;30/4/2026;C25;7;15/5/2026;;;;;;;;;;Sin aclaración;En curso - Próximo a vencer;;C25
00368-YPF Acueducto TBH;1000079958;20;ZPAN;P2. ALQ.ASERRRADORA;;2;;;;MSILVA;1022294;SERVICIO ALQUILER ASERRADORA x dia;5;0;5;0;5;;;Servicios;ADJUDICADO;MACHENA SRL;MR01;13/3/2026;22/12/2025;10138845;20;1;22/12/2025;22/12/2025;C07;4500119619;10;0368;1;MSILVA;9/2/2026;13/2/2026;C07;0;;;;;;;;;;;Sin aclaración;Vencido con cant pendiente a recep;;C07
00368-YPF Acueducto TBH;1000080421;10;ZPAN;CERT 03 VIANDAS;;0;;;;FALFARO;1013116;VIANDA ALMUERZO PUESTA EN OBRA XUN;10000;7482;10000;0;2518;5000172381;8/5/2026;Servicios;CUMPLIDO PARCIAL;BIO-LIMP SOLUCIONES DE CALIDAD S.A;MR01;31/5/2026;5/1/2026;10139593;10;1;5/1/2026;6/1/2026;C25;4500117649;10;0368;1;MPITTIA;16/1/2026;30/4/2026;C25;10;8/5/2026;;;;;;;;;;Sin aclaración;En curso - Próximo a vencer;;C25
00368-YPF Acueducto TBH;1000080773;10;ZPAN;CERT 03 TRANSPORTE Z;;0;;;;FALFARO;1022296;TRANSPORTE PERSONAL ZONA ESTE X VIAJE;90;58;90;0;32;5000172688;12/5/2026;Servicios;CUMPLIDO PARCIAL;LIGOURI OSCAR OMAR;MR01;31/5/2026;10/1/2026;10140056;10;1;10/1/2026;10/1/2026;C25;4500119627;10;0368;1;MPITTIA;9/2/2026;31/5/2026;C25;3;12/5/2026;;;;;;;;;;Sin aclaración;En curso - Próximo a vencer;;C25
00368-YPF Acueducto TBH;1000081474;10;ZPAN;CERT 03 FOTOCOPIADOR;;0;;;;FALFARO;1026131;ALQ IMPRESORA MULTIF COLOR A3 X MES;3;3;3;0;0;5000170366;23/4/2026;Servicios;CUMPLIDO;RMC FOTOCOPIADORAS S.A.S.;MR01;31/5/2026;21/1/2026;10141020;10;1;21/1/2026;22/1/2026;C25;4500118772;10;0368;1;MPITTIA;29/1/2026;30/5/2026;C25;3;23/4/2026;;;;;;;;;;Sin aclaración;En curso - Próximo a vencer;;C25
00368-YPF Acueducto TBH;1000081474;20;ZPAN;CERT 03 FOTOCOPIADOR;;0;;;;FALFARO;1026181;COPIAS EXCEDENTES;10000;9146;10000;0;854;5000170366;23/4/2026;Servicios;CUMPLIDO PARCIAL;RMC FOTOCOPIADORAS S.A.S.;MR01;31/5/2026;21/1/2026;10141020;20;1;21/1/2026;22/1/2026;C25;4500118772;20;0368;1;MPITTIA;29/1/2026;30/5/2026;C25;3;23/4/2026;;;;;;;;;;Sin aclaración;En curso - Próximo a vencer;;C25
00368-YPF Acueducto TBH;1000082932;10;ZPAN;CERT 03 COSTURAS;;0;;;;FALFARO;1042362;SERV. GAMMAGRAFIA;36,5;36,5;36,5;0;0;5000172677;12/5/2026;Servicios;CUMPLIDO;ERLOMA S.A.;MR01;31/5/2026;13/2/2026;10142940;10;1;13/2/2026;13/2/2026;C26;4500120413;10;0368;1;ALOPEZ;20/2/2026;30/4/2026;C26;10;12/5/2026;;;;;;;;;;Sin aclaración;En curso - Próximo a vencer;;C26
00368-YPF Acueducto TBH;1000082932;20;ZPAN;CERT 03 COSTURAS;;0;;;;FALFARO;1042362;"COSTURAS DE 24"" A 32"" XUN";49;49;49;0;0;5000172676;12/5/2026;Servicios;CUMPLIDO;ERLOMA S.A.;MR01;31/5/2026;13/2/2026;10142940;20;1;13/2/2026;13/2/2026;C26;4500120413;20;0368;1;ALOPEZ;20/2/2026;30/4/2026;C26;7;12/5/2026;;;;;;;;;;Sin aclaración;En curso - Próximo a vencer;;C26
00368-YPF Acueducto TBH;1000082932;30;ZPAN;CERT 03 COSTURAS;;0;;;;FALFARO;1042362;"COSTURAS DE 14"" A 20"" XUN";12;12;12;0;0;5000172677;12/5/2026;Servicios;CUMPLIDO;ERLOMA S.A.;MR01;31/5/2026;13/2/2026;10142940;30;1;13/2/2026;13/2/2026;C26;4500120413;30;0368;1;ALOPEZ;20/2/2026;30/4/2026;C26;5;12/5/2026;;;;;;;;;;Sin aclaración;En curso - Próximo a vencer;;C26
00368-YPF Acueducto TBH;1000084137;10;ZPAN;CERT 03 HIELO FORMAL;;0;;;;FALFARO;1017912;SERVICIO HIELO POR BOLSON XUN;365;365;365;0;0;5000167384;31/3/2026;Servicios;CUMPLIDO;LA GRACIANA S. A. S.;MR01;31/5/2026;4/3/2026;10144550;10;1;4/3/2026;4/3/2026;C25;4500122321;10;0368;1;MPITTIA;12/3/2026;31/5/2026;C25;3;31/3/2026;;;;;;;;;;Sin aclaración;En curso - Próximo a vencer;;C25
00368-YPF Acueducto TBH;1000084404;10;ZPAN;CERT 03 TRANSPORTE G;;0;;;;FALFARO;1022295;TRASLADO PERSONAL GLLEN -MAIPU-PEDRIEL;90;35;90;0;55;5000172687;12/5/2026;Servicios;CUMPLIDO PARCIAL;LIGOURI OSCAR OMAR;MR01;31/5/2026;9/3/2026;10144907;10;1;9/3/2026;10/3/2026;C25;4500123671;10;0368;1;MPITTIA;30/3/2026;30/5/2026;C25;2;12/5/2026;;;;;;;;;;Sin aclaración;En curso - Próximo a vencer;;C25
00368-YPF Acueducto TBH;1000084539;10;ZPAN;CERT 03 FLETE MDZ;;0;;;;FALFARO;1012981;FLETE PAQUETERIA EXPRESO LUJAN;2000000;1255316,26;2000000;0;744683,74;5000170364;23/4/2026;Servicios;CUMPLIDO PARCIAL;EXPRESO LUJAN DE CUYO SA;MR01;31/5/2026;10/3/2026;10145082;10;1;10/3/2026;12/3/2026;C15;4500123120;10;0368;1;GDIAZ;20/3/2026;30/5/2026;C15;4;23/4/2026;;;;;;;;;;Sin aclaración;En curso - Próximo a vencer;;C15
00368-YPF Acueducto TBH;1000085028;10;ZPAN;P.2 ROTURA DE PROBET;;2;;;;MSILVA;1013000;ENSAYO DE PROBETA HORMIGON;100;62;100;0;38;5000166708;25/3/2026;Servicios;CUMPLIDO PARCIAL;CONTROL Y DESARROLLO DE HORMIG;MR01;31/5/2026;17/3/2026;10145663;10;1;17/3/2026;18/3/2026;C26;4500122955;10;0368;1;YCOLMAN;19/3/2026;31/5/2026;C26;18;31/12/2025;;;;;;;;;;Sin aclaración;En curso - Próximo a vencer;;C26
00368-YPF Acueducto TBH;1000085260;10;ZPAN;GASES P/CALENTAR Y O;;2;;;;MSILVA;1017956;ACETILENO x Kg;21;0;21;0;21;;;Servicios;ADJUDICADO;GASES ACONCAGUA S.A.;MR01;30/4/2026;20/3/2026;10145989;10;1;20/3/2026;23/3/2026;C07;4500123216;10;0368;1;MSILVA;23/3/2026;30/4/2026;C07;0;;;;;;;;;;;Sin aclaración;Vencido con cant pendiente a recep;;C07
00368-YPF Acueducto TBH;1000085260;20;ZPAN;GASES P/CALENTAR Y O;;2;;;;MSILVA;1017955;OXIGENO x M3;31,8;0;31,8;0;31,8;;;Servicios;ADJUDICADO;GASES ACONCAGUA S.A.;MR01;30/4/2026;20/3/2026;10145989;20;1;20/3/2026;23/3/2026;C07;4500123216;20;0368;1;MSILVA;23/3/2026;30/4/2026;C07;0;;;;;;;;;;;Sin aclaración;Vencido con cant pendiente a recep;;C07
00368-YPF Acueducto TBH;1000085260;30;ZPAN;GASES P/CALENTAR Y O;;2;;;;MSILVA;1013105;ALQUILER TUBOS DE GASES OX/ACETILENO;12;0;12;0;12;;;Servicios;ADJUDICADO;GASES ACONCAGUA S.A.;MR01;30/4/2026;20/3/2026;10145989;30;1;20/3/2026;23/3/2026;C07;4500123216;30;0368;1;MSILVA;23/3/2026;30/4/2026;C07;0;;;;;;;;;;;Sin aclaración;Vencido con cant pendiente a recep;;C07
00368-YPF Acueducto TBH;1000085546;10;ZPAN;CERT 03 CARPERA ASFA;;0;;;;FALFARO;1042106;CARPETA DE CONCRETO ASFALTICO M2;11500;0;11500;0;11500;;;Servicios;ADJUDICADO;KRAFT CONSTRUCTORA S.R.L.;MR01;10/5/2026;26/3/2026;10146397;10;1;26/3/2026;27/3/2026;C26;4500123550;10;0368;1;AGONZALEZ;27/3/2026;15/5/2026;C26;0;;;;;;;;;;;Sin aclaración;Vencido con cant pendiente a recep;;C26
00368-YPF Acueducto TBH;1000085546;20;ZPAN;CERT 03 CARPERA ASFA;;0;;;;FALFARO;1042106;FRESADO M2;11500;0;11500;0;11500;;;Servicios;ADJUDICADO;KRAFT CONSTRUCTORA S.R.L.;MR01;10/5/2026;26/3/2026;10146397;20;1;26/3/2026;27/3/2026;C26;4500123550;20;0368;1;AGONZALEZ;27/3/2026;15/5/2026;C26;0;;;;;;;;;;;Sin aclaración;Vencido con cant pendiente a recep;;C26
00368-YPF Acueducto TBH;1000085546;30;ZPAN;CERT 03 CARPERA ASFA;;0;;;;FALFARO;1042106;GEOTEXTIL M2;1800;0;1800;0;1800;;;Servicios;ADJUDICADO;KRAFT CONSTRUCTORA S.R.L.;MR01;10/5/2026;26/3/2026;10146397;30;1;26/3/2026;27/3/2026;C26;4500123550;30;0368;1;AGONZALEZ;27/3/2026;15/5/2026;C26;0;;;;;;;;;;;Sin aclaración;Vencido con cant pendiente a recep;;C26
00368-YPF Acueducto TBH;1000085576;10;ZPAN;CERT 03 COSTURAS;;0;;;;FALFARO;1042362;"COSTURAS DE 8"" A 12""  XUN";22;22;22;0;0;5000172670;12/5/2026;Servicios;CUMPLIDO;ERLOMA S.A.;MR01;31/5/2026;27/3/2026;10146424;10;1;27/3/2026;27/3/2026;C26;4500124048;10;0368;1;AGONZALEZ;1/4/2026;31/5/2026;C26;4;12/5/2026;;;;;;;;;;Sin aclaración;En curso - Próximo a vencer;;C26
00368-YPF Acueducto TBH;1000086048;10;ZPAN;CERT 03 MEDICINA LAB;;1;;4;13/4/2026;FALFARO;1013124;SERVICIO MEDICO XDIA;90;30;30;60;60;5000168945;14/4/2026;Servicios;RESPONDIDO;MIERAS RAUL DAVID;MR01;31/5/2026;6/4/2026;10146949;10;1;6/4/2026;6/4/2026;C25;4500124777;10;0368;1;MPITTIA;13/4/2026;24/4/2026;C25;1;14/4/2026;;;;;;;;;;Sin aclaración;En curso - Próximo a vencer;;C25
00368-YPF Acueducto TBH;1000086144;30;ZPAN;P2.DESMOVILIZACION O;;2;;;;MSILVA;1012973;FLETE SEMIRREMOLQUE 13,5MT XVIAJE;1;0;1;0;1;;;Servicios;ADJUDICADO;TRANSLOGISTICA VESPRINI S. R. L.;MR01;15/5/2026;7/4/2026;10147080;30;1;7/4/2026;7/4/2026;C15;4500125394;10;0368;1;GDIAZ;17/4/2026;15/5/2026;C15;2;;;;;;;;;;;Sin aclaración;Vencido con cant pendiente a recep;;C15
00368-YPF Acueducto TBH;1000087478;10;ZPAN;P.2 CERTIFICACION SO;;2;;;;MSILVA;1013029;CALIFICACION DE SOLDADOR;18;0;18;0;18;;;Servicios;ADJUDICADO;KUHN MATIAS DANIEL;MR01;5/5/2026;28/4/2026;10148823;10;1;28/4/2026;29/4/2026;C07;4500126675;10;0368;1;MSILVA;4/5/2026;5/5/2026;C07;0;;;;;;;;;;;Sin aclaración;Vencido con cant pendiente a recep;;C07
00368-YPF Acueducto TBH;1000087891;10;ZPAN;CERT 03 MEDICINA LAB;;0;;;;FALFARO;1013124;SERVICIO MEDICO XDIA;30;30;30;0;0;5000172515;11/5/2026;Servicios;CUMPLIDO;MIERAS RAUL DAVID;MR01;27/5/2026;6/5/2026;10149440;10;1;6/5/2026;7/5/2026;C25;4500127256;10;0368;1;MPITTIA;11/5/2026;27/5/2026;C25;1;11/5/2026;;;;;;;;;;Sin aclaración;En curso - Próximo a vencer;;C25
00368-YPF Acueducto TBH;1000088040;10;ZPAN;CERT 03 SEGURYTEC FO;;1;;;;FALFARO;1022297;FORMALIZAR SEGURIDAD PATRI ABRIL 26;567;567;567;0;0;5000174264;24/5/2026;Servicios;CUMPLIDO;SEGURYTEC S.R.L.;MR01;29/5/2026;8/5/2026;10149641;10;1;8/5/2026;11/5/2026;C25;4500128080;10;0368;1;MPITTIA;19/5/2026;29/5/2026;C25;1;24/5/2026;;;;;;;;;;Sin aclaración;En curso - Próximo a vencer;;C25
00368-YPF Acueducto TBH;1000088576;10;ZPAN;CERT 03 MEDICINA LAB;;1;;;;FALFARO;1027345;FORMALIZAR SERV MEDICO REDMEL FACT971;1;1;1;0;0;5000174265;24/5/2026;Servicios;CUMPLIDO;RED DE MEDICINA LABORAL S. A.;MR01;8/6/2026;18/5/2026;10150393;10;1;18/5/2026;18/5/2026;C25;4500128339;10;0368;1;ALOPEZ;21/5/2026;8/6/2026;C25;1;24/5/2026;;;;;;;;;;Sin aclaración;En curso - Próximo a vencer;;C25
00368-YPF Acueducto TBH;1000088604;10;ZPAN;P2.DESMOVILIZACION O;;2;;;;MSILVA;1012973;FLETE SEMIRREMOLQUE 13,5MT XVIAJE (1);1;0;0;1;0;;;Servicios;SIN TRATAMIENTO;;MR01;10/6/2026;18/5/2026;10150447;10;1;18/5/2026;18/5/2026;C15;;0;;0;;;;;0;;;;;;;;;;;Sin aclaración;En curso - Próximo a vencer;;C15
00368-YPF Acueducto TBH;1000088604;20;ZPAN;P2.DESMOVILIZACION O;;2;;;;MSILVA;1012973;FLETE SEMIRREMOLQUE 13,5MT XVIAJE (2);1;0;0;1;0;;;Servicios;SIN TRATAMIENTO;;MR01;10/6/2026;18/5/2026;10150447;20;1;18/5/2026;18/5/2026;C15;;0;;0;;;;;0;;;;;;;;;;;Sin aclaración;En curso - Próximo a vencer;;C15
00368-YPF Acueducto TBH;1000088604;30;ZPAN;P2.DESMOVILIZACION O;;2;;;;MSILVA;1012973;FLETE SEMIRREMOLQUE 13,5MT XVIAJE (3);1;0;0;1;0;;;Servicios;SIN TRATAMIENTO;;MR01;10/6/2026;18/5/2026;10150447;30;1;18/5/2026;18/5/2026;C15;;0;;0;;;;;0;;;;;;;;;;;Sin aclaración;En curso - Próximo a vencer;;C15
00368-YPF Acueducto TBH;1000088604;40;ZPAN;P2.DESMOVILIZACION O;;2;;;;MSILVA;1012973;FLETE SEMIRREMOLQUE 13,5MT XVIAJE (4);1;0;0;1;0;;;Servicios;SIN TRATAMIENTO;;MR01;10/6/2026;18/5/2026;10150447;40;1;18/5/2026;18/5/2026;C15;;0;;0;;;;;0;;;;;;;;;;;Sin aclaración;En curso - Próximo a vencer;;C15
00368-YPF Acueducto TBH;1000088604;50;ZPAN;P2.DESMOVILIZACION O;;2;;;;MSILVA;1012973;FLETE SEMIRREMOLQUE 13,5MT XVIAJE (5);1;0;0;1;0;;;Servicios;SIN TRATAMIENTO;;MR01;10/6/2026;18/5/2026;10150447;50;1;18/5/2026;18/5/2026;C15;;0;;0;;;;;0;;;;;;;;;;;Sin aclaración;En curso - Próximo a vencer;;C15
00368-YPF Acueducto TBH;1000088604;60;ZPAN;P2.DESMOVILIZACION O;;2;;;;MSILVA;1012973;FLETE SEMIRREMOLQUE 13,5MT XVIAJE (6);1;0;0;1;0;;;Servicios;SIN TRATAMIENTO;;MR01;10/6/2026;18/5/2026;10150447;60;1;18/5/2026;18/5/2026;C15;;0;;0;;;;;0;;;;;;;;;;;Sin aclaración;En curso - Próximo a vencer;;C15
00368-YPF Acueducto TBH;1000088604;70;ZPAN;P2.DESMOVILIZACION O;;2;;;;MSILVA;1012973;FLETE SEMIRREMOLQUE 13,5MT XVIAJE (7);1;0;0;1;0;;;Servicios;SIN TRATAMIENTO;;MR01;10/6/2026;18/5/2026;10150447;70;1;18/5/2026;18/5/2026;C15;;0;;0;;;;;0;;;;;;;;;;;Sin aclaración;En curso - Próximo a vencer;;C15
00368-YPF Acueducto TBH;1000088604;80;ZPAN;P2.DESMOVILIZACION O;;2;;;;MSILVA;1012973;FLETE SEMIRREMOLQUE 13,5MT XVIAJE (8);1;0;0;1;0;;;Servicios;SIN TRATAMIENTO;;MR01;10/6/2026;18/5/2026;10150447;80;1;18/5/2026;18/5/2026;C15;;0;;0;;;;;0;;;;;;;;;;;Sin aclaración;En curso - Próximo a vencer;;C15
00368-YPF Acueducto TBH;1000088604;90;ZPAN;P2.DESMOVILIZACION O;;2;;;;MSILVA;1012973;FLETE SEMIRREMOLQUE 13,5MT XVIAJE (9);1;0;0;1;0;;;Servicios;SIN TRATAMIENTO;;MR01;10/6/2026;18/5/2026;10150447;90;1;18/5/2026;18/5/2026;C15;;0;;0;;;;;0;;;;;;;;;;;Sin aclaración;En curso - Próximo a vencer;;C15
00368-YPF Acueducto TBH;1000088604;100;ZPAN;P2.DESMOVILIZACION O;;2;;;;MSILVA;1012973;FLETE SEMIRREMOLQUE 13,5MT XVIAJE (10);1;0;0;1;0;;;Servicios;SIN TRATAMIENTO;;MR01;10/6/2026;18/5/2026;10150447;100;1;19/5/2026;19/5/2026;C15;;0;;0;;;;;0;;;;;;;;;;;Sin aclaración;En curso - Próximo a vencer;;C15
00368-YPF Acueducto TBH;1000088693;10;ZPAN;P2.DESMOVILIZACION O;;2;;;;MSILVA;1012973;FLETE SEMIRREMOLQUE 13,5MT XVIAJE (11);1;0;0;1;0;;;Servicios;SIN TRATAMIENTO;;MR01;12/6/2026;19/5/2026;10150553;10;1;19/5/2026;19/5/2026;C15;;0;;0;;;;;0;;;;;;;;;;;Sin aclaración;En curso - Próximo a vencer;;C15
00368-YPF Acueducto TBH;1000088833;10;ZPAN;P2.DESMOVILIZACION O;;2;;;;MSILVA;1012973;FLETE SEMIRREMOLQUE 13,5MT XVIAJE (12);1;0;0;1;0;;;Servicios;SIN TRATAMIENTO;;MR01;12/6/2026;20/5/2026;10150667;10;1;20/5/2026;21/5/2026;C15;;0;;0;;;;;0;;;;;;;;;;;Sin aclaración;En curso - Próximo a vencer;;C15
00368-YPF Acueducto TBH;1000088996;10;ZPAN;CERT 03 OMNITRONIC F;;1;;;;FALFARO;1042056;DIA DE CUADRILLA  FORMALIZAR;4,784;0;0;5;0;;;Servicios;SIN TRATAMIENTO;;MR01;15/6/2026;24/5/2026;10150922;10;1;24/5/2026;24/5/2026;C26;;0;;0;;;;;0;;;;;;;;;;;Sin aclaración;En curso - Próximo a vencer;;C26
00368-YPF Acueducto TBH;1000088996;20;ZPAN;CERT 03 OMNITRONIC F;;1;;;;FALFARO;1042056;PRUEBA AISLACION ELEC BLOQUE AYB;2;0;0;2;0;;;Servicios;SIN TRATAMIENTO;;MR01;15/6/2026;24/5/2026;10150922;20;1;24/5/2026;24/5/2026;C26;;0;;0;;;;;0;;;;;;;;;;;Sin aclaración;En curso - Próximo a vencer;;C26
00369-YPF OLEODUCTO PR-LP PK-451;1000055716;10;ZPAN;ZPI 4000004584 atenc;;0;;4;14/11/2025;JBURON;1012846;servicio de atencion primaria x mes;10;9,5;9,5;0;0,5;5000140745;4/8/2025;Materiales genericos;RESPONDIDO;COOP. DE TRAB. SUM LAS FLORES LTDA.;MR01;4/11/2025;14/10/2024;10107629;10;1;14/10/2024;14/10/2024;C25;4500085889;10;0369;1;MPITTIA;16/10/2024;30/9/2025;C25;14;4/8/2025;;;;;;;;;;Sin aclaración;Vencido con cant pendiente a recep;;C25
00369-YPF OLEODUCTO PR-LP PK-451;1000056901;10;ZPAN;SERV VISTA DE OBRA;;2;;3;22/9/2025;JPIEDRABUENA;1012851;VISITA DE OBRA;4;1;1;3;3;5000118080;28/11/2024;Materiales genericos;CUMPLIDO;KUHN MATIAS DANIEL;MR01;30/8/2025;5/11/2024;10109125;10;1;5/11/2024;5/11/2024;C26;4500087308;10;0369;1;AGONZALEZ;6/11/2024;30/8/2025;C26;5;27/11/2024;;;;;;;;;;Sin aclaración;Vencido con cant pendiente a recep;;C26
00369-YPF OLEODUCTO PR-LP PK-451;1000062453;20;ZPAN;PM RASTREO SATELITAL;;2;;;;JPIEDRABUENA;1025940;SERVICIO DE RASTREO SATELITAL VEHICUL XU;13;0;13;0;13;;;Servicios;ADJUDICADO;AC SAT S.R.L.;MR01;11/3/2026;19/2/2025;10116060;20;1;19/2/2025;21/3/2025;C25;4500096669;20;0369;1;MPITTIA;8/4/2025;11/3/2026;C25;2;;;;;;;;;;;Sin aclaración;Vencido con cant pendiente a recep;;C25
00369-YPF OLEODUCTO PR-LP PK-451;1000073822;10;ZPAN;EXTENCION OC 4500093;;0;;4;18/2/2026;JPIEDRABUENA;1025931;SERVICIO DE INTERNET X MES;1;0;0;1;1;;;Servicios;RESPONDIDO;;MR01;1/10/2025;11/9/2025;10130841;10;1;11/9/2025;11/9/2025;C25;;0;;1;;;;;0;;;;;;;;;;;Sin aclaración;Vencido con cant pendiente a recep;;C25
00369-YPF OLEODUCTO PR-LP PK-451;1000078327;10;ZPAN;SANEAMIENTO 369;;2;;;;JPIEDRABUENA;1033855;SERVICIO ALQ EQUIPO C/CHOFER X UN;1;0;1;0;1;;;Servicios;ADJUDICADO;SUCESION DE LASCOMBES PEDRO ENRIQUE;MR01;15/12/2025;24/11/2025;10136642;10;1;24/11/2025;26/11/2025;C26;4500114058;10;0369;1;AGONZALEZ;27/11/2025;15/6/2026;C26;0;;;;;;;;;;;Sin aclaración;Vencido con cant pendiente a recep;;C26
00369-YPF OLEODUCTO PR-LP PK-451;1000078327;30;ZPAN;SANEAMIENTO 369;;2;;;;JPIEDRABUENA;1033855;SERVICIO ALQ EQUIPO C/CHOFER X UN;1;0;1;0;1;;;Servicios;ADJUDICADO;SUCESION DE LASCOMBES PEDRO ENRIQUE;MR01;15/12/2025;24/11/2025;10136642;30;1;24/11/2025;26/11/2025;C26;4500114058;30;0369;1;AGONZALEZ;27/11/2025;15/6/2026;C26;0;;;;;;;;;;;Sin aclaración;Vencido con cant pendiente a recep;;C26
00372 UTE 372 GEO POSCO II;1000070299;10;ZPAN;03 - SUP TOPOGRAFIA;;0;;;;MMOHR;1027430;SERVICIO DE TOPOGRAFIA x MES;3;3;3;0;0;5000151078;3/11/2025;Servicios;CUMPLIDO;ARQ&TOP S. R. L.;U003;15/11/2026;15/7/2025;10126175;10;1;15/7/2025;7/8/2025;C26;4500104167;10;4403;1;AGONZALEZ;21/7/2025;15/11/2026;C26;8;3/11/2025;;;;;;;;;;03 Cert Mensual;En curso - Total recepcionado;;C26
00372 UTE 372 GEO POSCO II;1000070366;10;ZPAN;03- POLIZA RC SANCOR;;20;;;;GLUNA;1012957;SEGURO RESPONSABILIDAD CIVIL CON SANCOR;1;1;1;0;0;5000139532;23/7/2025;Servicios;CUMPLIDO;SANCOR COOP. DE SEG. LTDA.;U003;30/5/2026;16/7/2025;10126257;10;1;16/7/2025;16/7/2025;C16;4500104331;10;4403;1;JESPARZA;23/7/2025;30/5/2026;C16;1;23/7/2025;;;;;;;;;;03 Cert Mensual;En curso - Próximo a vencer;Rojo;C16
00372 UTE 372 GEO POSCO II;1000070398;10;ZPAN;03- SERV. INTERNET 1;;20;;;;GLUNA;1025931;SERVICIO DE INTERNET 1 TB   X MES;14;10;14;0;4;5000171340;30/4/2026;Servicios;RECEPCIONADO PARCIAL;JAWIT S.A.;U003;23/9/2026;16/7/2025;10126281;10;1;16/7/2025;17/7/2025;C25;4500104423;10;4403;1;MPITTIA;24/7/2025;23/9/2026;C25;10;30/4/2026;;;;;;;;;;03 Cert Mensual;En curso;Verde;C25
00372 UTE 372 GEO POSCO II;1000071014;20;ZPAN;03 - LICENCIADO MED;;0;;;;NGONCALVEZ;1022295;GESTION INSCRIPCION PELIGROS SALTA;1;1;1;0;0;5000144072;2/9/2025;Servicios;CUMPLIDO;DELGADO JORGE ESTEBAN;U003;11/9/2026;28/7/2025;10127049;20;1;7/8/2025;7/8/2025;C25;4500106249;20;4403;1;MPITTIA;18/8/2025;11/9/2026;C25;1;2/9/2025;;;;;;;;;;03 Cert Mensual;En curso - Total recepcionado;;C25
00372 UTE 372 GEO POSCO II;1000071014;30;ZPAN;03 - LICENCIADO MED;;0;;;;NGONCALVEZ;1022295;GESTION INSCRIPCION PELIGROS CATAMARCA;1;1;1;0;0;5000144072;2/9/2025;Servicios;CUMPLIDO;DELGADO JORGE ESTEBAN;U003;11/9/2026;28/7/2025;10127049;30;1;7/8/2025;7/8/2025;C25;4500106249;30;4403;1;MPITTIA;18/8/2025;11/9/2026;C25;1;2/9/2025;;;;;;;;;;03 Cert Mensual;En curso - Total recepcionado;;C25
00372 UTE 372 GEO POSCO II;1000071014;40;ZPAN;03 - LICENCIADO MED;;0;;;;NGONCALVEZ;1022295;PLAN GESTION AMBIENTA Y MATRIZ RIESGOS;1;1;1;0;0;5000144072;2/9/2025;Servicios;CUMPLIDO;DELGADO JORGE ESTEBAN;U003;11/9/2026;28/7/2025;10127049;40;1;7/8/2025;7/8/2025;C25;4500106249;40;4403;1;MPITTIA;18/8/2025;11/9/2026;C25;1;2/9/2025;;;;;;;;;;03 Cert Mensual;En curso - Total recepcionado;;C25
00372 UTE 372 GEO POSCO II;1000072311;10;ZPAN;01 - SERVICIO LAVADO;;0;;;;MMOHR;1041903;LAVADO VEHICULO LIVIANO COMPLETO;10;10;10;0;0;5000163975;4/3/2026;Servicios;CUMPLIDO;MORENO VARGAS LUCIANA GISEL;U003;28/9/2026;18/8/2025;10128715;10;1;18/8/2025;18/8/2025;372;4500106454;10;4403;1;MZERPA;20/8/2025;15/4/2026;372;2;4/3/2026;;;;;;;;;;01 Cert Semanal;En curso - Total recepcionado;;372
00372 UTE 372 GEO POSCO II;1000072705;10;ZPAN;01 - RETIRO SOBRANTE;;0;;;;GLUNA;1022295;RETIRO MATERIAL SOBRANTE GEO;14;0;14;0;14;;;Servicios;ADJUDICADO;PETIT PLAST SOCIEDAD ANONIMA;U003;30/10/2026;25/8/2025;10129303;10;1;25/8/2025;25/8/2025;C25;4500108829;10;4403;2;MPITTIA;18/9/2025;30/10/2026;C25;0;;;;;;;;;;;01 Cert Semanal;En curso;;C25
00372 UTE 372 GEO POSCO II;1000073534;10;ZPAN;03 - TRANS PERS SALT;;0;;;;NGONCALVEZ;1013113;SERV TRANSPORTE PERSONAL COMBI;4;4;4;0;0;5000160651;3/2/2026;Servicios;RECEPCIONADO;TRANSPORTE TMS S. A. S.;U003;22/6/2026;7/9/2025;10130405;10;1;7/9/2025;;C25;4500108022;10;4403;1;MPITTIA;8/9/2025;30/4/2026;C25;3;3/2/2026;;;;;;;;;;03 Cert Mensual;En curso - Próximo a vencer;Rojo;C25
00372 UTE 372 GEO POSCO II;1000073536;10;ZPAN;03 - TRANS PERS CATA;;0;;;;NGONCALVEZ;1013113;SERV TTE PERSONAL COMBI CATAMARCA;24;3;24;0;21;5000147840;3/10/2025;Servicios;RECEPCIONADO PARCIAL;PRODUCTOS SERVICIOS Y DISTRIBUCIONE;U003;30/4/2026;7/9/2025;10130407;10;1;7/9/2025;29/9/2025;C25;4500108017;10;4403;1;MPITTIA;8/9/2025;30/11/2026;C25;1;3/10/2025;;;;;;;;;;03 Cert Mensual;Vencido con cant pendiente a recep;;C25
00372 UTE 372 GEO POSCO II;1000073536;20;ZPAN;03 - TRANS PERS CATA;;0;;;;NGONCALVEZ;1013113;SERV DE ESCOLTA CATAMARCA;24;5;24;0;19;5000151066;3/11/2025;Servicios;RECEPCIONADO PARCIAL;PRODUCTOS SERVICIOS Y DISTRIBUCIONE;U003;30/4/2026;7/9/2025;10130407;20;1;7/9/2025;29/9/2025;C25;4500108017;20;4403;1;MPITTIA;8/9/2025;30/11/2026;C25;6;3/11/2025;;;;;;;;;;03 Cert Mensual;Vencido con cant pendiente a recep;;C25
00372 UTE 372 GEO POSCO II;1000073536;40;ZPAN;03 - TRANS PERS CATA;;0;;;;NGONCALVEZ;1013113;SERV TTE PERSONAL COLECTIVO CATAMARCA;24;2;24;0;22;5000151066;3/11/2025;Servicios;RECEPCIONADO PARCIAL;PRODUCTOS SERVICIOS Y DISTRIBUCIONE;U003;30/6/2026;7/9/2025;10130407;40;1;7/9/2025;29/9/2025;C25;4500108017;40;4403;1;MPITTIA;8/9/2025;30/11/2026;C25;6;3/11/2025;;;;;;;;;;03 Cert Mensual;En curso - Próximo a vencer;Rojo;C25
00372 UTE 372 GEO POSCO II;1000073536;70;ZPAN;03 - TRANS PERS CATA;;0;;;;NGONCALVEZ;1013113;TRANSP PERSONAL BELEN-POSCO COMBI;24;4;24;0;20;5000168365;9/4/2026;Servicios;RECEPCIONADO PARCIAL;PRODUCTOS SERVICIOS Y DISTRIBUCIONE;U003;30/6/2026;7/9/2025;10130407;70;1;4/10/2025;6/10/2025;C25;4500111897;20;4403;1;MPITTIA;29/10/2025;30/4/2026;C25;6;9/4/2026;;;;;;;;;;03 Cert Mensual;En curso - Próximo a vencer;Rojo;C25
00372 UTE 372 GEO POSCO II;1000074691;10;ZPAN;01-PREOCUPACIONALES;;0;;;;NGONCALVEZ;1013130;EXAMEN PREOCUPACIONAL BASICO XUN;50;0;50;0;50;;;Servicios;ADJUDICADO;MED LAB SALTA S.R.L.;U003;30/4/2026;25/9/2025;10131864;10;1;25/9/2025;26/9/2025;C25;4500109516;10;4403;1;MPITTIA;26/9/2025;30/9/2026;C25;0;;;;;;;;;;;01 Cert Semanal;Vencido con cant pendiente a recep;;C25
00372 UTE 372 GEO POSCO II;1000074829;10;ZPAN;03 - ATENCION PRIMAR;;0;;;;NGONCALVEZ;1022295;SERVICIO DE AUSENTISMO Y ATENCION PRIMAR;1800;735;1800;0;1065;5000171344;30/4/2026;Servicios;RECEPCIONADO PARCIAL;LABTEC S. R. L.;U003;13/10/2026;29/9/2025;10132042;10;1;29/9/2025;29/9/2025;C25;4500109709;10;4403;1;MPITTIA;30/9/2025;13/10/2026;C25;8;30/4/2026;;;;;;;;;;03 Cert Mensual;En curso;Verde;C25
00372 UTE 372 GEO POSCO II;1000077060;10;ZPAN;03 - ALQUILER BAÑOS;;0;;;;NGONCALVEZ;1022693;ALQUILER DE MODULO DE BANO X U;88;56;88;0;32;5000173214;15/5/2026;Servicios;RECEPCIONADO PARCIAL;JUVEGUMER S. A. S.;U003;30/4/2026;3/11/2025;10135042;10;1;3/11/2025;3/11/2025;C25;4500113294;10;4403;2;MPITTIA;17/11/2025;30/9/2026;C25;10;15/5/2026;;;;;;;;;;03 Cert Mensual;Vencido con cant pendiente a recep;;C25
00372 UTE 372 GEO POSCO II;1000077060;20;ZPAN;03 - ALQUILER BAÑOS;;0;;;;NGONCALVEZ;1013136;SERVICIO LIMPIEZA DESAGOTE BANO QUIMICO;88;49;88;0;39;5000173214;15/5/2026;Servicios;RECEPCIONADO PARCIAL;JUVEGUMER S. A. S.;U003;30/4/2026;3/11/2025;10135042;20;1;3/11/2025;3/11/2025;C25;4500113294;20;4403;2;MPITTIA;17/11/2025;30/9/2026;C25;11;15/5/2026;;;;;;;;;;03 Cert Mensual;Vencido con cant pendiente a recep;;C25
00372 UTE 372 GEO POSCO II;1000077121;10;ZPAN;03 - LICENCIADO MED;;0;;;;NGONCALVEZ;1022295;SERVICIO LIC  MEDIO AMBIENTE X MES;6;6;6;0;0;5000171341;30/4/2026;Servicios;CUMPLIDO;SORAIRE GUILLERMO FEDERICO;U003;30/6/2026;4/11/2025;10135123;10;1;4/11/2025;4/11/2025;C25;4500113900;10;4403;1;MPITTIA;26/11/2025;30/4/2026;C25;6;30/4/2026;;;;;;;;;;03 Cert Mensual;En curso - Próximo a vencer;Verde;C25
00372 UTE 372 GEO POSCO II;1000077426;10;ZPAN;04 - AGUA BIDON 20 l;;0;;;;NGONCALVEZ;1010725;BIDON DE AGUA 20 L.;200;45;200;0;155;5000172201;8/5/2026;Materiales usuales;RECEPCIONADO PARCIAL;ZAMBRANA SAMUEL;U003;31/7/2026;10/11/2025;10135540;10;1;10/11/2025;10/11/2025;C25;4500113920;10;4403;1;MPITTIA;26/11/2025;30/4/2026;C25;4;8/5/2026;;;;;;;;;;04 Cert a Demanda;En curso;;C25
00372 UTE 372 GEO POSCO II;1000078132;10;ZPAN;01- SERV DE PAQUETER;;0;;;;GLUNA;1012981;PAQ  ANDREANI SJ-SLA;5000000;0;5000000;0;5000000;;;Servicios;ADJUDICADO;ANDREANI LOGISTICA SA;U003;30/4/2026;20/11/2025;10136408;10;1;20/11/2025;21/11/2025;C15;4500114165;10;4403;1;GDIAZ;28/11/2025;30/8/2026;C15;0;;;;;;;;;;;01 Cert Semanal;Vencido con cant pendiente a recep;;C15
00372 UTE 372 GEO POSCO II;1000078132;20;ZPAN;01- SERV DE PAQUETER;;0;;;;GLUNA;1012981;PAQ  ANDREANI ROS-SLA;5000000;0;5000000;0;5000000;;;Servicios;ADJUDICADO;ANDREANI LOGISTICA SA;U003;30/4/2026;20/11/2025;10136408;20;1;20/11/2025;21/11/2025;C15;4500114165;20;4403;1;GDIAZ;28/11/2025;30/8/2026;C15;0;;;;;;;;;;;01 Cert Semanal;Vencido con cant pendiente a recep;;C15
00372 UTE 372 GEO POSCO II;1000078132;30;ZPAN;01- SERV DE PAQUETER;;0;;;;GLUNA;1012981;PAQ  CRUZ DEL SUR  SJ-SLA;5000000;201517,59;5000000;0;4798482,41;5000170396;23/4/2026;Servicios;RECEPCIONADO PARCIAL;V.MASSON TRAP.CRUZ DEL SUR SA;U003;30/4/2026;20/11/2025;10136408;30;1;20/11/2025;21/11/2025;C15;4500114168;30;4403;1;GDIAZ;28/11/2025;30/8/2026;C15;3;23/4/2026;;;;;;;;;;01 Cert Semanal;Vencido con cant pendiente a recep;;C15
00372 UTE 372 GEO POSCO II;1000078132;40;ZPAN;01- SERV DE PAQUETER;;0;;;;GLUNA;1012981;PAQ  CRUZ DEL SUR  ROS-SLA;5000000;3389374,94;5000000;0;1610625,06;5000173430;18/5/2026;Servicios;RECEPCIONADO PARCIAL;V.MASSON TRAP.CRUZ DEL SUR SA;U003;30/4/2026;20/11/2025;10136408;40;1;20/11/2025;21/11/2025;C15;4500114168;40;4403;1;GDIAZ;28/11/2025;30/8/2026;C15;14;18/5/2026;;;;;;;;;;01 Cert Semanal;Vencido con cant pendiente a recep;;C15
00372 UTE 372 GEO POSCO II;1000079643;10;ZPAN;01-RETIRO DE RESIDUO;;0;;;;GLUNA;1022295;TRATAMIENTO Y48 M3;10;0;10;0;10;;;Servicios;ADJUDICADO;BARRIOS FROILAN;U003;29/9/2026;15/12/2025;10138350;10;1;15/12/2025;26/1/2026;C25;4500118600;10;4403;1;MPITTIA;28/1/2026;29/9/2026;C25;0;;;;;;;;;;;01 Cert Semanal;En curso;;C25
00372 UTE 372 GEO POSCO II;1000079643;20;ZPAN;01-RETIRO DE RESIDUO;;0;;;;GLUNA;1022295;TRATAMIENTO Y8 LTS;4000;0;4000;0;4000;;;Servicios;ADJUDICADO;BARRIOS FROILAN;U003;29/9/2026;15/12/2025;10138350;20;1;15/12/2025;26/1/2026;C25;4500118600;20;4403;1;MPITTIA;28/1/2026;29/9/2026;C25;0;;;;;;;;;;;01 Cert Semanal;En curso;;C25
00372 UTE 372 GEO POSCO II;1000079643;30;ZPAN;01-RETIRO DE RESIDUO;;0;;;;GLUNA;1022295;TRATAMIENTO Y9 LTS;1000;0;1000;0;1000;;;Servicios;ADJUDICADO;BARRIOS FROILAN;U003;29/9/2026;15/12/2025;10138350;30;1;15/12/2025;26/1/2026;C25;4500118600;30;4403;1;MPITTIA;28/1/2026;29/9/2026;C25;0;;;;;;;;;;;01 Cert Semanal;En curso;;C25
00372 UTE 372 GEO POSCO II;1000079643;60;ZPAN;01-RETIRO DE RESIDUO;;0;;;;GLUNA;1022295;FLETE;9;2;9;0;7;5000163751;3/3/2026;Servicios;RECEPCIONADO PARCIAL;BARRIOS FROILAN;U003;29/9/2026;15/12/2025;10138350;60;1;15/12/2025;26/1/2026;C25;4500117845;60;4403;1;MPITTIA;19/1/2026;29/9/2026;C25;5;3/3/2026;;;;;;;;;;01 Cert Semanal;En curso;Rojo;C25
00372 UTE 372 GEO POSCO II;1000080640;10;ZPAN;03 - ALQ IMRESORAS;;0;;;;MMOHR;1026131;ALQ IMPRESORA MULTIF COLOR A3 X MES;6;4;6;0;2;5000171338;30/4/2026;Servicios;RECEPCIONADO PARCIAL;TECNICA Y SISTEMAS SRL;U003;8/6/2026;8/1/2026;10139912;10;1;8/1/2026;9/1/2026;C25;4500118304;10;4403;1;MPITTIA;23/1/2026;22/6/2026;C25;4;30/4/2026;;;;;;;;;;03 Cert Mensual;En curso - Próximo a vencer;Verde;C25
00372 UTE 372 GEO POSCO II;1000080640;20;ZPAN;03 - ALQ IMRESORAS;;0;;;;MMOHR;1026130;ALQ IMPRESORA MULTIF BYN A3 x MES;6;4;6;0;2;5000171338;30/4/2026;Servicios;RECEPCIONADO PARCIAL;TECNICA Y SISTEMAS SRL;U003;8/6/2026;8/1/2026;10139912;20;1;8/1/2026;9/1/2026;C25;4500118304;20;4403;1;MPITTIA;23/1/2026;22/6/2026;C25;4;30/4/2026;;;;;;;;;;03 Cert Mensual;En curso - Próximo a vencer;Verde;C25
00372 UTE 372 GEO POSCO II;1000081668;10;ZPAN;01 - EXT TRANSP PERS;;0;;;;NGONCALVEZ;1026128;REMIS EL EJE - TERM SANTA MARIA;15;8;15;0;7;5000169538;17/4/2026;Servicios;RECEPCIONADO PARCIAL;FLORES OSCAR ARIEL;U003;6/6/2026;23/1/2026;10141286;10;1;23/1/2026;26/1/2026;C25;4500118789;10;4403;1;MPITTIA;29/1/2026;6/6/2026;C25;3;17/4/2026;;;;;;;;;;01 Cert Semanal;En curso - Próximo a vencer;Rojo;C25
00372 UTE 372 GEO POSCO II;1000081668;20;ZPAN;01 - EXT TRANSP PERS;;0;;;;NGONCALVEZ;1026128;REMIS TERM SANTA MARIA - EL EJE;15;7;15;0;8;5000174260;24/5/2026;Servicios;RECEPCIONADO PARCIAL;FLORES OSCAR ARIEL;U003;6/6/2026;23/1/2026;10141286;20;1;23/1/2026;26/1/2026;C25;4500118789;20;4403;1;MPITTIA;29/1/2026;6/6/2026;C25;3;24/5/2026;;;;;;;;;;01 Cert Semanal;En curso - Próximo a vencer;Verde;C25
00372 UTE 372 GEO POSCO II;1000082855;10;ZPAN;01- SERV DE PAQUETER;;1;;;;GLUNA;1012981;PAQ  LA SEVILLANITA  ROS-SLA;5000000;0;5000000;0;5000000;;;Servicios;ADJUDICADO;TRANSPORTES LA SEVILLANITA SRL;U003;26/10/2026;12/2/2026;10142818;10;1;12/2/2026;12/2/2026;C15;4500120184;10;4403;1;GDIAZ;18/2/2026;26/10/2026;C15;0;;;;;;;;;;;01 Cert Semanal;En curso;;C15
00372 UTE 372 GEO POSCO II;1000083039;10;ZPAN;03SERVICIO REMIS FLO;;0;;;;MMOHR;1026128;REMIS TERM BELEN- TERM SANTA MARIA;12;3;12;0;9;5000171343;30/4/2026;Servicios;RECEPCIONADO PARCIAL;FLORES OSCAR ARIEL;U003;15/7/2026;15/2/2026;10143039;10;1;15/2/2026;18/2/2026;C24;4500120477;10;4403;1;MPITTIA;20/2/2026;15/7/2026;C24;1;30/4/2026;;;;;;;;;;03 Cert Mensual;En curso;Verde;C24
00372 UTE 372 GEO POSCO II;1000083039;20;ZPAN;03SERVICIO REMIS FLO;;0;;;;MMOHR;1026128;REMIS TERM SANTA MARIA- TERM EJE;12;9;12;0;3;5000172250;8/5/2026;Servicios;RECEPCIONADO PARCIAL;FLORES OSCAR ARIEL;U003;15/7/2026;15/2/2026;10143039;20;1;15/2/2026;18/2/2026;C24;4500120477;20;4403;1;MPITTIA;20/2/2026;15/7/2026;C24;3;8/5/2026;;;;;;;;;;03 Cert Mensual;En curso;Verde;C24
00372 UTE 372 GEO POSCO II;1000083040;10;ZPAN;01-SERVICIO REMIS GO;;0;;;;MMOHR;1026128;REMIS TERM BELEN - TERMIN ANDAGALA;12;12;12;0;0;5000174012;21/5/2026;Servicios;CUMPLIDO;GOMEZ JULIO ANDRES;U003;15/7/2026;15/2/2026;10143040;10;1;15/2/2026;18/2/2026;C24;4500120479;10;4403;1;MPITTIA;20/2/2026;15/5/2026;C24;8;21/5/2026;;;;;;;;;;01 Cert Semanal;En curso - Total recepcionado;;C24
00372 UTE 372 GEO POSCO II;1000083040;20;ZPAN;01-SERVICIO REMIS GO;;0;;;;MMOHR;1026128;REMIS TERM BELEN - TERM TINOGASTA;12;5;12;0;7;5000174012;21/5/2026;Servicios;RECEPCIONADO PARCIAL;GOMEZ JULIO ANDRES;U003;15/7/2026;15/2/2026;10143040;20;1;15/2/2026;18/2/2026;C24;4500120479;20;4403;1;MPITTIA;20/2/2026;15/5/2026;C24;5;21/5/2026;;;;;;;;;;01 Cert Semanal;En curso;Verde;C24
00372 UTE 372 GEO POSCO II;1000083040;30;ZPAN;01-SERVICIO REMIS GO;;0;;;;MMOHR;1026128;REMIS TERM BELEN - TERM FIAMBALA;12;5;12;0;7;5000174012;21/5/2026;Servicios;RECEPCIONADO PARCIAL;GOMEZ JULIO ANDRES;U003;15/7/2026;15/2/2026;10143040;30;1;15/2/2026;18/2/2026;C24;4500120479;30;4403;1;MPITTIA;20/2/2026;15/5/2026;C24;5;21/5/2026;;;;;;;;;;01 Cert Semanal;En curso;Verde;C24
00372 UTE 372 GEO POSCO II;1000083040;40;ZPAN;01-SERVICIO REMIS GO;;0;;;;MMOHR;1026128;REMIS TERM FIAMBALA - TERM BELEN;12;3;12;0;9;5000172256;8/5/2026;Servicios;RECEPCIONADO PARCIAL;GOMEZ JULIO ANDRES;U003;15/7/2026;15/2/2026;10143040;40;1;15/2/2026;18/2/2026;C24;4500120479;40;4403;1;MPITTIA;20/2/2026;15/5/2026;C24;5;8/5/2026;;;;;;;;;;01 Cert Semanal;En curso;Rojo;C24
00372 UTE 372 GEO POSCO II;1000083040;50;ZPAN;01-SERVICIO REMIS GO;;0;;;;MMOHR;1026128;REMIS TERM TINOGASTA - TERM BELEN;12;6;12;0;6;5000172256;8/5/2026;Servicios;RECEPCIONADO PARCIAL;GOMEZ JULIO ANDRES;U003;15/7/2026;15/2/2026;10143040;50;1;15/2/2026;18/2/2026;C24;4500120479;50;4403;1;MPITTIA;20/2/2026;15/5/2026;C24;6;8/5/2026;;;;;;;;;;01 Cert Semanal;En curso;Rojo;C24
00372 UTE 372 GEO POSCO II;1000083040;60;ZPAN;01-SERVICIO REMIS GO;;0;;;;MMOHR;1026128;REMIS TERM ANDAGALA - TERM BELEN;12;11;12;0;1;5000172256;8/5/2026;Servicios;RECEPCIONADO PARCIAL;GOMEZ JULIO ANDRES;U003;15/7/2026;15/2/2026;10143040;60;1;15/2/2026;18/2/2026;C24;4500120479;60;4403;1;MPITTIA;20/2/2026;15/5/2026;C24;6;8/5/2026;;;;;;;;;;01 Cert Semanal;En curso;Rojo;C24
00372 UTE 372 GEO POSCO II;1000083914;10;ZPAN;03 - TRANS PERSONAL;;0;;;;NGONCALVEZ;1013113;SNACK DE VIAJE - CATAMARCA;500;372;500;0;128;5000173433;18/5/2026;Servicios;RECEPCIONADO PARCIAL;PRODUCTOS SERVICIOS Y DISTRIBUCIONE;U003;31/7/2026;2/3/2026;10144215;10;1;2/3/2026;2/3/2026;C25;4500123262;10;4403;1;MPITTIA;25/3/2026;30/4/2026;C25;4;18/5/2026;;;;;;;;;;03 Cert Mensual;En curso;Verde;C25
00372 UTE 372 GEO POSCO II;1000083915;10;ZPAN;03 - TRANS PERSONAL;;0;;;;NGONCALVEZ;1013113;SERV DE ESCOLTA SALTA-POSCO;20;18;20;0;2;5000173434;18/5/2026;Servicios;RECEPCIONADO PARCIAL;TRANSPORTE TMS S. A. S.;U003;30/6/2026;2/3/2026;10144217;10;1;2/3/2026;2/3/2026;C25;4500124118;10;4403;1;MPITTIA;6/4/2026;30/6/2026;C25;8;18/5/2026;;;;;;;;;;03 Cert Mensual;En curso - Próximo a vencer;Verde;C25
00372 UTE 372 GEO POSCO II;1000083915;20;ZPAN;03 - TRANS PERSONAL;;0;;;;NGONCALVEZ;1013113;SERV COLECTIVO SALTA-POSCO;20;16;20;0;4;5000173434;18/5/2026;Servicios;RECEPCIONADO PARCIAL;TRANSPORTE TMS S. A. S.;U003;30/6/2026;2/3/2026;10144217;20;1;2/3/2026;2/3/2026;C25;4500124118;20;4403;1;MPITTIA;6/4/2026;30/6/2026;C25;8;18/5/2026;;;;;;;;;;03 Cert Mensual;En curso - Próximo a vencer;Verde;C25
00372 UTE 372 GEO POSCO II;1000087672;10;ZPAN;03 LICENCIADO MED;;0;;;;MMOHR;1022295;SERVICIO LIC  MEDIO AMBIENTE X MES;6;0;6;0;6;;;Servicios;ADJUDICADO;SORAIRE GUILLERMO FEDERICO;U003;3/11/2026;3/5/2026;10149075;10;1;3/5/2026;4/5/2026;C25;4500127673;10;4403;1;MPITTIA;14/5/2026;3/11/2026;C25;0;;;;;;;;;;;03 Cert Mensual;En curso;;C25
00372 UTE 372 GEO POSCO II;1000087816;10;ZPAN;REG LABTEC FAC4-7473;;0;;;;MMOHR;1013130;EXAMEN PREOCUPACIONAL BASICO XUN;1;1;1;0;0;5000173729;20/5/2026;Servicios;CUMPLIDO;LABTEC S. R. L.;U003;26/5/2026;5/5/2026;10149346;10;1;5/5/2026;12/5/2026;C25;4500127561;10;4403;1;MPITTIA;13/5/2026;26/5/2026;C25;1;20/5/2026;;;;;;;;;;Sin aclaración;En curso - Próximo a vencer;;C25
00372 UTE 372 GEO POSCO II;1000087817;10;ZPAN;REG LABTEC FAC4-7472;;0;;;;MMOHR;1013130;EXAMEN PREOCUPACIONAL BASICO XUN;1;1;1;0;0;5000172625;12/5/2026;Servicios;CUMPLIDO;LABTEC S. R. L.;U003;26/5/2026;5/5/2026;10149348;10;1;5/5/2026;11/5/2026;C25;4500127003;10;4403;1;MPITTIA;7/5/2026;26/5/2026;C25;3;12/5/2026;;;;;;;;;;Sin aclaración;En curso - Próximo a vencer;;C25
00372 UTE 372 GEO POSCO II;1000087819;10;ZPAN;REG LABTEC FAC4-7394;;0;;;;MMOHR;1013130;EXAMEN PREOCUPACIONAL BASICO XUN;1;1;1;0;0;5000173728;20/5/2026;Servicios;CUMPLIDO;LABTEC S. R. L.;U003;26/5/2026;5/5/2026;10149351;10;1;5/5/2026;12/5/2026;C25;4500127562;10;4403;1;MPITTIA;13/5/2026;26/5/2026;C25;1;20/5/2026;;;;;;;;;;Sin aclaración;En curso - Próximo a vencer;;C25
00372 UTE 372 GEO POSCO II;1000087875;10;ZPAN;TRANS ATEGO 83973 25;;0;;;;MMOHR;1012974;FLETE SEMIRREMOLQUE BELEN-CATAMARCA;1;1;1;0;0;5000172669;12/5/2026;Servicios;CUMPLIDO;NIEVA RUBEN ADOLFO;U003;27/5/2026;6/5/2026;10149407;10;1;6/5/2026;6/5/2026;C15;4500127275;10;4403;1;GDIAZ;11/5/2026;27/5/2026;C15;1;12/5/2026;;;;;;;;;;Sin aclaración;En curso - Próximo a vencer;;C15
00372 UTE 372 GEO POSCO II;1000087897;10;ZPAN;CERTIF ANEMOMETRO-TE;;0;;;;MMOHR;1013021;CERTIFICACION EQUIPO;1;1;1;0;0;5000172186;7/5/2026;Servicios;CUMPLIDO;MARADONA PRADO ISABEL MARGARIT;U003;27/5/2026;6/5/2026;10149451;10;1;6/5/2026;6/5/2026;C01;4500126954;10;4403;1;AZAPANA;6/5/2026;27/5/2026;C01;1;7/5/2026;;;;;;;;;;Sin aclaración;En curso - Próximo a vencer;;C01
00372 UTE 372 GEO POSCO II;1000087897;20;ZPAN;CERTIF ANEMOMETRO-TE;;0;;;;MMOHR;1026923;SERVICIO CERTIFICACION EQUIPO MENOR;2;2;2;0;0;5000172186;7/5/2026;Servicios;CUMPLIDO;MARADONA PRADO ISABEL MARGARIT;U003;27/5/2026;6/5/2026;10149451;20;1;6/5/2026;6/5/2026;C01;4500126954;20;4403;1;AZAPANA;6/5/2026;27/5/2026;C01;1;7/5/2026;;;;;;;;;;Sin aclaración;En curso - Próximo a vencer;;C01
00372 UTE 372 GEO POSCO II;1000087944;10;ZPAN;REG EXEDENTES TEC Y;;0;;;;MMOHR;1022295;EXEDENTE COLOR;2398;2398;2398;0;0;5000172751;12/5/2026;Servicios;CUMPLIDO;TECNICA Y SISTEMAS SRL;U003;28/5/2026;7/5/2026;10149518;10;1;7/5/2026;8/5/2026;C25;4500127421;10;4403;1;MPITTIA;12/5/2026;28/5/2026;C25;1;12/5/2026;;;;;;;;;;Sin aclaración;En curso - Próximo a vencer;;C25
00372 UTE 372 GEO POSCO II;1000087944;20;ZPAN;REG EXEDENTES TEC Y;;0;;;;MMOHR;1022295;EXEDENTE BYN;1180;1180;1180;0;0;5000172751;12/5/2026;Servicios;CUMPLIDO;TECNICA Y SISTEMAS SRL;U003;28/5/2026;7/5/2026;10149518;20;1;7/5/2026;8/5/2026;C25;4500127421;20;4403;1;MPITTIA;12/5/2026;28/5/2026;C25;1;12/5/2026;;;;;;;;;;Sin aclaración;En curso - Próximo a vencer;;C25
00372 UTE 372 GEO POSCO II;1000088141;20;ZPAN;P.I 4000006684;;0;;;;MMOHR;1012974;FLETE SEMIRREMOLQUE 14,5MT XVIAJE;1;0;1;0;1;;;Servicios;ADJUDICADO;CORDOBA ENVASES S.A.;U003;1/6/2026;11/5/2026;10149776;20;1;15/5/2026;18/5/2026;C15;4500128383;20;4403;1;PRODRIGUEZ;21/5/2026;8/6/2026;C27;0;;;;;;;;;;;Sin aclaración;En curso - Próximo a vencer;;C27
00372 UTE 372 GEO POSCO II;1000088188;30;ZPAN;PED RADIOS 5;;0;;;;MMOHR;1026919;CALIBRACION RADIOS FRECUENCIA POSCO;5;0;0;5;0;;;Servicios;SIN TRATAMIENTO;;U003;2/6/2026;12/5/2026;10149894;30;1;22/5/2026;26/5/2026;C10;;0;;0;;;;;0;;;;;;;;;;;Sin aclaración;En curso - Próximo a vencer;;C10
00372 UTE 372 GEO POSCO II;1000088335;10;ZPAN;01- REG SNACK TMS;;0;;;;NGONCALVEZ;1013113;SNACK DE VIAJE - REG TMS;271;271;271;0;0;5000173405;17/5/2026;Servicios;RECEPCIONADO;TRANSPORTE TMS S. A. S.;U003;28/5/2026;14/5/2026;10150121;10;1;14/5/2026;14/5/2026;C25;4500127731;10;4403;1;MPITTIA;14/5/2026;28/5/2026;C25;1;17/5/2026;;;;;;;;;;01 Cert Semanal;En curso - Próximo a vencer;Rojo;C25
00372 UTE 372 GEO POSCO II;1000088336;10;ZPAN;03 - TRANS PERSONAL;;0;;;;NGONCALVEZ;1013113;SNACK DE VIAJE SALTA;1000;0;1000;0;1000;;;Servicios;ADJUDICADO;TRANSPORTE TMS S. A. S.;U003;28/8/2026;14/5/2026;10150122;10;1;14/5/2026;14/5/2026;C25;4500128330;10;4403;1;MPITTIA;21/5/2026;28/8/2026;C25;0;;;;;;;;;;;03 Cert Mensual;En curso;;C25
00372 UTE 372 GEO POSCO II;1000088359;10;ZPAN;VIANDAS DE COMIDA BA;;0;;;;AZAPANA;1013116;VIANDA ALMUERZO PUESTA EN OBRA XUN;300;0;0;300;0;;;Servicios;SIN TRATAMIENTO;;U003;15/5/2027;14/5/2026;10150161;10;1;14/5/2026;15/5/2026;C25;;0;;0;;;;;0;;;;;;;;;;;Sin aclaración;En curso - Total recepcionado;;C25
00372 UTE 372 GEO POSCO II;1000088541;10;ZPAN;03 - TRANS PERSONAL;;0;;;;NGONCALVEZ;1013113;SERV TTE PERSONAL COLECTIVO BELEN-POSCO;20;0;20;0;20;;;Servicios;ADJUDICADO;PRODUCTOS SERVICIOS Y DISTRIBUCIONE;U003;30/5/2026;16/5/2026;10150362;10;1;16/5/2026;18/5/2026;C25;4500128533;10;4403;1;MPITTIA;26/5/2026;31/10/2026;C25;0;;;;;;;;;;;03 Cert Mensual;En curso - Próximo a vencer;;C25
00372 UTE 372 GEO POSCO II;1000088541;20;ZPAN;03 - TRANS PERSONAL;;0;;;;NGONCALVEZ;1013113;SERV DE ESCOLTA BELEN-POSCO;20;0;20;0;20;;;Servicios;ADJUDICADO;PRODUCTOS SERVICIOS Y DISTRIBUCIONE;U003;30/5/2026;16/5/2026;10150362;20;1;16/5/2026;18/5/2026;C25;4500128533;20;4403;1;MPITTIA;26/5/2026;31/10/2026;C25;0;;;;;;;;;;;03 Cert Mensual;En curso - Próximo a vencer;;C25
00372 UTE 372 GEO POSCO II;1000088541;30;ZPAN;03 - TRANS PERSONAL;;0;;4;26/5/2026;NGONCALVEZ;1013113;TRANSP PERSONAL BELEN-POSCO COMBI;5;0;0;5;0;;;Servicios;RESPONDIDO;;U003;30/5/2026;16/5/2026;10150362;30;1;16/5/2026;16/5/2026;C25;;0;;0;;;;;0;;;;;;;;;;;03 Cert Mensual;En curso - Próximo a vencer;;C25
00372 UTE 372 GEO POSCO II;1000088633;10;ZPAN;01- RECARGA MATAFUEG;;0;;;;NGONCALVEZ;1013042;RECARGA DE MATAFUEGO 5KG;4;0;0;4;0;;;Servicios;SIN TRATAMIENTO;;U003;1/7/2026;18/5/2026;10150470;10;1;18/5/2026;19/5/2026;C01;;0;;0;;;;;0;;;;;;;;;;;01 Cert Semanal;En curso - Próximo a vencer;;C01
00372 UTE 372 GEO POSCO II;1000088685;10;ZPAN;02- TRANPORTE SITIO;;0;;;;NGONCALVEZ;1048595;TRANSP PERSONAL EN SITIO;2;0;0;2;0;;;Servicios;SIN TRATAMIENTO;;U003;2/8/2026;19/5/2026;10150548;10;1;19/5/2026;19/5/2026;C25;;0;;0;;;;;0;;;;;;;;;;;02 Cert Quincenal;En curso - Total recepcionado;;C25
00372 UTE 372 GEO POSCO II;1000088748;10;ZPAN;01-REG VIANDAS;;1;;;;AZAPANA;1013116;REG VIANDAS 27/04 - 19/05;1;1;1;0;0;5000174108;22/5/2026;Servicios;CUMPLIDO;ARAMAYO MARIA JULIETA;U003;3/6/2026;20/5/2026;10150590;10;1;20/5/2026;21/5/2026;C25;4500128449;10;4403;1;MPITTIA;22/5/2026;3/6/2026;C25;1;22/5/2026;;;;;;;;;;01 Cert Semanal;En curso - Próximo a vencer;Verde;C25
00372 UTE 372 GEO POSCO II;1000088911;10;ZPAN;REG TRANSP MERCANCIA;;0;;;;NGONCALVEZ;1012981;TRANSPORTE POR DESPACHO MATERIALES;1;0;0;1;0;;;Servicios;SIN TRATAMIENTO;;U003;5/6/2026;22/5/2026;10150782;10;1;22/5/2026;22/5/2026;EFO;;0;;0;;;;;0;;;;;;;;;;;Sin aclaración;En curso - Próximo a vencer;;EFO
00372 UTE 372 GEO POSCO II;1000088953;10;ZPAN;01 - ESCOLTA BELEN-P;;0;;;;NGONCALVEZ;1013113;SERV DE ESCOLTA BELEN-POSCO VIALNORT;1;0;0;1;0;;;Servicios;SIN TRATAMIENTO;;U003;5/6/2026;22/5/2026;10150812;10;1;22/5/2026;26/5/2026;C15;;0;;0;;;;;0;;;;;;;;;;;01 Cert Semanal;En curso - Próximo a vencer;;C15
00372 UTE 372 GEO POSCO II;1000089001;20;ZPAN;PED AGUA;;0;;;;NGONCALVEZ;1046753;SERVICIO CAMIONETA GUIA XVIAJE;1;0;0;1;0;;;Servicios;SIN TRATAMIENTO;;U003;18/6/2026;25/5/2026;10150927;20;1;25/5/2026;26/5/2026;C25;;0;;0;;;;;0;;;;;;;;;;;Sin aclaración;En curso - Próximo a vencer;;C25
00372 UTE 372 GEO POSCO II;1000089001;30;ZPAN;PED AGUA;;0;;;;NGONCALVEZ;1012979;FLETE PLAYO 6MT XVIAJE;1;0;0;1;0;;;Servicios;SIN TRATAMIENTO;;U003;18/6/2026;25/5/2026;10150927;30;1;25/5/2026;26/5/2026;C15;;0;;0;;;;;0;;;;;;;;;;;Sin aclaración;En curso - Próximo a vencer;;C15
00372 UTE 372 GEO POSCO II;1000089004;20;ZPAN;01 - Recarga oxigeno;;0;;;;NGONCALVEZ;1013106;SERVICIO DE RECARGA DE GASES;6;0;0;6;0;;;Servicios;SIN TRATAMIENTO;;U003;18/6/2026;25/5/2026;10150930;10;1;25/5/2026;26/5/2026;C01;;0;;0;;;;;0;;;;;;;;;;;01 Cert Semanal;En curso - Próximo a vencer;;C01
00374 TERMINAL PUNTA COLORADA;1000060790;10;ZPAN;02-VIATICOS 374;;20;;;;CSOSA;1013024;VIATICOS;199172051,2;199172051,2;199172051,2;0;0;5000158151;13/1/2026;Servicios;CUMPLIDO;SA IMPORTADORA Y EXP. DE LA PA;MR01;30/6/2026;23/1/2025;10114068;10;1;23/1/2025;24/1/2025;C25;4500093101;10;0374;1;MPITTIA;7/2/2025;30/6/2026;C25;20;13/1/2026;;;;;;;;;;02 Cert Quincenal;En curso - Próximo a vencer;Rojo;C25
00374 TERMINAL PUNTA COLORADA;1000061368;40;ZPAN;04-SERVICIOS HOSPITA;;0;;;;JIBANEZ;1022295;CONTROL ALCOHOL Y DROGAS X UN;36;36;36;0;0;5000149134;16/10/2025;Servicios;CUMPLIDO;CONSEJO PROVINCIAL DE SALUD PUBLICA;MR01;31/5/2026;1/2/2025;10114729;40;1;20/2/2025;24/2/2025;C25;4500094409;40;0374;1;MPITTIA;26/2/2025;30/10/2025;C25;2;16/10/2025;;;;;;;;;;04 Cert a Demanda;En curso - Próximo a vencer;;C25
00374 TERMINAL PUNTA COLORADA;1000061511;10;ZPAN;04-EXAMEN EPO DE LEY;;0;;;;JIBANEZ;1013130;Estudios según Modulo 2 S/ ergo;100;100;100;0;0;5000130556;24/4/2025;Servicios;CUMPLIDO;MAINETE JAVIER ALBERTO;MR01;30/6/2026;4/2/2025;10114913;10;1;4/2/2025;20/2/2025;C25;4500092898;10;0374;1;MPITTIA;5/2/2025;31/10/2025;C25;5;24/4/2025;;;;;;;;;;04 Cert a Demanda;En curso - Próximo a vencer;;C25
00374 TERMINAL PUNTA COLORADA;1000061511;20;ZPAN;04-EXAMEN EPO DE LEY;;0;;;;JIBANEZ;1013130;Estudios según Modulo 6 S/ ergo;100;100;100;0;0;5000136388;24/6/2025;Servicios;CUMPLIDO;MAINETE JAVIER ALBERTO;MR01;30/6/2026;4/2/2025;10114913;20;1;4/2/2025;20/2/2025;C25;4500092898;20;0374;1;MPITTIA;5/2/2025;31/10/2025;C25;9;24/6/2025;;;;;;;;;;04 Cert a Demanda;En curso - Próximo a vencer;;C25
00374 TERMINAL PUNTA COLORADA;1000061511;30;ZPAN;04-EXAMEN EPO DE LEY;;0;;;;JIBANEZ;1013130;Ergometria x un;50;41;50;0;9;5000168654;11/4/2026;Servicios;CUMPLIDO PARCIAL;MAINETE JAVIER ALBERTO;MR01;30/6/2026;4/2/2025;10114913;50;1;18/2/2025;18/2/2025;C25;4500093891;10;0374;1;MPITTIA;19/2/2025;30/6/2026;C25;7;11/4/2026;;;;;;;;;;04 Cert a Demanda;En curso - Próximo a vencer;;C25
00374 TERMINAL PUNTA COLORADA;1000061511;40;ZPAN;04-EXAMEN EPO DE LEY;;0;;;;JIBANEZ;1013130;Fondo de ojo;50;2;50;0;48;5000126465;6/3/2025;Servicios;CUMPLIDO PARCIAL;MAINETE JAVIER ALBERTO;MR01;30/6/2026;4/2/2025;10114913;60;1;18/2/2025;18/2/2025;C25;4500093891;20;0374;1;MPITTIA;19/2/2025;30/6/2026;C25;2;6/3/2025;;;;;;;;;;04 Cert a Demanda;En curso - Próximo a vencer;;C25
00374 TERMINAL PUNTA COLORADA;1000061548;10;ZPAN;POLIZA CAUCIÓN TANQU;;0;;;;NLAFORNARO;1012967;POLIZA DE CAUCIÓN TANQUE DE COMBUSTIBLE;1;1;1;0;0;5000124733;13/2/2025;Servicios;CUMPLIDO;FEDERACION PATRONAL SEG. S.A.;MR01;31/1/2028;5/2/2025;10114952;10;1;5/2/2025;5/2/2025;C16;4500093522;10;0374;1;JESPARZA;13/2/2025;31/1/2028;C16;1;13/2/2025;;;;;;;;;;Sin aclaración;En curso - Total recepcionado;;C16
00374 TERMINAL PUNTA COLORADA;1000063423;30;ZPAN;04-TUBOS DE GAS DOMI;;0;;;;CSOSA;1035491;SERVICIO RECARGA TUBO GAS 10 KG;9;9;9;0;0;5000148168;7/10/2025;Servicios;CUMPLIDO;AIRALDE VICTOR NICOLAS;MR01;30/6/2026;12/3/2025;10117325;30;1;12/3/2025;12/3/2025;C25;4500095320;30;0374;1;MPITTIA;14/3/2025;31/10/2025;C25;6;7/10/2025;;;;;;;;;;04 Cert a Demanda;En curso - Próximo a vencer;;C25
00374 TERMINAL PUNTA COLORADA;1000064156;50;ZPAN;03-Gestion Residuos;;0;10;4;13/1/2026;DSUAREZ;1036090;FLETE TTE CAMION CISTERNA RES PELIG;4;2;2;2;2;5000152417;14/11/2025;Servicios;CUMPLIDO;SOLUCIONES AMBIENTALES PATAGONIA;MR01;31/12/2025;28/3/2025;10118248;20;1;28/3/2025;28/3/2025;C25;4500096261;20;0374;1;MPITTIA;31/3/2025;31/12/2025;C25;2;14/11/2025;;;;;;;;;;03 Cert Mensual;Vencido con cant pendiente a recep;;C25
00374 TERMINAL PUNTA COLORADA;1000064526;20;ZPAN;02-VIATICOS 374 - DI;;0;;;;DSUAREZ;1013024;VIATICOS IVA EXENTO;50000000;5902596,98;50000000;0;44097403,02;5000173059;14/5/2026;Servicios;CUMPLIDO PARCIAL;SA IMPORTADORA Y EXP. DE LA PA;MR01;30/6/2026;4/4/2025;10118650;20;1;4/4/2025;4/4/2025;C25;4500096820;20;0374;1;MPITTIA;9/4/2025;30/6/2026;C25;27;14/5/2026;;;;;;;;;;02 Cert Quincenal;En curso - Próximo a vencer;Verde;C25
00374 TERMINAL PUNTA COLORADA;1000064762;30;ZPAN;PM_15 Acero para enc;;21;10;4;12/9/2025;CSOSA;1012982;FLETE CARGA PUNTUAL XVIAJE;1;0;0;1;1;;;Servicios;CUMPLIDO;;MR01;10/5/2025;9/4/2025;10118978;30;1;15/4/2025;15/4/2025;C08;;0;;1;;;;;2;;;;;;;;;;;Sin aclaración;Vencido con cant pendiente a recep;;C08
00374 TERMINAL PUNTA COLORADA;1000065015;10;ZPAN;04-SERVICIO RECARGA;;0;;;;JIBANEZ;1035994;RECARGA DE MATAFUEGO 1 KG;9;9;9;0;0;5000171627;5/5/2026;Servicios;CUMPLIDO;ESCUDERO VIVIANA ANGELICA;MR01;31/12/2026;11/4/2025;10119229;10;1;11/4/2025;11/4/2025;C25;4500097646;10;0374;1;MPITTIA;23/4/2025;30/6/2026;C25;6;5/5/2026;;;;;;;;;;04 Cert a Demanda;En curso - Total recepcionado;;C25
00374 TERMINAL PUNTA COLORADA;1000065015;20;ZPAN;04-SERVICIO RECARGA;;0;;;;JIBANEZ;1013041;RECARGA DE MATAFUEGO 2,5KG;10;10;10;0;0;5000152199;12/11/2025;Servicios;CUMPLIDO;ESCUDERO VIVIANA ANGELICA;MR01;31/12/2026;11/4/2025;10119229;20;1;11/4/2025;11/4/2025;C25;4500097646;20;0374;1;MPITTIA;23/4/2025;5/12/2025;C25;4;12/11/2025;;;;;;;;;;04 Cert a Demanda;En curso - Total recepcionado;;C25
00374 TERMINAL PUNTA COLORADA;1000065015;30;ZPAN;04-SERVICIO RECARGA;;0;;;;JIBANEZ;1013042;RECARGA DE MATAFUEGO 5KG;45;45;45;0;0;5000171627;5/5/2026;Servicios;CUMPLIDO;ESCUDERO VIVIANA ANGELICA;MR01;31/12/2026;11/4/2025;10119229;30;1;11/4/2025;11/4/2025;C25;4500097646;30;0374;1;MPITTIA;23/4/2025;30/6/2026;C25;8;5/5/2026;;;;;;;;;;04 Cert a Demanda;En curso - Total recepcionado;;C25
00374 TERMINAL PUNTA COLORADA;1000065015;40;ZPAN;04-SERVICIO RECARGA;;0;;;;JIBANEZ;1013039;RECARGA DE MATAFUEGO 10KG;24;24;24;0;0;5000139187;18/7/2025;Servicios;CUMPLIDO;ESCUDERO VIVIANA ANGELICA;MR01;31/12/2026;11/4/2025;10119229;40;1;11/4/2025;11/4/2025;C25;4500097646;40;0374;1;MPITTIA;23/4/2025;5/12/2025;C25;2;18/7/2025;;;;;;;;;;04 Cert a Demanda;En curso - Total recepcionado;;C25
00374 TERMINAL PUNTA COLORADA;1000067906;10;ZPAN;01-Lavadero de Camio;;0;;;;DSUAREZ;1022295;LAVADO DE CAMIONETAS PLAYAS DORADAS;240;39;240;0;201;5000157889;9/1/2026;Servicios;CUMPLIDO PARCIAL;FREDES EDUARDO OMAR;MR01;30/6/2026;31/5/2025;10122868;10;1;31/5/2025;2/6/2025;C25;4500101235;10;0374;1;JESPARZA;11/6/2025;30/6/2026;C25;6;9/1/2026;;;;;;;;;;01 Cert Semanal;En curso - Próximo a vencer;Rojo;C25
00374 TERMINAL PUNTA COLORADA;1000070447;10;ZPAN;04-Servicios Medicos;;0;;;;DSUAREZ;1042633;NOMENCLADOR BIOQ UNIF;30;0;30;0;30;;;Materiales usuales;ADJUDICADO;LABOR AUSTRAL SRL;MR01;30/6/2026;17/7/2025;10126339;10;1;17/7/2025;17/7/2025;C25;4500104914;10;0374;1;MPITTIA;30/7/2025;30/6/2026;C25;0;;;;;;;;;;;04 Cert a Demanda;En curso - Próximo a vencer;;C25
00374 TERMINAL PUNTA COLORADA;1000070447;20;ZPAN;04-Servicios Medicos;;0;;;;DSUAREZ;1042634;US GASTO RADIOLÓGICO;30;30;30;0;0;5000142460;18/8/2025;Servicios;CUMPLIDO;LABOR AUSTRAL SRL;MR01;30/6/2026;17/7/2025;10126339;20;1;17/7/2025;17/7/2025;C25;4500104914;20;0374;1;MPITTIA;30/7/2025;31/12/2025;C25;1;18/8/2025;;;;;;;;;;04 Cert a Demanda;En curso - Próximo a vencer;;C25
00374 TERMINAL PUNTA COLORADA;1000070447;30;ZPAN;04-Servicios Medicos;;0;;;;DSUAREZ;1042635;GALENO RADIOLÓGICO;30;6,75;30;0;23,25;5000142460;18/8/2025;Servicios;CUMPLIDO PARCIAL;LABOR AUSTRAL SRL;MR01;30/6/2026;17/7/2025;10126339;30;1;17/7/2025;17/7/2025;C25;4500104914;30;0374;1;MPITTIA;30/7/2025;30/6/2026;C25;1;18/8/2025;;;;;;;;;;04 Cert a Demanda;En curso - Próximo a vencer;;C25
00374 TERMINAL PUNTA COLORADA;1000070447;40;ZPAN;04-Servicios Medicos;;0;;;;DSUAREZ;1042636;ESTUDIO ECOGRAFÍA;10;0;10;0;10;;;Servicios;ADJUDICADO;LABOR AUSTRAL SRL;MR01;30/6/2026;17/7/2025;10126339;40;1;17/7/2025;17/7/2025;C25;4500104914;40;0374;1;MPITTIA;30/7/2025;30/6/2026;C25;0;;;;;;;;;;;04 Cert a Demanda;En curso - Próximo a vencer;;C25
00374 TERMINAL PUNTA COLORADA;1000070447;50;ZPAN;04-Servicios Medicos;;0;;;;DSUAREZ;1042637;CONSULTA MÉDICA GUARDIA;50;0;50;0;50;;;Servicios;ADJUDICADO;LABOR AUSTRAL SRL;MR01;30/6/2026;17/7/2025;10126339;50;1;17/7/2025;17/7/2025;C25;4500104914;50;0374;1;MPITTIA;30/7/2025;30/6/2026;C25;0;;;;;;;;;;;04 Cert a Demanda;En curso - Próximo a vencer;;C25
00374 TERMINAL PUNTA COLORADA;1000070447;60;ZPAN;04-Servicios Medicos;;0;;;;DSUAREZ;1042638;CONSULTA MÉDICA CLÍNICO;50;2;50;0;48;5000142460;18/8/2025;Servicios;CUMPLIDO PARCIAL;LABOR AUSTRAL SRL;MR01;30/6/2026;17/7/2025;10126339;60;1;17/7/2025;17/7/2025;C25;4500104914;60;0374;1;MPITTIA;30/7/2025;30/6/2026;C25;1;18/8/2025;;;;;;;;;;04 Cert a Demanda;En curso - Próximo a vencer;;C25
00374 TERMINAL PUNTA COLORADA;1000070447;70;ZPAN;04-Servicios Medicos;;0;;;;DSUAREZ;1042639;SESIÓN TRAUMATOLOGÍA;30;0;30;0;30;;;Servicios;ADJUDICADO;LABOR AUSTRAL SRL;MR01;30/6/2026;17/7/2025;10126339;70;1;17/7/2025;17/7/2025;C25;4500104914;70;0374;1;MPITTIA;30/7/2025;30/6/2026;C25;0;;;;;;;;;;;04 Cert a Demanda;En curso - Próximo a vencer;;C25
00374 TERMINAL PUNTA COLORADA;1000070447;80;ZPAN;04-Servicios Medicos;;0;;;;DSUAREZ;1042640;APLICACIÓN INYECTABLES;50;0;50;0;50;;;Servicios;ADJUDICADO;LABOR AUSTRAL SRL;MR01;30/6/2026;17/7/2025;10126339;80;1;17/7/2025;17/7/2025;C25;4500104914;80;0374;1;MPITTIA;30/7/2025;30/6/2026;C25;0;;;;;;;;;;;04 Cert a Demanda;En curso - Próximo a vencer;;C25
00374 TERMINAL PUNTA COLORADA;1000070447;90;ZPAN;04-Servicios Medicos;;0;;;;DSUAREZ;1042641;SESIÓN CURACIÓN MEDICA;50;0;50;0;50;;;Servicios;ADJUDICADO;LABOR AUSTRAL SRL;MR01;30/6/2026;17/7/2025;10126339;90;1;17/7/2025;17/7/2025;C25;4500104914;90;0374;1;MPITTIA;30/7/2025;30/6/2026;C25;0;;;;;;;;;;;04 Cert a Demanda;En curso - Próximo a vencer;;C25
00374 TERMINAL PUNTA COLORADA;1000070447;100;ZPAN;04-Servicios Medicos;;0;;;;DSUAREZ;1042642;SESIÓN CURACIÓN MÉDICA QUEMADO;10;0;10;0;10;;;Servicios;ADJUDICADO;LABOR AUSTRAL SRL;MR01;30/6/2026;17/7/2025;10126339;100;1;17/7/2025;17/7/2025;C25;4500104914;100;0374;1;MPITTIA;30/7/2025;30/6/2026;C25;0;;;;;;;;;;;04 Cert a Demanda;En curso - Próximo a vencer;;C25
00374 TERMINAL PUNTA COLORADA;1000070447;110;ZPAN;04-Servicios Medicos;;0;;;;DSUAREZ;1042643;SESIÓN KINESIOLOGÍA;30;0;30;0;30;;;Servicios;ADJUDICADO;LABOR AUSTRAL SRL;MR01;30/6/2026;17/7/2025;10126339;110;1;17/7/2025;17/7/2025;C25;4500104914;110;0374;1;MPITTIA;30/7/2025;30/6/2026;C25;0;;;;;;;;;;;04 Cert a Demanda;En curso - Próximo a vencer;;C25
00374 TERMINAL PUNTA COLORADA;1000070447;120;ZPAN;04-Servicios Medicos;;0;;;;DSUAREZ;1042644;GASTO ADM MÉDICO POR SINIESTRO;50;3;50;0;47;5000150412;28/10/2025;Servicios;CUMPLIDO PARCIAL;LABOR AUSTRAL SRL;MR01;30/6/2026;17/7/2025;10126339;120;1;17/7/2025;17/7/2025;C25;4500104914;120;0374;1;MPITTIA;30/7/2025;30/6/2026;C25;2;28/10/2025;;;;;;;;;;04 Cert a Demanda;En curso - Próximo a vencer;;C25
00374 TERMINAL PUNTA COLORADA;1000070532;10;ZPAN;04-EXT RECARGA MATAF;;0;;;;MREYNA;1013039;RECARGA DE MATAFUEGO 10KG;45;45;45;0;0;5000166685;25/3/2026;Servicios;CUMPLIDO;ESCUDERO VIVIANA ANGELICA;MR01;28/7/2026;18/7/2025;10126455;10;1;18/7/2025;18/7/2025;C25;4500105209;10;0374;1;MPITTIA;4/8/2025;28/7/2026;C25;7;25/3/2026;;;;;;;;;;04 Cert a Demanda;En curso - Total recepcionado;;C25
00374 TERMINAL PUNTA COLORADA;1000070734;10;ZPAN;03-Servicio Dosimetr;;0;;;;DSUAREZ;1042203;SERV DE DOSIMETRIA ANTONIO AYM X MES 2DO;6;6;6;0;0;5000161003;4/2/2026;Servicios;CUMPLIDO;ASOC.CIVIL PROF TECRADIOL ROSA;MR01;30/6/2026;22/7/2025;10126700;10;1;22/7/2025;24/7/2025;C24;4500104572;10;0374;1;MPITTIA;25/7/2025;30/6/2026;C25;4;4/2/2026;;;;;;;;;;03 Cert Mensual;En curso - Próximo a vencer;Rojo;C25
00374 TERMINAL PUNTA COLORADA;1000070734;20;ZPAN;03-Servicio Dosimetr;;0;;;;DSUAREZ;1042203;SERV DE DOSIMETRIA SOFIA HERNA X MES 2DO;6;6;6;0;0;5000161003;4/2/2026;Servicios;CUMPLIDO;ASOC.CIVIL PROF TECRADIOL ROSA;MR01;30/6/2026;22/7/2025;10126700;20;1;22/7/2025;24/7/2025;C24;4500104572;20;0374;1;MPITTIA;25/7/2025;30/6/2026;C25;4;4/2/2026;;;;;;;;;;03 Cert Mensual;En curso - Próximo a vencer;Rojo;C25
00374 TERMINAL PUNTA COLORADA;1000070923;10;ZPAN;04 /4000005393-OXIGE;;0;;;;JIBANEZ;1013105;ALQUILER TUBOS DE OXIGENO;6;6;6;0;0;5000142586;19/8/2025;Servicios;CUMPLIDO;ESCUDERO VIVIANA ANGELICA;MR01;30/6/2026;25/7/2025;10126920;40;1;25/7/2025;26/7/2025;C24;4500105360;20;0374;1;MPITTIA;6/8/2025;30/6/2026;C24;1;19/8/2025;;;;;;;;;;04 Cert a Demanda;En curso - Próximo a vencer;;C24
00374 TERMINAL PUNTA COLORADA;1000070923;20;ZPAN;04 /4000005393-OXIGE;;0;;;;JIBANEZ;1035528;RECARGA TUBO DE OXIGENO;6;2;6;0;4;5000165063;12/3/2026;Servicios;CUMPLIDO PARCIAL;ESCUDERO VIVIANA ANGELICA;MR01;30/6/2026;25/7/2025;10126920;50;1;25/7/2025;26/7/2025;C24;4500105360;30;0374;1;MPITTIA;6/8/2025;30/6/2026;C24;2;12/3/2026;;;;;;;;;;04 Cert a Demanda;En curso - Próximo a vencer;;C24
00374 TERMINAL PUNTA COLORADA;1000070923;30;ZPAN;04 /4000005393-OXIGE;;0;;;;JIBANEZ;1013105;ALQUILER TUBOS DE ACETILENO;6;6;6;0;0;5000142586;19/8/2025;Servicios;CUMPLIDO;ESCUDERO VIVIANA ANGELICA;MR01;30/6/2026;25/7/2025;10126920;30;1;25/7/2025;26/7/2025;C24;4500105360;10;0374;1;MPITTIA;6/8/2025;30/6/2026;C24;1;19/8/2025;;;;;;;;;;04 Cert a Demanda;En curso - Próximo a vencer;;C24
00374 TERMINAL PUNTA COLORADA;1000070923;40;ZPAN;04 /4000005393-OXIGE;;0;;;;JIBANEZ;1013106;RECARGA TUBO DE ACETILENO;41;13,6;41;0;27,4;5000165063;12/3/2026;Servicios;CUMPLIDO PARCIAL;ESCUDERO VIVIANA ANGELICA;MR01;30/6/2026;25/7/2025;10126920;60;1;25/7/2025;26/7/2025;C24;4500105360;40;0374;1;MPITTIA;6/8/2025;30/6/2026;C24;2;12/3/2026;;;;;;;;;;04 Cert a Demanda;En curso - Próximo a vencer;;C24
00374 TERMINAL PUNTA COLORADA;1000072835;10;ZPAN;04-Subcontrato Cerco;;0;;;;DSUAREZ;1042080;SUBC. MO + MATERIALES CERCO PERIMETRAL;1;1;1;0;0;5000173612;19/5/2026;Servicios;CUMPLIDO;SCHVAB JULIO CESAR;MR01;30/7/2026;27/8/2025;10129475;10;1;27/8/2025;27/8/2025;C26;4500108380;10;0374;1;AGONZALEZ;11/9/2025;30/7/2026;C26;3;19/5/2026;;;;;;;;;;04 Cert a Demanda;En curso - Total recepcionado;;C26
00374 TERMINAL PUNTA COLORADA;1000073348;10;ZPAN;04-ZPI 4000005921 -;;0;;;;MREYNA;1046069;RECOLECCION DE RESIDUOS PELIGROSOS Y9;1;0;1;0;1;;;Servicios;ADJUDICADO;SOLUCIONES AMBIENTALES PATAGONIA;MR01;31/12/2026;3/9/2025;10130205;10;1;3/9/2025;4/9/2025;C25;4500108416;10;0374;1;MPITTIA;12/9/2025;31/12/2026;C25;0;;;;;;;;;;;04 Cert a Demanda;En curso;;C25
00374 TERMINAL PUNTA COLORADA;1000073819;10;ZPAN;04-EXTENSION OC 4500;;0;;;;MREYNA;1013041;RECARGA DE MATAFUEGO 2,5KG;10;6;10;0;4;5000171623;5/5/2026;Servicios;CUMPLIDO PARCIAL;ESCUDERO VIVIANA ANGELICA;MR01;31/12/2026;11/9/2025;10130836;10;1;11/9/2025;12/9/2025;C25;4500108756;10;0374;1;MPITTIA;17/9/2025;30/6/2026;C25;3;5/5/2026;;;;;;;;;;04 Cert a Demanda;En curso;;C25
00374 TERMINAL PUNTA COLORADA;1000074933;10;ZPAN;04 - ALQ ANDAMIOS LA;;0;;;;MREYNA;1042055;SUBC. ALQUILER DE ANDAMIOS XMES;6;4;6;0;2;5000171351;30/4/2026;Servicios;CUMPLIDO PARCIAL;LAYHER SUDAMERICANA SA;MR01;30/7/2026;30/9/2025;10132151;10;1;30/9/2025;1/10/2025;C26;4500109866;10;0374;1;AGONZALEZ;2/10/2025;30/7/2026;C26;2;30/4/2026;;;;;;;;;;04 Cert a Demanda;En curso;;C26
00374 TERMINAL PUNTA COLORADA;1000075064;10;ZPAN;01-ZPIN HIELO Y ALQ;;0;;;;MREYNA;1017912;SERVICIO HIELO POR BOLSON XUN;3739,654;3739,654;3739,654;0;0;5000161119;5/2/2026;Servicios;CUMPLIDO;CARRIZO PATRICIA DEL CARMEN;MR01;30/7/2026;1/10/2025;10132341;10;1;1/10/2025;2/10/2025;C25;4500110662;10;0374;1;MPITTIA;14/10/2025;31/3/2026;C25;9;5/2/2026;;;;;;;;;;01 Cert Semanal;En curso - Total recepcionado;;C25
00374 TERMINAL PUNTA COLORADA;1000075064;20;ZPAN;01-ZPIN HIELO Y ALQ;;0;;;;MREYNA;1035446;SERVICIO ALQUILER DE FREEZER X MES;6;3;6;0;3;5000162316;17/2/2026;Servicios;CUMPLIDO PARCIAL;CARRIZO PATRICIA DEL CARMEN;MR01;30/7/2026;1/10/2025;10132341;20;1;1/10/2025;2/10/2025;C25;4500110662;20;0374;1;MPITTIA;14/10/2025;30/7/2026;C25;3;17/2/2026;;;;;;;;;;01 Cert Semanal;En curso;Rojo;C25
00374 TERMINAL PUNTA COLORADA;1000075064;30;ZPAN;01-ZPIN HIELO Y ALQ;;0;;;;MREYNA;1035446;SERVICIO ALQUILER DE FREEZER X MES;6;0;6;0;6;;;Servicios;ADJUDICADO;CARRIZO PATRICIA DEL CARMEN;MR01;30/7/2026;1/10/2025;10132341;30;1;1/10/2025;2/10/2025;C25;4500110662;30;0374;1;MPITTIA;14/10/2025;30/7/2026;C25;0;;;;;;;;;;;01 Cert Semanal;En curso;;C25
00374 TERMINAL PUNTA COLORADA;1000075595;10;ZPAN;03 - ALQUILER BAÑOS;;0;;;;JIBANEZ;1022693;ALQUILER DE MODULO DE BANO X U;360;237;360;0;123;5000171447;4/5/2026;Servicios;CUMPLIDO PARCIAL;ECOPORTATILES SA;MR01;30/10/2026;9/10/2025;10133087;10;1;9/10/2025;10/10/2025;C25;4500110817;10;0374;1;MPITTIA;15/10/2025;30/10/2026;C25;7;4/5/2026;;;;;;;;;;03 Cert Mensual;En curso;Verde;C25
00374 TERMINAL PUNTA COLORADA;1000075595;20;ZPAN;03 - ALQUILER BAÑOS;;0;;;;JIBANEZ;1013136;SERVICIO LIMPIEZA DESAGOTE BANO QUIMICO;8640;4721;8640;0;3919;5000171447;4/5/2026;Servicios;CUMPLIDO PARCIAL;ECOPORTATILES SA;MR01;30/10/2026;9/10/2025;10133087;20;1;9/10/2025;10/10/2025;C25;4500110817;20;0374;1;MPITTIA;15/10/2025;30/10/2026;C25;7;4/5/2026;;;;;;;;;;03 Cert Mensual;En curso;Verde;C25
00374 TERMINAL PUNTA COLORADA;1000075595;30;ZPAN;03 - ALQUILER BAÑOS;;0;;;;JIBANEZ;1047100;ALQUILER DE MODULO BAÑO 6MT X MES;24;18;24;0;6;5000171447;4/5/2026;Servicios;CUMPLIDO PARCIAL;ECOPORTATILES SA;MR01;30/10/2026;9/10/2025;10133087;30;1;9/10/2025;10/10/2025;C25;4500110817;30;0374;1;MPITTIA;15/10/2025;30/10/2026;C25;7;4/5/2026;;;;;;;;;;03 Cert Mensual;En curso;Verde;C25
00374 TERMINAL PUNTA COLORADA;1000075595;40;ZPAN;03 - ALQUILER BAÑOS;;0;;;;JIBANEZ;1013136;SERVICIO LIMPIEZA DESAGOTE BANO QUIMICO;576;362;576;0;214;5000171447;4/5/2026;Servicios;CUMPLIDO PARCIAL;ECOPORTATILES SA;MR01;30/10/2026;9/10/2025;10133087;40;1;9/10/2025;10/10/2025;C25;4500110817;40;0374;1;MPITTIA;15/10/2025;30/10/2026;C25;7;4/5/2026;;;;;;;;;;03 Cert Mensual;En curso;Verde;C25
00374 TERMINAL PUNTA COLORADA;1000075601;10;ZPAN;03-OC SERVICIO INTER;;0;;;;JIBANEZ;1025931;SERV. INTERNET X MES - 50G - MOVIL;12;7;12;0;5;5000171350;30/4/2026;Servicios;CUMPLIDO PARCIAL;JAWIT S.A.;MR01;30/10/2026;9/10/2025;10133090;10;1;9/10/2025;2/5/2026;C25;4500110746;10;0374;1;MPITTIA;15/10/2025;30/10/2026;C25;7;30/4/2026;;;;;;;;;;03 Cert Mensual;En curso;Verde;C25
00374 TERMINAL PUNTA COLORADA;1000075601;20;ZPAN;03-OC SERVICIO INTER;;0;;;;JIBANEZ;1025931;SERV. INTERNET X MES - 50G - OLIVARES;12;7;12;0;5;5000171350;30/4/2026;Servicios;CUMPLIDO PARCIAL;JAWIT S.A.;MR01;30/10/2026;9/10/2025;10133090;20;1;9/10/2025;13/10/2025;C25;4500110746;20;0374;1;MPITTIA;15/10/2025;30/10/2026;C25;7;30/4/2026;;;;;;;;;;03 Cert Mensual;En curso;Verde;C25
00374 TERMINAL PUNTA COLORADA;1000075601;30;ZPAN;03-OC SERVICIO INTER;;0;10;4;6/1/2026;JIBANEZ;1025931;SERV. INTERNET X MES -  1TB - BASE SG;1;1;1;0;0;5000154514;4/12/2025;Servicios;CUMPLIDO;JAWIT S.A.;MR01;30/10/2026;9/10/2025;10133090;30;1;9/10/2025;9/10/2025;C25;4500110746;30;0374;1;MPITTIA;15/10/2025;30/10/2026;C25;3;4/12/2025;;;;;;;;;;03 Cert Mensual;En curso - Total recepcionado;;C25
00374 TERMINAL PUNTA COLORADA;1000075601;40;ZPAN;03-OC SERVICIO INTER;;0;;;;JIBANEZ;1025931;SERV. INTERNET X MES -  2,5TB - OBRADOR;12;5;12;0;7;5000168456;9/4/2026;Servicios;CUMPLIDO PARCIAL;JAWIT S.A.;MR01;30/10/2026;9/10/2025;10133090;40;1;9/10/2025;13/10/2025;C25;4500110746;40;0374;1;MPITTIA;15/10/2025;30/10/2026;C25;9;9/4/2026;;;;;;;;;;03 Cert Mensual;En curso;Rojo;C25
00374 TERMINAL PUNTA COLORADA;1000075601;50;ZPAN;03-OC SERVICIO INTER;;0;;;;JIBANEZ;1025931;SERV. INTERNET X MES - 500G - JEFATURA;12;0;12;0;12;;;Servicios;ADJUDICADO;JAWIT S.A.;MR01;30/10/2026;9/10/2025;10133090;50;1;9/10/2025;13/10/2025;C25;4500110746;50;0374;1;MPITTIA;15/10/2025;30/10/2026;C25;0;;;;;;;;;;;03 Cert Mensual;En curso;;C25
00374 TERMINAL PUNTA COLORADA;1000076010;10;ZPAN;04-INCOPORACION MODU;;0;;;;MREYNA;1013130;Módulo N° 1 - Tareas Livianas;100;88;100;0;12;5000167753;6/4/2026;Servicios;CUMPLIDO PARCIAL;MAINETE JAVIER ALBERTO;MR01;30/6/2026;16/10/2025;10133583;10;1;16/10/2025;16/10/2025;C25;4500111090;10;0374;1;MPITTIA;17/10/2025;30/6/2026;C25;1;6/4/2026;;;;;;;;;;04 Cert a Demanda;En curso - Próximo a vencer;;C25
00374 TERMINAL PUNTA COLORADA;1000076010;20;ZPAN;04-INCOPORACION MODU;;0;;;;MREYNA;1013130;Módulo N° 3 - Tareas de Altura;100;72;100;0;28;5000168655;11/4/2026;Servicios;CUMPLIDO PARCIAL;MAINETE JAVIER ALBERTO;MR01;30/6/2026;16/10/2025;10133583;20;1;16/10/2025;16/10/2025;C25;4500111090;20;0374;1;MPITTIA;17/10/2025;30/6/2026;C25;3;11/4/2026;;;;;;;;;;04 Cert a Demanda;En curso - Próximo a vencer;;C25
00374 TERMINAL PUNTA COLORADA;1000076010;30;ZPAN;04-INCOPORACION MODU;;0;;;;MREYNA;1013130;Módulo N° 4 - Conductores de Vehículos;100;100;100;0;0;5000168655;11/4/2026;Servicios;CUMPLIDO;MAINETE JAVIER ALBERTO;MR01;30/6/2026;16/10/2025;10133583;30;1;16/10/2025;16/10/2025;C25;4500111090;30;0374;1;MPITTIA;17/10/2025;30/6/2026;C25;3;11/4/2026;;;;;;;;;;04 Cert a Demanda;En curso - Próximo a vencer;;C25
00374 TERMINAL PUNTA COLORADA;1000076010;50;ZPAN;04-INCOPORACION MODU;;0;;;;MREYNA;1013130;Estudios según Modulo 2 S/ ergo;100;0;100;0;100;;;Servicios;ADJUDICADO;MAINETE JAVIER ALBERTO;MR01;30/6/2026;16/10/2025;10133583;50;1;16/10/2025;16/10/2025;C25;4500111090;50;0374;1;MPITTIA;17/10/2025;30/6/2026;C25;0;;;;;;;;;;;04 Cert a Demanda;En curso - Próximo a vencer;;C25
00374 TERMINAL PUNTA COLORADA;1000076010;60;ZPAN;04-INCOPORACION MODU;;0;;;;MREYNA;1013130;Estudios según Modulo 6 S/ ergo;100;89;100;0;11;5000165360;13/3/2026;Servicios;CUMPLIDO PARCIAL;MAINETE JAVIER ALBERTO;MR01;30/6/2026;16/10/2025;10133583;60;1;16/10/2025;16/10/2025;C25;4500111090;60;0374;1;MPITTIA;17/10/2025;30/6/2026;C25;1;13/3/2026;;;;;;;;;;04 Cert a Demanda;En curso - Próximo a vencer;;C25
00374 TERMINAL PUNTA COLORADA;1000076638;10;ZPAN;01 - LAVADERO EQUIPO;;0;;;;JIBANEZ;1022295;LAVADO DE CAMIONETAS SIERRA GRANDE;80;41;80;0;39;5000171091;29/4/2026;Servicios;CUMPLIDO PARCIAL;CASTILLO JULIO JONATHAN ALEXANDER;MR01;30/6/2026;28/10/2025;10134481;10;1;28/10/2025;28/10/2025;C25;4500111975;10;0374;1;MPITTIA;29/10/2025;30/6/2026;C25;7;29/4/2026;;;;;;;;;;01 Cert Semanal;En curso - Próximo a vencer;Rojo;C25
00374 TERMINAL PUNTA COLORADA;1000076638;20;ZPAN;01 - LAVADERO EQUIPO;;0;;;;JIBANEZ;1022295;LAVADO DE CAMIONES SIERRA GRANDE;30;30;30;0;0;5000167729;4/4/2026;Servicios;CUMPLIDO;CASTILLO JULIO JONATHAN ALEXANDER;MR01;30/6/2026;28/10/2025;10134481;20;1;28/10/2025;28/10/2025;C25;4500111975;20;0374;1;MPITTIA;29/10/2025;30/6/2026;C25;6;4/4/2026;;;;;;;;;;01 Cert Semanal;En curso - Próximo a vencer;Rojo;C25
00374 TERMINAL PUNTA COLORADA;1000076674;10;ZPAN;04-CONTROL ALCOHOL Y;;0;;;;MREYNA;1022295;CONTROL DE ALCOHOL Y DROGAS;180;116;180;0;64;5000173315;15/5/2026;Servicios;CUMPLIDO PARCIAL;MAINETE JAVIER ALBERTO;MR01;30/7/2026;28/10/2025;10134557;10;1;28/10/2025;29/10/2025;C25;4500111904;10;0374;1;MPITTIA;29/10/2025;30/7/2026;C25;5;15/5/2026;;;;;;;;;;04 Cert a Demanda;En curso;;C25
00374 TERMINAL PUNTA COLORADA;1000076683;10;ZPAN;04-ADICIONALES OC 45;;0;;;;MREYNA;1013131;CONVERSION MODULO 2 AL MODULO 3/4/5;100;7;100;0;93;5000156336;20/12/2025;Servicios;CUMPLIDO PARCIAL;MAINETE JAVIER ALBERTO;MR01;30/6/2026;28/10/2025;10134565;10;1;28/10/2025;29/10/2025;C25;4500111901;10;0374;1;MPITTIA;29/10/2025;30/6/2026;C25;1;20/12/2025;;;;;;;;;;04 Cert a Demanda;En curso - Próximo a vencer;;C25
00374 TERMINAL PUNTA COLORADA;1000076683;20;ZPAN;04-ADICIONALES OC 45;;0;;;;MREYNA;1013131;ESPIROMETRÍA;100;0;100;0;100;;;Servicios;ADJUDICADO;MAINETE JAVIER ALBERTO;MR01;30/6/2026;28/10/2025;10134565;20;1;28/10/2025;29/10/2025;C25;4500111901;20;0374;1;MPITTIA;29/10/2025;30/6/2026;C25;0;;;;;;;;;;;04 Cert a Demanda;En curso - Próximo a vencer;;C25
00374 TERMINAL PUNTA COLORADA;1000076774;10;ZPAN;03-EXTENSION OC 4500;;0;;;;MREYNA;1035446;REPRESENTACION TECNICA;13;6;13;0;7;5000174169;22/5/2026;Servicios;CUMPLIDO PARCIAL;SAN ROMAN GONZALO ARIEL;MR01;31/12/2026;29/10/2025;10134679;10;1;29/10/2025;30/10/2025;C25;4500113181;10;0374;1;MPITTIA;14/11/2025;31/12/2026;C25;6;22/5/2026;;;;;;;;;;03 Cert Mensual;En curso;Verde;C25
00374 TERMINAL PUNTA COLORADA;1000077138;10;ZPAN;04-POLIZA RC OBRA CI;;0;;;;NLAFORNARO;1012957;poliza rc 455585 374 obra civil;1;1;1;0;0;5000153821;28/11/2025;Servicios;CUMPLIDO;SANCOR COOP. DE SEG. LTDA.;MR01;22/1/2027;4/11/2025;10135141;10;1;4/11/2025;4/11/2025;C16;4500113220;10;0374;1;JESPARZA;14/11/2025;22/1/2027;C16;1;28/11/2025;;;;;;;;;;04 Cert a Demanda;En curso - Total recepcionado;;C16
00374 TERMINAL PUNTA COLORADA;1000077149;10;ZPAN;03 - Lavandería Play;;0;;;;DSUAREZ;1013077;SERV LAVANDERIA 1/2 CAJON;500;87;500;0;413;5000171870;6/5/2026;Servicios;CUMPLIDO PARCIAL;MALDONADO ELVA;MR01;31/12/2026;4/11/2025;10135151;10;1;4/11/2025;4/11/2025;C25;4500112708;10;0374;1;MPITTIA;10/11/2025;31/12/2026;C25;4;6/5/2026;;;;;;;;;;03 Cert Mensual;En curso;Verde;C25
00374 TERMINAL PUNTA COLORADA;1000077149;20;ZPAN;03 - Lavandería Play;;0;;;;DSUAREZ;1013077;SERV LAVANDERIA 1 CAJON COMPLETO;500;500;500;0;0;5000171870;6/5/2026;Servicios;CUMPLIDO;MALDONADO ELVA;MR01;31/12/2026;4/11/2025;10135151;20;1;4/11/2025;4/11/2025;C25;4500112708;20;0374;1;MPITTIA;10/11/2025;31/12/2026;C25;8;6/5/2026;;;;;;;;;;03 Cert Mensual;En curso - Total recepcionado;;C25
00374 TERMINAL PUNTA COLORADA;1000077198;10;ZPAN;02-Regularizacion La;;0;;;;DSUAREZ;1013024;VIATICOS IVA 10,5 REGULARIZACION;89070;89070;89070;0;0;5000152247;12/11/2025;Servicios;CUMPLIDO;SA IMPORTADORA Y EXP. DE LA PA;MR01;25/11/2026;5/11/2025;10135203;10;1;5/11/2025;15/11/2025;C25;4500112959;10;0374;1;MPITTIA;12/11/2025;25/11/2025;C25;1;12/11/2025;;;;;;;;;;02 Cert Quincenal;En curso - Total recepcionado;;C25
00374 TERMINAL PUNTA COLORADA;1000077198;20;ZPAN;02-Regularizacion La;;0;;;;DSUAREZ;1013024;VIATICOS IVA 10,5;50000000;50000000;50000000;0;0;5000170951;28/4/2026;Servicios;CUMPLIDO;SA IMPORTADORA Y EXP. DE LA PA;MR01;25/11/2026;5/11/2025;10135203;20;1;5/11/2025;5/11/2025;C25;4500112960;20;0374;1;MPITTIA;12/11/2025;30/6/2026;C25;7;28/4/2026;;;;;;;;;;02 Cert Quincenal;En curso - Total recepcionado;;C25
00374 TERMINAL PUNTA COLORADA;1000077673;10;ZPAN;03- Transporte VA Ci;;0;;;;DSUAREZ;1022295;COMBI 19 PAX - N° 1;12;7;12;0;5;5000172744;12/5/2026;Servicios;CUMPLIDO PARCIAL;TRANSPORTES VA S.R.L.;MR01;31/12/2026;13/11/2025;10135861;10;1;13/11/2025;14/11/2025;C25;4500114466;10;0374;1;MPITTIA;2/12/2025;31/12/2026;C25;7;12/5/2026;;;;;;;;;;03 Cert Mensual;En curso;Verde;C25
00374 TERMINAL PUNTA COLORADA;1000077673;20;ZPAN;03- Transporte VA Ci;;0;;;;DSUAREZ;1022295;COMBI 19 PAX - N° 2;12;7;12;0;5;5000172744;12/5/2026;Servicios;CUMPLIDO PARCIAL;TRANSPORTES VA S.R.L.;MR01;31/12/2026;13/11/2025;10135861;20;1;13/11/2025;14/11/2025;C25;4500114466;20;0374;1;MPITTIA;2/12/2025;31/12/2026;C25;7;12/5/2026;;;;;;;;;;03 Cert Mensual;En curso;Verde;C25
00374 TERMINAL PUNTA COLORADA;1000077673;30;ZPAN;03- Transporte VA Ci;;0;;;;DSUAREZ;1022295;COMBI 19 PAX - N° 3;12;7;12;0;5;5000172744;12/5/2026;Servicios;CUMPLIDO PARCIAL;TRANSPORTES VA S.R.L.;MR01;31/12/2026;13/11/2025;10135861;30;1;13/11/2025;14/11/2025;C25;4500114466;30;0374;1;MPITTIA;2/12/2025;31/12/2026;C25;7;12/5/2026;;;;;;;;;;03 Cert Mensual;En curso;Verde;C25
00374 TERMINAL PUNTA COLORADA;1000077673;40;ZPAN;03- Transporte VA Ci;;0;;;;DSUAREZ;1022295;COMBI 19 PAX - N° 4;12;7;12;0;5;5000172744;12/5/2026;Servicios;CUMPLIDO PARCIAL;TRANSPORTES VA S.R.L.;MR01;31/12/2026;13/11/2025;10135861;40;1;13/11/2025;14/11/2025;C25;4500114466;40;0374;1;MPITTIA;2/12/2025;31/12/2026;C25;7;12/5/2026;;;;;;;;;;03 Cert Mensual;En curso;Verde;C25
00374 TERMINAL PUNTA COLORADA;1000077677;10;ZPAN;03- Transp Las Gruta;;0;;;;DSUAREZ;1013113;COLECTIVO 44 PAX - N° 1 x VIAJE;315;315;315;0;0;5000164537;7/3/2026;Servicios;CUMPLIDO;LAS GRUTAS S A;MR01;31/12/2026;13/11/2025;10135863;10;1;13/11/2025;14/11/2025;C25;4500114323;10;0374;1;MPITTIA;1/12/2025;31/12/2026;C25;3;7/3/2026;;;;;;;;;;03 Cert Mensual;En curso - Total recepcionado;;C25
00374 TERMINAL PUNTA COLORADA;1000077677;20;ZPAN;03- Transp Las Gruta;;0;;;;DSUAREZ;1013113;COLECTIVO 44 PAX - N° 2 x VIAJE;315;243;315;0;72;5000171950;6/5/2026;Servicios;CUMPLIDO PARCIAL;LAS GRUTAS S A;MR01;31/12/2026;13/11/2025;10135863;20;1;13/11/2025;14/11/2025;C25;4500114323;20;0374;1;MPITTIA;1/12/2025;31/12/2026;C25;3;6/5/2026;;;;;;;;;;03 Cert Mensual;En curso;Verde;C25
00374 TERMINAL PUNTA COLORADA;1000077677;30;ZPAN;03- Transp Las Gruta;;0;;;;DSUAREZ;1013113;COLECTIVO 44 PAX - N° 3 x VIAJE;315;0;315;0;315;;;Servicios;ADJUDICADO;LAS GRUTAS S A;MR01;31/12/2026;13/11/2025;10135863;30;1;13/11/2025;14/11/2025;C25;4500114323;30;0374;1;MPITTIA;1/12/2025;31/12/2026;C25;0;;;;;;;;;;;03 Cert Mensual;En curso;;C25
00374 TERMINAL PUNTA COLORADA;1000077677;40;ZPAN;03- Transp Las Gruta;;0;;;;DSUAREZ;1013113;COLECTIVO 44 PAX - N° 4 LINEA;315;168;315;0;147;5000171950;6/5/2026;Servicios;CUMPLIDO PARCIAL;LAS GRUTAS S A;MR01;31/12/2026;13/11/2025;10135863;40;1;13/11/2025;14/11/2025;C25;4500114323;40;0374;1;MPITTIA;1/12/2025;31/12/2026;C25;3;6/5/2026;;;;;;;;;;03 Cert Mensual;En curso;Verde;C25
00374 TERMINAL PUNTA COLORADA;1000077677;50;ZPAN;03- Transp Las Gruta;;0;;;;DSUAREZ;1013113;COLECTIVO 44 PAX - N° 5 LINEA;315;0;315;0;315;;;Servicios;ADJUDICADO;LAS GRUTAS S A;MR01;31/12/2026;13/11/2025;10135863;50;1;13/11/2025;14/11/2025;C25;4500114323;50;0374;1;MPITTIA;1/12/2025;31/12/2026;C25;0;;;;;;;;;;;03 Cert Mensual;En curso;;C25
00374 TERMINAL PUNTA COLORADA;1000077679;10;ZPAN;03 - Agua Bidon Noal;;0;;;;DSUAREZ;1025992;ALQUILER DISPENSER FRIO CALOR x MES;72;36;72;0;36;5000171441;4/5/2026;Servicios;CUMPLIDO PARCIAL;NOALE CLAUDIA ELISABETH VIVIANA;MR01;31/12/2026;13/11/2025;10135865;10;1;13/11/2025;14/11/2025;C25;4500114127;10;0374;1;MPITTIA;28/11/2025;3/12/2026;C25;6;4/5/2026;;;;;;;;;;03 Cert Mensual;En curso;Verde;C25
00374 TERMINAL PUNTA COLORADA;1000077679;20;ZPAN;03 - Agua Bidon Noal;;0;;;;DSUAREZ;1022295;BIDON DE AGUA X 20LTS;3500;1593;3500;0;1907;5000171441;4/5/2026;Servicios;CUMPLIDO PARCIAL;NOALE CLAUDIA ELISABETH VIVIANA;MR01;31/12/2026;13/11/2025;10135865;20;1;13/11/2025;14/11/2025;C25;4500114127;20;0374;1;MPITTIA;28/11/2025;3/12/2026;C25;6;4/5/2026;;;;;;;;;;03 Cert Mensual;En curso;Verde;C25
00374 TERMINAL PUNTA COLORADA;1000077683;10;ZPAN;03 - Agua Bidon Paz;;0;;;;DSUAREZ;1025992;ALQUILER DISPENSER FRIO CALOR x MES;144;60;144;0;84;5000171650;5/5/2026;Servicios;CUMPLIDO PARCIAL;PAZ PABLO FABIAN;MR01;31/12/2026;13/11/2025;10135870;10;1;13/11/2025;14/11/2025;C25;4500115290;10;0374;1;MPITTIA;12/12/2025;31/12/2026;C25;5;5/5/2026;;;;;;;;;;03 Cert Mensual;En curso;Verde;C25
00374 TERMINAL PUNTA COLORADA;1000077683;20;ZPAN;03 - Agua Bidon Paz;;0;;;;DSUAREZ;1022295;BIDON DE AGUA X 20LTS;5500;2943;5500;0;2557;5000171650;5/5/2026;Servicios;CUMPLIDO PARCIAL;PAZ PABLO FABIAN;MR01;31/12/2026;13/11/2025;10135870;20;1;13/11/2025;14/11/2025;C25;4500115290;20;0374;1;MPITTIA;12/12/2025;31/12/2026;C25;5;5/5/2026;;;;;;;;;;03 Cert Mensual;En curso;Verde;C25
00374 TERMINAL PUNTA COLORADA;1000077704;10;ZPAN;03-Transporte Forane;;0;;;;DSUAREZ;1022295;TRANSPORTE PASAJEROS FORANEO 19PAX x MES;12;3;12;0;9;5000164540;7/3/2026;Servicios;CUMPLIDO PARCIAL;PAZ DIEGO ADRIAN;MR01;31/12/2026;13/11/2025;10135903;10;1;13/11/2025;14/11/2025;C25;4500114906;10;0374;1;MPITTIA;9/12/2025;31/12/2026;C25;5;7/3/2026;;;;;;;;;;03 Cert Mensual;En curso;Rojo;C25
00374 TERMINAL PUNTA COLORADA;1000077705;10;ZPAN;03-Control de Plagas;;0;;;;DSUAREZ;1013139;PLAN COMPLETO CONTROL DE PLAGAS X MES;12;4;12;0;8;5000171443;4/5/2026;Servicios;CUMPLIDO PARCIAL;MOLINA SOTO MATIAS FABIAN;MR01;31/12/2026;13/11/2025;10135904;10;1;13/11/2025;14/11/2025;C25;4500115871;10;0374;1;MPITTIA;21/12/2025;31/12/2026;C25;4;4/5/2026;;;;;;;;;;03 Cert Mensual;En curso;Verde;C25
00374 TERMINAL PUNTA COLORADA;1000077950;10;ZPAN;EXTENSION OC 4500102;;0;;;;MREYNA;1036581;SERVICIO ALQ. GARITA DE SEG PUNTA2 XMES;6;5;6;0;1;5000170719;27/4/2026;Servicios;CUMPLIDO PARCIAL;ECOPORTATILES SA;MR01;31/5/2026;17/11/2025;10136111;10;1;17/11/2025;28/11/2025;C03;4500114265;10;0374;1;EFUNES;1/12/2025;31/5/2026;C03;5;27/4/2026;;;;;;;;;;Sin aclaración;En curso - Próximo a vencer;;C03
00374 TERMINAL PUNTA COLORADA;1000077950;20;ZPAN;EXTENSION OC 4500102;;0;;;;MREYNA;1036581;AIRE ACONDICIONADO PARA GARITA X MES;6;5;6;0;1;5000170719;27/4/2026;Servicios;CUMPLIDO PARCIAL;ECOPORTATILES SA;MR01;31/5/2026;17/11/2025;10136111;20;1;17/11/2025;28/11/2025;C03;4500114265;20;0374;1;EFUNES;1/12/2025;31/5/2026;C03;5;27/4/2026;;;;;;;;;;Sin aclaración;En curso - Próximo a vencer;;C03
00374 TERMINAL PUNTA COLORADA;1000077950;30;ZPAN;EXTENSION OC 4500102;;0;;;;MREYNA;1036581;SERVICIO ALQ. GARITA DE SEG POZO X MES;6;5;6;0;1;5000170719;27/4/2026;Servicios;CUMPLIDO PARCIAL;ECOPORTATILES SA;MR01;31/5/2026;17/11/2025;10136111;30;1;17/11/2025;28/11/2025;C03;4500114265;30;0374;1;EFUNES;1/12/2025;31/5/2026;C03;5;27/4/2026;;;;;;;;;;Sin aclaración;En curso - Próximo a vencer;;C03
00374 TERMINAL PUNTA COLORADA;1000077950;40;ZPAN;EXTENSION OC 4500102;;0;;;;MREYNA;1036581;SERVICIO ALQ. GARITA DE SEG SIERRA X MES;6;5;6;0;1;5000170719;27/4/2026;Servicios;CUMPLIDO PARCIAL;ECOPORTATILES SA;MR01;31/5/2026;17/11/2025;10136111;40;1;17/11/2025;28/11/2025;C03;4500114265;40;0374;1;EFUNES;1/12/2025;31/5/2026;C03;5;27/4/2026;;;;;;;;;;Sin aclaración;En curso - Próximo a vencer;;C03
00374 TERMINAL PUNTA COLORADA;1000077950;50;ZPAN;EXTENSION OC 4500102;;0;;;;MREYNA;1036581;SERVICIO ALQ. GARITA DE SEG PUNTA X MES;6;5;6;0;1;5000170719;27/4/2026;Servicios;CUMPLIDO PARCIAL;ECOPORTATILES SA;MR01;31/5/2026;17/11/2025;10136111;50;1;17/11/2025;28/11/2025;C03;4500114265;50;0374;1;EFUNES;1/12/2025;31/5/2026;C03;5;27/4/2026;;;;;;;;;;Sin aclaración;En curso - Próximo a vencer;;C03
00374 TERMINAL PUNTA COLORADA;1000077962;10;ZPAN;03 - RSU DADAM;;0;;4;19/5/2026;DSUAREZ;1035384;ALQ Y RETIRO DE RSU - OBRA A PMY;60;29;29;31;31;5000168081;7/4/2026;Servicios;RESPONDIDO;DADAM HNOS S.R.L;MR01;30/12/2026;17/11/2025;10136131;10;1;17/11/2025;17/11/2025;C25;4500116730;10;0374;1;MPITTIA;6/1/2026;30/12/2026;C25;3;7/4/2026;;;;;;;;;;03 Cert Mensual;En curso;Rojo;C25
00374 TERMINAL PUNTA COLORADA;1000077962;20;ZPAN;03 - RSU DADAM;;0;;4;19/5/2026;DSUAREZ;1035384;RESIDUOS RSU X TN;50;13,9;13,9;36;36,1;5000168081;7/4/2026;Servicios;RESPONDIDO;DADAM HNOS S.R.L;MR01;30/12/2026;17/11/2025;10136131;20;1;17/11/2025;17/11/2025;C25;4500116730;20;0374;1;MPITTIA;6/1/2026;30/12/2026;C25;3;7/4/2026;;;;;;;;;;03 Cert Mensual;En curso;Rojo;C25
00374 TERMINAL PUNTA COLORADA;1000078012;10;ZPAN;03 - Trat Residuos P;;0;;;;DSUAREZ;1036090;FLETE TTE CAMION CISTERNA RES PELIG;6;0;6;0;6;;;Servicios;ADJUDICADO;SOLUCIONES AMBIENTALES PATAGONIA;MR01;31/12/2026;18/11/2025;10136216;10;1;18/11/2025;19/11/2025;C25;4500114988;10;0374;1;MPITTIA;10/12/2025;31/12/2026;C25;0;;;;;;;;;;;03 Cert Mensual;En curso;;C25
00374 TERMINAL PUNTA COLORADA;1000078012;20;ZPAN;03 - Trat Residuos P;;0;;;;DSUAREZ;1036089;FLETE TTE CAMION RES PELIGROSOS SEDE;6;4;6;0;2;5000171909;6/5/2026;Servicios;CUMPLIDO PARCIAL;SOLUCIONES AMBIENTALES PATAGONIA;MR01;31/12/2026;18/11/2025;10136216;20;1;18/11/2025;19/11/2025;C25;4500114988;20;0374;1;MPITTIA;10/12/2025;31/12/2026;C25;3;6/5/2026;;;;;;;;;;03 Cert Mensual;En curso;Verde;C25
00374 TERMINAL PUNTA COLORADA;1000078012;30;ZPAN;03 - Trat Residuos P;;0;;;;DSUAREZ;1036084;TRAT RESIDUOS PELIGROSOS Y5;25;12,47;25;0;12,53;5000171909;6/5/2026;Servicios;CUMPLIDO PARCIAL;SOLUCIONES AMBIENTALES PATAGONIA;MR01;31/12/2026;18/11/2025;10136216;30;1;18/11/2025;19/11/2025;C25;4500114988;30;0374;1;MPITTIA;10/12/2025;31/12/2026;C25;3;6/5/2026;;;;;;;;;;03 Cert Mensual;En curso;Verde;C25
00374 TERMINAL PUNTA COLORADA;1000078012;40;ZPAN;03 - Trat Residuos P;;0;;;;DSUAREZ;1042559;TRAT. DE RESIDUOS PELIGROSOS Y15 (TON);25;9,03;25;0;15,97;5000171909;6/5/2026;Servicios;CUMPLIDO PARCIAL;SOLUCIONES AMBIENTALES PATAGONIA;MR01;31/12/2026;18/11/2025;10136216;40;1;18/11/2025;19/11/2025;C25;4500114988;40;0374;1;MPITTIA;10/12/2025;31/12/2026;C25;3;6/5/2026;;;;;;;;;;03 Cert Mensual;En curso;Verde;C25
00374 TERMINAL PUNTA COLORADA;1000078012;50;ZPAN;03 - Trat Residuos P;;0;;;;DSUAREZ;1036085;TRAT Y DISP FINAL RES PELIGROSOS Y44;2;0;2;0;2;;;Servicios;ADJUDICADO;SOLUCIONES AMBIENTALES PATAGONIA;MR01;31/12/2026;18/11/2025;10136216;50;1;18/11/2025;19/11/2025;C25;4500114988;50;0374;1;MPITTIA;10/12/2025;31/12/2026;C25;0;;;;;;;;;;;03 Cert Mensual;En curso;;C25
00374 TERMINAL PUNTA COLORADA;1000078012;60;ZPAN;03 - Trat Residuos P;;0;;;;DSUAREZ;1036088;ALQ CONTENEDOR PARA RES PELIGROSOS;48;20;48;0;28;5000171909;6/5/2026;Servicios;CUMPLIDO PARCIAL;SOLUCIONES AMBIENTALES PATAGONIA;MR01;31/12/2026;18/11/2025;10136216;60;1;18/11/2025;19/11/2025;C25;4500114988;60;0374;1;MPITTIA;10/12/2025;31/12/2026;C25;3;6/5/2026;;;;;;;;;;03 Cert Mensual;En curso;Verde;C25
00374 TERMINAL PUNTA COLORADA;1000078020;10;ZPAN;03-Viandas Punta Nor;;0;;;;DSUAREZ;1013116;VIANDA ALMUERZO LINEA CALIENTE XUN;112000;45962;112000;0;66038;5000173518;18/5/2026;Servicios;CUMPLIDO PARCIAL;PUNTA NORTE S.R.L.;MR01;31/12/2026;18/11/2025;10136224;10;1;18/11/2025;19/11/2025;C25;4500115636;10;0374;1;MPITTIA;17/12/2025;31/12/2026;C25;9;18/5/2026;;;;;;;;;;03 Cert Mensual;En curso;Verde;C25
00374 TERMINAL PUNTA COLORADA;1000078419;10;ZPAN;EXTENSION OC45001004;;0;;;;MREYNA;1034203;DESARME Y ARME LIVIANO;2;2;2;0;0;5000158381;14/1/2026;Servicios;CUMPLIDO;CONTRERAS BRIAN ALEXANDER;MR01;26/5/2026;26/11/2025;10136784;10;1;26/11/2025;26/11/2025;C04;4500114148;10;0374;1;GROSES;28/11/2025;26/5/2026;C04;2;14/1/2026;;;;;;;;;;Sin aclaración;En curso - Próximo a vencer;;C04
00374 TERMINAL PUNTA COLORADA;1000078419;20;ZPAN;EXTENSION OC45001004;;0;;;;MREYNA;1034203;DESARME Y ARME CAMION SIN CAMARA;1;1;1;0;0;5000158381;14/1/2026;Servicios;CUMPLIDO;CONTRERAS BRIAN ALEXANDER;MR01;26/5/2026;26/11/2025;10136784;20;1;26/11/2025;26/11/2025;C04;4500114148;20;0374;1;GROSES;28/11/2025;26/5/2026;C04;1;14/1/2026;;;;;;;;;;Sin aclaración;En curso - Próximo a vencer;;C04
00374 TERMINAL PUNTA COLORADA;1000078419;30;ZPAN;EXTENSION OC45001004;;0;;;;MREYNA;1034203;DESARME Y ARME CAMION CON CAMARA;5;5;5;0;0;5000158381;14/1/2026;Servicios;CUMPLIDO;CONTRERAS BRIAN ALEXANDER;MR01;26/5/2026;26/11/2025;10136784;30;1;26/11/2025;26/11/2025;C04;4500114148;30;0374;1;GROSES;28/11/2025;26/5/2026;C04;2;14/1/2026;;;;;;;;;;Sin aclaración;En curso - Próximo a vencer;;C04
00374 TERMINAL PUNTA COLORADA;1000078419;40;ZPAN;EXTENSION OC45001004;;0;;;;MREYNA;1034203;DESARME Y ARME BOBCAT O SIMIL;4;4;4;0;0;5000158381;14/1/2026;Servicios;CUMPLIDO;CONTRERAS BRIAN ALEXANDER;MR01;26/5/2026;26/11/2025;10136784;40;1;26/11/2025;26/11/2025;C04;4500114148;40;0374;1;GROSES;28/11/2025;26/5/2026;C04;2;14/1/2026;;;;;;;;;;Sin aclaración;En curso - Próximo a vencer;;C04
00374 TERMINAL PUNTA COLORADA;1000078419;50;ZPAN;EXTENSION OC45001004;;0;;;;MREYNA;1034203;DESARME Y ARME PESADOS (MAQUINA);4;4;4;0;0;5000158381;14/1/2026;Servicios;CUMPLIDO;CONTRERAS BRIAN ALEXANDER;MR01;26/5/2026;26/11/2025;10136784;50;1;26/11/2025;26/11/2025;C04;4500114148;50;0374;1;GROSES;28/11/2025;26/5/2026;C04;2;14/1/2026;;;;;;;;;;Sin aclaración;En curso - Próximo a vencer;;C04
00374 TERMINAL PUNTA COLORADA;1000078419;60;ZPAN;EXTENSION OC45001004;;0;;;;MREYNA;1034203;DESARME/ARME+REPARACION LIVIANO;27;27;27;0;0;5000162698;21/2/2026;Servicios;CUMPLIDO;CONTRERAS BRIAN ALEXANDER;MR01;26/5/2026;26/11/2025;10136784;60;1;26/11/2025;26/11/2025;C04;4500114148;60;0374;1;GROSES;28/11/2025;26/5/2026;C04;3;21/2/2026;;;;;;;;;;Sin aclaración;En curso - Próximo a vencer;;C04
00374 TERMINAL PUNTA COLORADA;1000078419;80;ZPAN;EXTENSION OC45001004;;0;;;;MREYNA;1034203;DESARME/ARME+REPARACION CAMION CON CAMAR;25;25;25;0;0;5000158381;14/1/2026;Servicios;CUMPLIDO;CONTRERAS BRIAN ALEXANDER;MR01;26/5/2026;26/11/2025;10136784;80;1;26/11/2025;26/11/2025;C04;4500114148;80;0374;1;GROSES;28/11/2025;26/5/2026;C04;5;14/1/2026;;;;;;;;;;Sin aclaración;En curso - Próximo a vencer;;C04
00374 TERMINAL PUNTA COLORADA;1000078419;90;ZPAN;EXTENSION OC45001004;;0;;;;MREYNA;1034203;DESARME/ARME+REPARACION BOBCAT O SIMIL;1;1;1;0;0;5000162698;21/2/2026;Servicios;CUMPLIDO;CONTRERAS BRIAN ALEXANDER;MR01;26/5/2026;26/11/2025;10136784;90;1;26/11/2025;26/11/2025;C04;4500114148;90;0374;1;GROSES;28/11/2025;26/5/2026;C04;1;21/2/2026;;;;;;;;;;Sin aclaración;En curso - Próximo a vencer;;C04
00374 TERMINAL PUNTA COLORADA;1000078419;100;ZPAN;EXTENSION OC45001004;;0;;;;MREYNA;1034203;DESARME/ARME+REPARACION PESADOS (MAQUINA;10;10;10;0;0;5000154884;9/12/2025;Servicios;CUMPLIDO;CONTRERAS BRIAN ALEXANDER;MR01;26/5/2026;26/11/2025;10136784;100;1;26/11/2025;26/11/2025;C04;4500114148;100;0374;1;GROSES;28/11/2025;26/5/2026;C04;1;9/12/2025;;;;;;;;;;Sin aclaración;En curso - Próximo a vencer;;C04
00374 TERMINAL PUNTA COLORADA;1000078822;10;ZPAN;03 - SERV DE INTERNE;;0;;;;JIBANEZ;1025931;SERV. INTERNET X MES -  1TB - BASE SG;12;1;12;0;11;5000158693;16/1/2026;Servicios;CUMPLIDO PARCIAL;TELEFONICA MOVILES ARG. S.A. (MOVIS;MR01;30/12/2026;2/12/2025;10137255;10;1;2/12/2025;2/12/2025;C25;4500115860;10;0374;1;MPITTIA;20/12/2025;30/12/2026;C25;1;16/1/2026;;;;;;;;;;03 Cert Mensual;En curso;Rojo;C25
00374 TERMINAL PUNTA COLORADA;1000079292;10;ZPAN;03- 5ta Combi - Tras;;0;;;;DSUAREZ;1022295;COMBI MOVIMIENTOS INTERNOS X MES;12;7;12;0;5;5000172744;12/5/2026;Servicios;CUMPLIDO PARCIAL;TRANSPORTES VA S.R.L.;MR01;31/12/2026;10/12/2025;10137888;10;1;10/12/2025;11/12/2025;C25;4500116042;10;0374;1;MPITTIA;23/12/2025;31/12/2026;C25;7;12/5/2026;;;;;;;;;;03 Cert Mensual;En curso;Verde;C25
00374 TERMINAL PUNTA COLORADA;1000079441;10;ZPAN;03 - EXT OC 45001005;;0;;;;MREYNA;1033267;Alquiler Rodillo Liso Vibratorio;6;4;6;0;2;5000170327;23/4/2026;Servicios;CUMPLIDO PARCIAL;ALL SERVICE SRL;MR01;30/7/2026;12/12/2025;10138108;10;1;12/12/2025;12/12/2025;C04;4500116178;10;0374;1;WVENTURINI;26/12/2025;30/6/2026;C04;4;23/4/2026;;;;;;;;;;03 Cert Mensual;En curso;Rojo;C04
00374 TERMINAL PUNTA COLORADA;1000079621;10;ZPAN;POLIZA DE TANQUE;;0;;;;NLAFORNARO;1012967;poliza de tanque 449421 endoso 2;1;1;1;0;0;5000156814;29/12/2025;Servicios;CUMPLIDO;FEDERACION PATRONAL SEG. S.A.;MR01;31/1/2027;15/12/2025;10138320;10;1;15/12/2025;16/12/2025;C16;4500116275;10;0374;1;JESPARZA;29/12/2025;31/1/2027;C16;1;29/12/2025;;;;;;;;;;Sin aclaración;En curso - Total recepcionado;;C16
00374 TERMINAL PUNTA COLORADA;1000079638;10;ZPAN;04 - Rayos X Bisotto;;0;;;;DSUAREZ;1022295;SERVICIO RAYOS X BISOTTO;30;0;30;0;30;;;Servicios;ADJUDICADO;LABORATORIO  ANA BISOTTO;MR01;30/12/2026;15/12/2025;10138347;10;1;15/12/2025;16/12/2025;C25;4500117381;10;0374;1;MPITTIA;14/1/2026;30/12/2026;C25;0;;;;;;;;;;;04 Cert a Demanda;En curso;;C25
00374 TERMINAL PUNTA COLORADA;1000079656;10;ZPAN;03 - Medio Ambiente;;0;;;;DSUAREZ;1025973;SS HIG. SEG. Y MEDIO AMB. XMES;12;3;12;0;9;5000172434;9/5/2026;Servicios;CUMPLIDO PARCIAL;CAUQUEN SRL;MR01;31/12/2026;16/12/2025;10138358;10;1;16/12/2025;16/12/2025;C25;4500116734;10;0374;1;MPITTIA;6/1/2026;31/12/2026;C25;3;9/5/2026;;;;;;;;;;03 Cert Mensual;En curso;Verde;C25
00374 TERMINAL PUNTA COLORADA;1000079659;10;ZPAN;03 - EXTENSION OC 45;;0;;;;MREYNA;1035542;ALQUILER 4 RAMPAS LAYHER X MES;6;5;6;0;1;5000173994;21/5/2026;Servicios;CUMPLIDO PARCIAL;ROXANA ZANFAGNINI S.R.L.;MR01;30/6/2026;16/12/2025;10138362;10;1;16/12/2025;16/12/2025;C26;4500115809;10;0374;1;ALOPEZ;19/12/2025;30/6/2026;C26;3;21/5/2026;;;;;;;;;;03 Cert Mensual;En curso - Próximo a vencer;Verde;C26
00374 TERMINAL PUNTA COLORADA;1000079888;10;ZPAN;03 - Subcontrato ING;;0;;;;DSUAREZ;1042086;SUBC. TOPOGRAFIA PERSONAL EN CAMPO;6;4;6;0;2;5000171622;5/5/2026;Servicios;CUMPLIDO PARCIAL;INGEAP S.A.S.;MR01;12/7/2026;19/12/2025;10138761;10;1;19/12/2025;19/12/2025;C26;4500116112;10;0374;1;AGONZALEZ;23/12/2025;11/7/2026;C26;4;5/5/2026;;;;;;;;;;03 Cert Mensual;En curso;Verde;C26
00374 TERMINAL PUNTA COLORADA;1000079888;20;ZPAN;03 - Subcontrato ING;;0;;;;DSUAREZ;1042086;SUBC. TOPOGRAFIA PERSONAL EN OFICINA TEC;6;4;6;0;2;5000171622;5/5/2026;Servicios;CUMPLIDO PARCIAL;INGEAP S.A.S.;MR01;12/7/2026;19/12/2025;10138761;20;1;19/12/2025;19/12/2025;C26;4500116112;20;0374;1;AGONZALEZ;23/12/2025;11/7/2026;C26;4;5/5/2026;;;;;;;;;;03 Cert Mensual;En curso;Verde;C26
00374 TERMINAL PUNTA COLORADA;1000079957;10;ZPAN;04 - EXTENSION OC 45;;0;;;;MREYNA;1035489;SERVICIO RECARGA TUBO GAS 45 KG;40;24;40;0;16;5000173781;20/5/2026;Servicios;CUMPLIDO PARCIAL;AIRALDE VICTOR NICOLAS;MR01;13/10/2026;22/12/2025;10138842;10;1;22/12/2025;22/12/2025;C25;4500117294;10;0374;1;MPITTIA;13/1/2026;30/6/2026;C25;8;20/5/2026;;;;;;;;;;04 Cert a Demanda;En curso;;C25
00374 TERMINAL PUNTA COLORADA;1000079957;20;ZPAN;04 - EXTENSION OC 45;;0;;;;MREYNA;1035491;SERVICIO RECARGA TUBO GAS 10 KG;10;10;10;0;0;5000173781;20/5/2026;Servicios;CUMPLIDO;AIRALDE VICTOR NICOLAS;MR01;13/10/2026;22/12/2025;10138842;20;1;22/12/2025;22/12/2025;C25;4500117294;20;0374;1;MPITTIA;13/1/2026;30/6/2026;C25;6;20/5/2026;;;;;;;;;;04 Cert a Demanda;En curso - Total recepcionado;;C25
00374 TERMINAL PUNTA COLORADA;1000080470;10;ZPAN;CMD - Cintia Alarcon;;0;;;;DSUAREZ;1022295;CURSO MANEJO DEFENSIVO;6;6;6;0;0;5000161113;5/2/2026;Servicios;CUMPLIDO;BUSTOS MARIA LORENA;MR01;10/10/2026;6/1/2026;10139655;10;1;6/1/2026;6/1/2026;374;4500116759;10;0374;1;WDILLMAN;6/1/2026;9/2/2026;374;1;5/2/2026;;;;;;;;;;Sin aclaración;En curso - Total recepcionado;;374
00374 TERMINAL PUNTA COLORADA;1000080632;10;ZPAN;03- Vigilancia Priva;;0;;;;DSUAREZ;1013147;SERV VIGIL OBRADOR SIERRA GRANDE;5760;2380;5760;0;3380;5000174270;25/5/2026;Servicios;CUMPLIDO PARCIAL;ARCE JAIME WALTER;MR01;31/12/2026;8/1/2026;10139903;10;1;8/1/2026;9/1/2026;C25;4500118284;10;0374;1;MPITTIA;23/1/2026;31/12/2026;C25;5;25/5/2026;;;;;;;;;;03 Cert Mensual;En curso;Verde;C25
00374 TERMINAL PUNTA COLORADA;1000080632;20;ZPAN;03- Vigilancia Priva;;0;;;;DSUAREZ;1013147;SERV VIGIL OBRADOR PUNTA COLORADA;5760;2097;5760;0;3663;5000174270;25/5/2026;Servicios;CUMPLIDO PARCIAL;ARCE JAIME WALTER;MR01;31/12/2026;8/1/2026;10139903;30;1;8/1/2026;9/1/2026;C25;4500118284;30;0374;1;MPITTIA;23/1/2026;31/12/2026;C25;5;25/5/2026;;;;;;;;;;03 Cert Mensual;En curso;Verde;C25
00374 TERMINAL PUNTA COLORADA;1000080632;30;ZPAN;03- Vigilancia Priva;;0;;;;DSUAREZ;1013147;SERV VIGIL POZO OLIVARES PUNTA COLORADA;1920;1791;1920;0;129;5000174270;25/5/2026;Servicios;CUMPLIDO PARCIAL;ARCE JAIME WALTER;MR01;31/12/2026;8/1/2026;10139903;20;1;8/1/2026;9/1/2026;C25;4500118284;20;0374;1;MPITTIA;23/1/2026;31/12/2026;C25;5;25/5/2026;;;;;;;;;;03 Cert Mensual;En curso;Verde;C25
00374 TERMINAL PUNTA COLORADA;1000080916;10;ZPAN;02-Viaticos 21% La A;;0;;;;DSUAREZ;1013024;VIATICOS 21%;200000000;154460255,3;200000000;0;45539744,72;5000173061;14/5/2026;Servicios;CUMPLIDO PARCIAL;SA IMPORTADORA Y EXP. DE LA PA;MR01;31/12/2026;13/1/2026;10140200;10;1;13/1/2026;13/1/2026;C25;4500117785;10;0374;1;MPITTIA;19/1/2026;2/6/2026;C25;10;14/5/2026;;;;;;;;;;02 Cert Quincenal;En curso;Verde;C25
00374 TERMINAL PUNTA COLORADA;1000081229;10;ZPAN;03 - SERV MEDICO MAI;;0;;;;MREYNA;1027345;SERVICIO MEDICO EN OBRA X MES;6;5;6;0;1;5000173317;15/5/2026;Servicios;CUMPLIDO PARCIAL;MAINETE JAVIER ALBERTO;MR01;30/7/2026;16/1/2026;10140637;10;1;16/1/2026;19/1/2026;C25;4500118313;10;0374;1;MPITTIA;23/1/2026;30/7/2026;C25;7;15/5/2026;;;;;;;;;;03 Cert Mensual;En curso;Verde;C25
00374 TERMINAL PUNTA COLORADA;1000081347;30;ZPAN;04 - Hormigon Betons;;0;;;;DSUAREZ;1012984;ALQUILER BOMBA H° TELESCOPICA;5;5;5;0;0;5000162274;14/2/2026;Servicios;CUMPLIDO;BETONSUR SRL;MR01;9/6/2026;20/1/2026;10140784;30;1;20/1/2026;20/1/2026;C18;4500118105;30;0374;1;VBARRA;21/1/2026;9/6/2026;C18;2;14/2/2026;;;;;;;;;;04 Cert a Demanda;En curso - Próximo a vencer;;C18
00374 TERMINAL PUNTA COLORADA;1000081347;40;ZPAN;04 - Hormigon Betons;;0;;;;DSUAREZ;1012983;SERVICIO DE BOMBEO;600;600;600;0;0;5000172596;11/5/2026;Servicios;CUMPLIDO;BETONSUR SRL;MR01;9/6/2026;20/1/2026;10140784;40;1;20/1/2026;20/1/2026;C18;4500118105;40;0374;1;VBARRA;21/1/2026;9/6/2026;C18;5;11/5/2026;;;;;;;;;;04 Cert a Demanda;En curso - Próximo a vencer;;C18
00374 TERMINAL PUNTA COLORADA;1000081358;10;ZPAN;03 - Alquiler BQ y l;;0;;;;DSUAREZ;1022693;ALQUILER BAÑO QUIMICO X MES;96;0;96;0;96;;;Servicios;ADJUDICADO;ECOPORTATILES SA;MR01;20/1/2027;20/1/2026;10140795;10;1;20/1/2026;20/1/2026;C25;4500118607;10;0374;1;MPITTIA;28/1/2026;20/1/2027;C25;0;;;;;;;;;;;03 Cert Mensual;En curso;;C25
00374 TERMINAL PUNTA COLORADA;1000081358;20;ZPAN;03 - Alquiler BQ y l;;0;;;;DSUAREZ;1013136;SERVICIO LIMPIEZA DESAGOTE BANO QUIMICO;2500;0;2500;0;2500;;;Servicios;ADJUDICADO;ECOPORTATILES SA;MR01;20/1/2027;20/1/2026;10140795;20;1;20/1/2026;20/1/2026;C25;4500118607;20;0374;1;MPITTIA;28/1/2026;20/1/2027;C25;0;;;;;;;;;;;03 Cert Mensual;En curso;;C25
00374 TERMINAL PUNTA COLORADA;1000081581;10;ZPAN;04-Extension Modulo;;0;;;;DSUAREZ;1013130;Módulo N° 5 - Esp Confinado REG FC6A45;24;24;24;0;0;5000160014;28/1/2026;Servicios;CUMPLIDO;MAINETE JAVIER ALBERTO;MR01;30/9/2026;23/1/2026;10141177;10;1;23/1/2026;23/1/2026;C25;4500118496;10;0374;1;MPITTIA;26/1/2026;30/4/2026;C25;1;28/1/2026;;;;;;;;;;04 Cert a Demanda;En curso - Total recepcionado;;C25
00374 TERMINAL PUNTA COLORADA;1000081581;20;ZPAN;04-Extension Modulo;;0;;;;DSUAREZ;1013130;Módulo N° 5 - Espacios Confinados;100;41;100;0;59;5000164527;7/3/2026;Servicios;CUMPLIDO PARCIAL;MAINETE JAVIER ALBERTO;MR01;30/9/2026;23/1/2026;10141177;20;1;23/1/2026;23/1/2026;C25;4500118616;10;0374;1;MPITTIA;28/1/2026;30/9/2026;C25;1;7/3/2026;;;;;;;;;;04 Cert a Demanda;En curso;;C25
00374 TERMINAL PUNTA COLORADA;1000081684;100;ZPAN;03 - Campa PM 2010 -;;24;;;;DSUAREZ;1025931;SERVICIO DE INTERNET 1TB X MES;6;3;6;0;3;5000171349;30/4/2026;Servicios;CUMPLIDO PARCIAL;JAWIT S.A.;MR01;26/9/2026;24/1/2026;10141306;100;1;24/1/2026;27/1/2026;C25;4500118752;100;0374;1;MPITTIA;29/1/2026;26/9/2026;C25;3;30/4/2026;;;;;;;;;;03 Cert Mensual;En curso;Verde;C25
00374 TERMINAL PUNTA COLORADA;1000082040;10;ZPAN;03 - CAMPAMENTO - AL;;24;;;;JIBANEZ;1033267;ALQ CONTENEDOR P/COMEDOR 6MTS X UN;6;3;6;0;3;5000171614;5/5/2026;Servicios;CUMPLIDO PARCIAL;BASANI SA;MR01;30/9/2026;30/1/2026;10141775;10;1;30/1/2026;30/1/2026;C04;4500119090;10;0374;1;WVENTURINI;3/2/2026;30/9/2026;C04;3;5/5/2026;;;;;;;;;;03 Cert Mensual;En curso;Verde;C04
00374 TERMINAL PUNTA COLORADA;1000082040;20;ZPAN;03 - CAMPAMENTO - AL;;24;;;;JIBANEZ;1033267;ALQ CONTENEDOR P/COMEDOR 6MTS X UN;6;3;6;0;3;5000171614;5/5/2026;Servicios;CUMPLIDO PARCIAL;BASANI SA;MR01;30/9/2026;30/1/2026;10141775;20;1;30/1/2026;30/1/2026;C04;4500119090;20;0374;1;WVENTURINI;3/2/2026;30/9/2026;C04;3;5/5/2026;;;;;;;;;;03 Cert Mensual;En curso;Verde;C04
00374 TERMINAL PUNTA COLORADA;1000082040;30;ZPAN;03 - CAMPAMENTO - AL;;24;;;;JIBANEZ;1033267;ALQ CONTENDOR P/OFICINA 6MTS X UN;6;3;6;0;3;5000171614;5/5/2026;Servicios;CUMPLIDO PARCIAL;BASANI SA;MR01;30/9/2026;30/1/2026;10141775;30;1;30/1/2026;30/1/2026;C04;4500119090;30;0374;1;WVENTURINI;3/2/2026;30/9/2026;C04;3;5/5/2026;;;;;;;;;;03 Cert Mensual;En curso;Verde;C04
00374 TERMINAL PUNTA COLORADA;1000082040;40;ZPAN;03 - CAMPAMENTO - AL;;24;;;;JIBANEZ;1033267;ALQ CONTENEDOR P/PAÑOL 6MTS X UN;6;3;6;0;3;5000171614;5/5/2026;Servicios;CUMPLIDO PARCIAL;BASANI SA;MR01;30/9/2026;30/1/2026;10141775;40;1;30/1/2026;30/1/2026;C04;4500119090;40;0374;1;WVENTURINI;3/2/2026;30/9/2026;C04;3;5/5/2026;;;;;;;;;;03 Cert Mensual;En curso;Verde;C04
00374 TERMINAL PUNTA COLORADA;1000082262;10;ZPAN;03- Transp Las Gruta;;0;;;;JIBANEZ;1013113;COLECTIVO 44 PAX - N° 6 x VIAJE;240;0;240;0;240;;;Servicios;ADJUDICADO;LAS GRUTAS S A;MR01;31/12/2026;3/2/2026;10142026;10;1;3/2/2026;3/2/2026;C25;4500119963;10;0374;1;MPITTIA;12/2/2026;31/12/2026;C25;0;;;;;;;;;;;03 Cert Mensual;En curso;;C25
00374 TERMINAL PUNTA COLORADA;1000082262;20;ZPAN;03- Transp Las Gruta;;0;;;;JIBANEZ;1013113;COLECTIVO 44 PAX - N° 7 x VIAJE;240;0;240;0;240;;;Servicios;ADJUDICADO;LAS GRUTAS S A;MR01;31/12/2026;3/2/2026;10142026;20;1;3/2/2026;3/2/2026;C25;4500119963;20;0374;1;MPITTIA;12/2/2026;31/12/2026;C25;0;;;;;;;;;;;03 Cert Mensual;En curso;;C25
00374 TERMINAL PUNTA COLORADA;1000082384;10;ZPAN;03-Servicio Dosimetr;;0;;;;DSUAREZ;1042203;SERV DE DOSIMETRIA ANTONIO AYM X MES;12;3;12;0;9;5000171481;4/5/2026;Servicios;CUMPLIDO PARCIAL;ASOC.CIVIL PROF TECRADIOL ROSA;MR01;24/12/2026;4/2/2026;10142264;10;1;4/2/2026;4/2/2026;C24;4500119666;10;0374;1;MPITTIA;9/2/2026;24/12/2026;C24;3;4/5/2026;;;;;;;;;;03 Cert Mensual;En curso;Verde;C24
00374 TERMINAL PUNTA COLORADA;1000082384;20;ZPAN;03-Servicio Dosimetr;;0;;;;DSUAREZ;1042203;SERV DE DOSIMETRIA SOFIA HERNA X MES;12;3;12;0;9;5000171481;4/5/2026;Servicios;CUMPLIDO PARCIAL;ASOC.CIVIL PROF TECRADIOL ROSA;MR01;24/12/2026;4/2/2026;10142264;20;1;4/2/2026;4/2/2026;C24;4500119666;20;0374;1;MPITTIA;9/2/2026;24/12/2026;C24;3;4/5/2026;;;;;;;;;;03 Cert Mensual;En curso;Verde;C24
00374 TERMINAL PUNTA COLORADA;1000082384;30;ZPAN;03-Servicio Dosimetr;;0;;;;DSUAREZ;1042203;SERV DE DOSIMETRIA EMILIANO LEAL X MES;12;3;12;0;9;5000171481;4/5/2026;Servicios;CUMPLIDO PARCIAL;ASOC.CIVIL PROF TECRADIOL ROSA;MR01;24/12/2026;4/2/2026;10142264;30;1;4/2/2026;4/2/2026;C24;4500119666;30;0374;1;MPITTIA;9/2/2026;24/12/2026;C24;3;4/5/2026;;;;;;;;;;03 Cert Mensual;En curso;Verde;C24
00374 TERMINAL PUNTA COLORADA;1000082384;40;ZPAN;03-Servicio Dosimetr;;0;;;;DSUAREZ;1042203;SERV DE DOSIMETRIA JONATAN VAZQUEZ X MES;12;3;12;0;9;5000171481;4/5/2026;Servicios;CUMPLIDO PARCIAL;ASOC.CIVIL PROF TECRADIOL ROSA;MR01;24/12/2026;4/2/2026;10142264;40;1;4/2/2026;4/2/2026;C24;4500119666;40;0374;1;MPITTIA;9/2/2026;24/12/2026;C24;3;4/5/2026;;;;;;;;;;03 Cert Mensual;En curso;Verde;C24
00374 TERMINAL PUNTA COLORADA;1000082558;10;ZPAN;03 - Medico en Obra;;0;;;;DSUAREZ;1013024;VIATICOS COMBUSTIBLE MAINETE;50;8;50;0;42;5000173314;15/5/2026;Servicios;CUMPLIDO PARCIAL;MAINETE JAVIER ALBERTO;MR01;30/6/2026;7/2/2026;10142487;10;1;7/2/2026;7/2/2026;C25;4500123150;10;0374;1;MPITTIA;23/3/2026;30/6/2026;C25;2;15/5/2026;;;;;;;;;;03 Cert Mensual;En curso - Próximo a vencer;Verde;C25
00374 TERMINAL PUNTA COLORADA;1000082558;20;ZPAN;03 - Medico en Obra;;0;;;;DSUAREZ;1013024;VIATICOS COMBUSTIBLE MAINETE FC196;2;2;2;0;0;5000162823;23/2/2026;Servicios;CUMPLIDO;MAINETE JAVIER ALBERTO;MR01;30/6/2026;7/2/2026;10142487;20;1;7/2/2026;7/2/2026;C25;4500120242;20;0374;1;MPITTIA;18/2/2026;30/6/2026;C25;1;23/2/2026;;;;;;;;;;03 Cert Mensual;En curso - Próximo a vencer;Rojo;C25
00374 TERMINAL PUNTA COLORADA;1000082575;20;ZPAN;REG-REC INTER/JAWIT-;;0;;;;MALCARAZ;1022295;RECARGA STARLINK 50 GB;10;10;10;0;0;5000165410;13/3/2026;Servicios;CUMPLIDO;JAWIT S.A.;MR01;28/2/2027;7/2/2026;10142501;20;1;18/2/2026;19/2/2026;C25;4500120415;20;0374;1;MPITTIA;20/2/2026;28/2/2027;C25;1;13/3/2026;;;;;;;;;;Sin aclaración;En curso - Total recepcionado;;C25
00374 TERMINAL PUNTA COLORADA;1000083071;10;ZPAN;04 - Extension Alqul;;0;;;;DSUAREZ;1013105;ALQUILER TUBOS DE ACETILENO;6;6;6;0;0;5000163814;3/3/2026;Servicios;CUMPLIDO;ESCUDERO VIVIANA ANGELICA;MR01;9/7/2026;17/2/2026;10143073;10;1;17/2/2026;18/2/2026;C24;4500120816;10;0374;1;MPITTIA;25/2/2026;9/7/2026;C24;1;3/3/2026;;;;;;;;;;04 Cert a Demanda;En curso - Próximo a vencer;;C24
00374 TERMINAL PUNTA COLORADA;1000083071;20;ZPAN;04 - Extension Alqul;;0;;;;DSUAREZ;1013105;ALQUILER TUBOS DE OXIGENO;6;6;6;0;0;5000163814;3/3/2026;Servicios;CUMPLIDO;ESCUDERO VIVIANA ANGELICA;MR01;9/7/2026;17/2/2026;10143073;20;1;17/2/2026;18/2/2026;C24;4500120816;20;0374;1;MPITTIA;25/2/2026;9/7/2026;C24;1;3/3/2026;;;;;;;;;;04 Cert a Demanda;En curso - Próximo a vencer;;C24
00374 TERMINAL PUNTA COLORADA;1000083369;10;ZPAN;SERVICIO DE GOMERIA;;0;;;;SFERNANDEZ;1034203;DESARME/ARME+ REPARACION LIVIANO;13;13;13;0;0;5000169306;16/4/2026;Servicios;CUMPLIDO;CONTRERAS BRIAN ALEXANDER;MR01;1/6/2026;21/2/2026;10143463;10;1;21/2/2026;24/2/2026;EFO;4500122376;10;0374;2;GROSES;12/3/2026;1/6/2026;EFO;1;16/4/2026;;;;;;;;;;Sin aclaración;En curso - Próximo a vencer;;EFO
00374 TERMINAL PUNTA COLORADA;1000083369;20;ZPAN;SERVICIO DE GOMERIA;;0;;;;SFERNANDEZ;1034203;DESARME/ARME+ REP. camion s/camara;16;16;16;0;0;5000171671;5/5/2026;Servicios;CUMPLIDO;CONTRERAS BRIAN ALEXANDER;MR01;1/6/2026;21/2/2026;10143463;20;1;21/2/2026;24/2/2026;EFO;4500122376;20;0374;2;GROSES;12/3/2026;1/6/2026;EFO;2;5/5/2026;;;;;;;;;;Sin aclaración;En curso - Próximo a vencer;;EFO
00374 TERMINAL PUNTA COLORADA;1000083369;30;ZPAN;SERVICIO DE GOMERIA;;0;;;;SFERNANDEZ;1034203;DESARME/ARME+ REP. camion c/camara;20;20;20;0;0;5000169306;16/4/2026;Servicios;CUMPLIDO;CONTRERAS BRIAN ALEXANDER;MR01;1/6/2026;21/2/2026;10143463;30;1;21/2/2026;24/2/2026;EFO;4500122376;30;0374;2;GROSES;12/3/2026;1/6/2026;EFO;1;16/4/2026;;;;;;;;;;Sin aclaración;En curso - Próximo a vencer;;EFO
00374 TERMINAL PUNTA COLORADA;1000083369;40;ZPAN;SERVICIO DE GOMERIA;;0;;;;SFERNANDEZ;1034203;DESARME/ARME+ REP. bobcat;2;2;2;0;0;5000169306;16/4/2026;Servicios;CUMPLIDO;CONTRERAS BRIAN ALEXANDER;MR01;1/6/2026;21/2/2026;10143463;40;1;21/2/2026;24/2/2026;EFO;4500122376;40;0374;2;GROSES;12/3/2026;1/6/2026;EFO;1;16/4/2026;;;;;;;;;;Sin aclaración;En curso - Próximo a vencer;;EFO
00374 TERMINAL PUNTA COLORADA;1000083369;50;ZPAN;SERVICIO DE GOMERIA;;0;;;;SFERNANDEZ;1034203;DESARME/ARME+ REP. pesados maquina;10;10;10;0;0;5000169306;16/4/2026;Servicios;CUMPLIDO;CONTRERAS BRIAN ALEXANDER;MR01;1/6/2026;21/2/2026;10143463;50;1;21/2/2026;24/2/2026;EFO;4500122376;50;0374;2;GROSES;12/3/2026;1/6/2026;EFO;1;16/4/2026;;;;;;;;;;Sin aclaración;En curso - Próximo a vencer;;EFO
00374 TERMINAL PUNTA COLORADA;1000083369;60;ZPAN;SERVICIO DE GOMERIA;;0;;;;SFERNANDEZ;1034203;DESARME / ARME LIVIANO;17;17;17;0;0;5000169306;16/4/2026;Servicios;CUMPLIDO;CONTRERAS BRIAN ALEXANDER;MR01;1/6/2026;21/2/2026;10143463;60;1;21/2/2026;24/2/2026;EFO;4500122376;60;0374;2;GROSES;12/3/2026;1/6/2026;EFO;1;16/4/2026;;;;;;;;;;Sin aclaración;En curso - Próximo a vencer;;EFO
00374 TERMINAL PUNTA COLORADA;1000083369;70;ZPAN;SERVICIO DE GOMERIA;;0;;;;SFERNANDEZ;1034203;DESARME / ARME camion s/camara;8;8;8;0;0;5000169306;16/4/2026;Servicios;CUMPLIDO;CONTRERAS BRIAN ALEXANDER;MR01;1/6/2026;21/2/2026;10143463;70;1;21/2/2026;24/2/2026;EFO;4500122376;70;0374;2;GROSES;12/3/2026;1/6/2026;EFO;1;16/4/2026;;;;;;;;;;Sin aclaración;En curso - Próximo a vencer;;EFO
00374 TERMINAL PUNTA COLORADA;1000083369;80;ZPAN;SERVICIO DE GOMERIA;;0;;;;SFERNANDEZ;1034203;DESARME / ARME camion c/camara;3;3;3;0;0;5000171671;5/5/2026;Servicios;CUMPLIDO;CONTRERAS BRIAN ALEXANDER;MR01;1/6/2026;21/2/2026;10143463;80;1;21/2/2026;24/2/2026;EFO;4500122376;80;0374;2;GROSES;12/3/2026;1/6/2026;EFO;1;5/5/2026;;;;;;;;;;Sin aclaración;En curso - Próximo a vencer;;EFO
00374 TERMINAL PUNTA COLORADA;1000083369;90;ZPAN;SERVICIO DE GOMERIA;;0;;;;SFERNANDEZ;1034203;DESARME /ARME BOBCAT;3;3;3;0;0;5000171671;5/5/2026;Servicios;CUMPLIDO;CONTRERAS BRIAN ALEXANDER;MR01;1/6/2026;21/2/2026;10143463;90;1;21/2/2026;24/2/2026;EFO;4500122376;90;0374;2;GROSES;12/3/2026;1/6/2026;EFO;1;5/5/2026;;;;;;;;;;Sin aclaración;En curso - Próximo a vencer;;EFO
00374 TERMINAL PUNTA COLORADA;1000083369;100;ZPAN;SERVICIO DE GOMERIA;;0;;;;SFERNANDEZ;1034203;DESARME / ARME pesados maquina;13;13;13;0;0;5000171671;5/5/2026;Servicios;CUMPLIDO;CONTRERAS BRIAN ALEXANDER;MR01;1/6/2026;21/2/2026;10143463;100;1;21/2/2026;24/2/2026;EFO;4500122376;100;0374;2;GROSES;12/3/2026;1/6/2026;EFO;2;5/5/2026;;;;;;;;;;Sin aclaración;En curso - Próximo a vencer;;EFO
00374 TERMINAL PUNTA COLORADA;1000083369;110;ZPAN;SERVICIO DE GOMERIA;;0;;;;SFERNANDEZ;1034203;BALANCEO LIVIANO;10;10;10;0;0;5000169306;16/4/2026;Servicios;CUMPLIDO;CONTRERAS BRIAN ALEXANDER;MR01;1/6/2026;21/2/2026;10143463;110;1;21/2/2026;24/2/2026;EFO;4500122376;110;0374;2;GROSES;12/3/2026;1/6/2026;EFO;1;16/4/2026;;;;;;;;;;Sin aclaración;En curso - Próximo a vencer;;EFO
00374 TERMINAL PUNTA COLORADA;1000083369;120;ZPAN;SERVICIO DE GOMERIA;;0;;;;SFERNANDEZ;1034203;PICO CORTO LIVIANO;4;4;4;0;0;5000169306;16/4/2026;Servicios;CUMPLIDO;CONTRERAS BRIAN ALEXANDER;MR01;1/6/2026;21/2/2026;10143463;120;1;21/2/2026;24/2/2026;EFO;4500122376;120;0374;2;GROSES;12/3/2026;1/6/2026;EFO;1;16/4/2026;;;;;;;;;;Sin aclaración;En curso - Próximo a vencer;;EFO
00374 TERMINAL PUNTA COLORADA;1000083369;130;ZPAN;SERVICIO DE GOMERIA;;0;;;;SFERNANDEZ;1034203;PICO LARGO BRONCE;1;1;1;0;0;5000171671;5/5/2026;Servicios;CUMPLIDO;CONTRERAS BRIAN ALEXANDER;MR01;1/6/2026;21/2/2026;10143463;130;1;21/2/2026;24/2/2026;EFO;4500122376;130;0374;2;GROSES;12/3/2026;1/6/2026;EFO;1;5/5/2026;;;;;;;;;;Sin aclaración;En curso - Próximo a vencer;;EFO
00374 TERMINAL PUNTA COLORADA;1000083371;10;ZPAN;03 - ALQUILER BAÑOS;;0;;;;JIBANEZ;1047100;ALQUILER DE MODULO BAÑO 6MT X MES;24;0;24;0;24;;;Servicios;ADJUDICADO;ECOPORTATILES SA;MR01;28/2/2027;21/2/2026;10143466;10;1;21/2/2026;24/2/2026;C25;4500121508;10;0374;1;MPITTIA;4/3/2026;28/2/2027;C25;0;;;;;;;;;;;03 Cert Mensual;En curso;;C25
00374 TERMINAL PUNTA COLORADA;1000083371;20;ZPAN;03 - ALQUILER BAÑOS;;0;;;;JIBANEZ;1013136;SERVICIO LIMPIEZA DESAGOTE BANO QUIMICO;576;0;576;0;576;;;Servicios;ADJUDICADO;ECOPORTATILES SA;MR01;28/2/2027;21/2/2026;10143466;20;1;21/2/2026;24/2/2026;C25;4500121508;20;0374;1;MPITTIA;4/3/2026;28/2/2027;C25;0;;;;;;;;;;;03 Cert Mensual;En curso;;C25
00374 TERMINAL PUNTA COLORADA;1000083377;10;ZPAN;03 - PM 2023 CAMPAME;;24;;;;SFERNANDEZ;1033267;ALQUILER DE CONTENEDOR COMEDOR 6 MT;6;2;6;0;4;5000172435;9/5/2026;Servicios;CUMPLIDO PARCIAL;BASANI SA;MR01;28/7/2026;21/2/2026;10143478;10;1;21/2/2026;24/2/2026;C04;4500122327;10;0374;1;WVENTURINI;12/3/2026;28/7/2026;C04;2;9/5/2026;;;;;;;;;;03 Cert Mensual;En curso;Verde;C04
00374 TERMINAL PUNTA COLORADA;1000083377;20;ZPAN;03 - PM 2023 CAMPAME;;24;;;;SFERNANDEZ;1033267;ALQUILER DE CONTENEDOR COMEDOR 6 MT;6;2;6;0;4;5000172435;9/5/2026;Servicios;CUMPLIDO PARCIAL;BASANI SA;MR01;28/7/2026;21/2/2026;10143478;20;1;21/2/2026;24/2/2026;C04;4500122327;20;0374;1;WVENTURINI;12/3/2026;28/7/2026;C04;2;9/5/2026;;;;;;;;;;03 Cert Mensual;En curso;Verde;C04
00374 TERMINAL PUNTA COLORADA;1000083445;10;ZPAN;03 - SERVICIO MINBUS;;0;;;;SFERNANDEZ;1022295;MINIBUS TRANSPORTE FORANEOS  24PAX X MES;10;3;10;0;7;5000172782;13/5/2026;Servicios;CUMPLIDO PARCIAL;PAZ DIEGO ADRIAN;MR01;31/12/2026;23/2/2026;10143583;10;1;23/2/2026;24/2/2026;C25;4500120745;10;0374;1;MPITTIA;24/2/2026;31/12/2026;C25;3;13/5/2026;;;;;;;;;;03 Cert Mensual;En curso;Verde;C25
00374 TERMINAL PUNTA COLORADA;1000083839;10;ZPAN;03 - VIATICOS INGEAP;;0;;;;JIBANEZ;1042086;VIATICOS X DIA;1300;294;1300;0;1006;5000173769;20/5/2026;Servicios;CUMPLIDO PARCIAL;INGEAP S.A.S.;MR01;30/9/2026;27/2/2026;10144137;10;1;27/2/2026;28/2/2026;C26;4500121520;10;0374;1;AGONZALEZ;4/3/2026;30/9/2026;C26;5;20/5/2026;;;;;;;;;;03 Cert Mensual;En curso;Verde;C26
00374 TERMINAL PUNTA COLORADA;1000083866;10;ZPAN;03-AUTOELEVADOR - EX;;0;;;;JIBANEZ;1033267;SERVICIO ALQUILER AUTOELEVADOR X MES;9;2;9;0;7;5000170326;23/4/2026;Servicios;CUMPLIDO PARCIAL;GRUAS SAN BLAS S.A;MR01;31/12/2026;28/2/2026;10144172;10;1;28/2/2026;2/3/2026;C04;4500121562;10;0374;1;WVENTURINI;4/3/2026;31/12/2026;C04;1;23/4/2026;;;;;;;;;;03 Cert Mensual;En curso;Rojo;C04
00374 TERMINAL PUNTA COLORADA;1000084139;10;ZPAN;04-Subcontrato Damlu;;24;;;;DSUAREZ;1012995;SUBC PIPING JORNADA X DIA;17;17;17;0;0;5000173545;19/5/2026;Servicios;CUMPLIDO;DAMLUC SERVICIOS Y MANTENIMIENTOS S;MR01;30/7/2026;4/3/2026;10144558;10;1;4/3/2026;5/3/2026;C26;4500121921;10;0374;1;AGONZALEZ;9/3/2026;30/7/2026;C26;1;19/5/2026;;;;;;;;;;04 Cert a Demanda;En curso - Total recepcionado;;C26
00374 TERMINAL PUNTA COLORADA;1000084352;10;ZPAN;03 - CAMPAMENTO- ALQ;;24;;;;MALCARAZ;1033267;ALQUILER MINIEXCAVADORA 4 TN SEGUN REQ.;2;2;2;0;0;5000171924;6/5/2026;Servicios;CUMPLIDO;SULLAIR ARGENTINA S.A;MR01;30/6/2026;9/3/2026;10144857;20;1;9/3/2026;9/3/2026;C04;4500122313;20;0374;1;WVENTURINI;12/3/2026;16/7/2026;C04;2;6/5/2026;;;;;;;;;;03 Cert Mensual;En curso - Próximo a vencer;Verde;C04
00374 TERMINAL PUNTA COLORADA;1000084352;20;ZPAN;03 - CAMPAMENTO- ALQ;;24;;;;MALCARAZ;1012974;FLETE SEMIRREMOLQUE 14,5MT XVIAJE;2;2;2;0;0;5000170325;23/4/2026;Servicios;CUMPLIDO;SULLAIR ARGENTINA S.A;MR01;30/6/2026;9/3/2026;10144857;10;1;9/3/2026;9/3/2026;C04;4500122314;10;0374;1;WVENTURINI;12/3/2026;16/6/2026;C04;1;23/4/2026;;;;;;;;;;03 Cert Mensual;En curso - Próximo a vencer;Rojo;C04
00374 TERMINAL PUNTA COLORADA;1000084352;30;ZPAN;03 - CAMPAMENTO- ALQ;;24;;;;MALCARAZ;1033267;ALQUILER MINIEXCAVADORA 4 TN SEGUN REQ.;2;1;2;0;1;5000173775;20/5/2026;Servicios;CUMPLIDO PARCIAL;SULLAIR ARGENTINA S.A;MR01;30/6/2026;9/3/2026;10144857;30;1;10/3/2026;10/3/2026;C04;4500122313;30;0374;1;WVENTURINI;12/3/2026;16/7/2026;C04;1;20/5/2026;;;;;;;;;;03 Cert Mensual;En curso - Próximo a vencer;Verde;C04
00374 TERMINAL PUNTA COLORADA;1000084437;230;ZPAN;PM 10134 - ULACT;;0;;;;DSUAREZ;1022295;CERTIFICADOS DE CALIDAD;1;0;1;0;1;;;Servicios;ADJUDICADO;AVILA ARGENTINA SOCIEDAD ANONIMAAVI;MR01;30/4/2026;9/3/2026;10144935;230;1;23/3/2026;23/3/2026;C08;4500123305;50;0374;1;RMIR;25/3/2026;13/5/2026;C08;0;;;;;;;;;;;Sin aclaración;Vencido con cant pendiente a recep;;C08
00374 TERMINAL PUNTA COLORADA;1000084445;10;ZPAN;03 - Extension OC 45;;0;;;;DSUAREZ;1026930;ALQUILER ESTACION TOTAL REG FEBRERO;1;1;1;0;0;5000167039;27/3/2026;Servicios;CUMPLIDO;INGEAP S.A.S.;MR01;30/6/2026;9/3/2026;10144942;10;1;9/3/2026;10/3/2026;C26;4500123020;10;0374;1;AGONZALEZ;19/3/2026;30/7/2026;C26;1;27/3/2026;;;;;;;;;;03 Cert Mensual;En curso - Próximo a vencer;Rojo;C26
00374 TERMINAL PUNTA COLORADA;1000084445;20;ZPAN;03 - Extension OC 45;;0;;;;DSUAREZ;1026930;ALQUILER ESTACION TOTAL;3;2;3;0;1;5000171619;5/5/2026;Servicios;CUMPLIDO PARCIAL;INGEAP S.A.S.;MR01;30/7/2026;9/3/2026;10144942;20;1;9/3/2026;10/3/2026;C26;4500123020;20;0374;1;AGONZALEZ;19/3/2026;30/7/2026;C26;2;5/5/2026;;;;;;;;;;03 Cert Mensual;En curso;Verde;C26
00374 TERMINAL PUNTA COLORADA;1000084472;10;ZPAN;03-IMPRESORA LASER B;;0;;;;JIBANEZ;1026315;ALQUILER IMPRESORA BYN A3 X MES;6;2;6;0;4;5000171143;30/4/2026;Servicios;CUMPLIDO PARCIAL;TECNICA Y SISTEMAS SRL;MR01;30/9/2026;10/3/2026;10144972;10;1;10/3/2026;10/3/2026;C25;4500122130;10;0374;1;MPITTIA;10/3/2026;30/9/2026;C25;2;30/4/2026;;;;;;;;;;03 Cert Mensual;En curso;Verde;C25
00374 TERMINAL PUNTA COLORADA;1000084495;10;ZPAN;03 - Ingeap Gabriel;;0;;;;DSUAREZ;1027430;SERV TOPOG G JUAREZ X MES;3;2;3;0;1;5000171620;5/5/2026;Servicios;CUMPLIDO PARCIAL;INGEAP S.A.S.;MR01;30/6/2026;10/3/2026;10145014;10;1;10/3/2026;10/3/2026;C26;4500122253;10;0374;1;AGONZALEZ;11/3/2026;30/7/2026;C26;2;5/5/2026;;;;;;;;;;03 Cert Mensual;En curso - Próximo a vencer;Verde;C26
00374 TERMINAL PUNTA COLORADA;1000084557;10;ZPAN;PM 69 CALIDAD;;0;;;;SFERNANDEZ;1026920;Calibración Termómetros Pincha Carne;2;0;2;0;2;;;Servicios;ADJUDICADO;CALINS SA;MR01;26/5/2026;11/3/2026;10145099;10;1;11/3/2026;11/3/2026;C23;4500125139;10;0374;1;JESPARZA;16/4/2026;22/5/2026;C23;0;;;;;;;;;;;Sin aclaración;En curso - Próximo a vencer;;C23
00374 TERMINAL PUNTA COLORADA;1000084557;20;ZPAN;PM 69 CALIDAD;;0;;;;SFERNANDEZ;1026920;Calibracion Cascador de Casagrande;1;0;1;0;1;;;Servicios;ADJUDICADO;CALINS SA;MR01;26/5/2026;11/3/2026;10145099;20;1;11/3/2026;11/3/2026;C23;4500125139;20;0374;1;JESPARZA;16/4/2026;22/5/2026;C23;0;;;;;;;;;;;Sin aclaración;En curso - Próximo a vencer;;C23
00374 TERMINAL PUNTA COLORADA;1000084557;30;ZPAN;PM 69 CALIDAD;;0;;;;SFERNANDEZ;1026920;Calibración Tamices segun detalle;22;0;22;0;22;;;Servicios;ADJUDICADO;CALINS SA;MR01;26/5/2026;11/3/2026;10145099;30;1;11/3/2026;11/3/2026;C23;4500125139;30;0374;1;JESPARZA;16/4/2026;22/5/2026;C23;0;;;;;;;;;;;Sin aclaración;En curso - Próximo a vencer;;C23
00374 TERMINAL PUNTA COLORADA;1000084568;10;ZPAN;04 - Transporte El C;;0;;;;DSUAREZ;1012981;FLETE PAQUETERIA;10000000;2397805,25;10000000;0;7602194,75;5000173400;16/5/2026;Servicios;CUMPLIDO PARCIAL;TRANS.EL COYOTE PATAGONICO SRL;MR01;30/7/2026;11/3/2026;10145112;10;1;11/3/2026;11/3/2026;C15;4500124316;10;0374;1;GDIAZ;7/4/2026;30/7/2026;C15;5;16/5/2026;;;;;;;;;;04 Cert a Demanda;En curso;;C15
00374 TERMINAL PUNTA COLORADA;1000084633;10;ZPAN;03 - SEMI PLAYO EN O;;0;;;;JIBANEZ;1033267;ALQUILER TRACTOR + PLAYO PERMANENTE;3;1;3;0;2;5000171271;30/4/2026;Servicios;CUMPLIDO PARCIAL;DARNET LUCIANO GASTON;MR01;30/7/2026;11/3/2026;10145191;10;1;11/3/2026;12/3/2026;C04;4500122310;10;0374;1;WVENTURINI;12/3/2026;30/7/2026;C04;1;30/4/2026;;;;;;;;;;03 Cert Mensual;En curso;Verde;C04
00374 TERMINAL PUNTA COLORADA;1000084724;10;ZPAN;03 - CAMPAM - ALQU P;;24;;;;MALCARAZ;1033267;PLUMIN PARA HAULOTTE HTL4017;3;2;3;0;1;5000171915;6/5/2026;Servicios;CUMPLIDO PARCIAL;IMG RENTAL SRL;MR01;30/8/2026;12/3/2026;10145310;10;1;12/3/2026;12/3/2026;C04;4500123046;10;0374;1;WVENTURINI;20/3/2026;30/8/2026;C04;2;6/5/2026;;;;;;;;;;03 Cert Mensual;En curso;Verde;C04
00374 TERMINAL PUNTA COLORADA;1000084724;20;ZPAN;03 - CAMPAM - ALQU P;;24;;;;MALCARAZ;1033267;PLUMIN PARA DIECI SAMSON 75.10;3;0;3;0;3;;;Servicios;ADJUDICADO;IMG RENTAL SRL;MR01;30/8/2026;12/3/2026;10145310;20;1;12/3/2026;12/3/2026;C04;4500123046;20;0374;1;WVENTURINI;20/3/2026;30/8/2026;C04;0;;;;;;;;;;;03 Cert Mensual;En curso;;C04
00374 TERMINAL PUNTA COLORADA;1000085452;10;ZPAN;04 - PM SERVICIO BOM;;24;;;;SFERNANDEZ;1012984;SERVICIO BOMBA PLUMA;20;0;20;0;20;;;Servicios;ADJUDICADO;BETONSUR SRL;MR01;30/7/2026;25/3/2026;10146266;10;1;25/3/2026;25/3/2026;C18;4500126294;10;0374;1;JESPARZA;28/4/2026;30/7/2026;C18;0;;;;;;;;;;;04 Cert a Demanda;En curso;;C18
00374 TERMINAL PUNTA COLORADA;1000085494;10;ZPAN;03 - ALQUILER EXTRUO;;0;;;;JIBANEZ;1033267;EXTRUSORA LESITER WELDPLAST S2;2;2;2;0;0;5000169191;15/4/2026;Servicios;CUMPLIDO;ALL IN SA;MR01;1/6/2026;26/3/2026;10146344;10;1;26/3/2026;26/3/2026;C04;4500123539;10;0374;1;WVENTURINI;27/3/2026;1/6/2026;C04;1;15/4/2026;;;;;;;;;;03 Cert Mensual;En curso - Próximo a vencer;Rojo;C04
00374 TERMINAL PUNTA COLORADA;1000085702;30;ZPAN;CAMPAMENTO- HORMIGON;;24;;;;MALCARAZ;1012984;ALQUILER DE BOMBA;10;7;10;0;3;5000171203;30/4/2026;Servicios;CUMPLIDO PARCIAL;BETONSUR SRL;MR01;29/5/2026;29/3/2026;10146544;30;1;29/3/2026;30/3/2026;C18;4500124144;30;0374;1;JESPARZA;6/4/2026;29/5/2026;C18;3;30/4/2026;;;;;;;;;;Sin aclaración;En curso - Próximo a vencer;;C18
00374 TERMINAL PUNTA COLORADA;1000085702;40;ZPAN;CAMPAMENTO- HORMIGON;;24;;;;MALCARAZ;1012983;SERVICIO DE BOMBEO;500;322;500;0;178;5000171203;30/4/2026;Servicios;CUMPLIDO PARCIAL;BETONSUR SRL;MR01;13/4/2026;29/3/2026;10146544;40;1;8/4/2026;9/4/2026;C18;4500124144;40;0374;1;JESPARZA;6/4/2026;29/5/2026;C18;3;30/4/2026;;;;;;;;;;Sin aclaración;Vencido con cant pendiente a recep;;C18
00374 TERMINAL PUNTA COLORADA;1000085833;10;ZPAN;03-Servicio Botellon;;0;;;;DSUAREZ;1022295;BIDON DE AGUA X 20LTS;3600;0;3600;0;3600;;;Servicios;ADJUDICADO;KRIGER ALEJANDRO SEBASTIAN;MR01;31/12/2026;31/3/2026;10146693;10;1;31/3/2026;31/3/2026;C25;4500124511;10;0374;1;MPITTIA;9/4/2026;31/12/2026;C25;0;;;;;;;;;;;03 Cert Mensual;En curso;;C25
00374 TERMINAL PUNTA COLORADA;1000085958;10;ZPAN;04 - Hielo en Obra;;0;;;;DSUAREZ;1017912;REGUL SERVICIO HIELO POR BOLSON 10KG XUN;131;131;131;0;0;5000170549;24/4/2026;Servicios;CUMPLIDO;CARRIZO PATRICIA DEL CARMEN;MR01;30/7/2026;2/4/2026;10146862;10;1;2/4/2026;2/4/2026;C25;4500124412;10;0374;1;MPITTIA;8/4/2026;30/7/2026;C25;1;24/4/2026;;;;;;;;;;04 Cert a Demanda;En curso - Total recepcionado;;C25
00374 TERMINAL PUNTA COLORADA;1000085958;20;ZPAN;04 - Hielo en Obra;;0;;;;DSUAREZ;1017912;SERVICIO HIELO POR BOLSON 10KG XUN;2000;230;2000;0;1770;5000171586;5/5/2026;Servicios;CUMPLIDO PARCIAL;CARRIZO PATRICIA DEL CARMEN;MR01;30/7/2026;2/4/2026;10146862;20;1;2/4/2026;2/4/2026;C25;4500124414;20;0374;1;MPITTIA;8/4/2026;30/7/2026;C25;2;5/5/2026;;;;;;;;;;04 Cert a Demanda;En curso;;C25
00374 TERMINAL PUNTA COLORADA;1000085991;10;ZPAN;04 - Calibraciones M;;1;;;;DSUAREZ;1026920;CALIBRACION BALANZA PRECISION;1;1;1;0;0;5000173414;17/5/2026;Servicios;CUMPLIDO;MH INSTRUMENTAC Y PESAJE SRL;MR01;26/5/2026;4/4/2026;10146895;10;1;4/4/2026;6/4/2026;C23;4500124557;10;0374;1;JESPARZA;9/4/2026;25/5/2026;C23;1;16/5/2026;;;;;;;;;;04 Cert a Demanda;En curso - Próximo a vencer;;C23
00374 TERMINAL PUNTA COLORADA;1000085991;20;ZPAN;04 - Calibraciones M;;1;;;;DSUAREZ;1026920;CALIBRACION BALANZA OHAUS;1;1;1;0;0;5000173414;17/5/2026;Servicios;CUMPLIDO;MH INSTRUMENTAC Y PESAJE SRL;MR01;26/5/2026;4/4/2026;10146895;20;1;4/4/2026;6/4/2026;C23;4500124557;20;0374;1;JESPARZA;9/4/2026;25/5/2026;C23;1;16/5/2026;;;;;;;;;;04 Cert a Demanda;En curso - Próximo a vencer;;C23
00374 TERMINAL PUNTA COLORADA;1000085991;30;ZPAN;04 - Calibraciones M;;1;;;;DSUAREZ;1026920;CALIBRACION PIZON PROCTOR T-180 60000909;1;1;1;0;0;5000173414;17/5/2026;Servicios;CUMPLIDO;MH INSTRUMENTAC Y PESAJE SRL;MR01;26/5/2026;4/4/2026;10146895;30;1;4/4/2026;6/4/2026;C23;4500124557;30;0374;1;JESPARZA;9/4/2026;25/5/2026;C23;1;16/5/2026;;;;;;;;;;04 Cert a Demanda;En curso - Próximo a vencer;;C23
00374 TERMINAL PUNTA COLORADA;1000085991;40;ZPAN;04 - Calibraciones M;;1;;;;DSUAREZ;1026920;CALIBRACION PIZON S/M;1;1;1;0;0;5000173414;17/5/2026;Servicios;CUMPLIDO;MH INSTRUMENTAC Y PESAJE SRL;MR01;26/5/2026;4/4/2026;10146895;40;1;4/4/2026;6/4/2026;C23;4500124557;40;0374;1;JESPARZA;9/4/2026;25/5/2026;C23;1;16/5/2026;;;;;;;;;;04 Cert a Demanda;En curso - Próximo a vencer;;C23
00374 TERMINAL PUNTA COLORADA;1000085991;50;ZPAN;04 - Calibraciones M;;1;;;;DSUAREZ;1026920;CALIBRACION PROBETA RANGO 500ML;1;1;1;0;0;5000173414;17/5/2026;Servicios;CUMPLIDO;MH INSTRUMENTAC Y PESAJE SRL;MR01;26/5/2026;4/4/2026;10146895;50;1;4/4/2026;6/4/2026;C23;4500124557;50;0374;1;JESPARZA;9/4/2026;25/5/2026;C23;1;16/5/2026;;;;;;;;;;04 Cert a Demanda;En curso - Próximo a vencer;;C23
00374 TERMINAL PUNTA COLORADA;1000085991;60;ZPAN;04 - Calibraciones M;;1;;;;DSUAREZ;1026920;CALIBRACION PROBETA RANGO 1000ML;1;1;1;0;0;5000173414;17/5/2026;Servicios;CUMPLIDO;MH INSTRUMENTAC Y PESAJE SRL;MR01;26/5/2026;4/4/2026;10146895;60;1;4/4/2026;6/4/2026;C23;4500124557;60;0374;1;JESPARZA;9/4/2026;25/5/2026;C23;1;16/5/2026;;;;;;;;;;04 Cert a Demanda;En curso - Próximo a vencer;;C23
00374 TERMINAL PUNTA COLORADA;1000085991;70;ZPAN;04 - Calibraciones M;;1;;;;DSUAREZ;1026920;CALIBRACION PIZON PROCTOR T-180 60000730;1;1;1;0;0;5000173414;17/5/2026;Servicios;CUMPLIDO;MH INSTRUMENTAC Y PESAJE SRL;MR01;26/5/2026;4/4/2026;10146895;70;1;4/4/2026;6/4/2026;C23;4500124557;70;0374;1;JESPARZA;9/4/2026;25/5/2026;C23;1;16/5/2026;;;;;;;;;;04 Cert a Demanda;En curso - Próximo a vencer;;C23
00374 TERMINAL PUNTA COLORADA;1000085991;80;ZPAN;04 - Calibraciones M;;1;;;;DSUAREZ;1026920;CALIBRACION PIZON PROCTOR 60000732;1;1;1;0;0;5000173414;17/5/2026;Servicios;CUMPLIDO;MH INSTRUMENTAC Y PESAJE SRL;MR01;26/5/2026;4/4/2026;10146895;80;1;4/4/2026;6/4/2026;C23;4500124557;80;0374;1;JESPARZA;9/4/2026;25/5/2026;C23;1;16/5/2026;;;;;;;;;;04 Cert a Demanda;En curso - Próximo a vencer;;C23
00374 TERMINAL PUNTA COLORADA;1000085991;90;ZPAN;04 - Calibraciones M;;1;;;;DSUAREZ;1026920;CALIBRACION PIZON PROCTOR 60000918;1;1;1;0;0;5000173414;17/5/2026;Servicios;CUMPLIDO;MH INSTRUMENTAC Y PESAJE SRL;MR01;26/5/2026;4/4/2026;10146895;90;1;4/4/2026;6/4/2026;C23;4500124557;90;0374;1;JESPARZA;9/4/2026;25/5/2026;C23;1;16/5/2026;;;;;;;;;;04 Cert a Demanda;En curso - Próximo a vencer;;C23
00374 TERMINAL PUNTA COLORADA;1000085991;100;ZPAN;04 - Calibraciones M;;1;;;;DSUAREZ;1026920;CALIBRACION MOLDE GROUT TRIPLE 40X40;1;1;1;0;0;5000173415;17/5/2026;Servicios;CUMPLIDO;MH INSTRUMENTAC Y PESAJE SRL;MR01;26/5/2026;4/4/2026;10146895;100;1;4/4/2026;6/4/2026;C23;4500124557;100;0374;1;JESPARZA;9/4/2026;25/5/2026;C23;1;16/5/2026;;;;;;;;;;04 Cert a Demanda;En curso - Próximo a vencer;;C23
00374 TERMINAL PUNTA COLORADA;1000085991;110;ZPAN;04 - Calibraciones M;;1;;;;DSUAREZ;1026920;CALIBRACION MOLDE GROUT PRISM 60000815;1;1;1;0;0;5000173415;17/5/2026;Servicios;CUMPLIDO;MH INSTRUMENTAC Y PESAJE SRL;MR01;26/5/2026;4/4/2026;10146895;110;1;4/4/2026;6/4/2026;C23;4500124557;110;0374;1;JESPARZA;9/4/2026;25/5/2026;C23;1;16/5/2026;;;;;;;;;;04 Cert a Demanda;En curso - Próximo a vencer;;C23
00374 TERMINAL PUNTA COLORADA;1000085991;120;ZPAN;04 - Calibraciones M;;1;;;;DSUAREZ;1026920;CALIBRACION CONO DE ABRAMS MOD2 60000813;1;1;1;0;0;5000173415;17/5/2026;Servicios;CUMPLIDO;MH INSTRUMENTAC Y PESAJE SRL;MR01;26/5/2026;4/4/2026;10146895;120;1;4/4/2026;6/4/2026;C23;4500124557;120;0374;1;JESPARZA;9/4/2026;25/5/2026;C23;1;16/5/2026;;;;;;;;;;04 Cert a Demanda;En curso - Próximo a vencer;;C23
00374 TERMINAL PUNTA COLORADA;1000085991;130;ZPAN;04 - Calibraciones M;;1;;;;DSUAREZ;1026920;"CALIBRACION CONO DE ARENA COSACOV MOD 6""";1;1;1;0;0;5000173415;17/5/2026;Servicios;CUMPLIDO;MH INSTRUMENTAC Y PESAJE SRL;MR01;26/5/2026;4/4/2026;10146895;130;1;4/4/2026;6/4/2026;C23;4500124557;130;0374;1;JESPARZA;9/4/2026;25/5/2026;C23;1;16/5/2026;;;;;;;;;;04 Cert a Demanda;En curso - Próximo a vencer;;C23
00374 TERMINAL PUNTA COLORADA;1000085991;140;ZPAN;04 - Calibraciones M;;1;;;;DSUAREZ;1026920;CALIBRACION CANASTO;1;1;1;0;0;5000173415;17/5/2026;Servicios;CUMPLIDO;MH INSTRUMENTAC Y PESAJE SRL;MR01;26/5/2026;4/4/2026;10146895;140;1;4/4/2026;6/4/2026;C23;4500124557;140;0374;1;JESPARZA;9/4/2026;25/5/2026;C23;1;16/5/2026;;;;;;;;;;04 Cert a Demanda;En curso - Próximo a vencer;;C23
00374 TERMINAL PUNTA COLORADA;1000086179;10;ZPAN;Soldadura HR;;0;;;;DSUAREZ;1022295;"PERF Y SOLD NIPLE 2""X15CM BRIDA 18""";2;0;2;0;2;;;Servicios;ADJUDICADO;HR INDUSTRIAL SAS;MR01;27/5/2026;8/4/2026;10147124;10;1;8/4/2026;9/4/2026;374;4500124608;10;0374;1;JJCABRERA;9/4/2026;12/5/2026;374;0;;;;;;;;;;;Sin aclaración;En curso - Próximo a vencer;;374
00374 TERMINAL PUNTA COLORADA;1000086179;20;ZPAN;Soldadura HR;;0;;;;DSUAREZ;1022295;"PERF Y SOLD NIPLE 2""X15CM BRIDA 12""";2;0;2;0;2;;;Servicios;ADJUDICADO;HR INDUSTRIAL SAS;MR01;27/5/2026;8/4/2026;10147124;20;1;8/4/2026;9/4/2026;374;4500124608;20;0374;1;JJCABRERA;9/4/2026;12/5/2026;374;0;;;;;;;;;;;Sin aclaración;En curso - Próximo a vencer;;374
00374 TERMINAL PUNTA COLORADA;1000086179;30;ZPAN;Soldadura HR;;0;;;;DSUAREZ;1022295;"PERF Y SOLD NIPLE 2""X15CM BRIDA 10""";2;0;2;0;2;;;Servicios;ADJUDICADO;HR INDUSTRIAL SAS;MR01;27/5/2026;8/4/2026;10147124;30;1;8/4/2026;9/4/2026;374;4500124608;30;0374;1;JJCABRERA;9/4/2026;12/5/2026;374;0;;;;;;;;;;;Sin aclaración;En curso - Próximo a vencer;;374
00374 TERMINAL PUNTA COLORADA;1000086179;40;ZPAN;Soldadura HR;;0;;;;DSUAREZ;1022295;"PERF Y SOLD NIPLE 2""X15CM BRIDA 6""";2;0;2;0;2;;;Servicios;ADJUDICADO;HR INDUSTRIAL SAS;MR01;27/5/2026;8/4/2026;10147124;40;1;8/4/2026;9/4/2026;374;4500124608;40;0374;1;JJCABRERA;9/4/2026;12/5/2026;374;0;;;;;;;;;;;Sin aclaración;En curso - Próximo a vencer;;374
00374 TERMINAL PUNTA COLORADA;1000086236;10;ZPAN;03- RSU SAPSA;;0;;;;DSUAREZ;1035384;ALQUILER DE CONTENEDORES RESIDUOS X MES;132;6,9;132;0;125,1;5000171868;6/5/2026;Servicios;CUMPLIDO PARCIAL;SOLUCIONES AMBIENTALES PATAGONIA;MR01;31/12/2026;8/4/2026;10147211;10;1;8/4/2026;9/4/2026;C25;4500124877;10;0374;1;MPITTIA;13/4/2026;31/12/2026;C25;1;6/5/2026;;;;;;;;;;03 Cert Mensual;En curso;Verde;C25
00374 TERMINAL PUNTA COLORADA;1000086236;20;ZPAN;03- RSU SAPSA;;0;;;;DSUAREZ;1035384;RESIDUOS HUMEDOS VERDE RSU X TN;20;3;20;0;17;5000171868;6/5/2026;Servicios;CUMPLIDO PARCIAL;SOLUCIONES AMBIENTALES PATAGONIA;MR01;31/12/2026;8/4/2026;10147211;20;1;8/4/2026;9/4/2026;C25;4500124877;20;0374;1;MPITTIA;13/4/2026;31/12/2026;C25;1;6/5/2026;;;;;;;;;;03 Cert Mensual;En curso;Verde;C25
00374 TERMINAL PUNTA COLORADA;1000086236;30;ZPAN;03- RSU SAPSA;;0;;;;DSUAREZ;1035384;RESIDUOS RECICLABLES AMARILLO RSU X TN;50;3;50;0;47;5000171868;6/5/2026;Servicios;CUMPLIDO PARCIAL;SOLUCIONES AMBIENTALES PATAGONIA;MR01;31/12/2026;8/4/2026;10147211;30;1;8/4/2026;9/4/2026;C25;4500124877;30;0374;1;MPITTIA;13/4/2026;31/12/2026;C25;1;6/5/2026;;;;;;;;;;03 Cert Mensual;En curso;Verde;C25
00374 TERMINAL PUNTA COLORADA;1000086236;40;ZPAN;03- RSU SAPSA;;0;;;;DSUAREZ;1035384;RESIDUOS RECICLABLES INDUS AZUL RSU X TN;5;0;5;0;5;;;Servicios;ADJUDICADO;SOLUCIONES AMBIENTALES PATAGONIA;MR01;31/12/2026;8/4/2026;10147211;40;1;8/4/2026;9/4/2026;C25;4500124877;40;0374;1;MPITTIA;13/4/2026;31/12/2026;C25;0;;;;;;;;;;;03 Cert Mensual;En curso;;C25
00374 TERMINAL PUNTA COLORADA;1000086236;50;ZPAN;03- RSU SAPSA;;0;;;;DSUAREZ;1035384;FLETE TRANSPORTE CONTENEDOR 5MT3 X UN;264;6;264;0;258;5000171868;6/5/2026;Servicios;CUMPLIDO PARCIAL;SOLUCIONES AMBIENTALES PATAGONIA;MR01;31/12/2026;8/4/2026;10147211;50;1;8/4/2026;9/4/2026;C25;4500124877;50;0374;1;MPITTIA;13/4/2026;31/12/2026;C25;1;6/5/2026;;;;;;;;;;03 Cert Mensual;En curso;Verde;C25
00374 TERMINAL PUNTA COLORADA;1000086335;10;ZPAN;03-EXTENSION- TELEBE;;0;;;;SFERNANDEZ;1033267;ALQUILER TELEBELT TBS130;3;2;3;0;1;5000172543;11/5/2026;Servicios;CUMPLIDO PARCIAL;SE.MI. S. A.;MR01;30/7/2026;10/4/2026;10147331;10;1;10/4/2026;10/4/2026;C04;4500125170;10;0374;1;WVENTURINI;16/4/2026;30/7/2026;C04;2;11/5/2026;;;;;;;;;;03 Cert Mensual;En curso;Verde;C04
00374 TERMINAL PUNTA COLORADA;1000086368;10;ZPAN;04 - ESTUDIOS PSICOM;;0;;;;JIBANEZ;1013130;ESTUDIO PSICOMETRICOS X UN;50;16;50;0;34;5000170264;23/4/2026;Servicios;CUMPLIDO PARCIAL;MAINETE JAVIER ALBERTO;MR01;30/8/2026;10/4/2026;10147351;10;1;10/4/2026;11/4/2026;C25;4500125184;10;0374;1;MPITTIA;16/4/2026;30/8/2026;C25;1;23/4/2026;;;;;;;;;;04 Cert a Demanda;En curso;;C25
00374 TERMINAL PUNTA COLORADA;1000086830;30;ZPAN;HORMIGON P/ OBRA- BE;;0;;;;SFERNANDEZ;1012984;SERVICIO BOMBA H° TELESCOPICA;15;6;15;0;9;5000173085;14/5/2026;Servicios;CUMPLIDO PARCIAL;BETONSUR SRL;MR01;25/5/2026;18/4/2026;10148035;30;1;18/4/2026;20/4/2026;C18;4500126369;30;0374;1;JESPARZA;29/4/2026;25/5/2026;C18;3;14/5/2026;;;;;;;;;;Sin aclaración;Vencido con cant pendiente a recep;;C18
00374 TERMINAL PUNTA COLORADA;1000086830;40;ZPAN;HORMIGON P/ OBRA- BE;;0;;;;SFERNANDEZ;1012983;SERVICIO DE BOMBEO;700;108;700;0;592;5000173085;14/5/2026;Servicios;CUMPLIDO PARCIAL;BETONSUR SRL;MR01;25/5/2026;18/4/2026;10148035;40;1;18/4/2026;20/4/2026;C18;4500126369;40;0374;1;JESPARZA;29/4/2026;25/5/2026;C18;2;14/5/2026;;;;;;;;;;Sin aclaración;Vencido con cant pendiente a recep;;C18
00374 TERMINAL PUNTA COLORADA;1000086833;30;ZPAN;04 - HORMIGON P/OBRA;;0;;;;SFERNANDEZ;1012984;SERVICIO BOMBA H° TELESCOPICA;15;0;15;0;15;;;Servicios;ADJUDICADO;CEMENTOS & CONSTRUCCIONES CF S. A.;MR01;25/10/2026;18/4/2026;10148038;30;1;18/4/2026;20/4/2026;C18;4500128279;30;0374;1;JESPARZA;21/5/2026;25/10/2026;C18;0;;;;;;;;;;;04 Cert a Demanda;En curso;;C18
00374 TERMINAL PUNTA COLORADA;1000086833;40;ZPAN;04 - HORMIGON P/OBRA;;0;;;;SFERNANDEZ;1012983;SERVICIO DE BOMBEO;1200;0;1200;0;1200;;;Servicios;ADJUDICADO;CEMENTOS & CONSTRUCCIONES CF S. A.;MR01;25/10/2026;18/4/2026;10148038;40;1;18/4/2026;20/4/2026;C18;4500128279;40;0374;1;JESPARZA;21/5/2026;25/10/2026;C18;0;;;;;;;;;;;04 Cert a Demanda;En curso;;C18
00374 TERMINAL PUNTA COLORADA;1000086927;10;ZPAN;04- SUBCONTRATO INGE;;24;;;;SFERNANDEZ;1042362;SUB.ISOMETRICO OD-4579-04 /05 /09/10/11;1;1;1;0;0;5000174170;22/5/2026;Servicios;CUMPLIDO;HR INDUSTRIAL SAS;MR01;18/7/2026;20/4/2026;10148127;10;1;20/4/2026;24/4/2026;C26;4500126154;10;0374;1;YCOLMAN;27/4/2026;18/7/2026;C26;2;22/5/2026;;;;;;;;;;04 Cert a Demanda;En curso - Total recepcionado;;C26
00374 TERMINAL PUNTA COLORADA;1000086927;20;ZPAN;04- SUBCONTRATO INGE;;24;;;;SFERNANDEZ;1042362;SUB. EPP /CONSUMIBLES (SEGUN DETALLE);1;1;1;0;0;5000174170;22/5/2026;Servicios;CUMPLIDO;HR INDUSTRIAL SAS;MR01;18/7/2026;20/4/2026;10148127;20;1;20/4/2026;24/4/2026;C26;4500126154;20;0374;1;YCOLMAN;27/4/2026;18/7/2026;C26;2;22/5/2026;;;;;;;;;;04 Cert a Demanda;En curso - Total recepcionado;;C26
00374 TERMINAL PUNTA COLORADA;1000086927;30;ZPAN;04- SUBCONTRATO INGE;;24;;;;SFERNANDEZ;1042362;SUB. MO (SEGUN DETALLLE);1;1;1;0;0;5000174170;22/5/2026;Servicios;CUMPLIDO;HR INDUSTRIAL SAS;MR01;18/7/2026;20/4/2026;10148127;30;1;20/4/2026;24/4/2026;C26;4500126154;30;0374;1;YCOLMAN;27/4/2026;18/7/2026;C26;2;22/5/2026;;;;;;;;;;04 Cert a Demanda;En curso - Total recepcionado;;C26
00374 TERMINAL PUNTA COLORADA;1000086927;40;ZPAN;04- SUBCONTRATO INGE;;24;;;;SFERNANDEZ;1042362;SUB. PROVISION DE EQUIPOS(SEGUN DETALLE);1;1;1;0;0;5000174170;22/5/2026;Servicios;CUMPLIDO;HR INDUSTRIAL SAS;MR01;18/7/2026;20/4/2026;10148127;40;1;20/4/2026;24/4/2026;C26;4500126154;40;0374;1;YCOLMAN;27/4/2026;18/7/2026;C26;2;22/5/2026;;;;;;;;;;04 Cert a Demanda;En curso - Total recepcionado;;C26
00374 TERMINAL PUNTA COLORADA;1000086927;50;ZPAN;04- SUBCONTRATO INGE;;24;;;;SFERNANDEZ;1042362;SUB.INSPECTORES/VEHICULO/TRANSP (S/DETAL;1;1;1;0;0;5000174170;22/5/2026;Servicios;CUMPLIDO;HR INDUSTRIAL SAS;MR01;18/7/2026;20/4/2026;10148127;50;1;20/4/2026;24/4/2026;C26;4500126154;50;0374;1;YCOLMAN;27/4/2026;18/7/2026;C26;2;22/5/2026;;;;;;;;;;04 Cert a Demanda;En curso - Total recepcionado;;C26
00374 TERMINAL PUNTA COLORADA;1000086937;10;ZPAN;04-SUB-TRABAJOS TK 4;;24;;;;SFERNANDEZ;1042362;SUB.MO- MONTAJE Y PRUEBA NEUMATICA;2;0;2;0;2;;;Servicios;ADJUDICADO;HR INDUSTRIAL SAS;MR01;18/7/2026;20/4/2026;10148136;10;1;20/4/2026;21/4/2026;C26;4500126136;10;0374;1;YCOLMAN;27/4/2026;18/7/2026;C26;0;;;;;;;;;;;04 Cert a Demanda;En curso;;C26
00374 TERMINAL PUNTA COLORADA;1000086937;20;ZPAN;04-SUB-TRABAJOS TK 4;;24;;;;SFERNANDEZ;1042362;SUB.MO- DESINTALACION DE INSTRUMENTAL;1;0;1;0;1;;;Servicios;ADJUDICADO;HR INDUSTRIAL SAS;MR01;18/7/2026;20/4/2026;10148136;20;1;20/4/2026;21/4/2026;C26;4500126136;20;0374;1;YCOLMAN;27/4/2026;18/7/2026;C26;0;;;;;;;;;;;04 Cert a Demanda;En curso;;C26
00374 TERMINAL PUNTA COLORADA;1000086937;30;ZPAN;04-SUB-TRABAJOS TK 4;;24;;;;SFERNANDEZ;1042362;SUB.MATERIALES Y CONSUMIBLES;1;0;1;0;1;;;Servicios;ADJUDICADO;HR INDUSTRIAL SAS;MR01;18/7/2026;20/4/2026;10148136;30;1;20/4/2026;21/4/2026;C26;4500126136;30;0374;1;YCOLMAN;27/4/2026;18/7/2026;C26;0;;;;;;;;;;;04 Cert a Demanda;En curso;;C26
00374 TERMINAL PUNTA COLORADA;1000086937;40;ZPAN;04-SUB-TRABAJOS TK 4;;24;;;;SFERNANDEZ;1042362;"SUB.MATERIALES -BRIDAS 24""";1;0;1;0;1;;;Servicios;ADJUDICADO;HR INDUSTRIAL SAS;MR01;18/7/2026;20/4/2026;10148136;40;1;20/4/2026;21/4/2026;C26;4500126136;40;0374;1;YCOLMAN;27/4/2026;18/7/2026;C26;0;;;;;;;;;;;04 Cert a Demanda;En curso;;C26
00374 TERMINAL PUNTA COLORADA;1000086937;50;ZPAN;04-SUB-TRABAJOS TK 4;;24;;;;SFERNANDEZ;1042362;SUB.INSTRUMENTACION;1;0;1;0;1;;;Servicios;ADJUDICADO;HR INDUSTRIAL SAS;MR01;18/7/2026;20/4/2026;10148136;50;1;20/4/2026;21/4/2026;C26;4500126136;50;0374;1;YCOLMAN;27/4/2026;18/7/2026;C26;0;;;;;;;;;;;04 Cert a Demanda;En curso;;C26
00374 TERMINAL PUNTA COLORADA;1000086937;60;ZPAN;04-SUB-TRABAJOS TK 4;;24;;;;SFERNANDEZ;1042362;SUB.INSTRUMENTACION-EQUIPO DE ELEVACION;2;0;2;0;2;;;Servicios;ADJUDICADO;HR INDUSTRIAL SAS;MR01;18/7/2026;20/4/2026;10148136;60;1;20/4/2026;21/4/2026;C26;4500126136;60;0374;1;YCOLMAN;27/4/2026;18/7/2026;C26;0;;;;;;;;;;;04 Cert a Demanda;En curso;;C26
00374 TERMINAL PUNTA COLORADA;1000086937;70;ZPAN;04-SUB-TRABAJOS TK 4;;24;;;;SFERNANDEZ;1042362;SUB.INGENIERIA Y DOC-ARMADO PROCEDIMIENT;1;0;1;0;1;;;Servicios;ADJUDICADO;HR INDUSTRIAL SAS;MR01;18/7/2026;20/4/2026;10148136;70;1;20/4/2026;21/4/2026;C26;4500126136;70;0374;1;YCOLMAN;27/4/2026;18/7/2026;C26;0;;;;;;;;;;;04 Cert a Demanda;En curso;;C26
00374 TERMINAL PUNTA COLORADA;1000086937;80;ZPAN;04-SUB-TRABAJOS TK 4;;24;;;;SFERNANDEZ;1042362;SUB.INGENIERIA Y DOC-INFORME FINAL;1;0;1;0;1;;;Servicios;ADJUDICADO;HR INDUSTRIAL SAS;MR01;18/7/2026;20/4/2026;10148136;80;1;20/4/2026;21/4/2026;C26;4500126136;80;0374;1;YCOLMAN;27/4/2026;18/7/2026;C26;0;;;;;;;;;;;04 Cert a Demanda;En curso;;C26
00374 TERMINAL PUNTA COLORADA;1000086937;90;ZPAN;04-SUB-TRABAJOS TK 4;;24;;;;SFERNANDEZ;1042362;SUB.SEGURIDAD- PLAN DE SEGURIDAD;2;0;2;0;2;;;Servicios;ADJUDICADO;HR INDUSTRIAL SAS;MR01;18/7/2026;20/4/2026;10148136;90;1;20/4/2026;21/4/2026;C26;4500126136;90;0374;1;YCOLMAN;27/4/2026;18/7/2026;C26;0;;;;;;;;;;;04 Cert a Demanda;En curso;;C26
00374 TERMINAL PUNTA COLORADA;1000087070;10;ZPAN;04 - Control de Carg;;0;;;;DSUAREZ;1026923;DISPENSER PUMP CONTROL 400L/M 24M3/H;1;0;1;0;1;;;Servicios;ADJUDICADO;PUMP CONTROL SRL;MR01;13/5/2026;22/4/2026;10148322;10;1;22/4/2026;22/4/2026;C23;4500126194;10;0374;1;JESPARZA;28/4/2026;13/5/2026;C23;0;;;;;;;;;;;04 Cert a Demanda;Vencido con cant pendiente a recep;;C23
00374 TERMINAL PUNTA COLORADA;1000087070;20;ZPAN;04 - Control de Carg;;0;;;;DSUAREZ;1026923;COMPUTADOR KI04;1;0;1;0;1;;;Servicios;ADJUDICADO;PUMP CONTROL SRL;MR01;13/5/2026;22/4/2026;10148322;20;1;22/4/2026;22/4/2026;C23;4500126194;20;0374;1;JESPARZA;28/4/2026;13/5/2026;C23;0;;;;;;;;;;;04 Cert a Demanda;Vencido con cant pendiente a recep;;C23
00374 TERMINAL PUNTA COLORADA;1000087070;30;ZPAN;04 - Control de Carg;;0;;;;DSUAREZ;1026923;EMISOR DE PULSOS 100P/V 2CH;1;0;1;0;1;;;Servicios;ADJUDICADO;PUMP CONTROL SRL;MR01;13/5/2026;22/4/2026;10148322;30;1;22/4/2026;22/4/2026;C23;4500126194;30;0374;1;JESPARZA;28/4/2026;13/5/2026;C23;0;;;;;;;;;;;04 Cert a Demanda;Vencido con cant pendiente a recep;;C23
00374 TERMINAL PUNTA COLORADA;1000087070;40;ZPAN;04 - Control de Carg;;0;;;;DSUAREZ;1026923;FLEET MINI BASE;1;0;1;0;1;;;Servicios;ADJUDICADO;PUMP CONTROL SRL;MR01;13/5/2026;22/4/2026;10148322;40;1;22/4/2026;22/4/2026;C23;4500126194;40;0374;1;JESPARZA;28/4/2026;13/5/2026;C23;0;;;;;;;;;;;04 Cert a Demanda;Vencido con cant pendiente a recep;;C23
00374 TERMINAL PUNTA COLORADA;1000087070;50;ZPAN;04 - Control de Carg;;0;;;;DSUAREZ;1026923;MODULO DE ALIMENTACION 110/220 VAC;1;0;1;0;1;;;Servicios;ADJUDICADO;PUMP CONTROL SRL;MR01;13/5/2026;22/4/2026;10148322;50;1;22/4/2026;22/4/2026;C23;4500126194;50;0374;1;JESPARZA;28/4/2026;13/5/2026;C23;0;;;;;;;;;;;04 Cert a Demanda;Vencido con cant pendiente a recep;;C23
00374 TERMINAL PUNTA COLORADA;1000087070;60;ZPAN;04 - Control de Carg;;0;;;;DSUAREZ;1026923;MODULO LECTOR TARJETA C-FLEX;1;0;1;0;1;;;Servicios;ADJUDICADO;PUMP CONTROL SRL;MR01;13/5/2026;22/4/2026;10148322;60;1;22/4/2026;22/4/2026;C23;4500126194;60;0374;1;JESPARZA;28/4/2026;13/5/2026;C23;0;;;;;;;;;;;04 Cert a Demanda;Vencido con cant pendiente a recep;;C23
00374 TERMINAL PUNTA COLORADA;1000087070;70;ZPAN;04 - Control de Carg;;0;;;;DSUAREZ;1026923;PEDESTAL;1;0;1;0;1;;;Servicios;ADJUDICADO;PUMP CONTROL SRL;MR01;13/5/2026;22/4/2026;10148322;70;1;22/4/2026;22/4/2026;C23;4500126194;70;0374;1;JESPARZA;28/4/2026;13/5/2026;C23;0;;;;;;;;;;;04 Cert a Demanda;Vencido con cant pendiente a recep;;C23
00374 TERMINAL PUNTA COLORADA;1000087070;80;ZPAN;04 - Control de Carg;;0;;;;DSUAREZ;1026923;INSTALACION Y PUESTA EN MARCHA;1;0;1;0;1;;;Servicios;ADJUDICADO;PUMP CONTROL SRL;MR01;13/5/2026;22/4/2026;10148322;80;1;22/4/2026;22/4/2026;C23;4500126194;80;0374;1;JESPARZA;28/4/2026;13/5/2026;C23;0;;;;;;;;;;;04 Cert a Demanda;Vencido con cant pendiente a recep;;C23
00374 TERMINAL PUNTA COLORADA;1000087070;90;ZPAN;04 - Control de Carg;;0;;;;DSUAREZ;1026923;IDENTIFICADOR TAG TIPO LLAVERO HTS256;3;0;3;0;3;;;Servicios;ADJUDICADO;PUMP CONTROL SRL;MR01;13/5/2026;22/4/2026;10148322;90;1;22/4/2026;22/4/2026;C23;4500126194;90;0374;1;JESPARZA;28/4/2026;13/5/2026;C23;0;;;;;;;;;;;04 Cert a Demanda;Vencido con cant pendiente a recep;;C23
00374 TERMINAL PUNTA COLORADA;1000087070;100;ZPAN;04 - Control de Carg;;0;;;;DSUAREZ;1026923;MODULO ROUTER Y AP WIFI/3G;1;0;1;0;1;;;Servicios;ADJUDICADO;PUMP CONTROL SRL;MR01;13/5/2026;22/4/2026;10148322;100;1;22/4/2026;22/4/2026;C23;4500126194;100;0374;1;JESPARZA;28/4/2026;13/5/2026;C23;0;;;;;;;;;;;04 Cert a Demanda;Vencido con cant pendiente a recep;;C23
00374 TERMINAL PUNTA COLORADA;1000087070;110;ZPAN;04 - Control de Carg;;0;;;;DSUAREZ;1026923;MODULO INTERFASE Y FUENTE ALIMENTACION;1;0;1;0;1;;;Servicios;ADJUDICADO;PUMP CONTROL SRL;MR01;13/5/2026;22/4/2026;10148322;110;1;22/4/2026;22/4/2026;C23;4500126194;110;0374;1;JESPARZA;28/4/2026;13/5/2026;C23;0;;;;;;;;;;;04 Cert a Demanda;Vencido con cant pendiente a recep;;C23
00374 TERMINAL PUNTA COLORADA;1000087070;120;ZPAN;04 - Control de Carg;;0;;;;DSUAREZ;1026923;SONDA TELEMEDICION PUMP STICK PRO A-2,75;1;0;1;0;1;;;Servicios;ADJUDICADO;PUMP CONTROL SRL;MR01;13/5/2026;22/4/2026;10148322;120;1;22/4/2026;22/4/2026;C23;4500126194;120;0374;1;JESPARZA;28/4/2026;13/5/2026;C23;0;;;;;;;;;;;04 Cert a Demanda;Vencido con cant pendiente a recep;;C23
00374 TERMINAL PUNTA COLORADA;1000087070;130;ZPAN;04 - Control de Carg;;0;;;;DSUAREZ;1026923;KIT ACCESORIOS PARA SONDA PRO A;1;0;1;0;1;;;Servicios;ADJUDICADO;PUMP CONTROL SRL;MR01;13/5/2026;22/4/2026;10148322;130;1;22/4/2026;22/4/2026;C23;4500126194;130;0374;1;JESPARZA;28/4/2026;13/5/2026;C23;0;;;;;;;;;;;04 Cert a Demanda;Vencido con cant pendiente a recep;;C23
00374 TERMINAL PUNTA COLORADA;1000087070;140;ZPAN;04 - Control de Carg;;0;;;;DSUAREZ;1026923;"NIPLE 4"" X50CM M-M GALVANIZADO";1;0;1;0;1;;;Servicios;ADJUDICADO;PUMP CONTROL SRL;MR01;13/5/2026;22/4/2026;10148322;140;1;22/4/2026;22/4/2026;C23;4500126194;140;0374;1;JESPARZA;28/4/2026;13/5/2026;C23;0;;;;;;;;;;;04 Cert a Demanda;Vencido con cant pendiente a recep;;C23
00374 TERMINAL PUNTA COLORADA;1000087070;150;ZPAN;04 - Control de Carg;;0;;;;DSUAREZ;1026923;"TAPA POLIPROPILENO 4"" C/PRENSACABLE 1/2""";1;0;1;0;1;;;Servicios;ADJUDICADO;PUMP CONTROL SRL;MR01;13/5/2026;22/4/2026;10148322;150;1;22/4/2026;22/4/2026;C23;4500126194;150;0374;1;JESPARZA;28/4/2026;13/5/2026;C23;0;;;;;;;;;;;04 Cert a Demanda;Vencido con cant pendiente a recep;;C23
00374 TERMINAL PUNTA COLORADA;1000087204;10;ZPAN;04-Remis Obra 374;;0;;4;12/5/2026;DSUAREZ;1022296;SERVICIO REMIS POR KM - ANDRADE;30000;6792;15000;15000;23208;5000173763;20/5/2026;Servicios;RESPONDIDO;ANDRADE ERIC ALEXIS;MR01;31/12/2026;24/4/2026;10148538;10;1;24/4/2026;24/4/2026;C25;4500127369;10;0374;1;MPITTIA;12/5/2026;31/12/2026;C25;2;20/5/2026;;;;;;;;;;04 Cert a Demanda;En curso;;C25
00374 TERMINAL PUNTA COLORADA;1000087204;20;ZPAN;04-Remis Obra 374;;0;;;;DSUAREZ;1022296;SERVICIO REMIS POR KM - FIBER;30000;0;30000;0;30000;;;Servicios;ADJUDICADO;HINOFUENTES HECTOR BELENCO;MR01;31/12/2026;24/4/2026;10148538;20;1;24/4/2026;24/4/2026;C25;4500126712;20;0374;1;MPITTIA;5/5/2026;31/12/2026;C25;0;;;;;;;;;;;04 Cert a Demanda;En curso;;C25
00374 TERMINAL PUNTA COLORADA;1000087219;20;ZPAN;CAMPAMENTO- HORM EXT;;24;;;;MALCARAZ;1012984;ALQUILER DE BOMBA;10;0;10;0;10;;;Servicios;ADJUDICADO;BETONSUR SRL;MR01;15/7/2026;24/4/2026;10148554;20;1;24/4/2026;24/4/2026;C18;4500126467;20;0374;1;JESPARZA;30/4/2026;15/7/2026;C18;0;;;;;;;;;;;Sin aclaración;En curso;;C18
00374 TERMINAL PUNTA COLORADA;1000087219;30;ZPAN;CAMPAMENTO- HORM EXT;;24;;;;MALCARAZ;1012983;SERVICIO DE BOMBEO;500;0;500;0;500;;;Servicios;ADJUDICADO;BETONSUR SRL;MR01;15/7/2026;24/4/2026;10148554;30;1;24/4/2026;24/4/2026;C18;4500126467;30;0374;1;JESPARZA;30/4/2026;15/7/2026;C18;0;;;;;;;;;;;Sin aclaración;En curso;;C18
00374 TERMINAL PUNTA COLORADA;1000087352;10;ZPAN;Radios Nexer;;0;;;;DSUAREZ;1013033;SERVICIO DE REPARACION EQUIPOS;1;0;1;0;1;;;Servicios;ADJUDICADO;NEXER S.A.;MR01;29/5/2026;27/4/2026;10148725;10;1;27/4/2026;28/4/2026;374;4500126355;10;0374;1;JJCABRERA;29/4/2026;29/5/2026;374;0;;;;;;;;;;;Sin aclaración;En curso - Próximo a vencer;;374
00374 TERMINAL PUNTA COLORADA;1000087485;10;ZPAN;Regularizacion La An;;0;;4;19/5/2026;DSUAREZ;1013024;REGULARIZACION VIATICOS 10,5%;3600565,43;3600565;3600565;0;0,43;5000173308;15/5/2026;Servicios;RESPONDIDO;SA IMPORTADORA Y EXP. DE LA PA;MR01;19/5/2026;28/4/2026;10148831;10;1;28/4/2026;28/4/2026;C25;4500126625;10;0374;1;MPITTIA;4/5/2026;19/5/2026;C25;1;15/5/2026;;;;;;;;;;Sin aclaración;Vencido con cant pendiente a recep;;C25
00374 TERMINAL PUNTA COLORADA;1000087485;20;ZPAN;Regularizacion La An;;0;;;;DSUAREZ;1013024;VIATICOS 10,5%;50000000;11540257,21;50000000;0;38459742,79;5000173060;14/5/2026;Servicios;CUMPLIDO PARCIAL;SA IMPORTADORA Y EXP. DE LA PA;MR01;19/12/2026;28/4/2026;10148831;20;1;28/4/2026;29/4/2026;C25;4500126903;20;0374;2;MPITTIA;6/5/2026;19/12/2026;C25;2;14/5/2026;;;;;;;;;;Sin aclaración;En curso;;C25
00374 TERMINAL PUNTA COLORADA;1000087492;10;ZPAN;03 - SERVICIO DE GOM;;0;;;;JIBANEZ;1034203;DESARME/ARME+ REP. liviano;100;0;100;0;100;;;Servicios;ADJUDICADO;CONTRERAS BRIAN ALEXANDER;MR01;31/12/2026;29/4/2026;10148857;10;1;29/4/2026;29/4/2026;C04;4500126452;10;0374;1;GROSES;30/4/2026;31/12/2026;C04;0;;;;;;;;;;;03 Cert Mensual;En curso;;C04
00374 TERMINAL PUNTA COLORADA;1000087492;20;ZPAN;03 - SERVICIO DE GOM;;0;;;;JIBANEZ;1034203;DESARME/ARME+ REP. camion s/camara;80;0;80;0;80;;;Servicios;ADJUDICADO;CONTRERAS BRIAN ALEXANDER;MR01;31/12/2026;29/4/2026;10148857;20;1;29/4/2026;29/4/2026;C04;4500126452;20;0374;1;GROSES;30/4/2026;31/12/2026;C04;0;;;;;;;;;;;03 Cert Mensual;En curso;;C04
00374 TERMINAL PUNTA COLORADA;1000087492;30;ZPAN;03 - SERVICIO DE GOM;;0;;;;JIBANEZ;1034203;DESARME/ARME+ REP. camion c/camara;80;0;80;0;80;;;Servicios;ADJUDICADO;CONTRERAS BRIAN ALEXANDER;MR01;31/12/2026;29/4/2026;10148857;30;1;29/4/2026;29/4/2026;C04;4500126452;30;0374;1;GROSES;30/4/2026;31/12/2026;C04;0;;;;;;;;;;;03 Cert Mensual;En curso;;C04
00374 TERMINAL PUNTA COLORADA;1000087492;40;ZPAN;03 - SERVICIO DE GOM;;0;;;;JIBANEZ;1034203;DESARME/ARME+ REP. pesados maquina;45;0;45;0;45;;;Servicios;ADJUDICADO;CONTRERAS BRIAN ALEXANDER;MR01;31/12/2026;29/4/2026;10148857;40;1;29/4/2026;29/4/2026;C04;4500126452;40;0374;1;GROSES;30/4/2026;31/12/2026;C04;0;;;;;;;;;;;03 Cert Mensual;En curso;;C04
00374 TERMINAL PUNTA COLORADA;1000087492;50;ZPAN;03 - SERVICIO DE GOM;;0;;;;JIBANEZ;1034203;DESARME/ARME+ REP. bobcat;10;0;10;0;10;;;Servicios;ADJUDICADO;CONTRERAS BRIAN ALEXANDER;MR01;31/12/2026;29/4/2026;10148857;50;1;29/4/2026;29/4/2026;C04;4500126452;50;0374;1;GROSES;30/4/2026;31/12/2026;C04;0;;;;;;;;;;;03 Cert Mensual;En curso;;C04
00374 TERMINAL PUNTA COLORADA;1000087492;60;ZPAN;03 - SERVICIO DE GOM;;0;;;;JIBANEZ;1034203;DESARME / ARME Liviano;80;0;80;0;80;;;Servicios;ADJUDICADO;CONTRERAS BRIAN ALEXANDER;MR01;31/12/2026;29/4/2026;10148857;60;1;29/4/2026;29/4/2026;C04;4500126452;60;0374;1;GROSES;30/4/2026;31/12/2026;C04;0;;;;;;;;;;;03 Cert Mensual;En curso;;C04
00374 TERMINAL PUNTA COLORADA;1000087492;70;ZPAN;03 - SERVICIO DE GOM;;0;;;;JIBANEZ;1034203;DESARME / ARME camion s/camara;80;0;80;0;80;;;Servicios;ADJUDICADO;CONTRERAS BRIAN ALEXANDER;MR01;31/12/2026;29/4/2026;10148857;70;1;29/4/2026;29/4/2026;C04;4500126452;70;0374;1;GROSES;30/4/2026;31/12/2026;C04;0;;;;;;;;;;;03 Cert Mensual;En curso;;C04
00374 TERMINAL PUNTA COLORADA;1000087492;80;ZPAN;03 - SERVICIO DE GOM;;0;;;;JIBANEZ;1034203;DESARME / ARME camion c/camara;80;0;80;0;80;;;Servicios;ADJUDICADO;CONTRERAS BRIAN ALEXANDER;MR01;31/12/2026;29/4/2026;10148857;80;1;29/4/2026;29/4/2026;C04;4500126452;80;0374;1;GROSES;30/4/2026;31/12/2026;C04;0;;;;;;;;;;;03 Cert Mensual;En curso;;C04
00374 TERMINAL PUNTA COLORADA;1000087492;90;ZPAN;03 - SERVICIO DE GOM;;0;;;;JIBANEZ;1034203;DESARME / ARME pesados maquina;45;0;45;0;45;;;Servicios;ADJUDICADO;CONTRERAS BRIAN ALEXANDER;MR01;31/12/2026;29/4/2026;10148857;90;1;29/4/2026;29/4/2026;C04;4500126452;90;0374;1;GROSES;30/4/2026;31/12/2026;C04;0;;;;;;;;;;;03 Cert Mensual;En curso;;C04
00374 TERMINAL PUNTA COLORADA;1000087492;100;ZPAN;03 - SERVICIO DE GOM;;0;;;;JIBANEZ;1034203;DESARME /ARME Bobcat;10;0;10;0;10;;;Servicios;ADJUDICADO;CONTRERAS BRIAN ALEXANDER;MR01;31/12/2026;29/4/2026;10148857;100;1;29/4/2026;29/4/2026;C04;4500126452;100;0374;1;GROSES;30/4/2026;31/12/2026;C04;0;;;;;;;;;;;03 Cert Mensual;En curso;;C04
00374 TERMINAL PUNTA COLORADA;1000087492;110;ZPAN;03 - SERVICIO DE GOM;;0;;;;JIBANEZ;1034203;BALANCEO LIVIANO;100;0;100;0;100;;;Servicios;ADJUDICADO;CONTRERAS BRIAN ALEXANDER;MR01;31/12/2026;29/4/2026;10148857;110;1;29/4/2026;29/4/2026;C04;4500126452;110;0374;1;GROSES;30/4/2026;31/12/2026;C04;0;;;;;;;;;;;03 Cert Mensual;En curso;;C04
00374 TERMINAL PUNTA COLORADA;1000087492;120;ZPAN;03 - SERVICIO DE GOM;;0;;;;JIBANEZ;1034203;PICO CORTO LIVIANO;50;0;50;0;50;;;Servicios;ADJUDICADO;CONTRERAS BRIAN ALEXANDER;MR01;31/12/2026;29/4/2026;10148857;120;1;29/4/2026;29/4/2026;C04;4500126452;120;0374;1;GROSES;30/4/2026;31/12/2026;C04;0;;;;;;;;;;;03 Cert Mensual;En curso;;C04
00374 TERMINAL PUNTA COLORADA;1000087492;130;ZPAN;03 - SERVICIO DE GOM;;0;;;;JIBANEZ;1034203;PICO LARGO BRONCE;50;0;50;0;50;;;Servicios;ADJUDICADO;CONTRERAS BRIAN ALEXANDER;MR01;31/12/2026;29/4/2026;10148857;130;1;29/4/2026;29/4/2026;C04;4500126452;130;0374;1;GROSES;30/4/2026;31/12/2026;C04;0;;;;;;;;;;;03 Cert Mensual;En curso;;C04
00374 TERMINAL PUNTA COLORADA;1000087492;140;ZPAN;03 - SERVICIO DE GOM;;0;;;;JIBANEZ;1034203;PARCHE RAC10 (TIPTOCK);20;0;20;0;20;;;Servicios;ADJUDICADO;CONTRERAS BRIAN ALEXANDER;MR01;31/12/2026;29/4/2026;10148857;140;1;29/4/2026;29/4/2026;C04;4500126452;140;0374;1;GROSES;30/4/2026;31/12/2026;C04;0;;;;;;;;;;;03 Cert Mensual;En curso;;C04
00374 TERMINAL PUNTA COLORADA;1000087492;150;ZPAN;03 - SERVICIO DE GOM;;0;;;;JIBANEZ;1034203;PARCHE RAC14 (TIPTOCK);20;0;20;0;20;;;Servicios;ADJUDICADO;CONTRERAS BRIAN ALEXANDER;MR01;31/12/2026;29/4/2026;10148857;150;1;29/4/2026;29/4/2026;C04;4500126452;150;0374;1;GROSES;30/4/2026;31/12/2026;C04;0;;;;;;;;;;;03 Cert Mensual;En curso;;C04
00374 TERMINAL PUNTA COLORADA;1000087492;160;ZPAN;03 - SERVICIO DE GOM;;0;;;;JIBANEZ;1034203;PARCHE RAC80 (TIPTOCK);20;0;20;0;20;;;Servicios;ADJUDICADO;CONTRERAS BRIAN ALEXANDER;MR01;31/12/2026;29/4/2026;10148857;160;1;29/4/2026;29/4/2026;C04;4500126452;160;0374;1;GROSES;30/4/2026;31/12/2026;C04;0;;;;;;;;;;;03 Cert Mensual;En curso;;C04
00374 TERMINAL PUNTA COLORADA;1000087651;20;ZPAN;PM 10197 - INSERTOS;;2;;;;DSUAREZ;1042079;END PLACAS P/INSERTOS;1;0;1;0;1;;;Servicios;ADJUDICADO;GHIGLIONI GONZALO SEBASTIAN;MR01;19/6/2026;1/5/2026;10149058;20;1;1/5/2026;1/5/2026;C08;4500127779;20;2001;1;GDIAZ;15/5/2026;10/6/2026;C08;0;;;;;;;;;;;Sin aclaración;En curso - Próximo a vencer;;C08
00374 TERMINAL PUNTA COLORADA;1000087670;80;ZPAN;PM 10202 - Materiale;;0;;;;DSUAREZ;1012981;"FLETE CAÑOS 18""";1;0;1;0;1;;;Servicios;ADJUDICADO;FUSION-AR S.A.S.;MR01;1/6/2026;2/5/2026;10149072;80;1;21/5/2026;22/5/2026;374;4500128506;10;0374;1;WDILLMAN;23/5/2026;29/5/2026;374;0;;;;;;;;;;;Sin aclaración;En curso - Próximo a vencer;;374
00374 TERMINAL PUNTA COLORADA;1000087679;10;ZPAN;01 - SERVICIO DE LAV;;0;;;;JIBANEZ;1022295;LAVADO CAMIONETA - INT/EXT/CHASIS;100;0;100;0;100;;;Servicios;ADJUDICADO;CASTILLO JULIO JONATHAN ALEXANDER;MR01;31/12/2026;4/5/2026;10149084;10;1;4/5/2026;4/5/2026;C25;4500127237;10;0374;1;MPITTIA;11/5/2026;31/12/2026;C25;0;;;;;;;;;;;01 Cert Semanal;En curso;;C25
00374 TERMINAL PUNTA COLORADA;1000087679;20;ZPAN;01 - SERVICIO DE LAV;;0;;;;JIBANEZ;1022295;LAVADO Y DESENGRASE DE MOTOR CAMIONETA;100;0;100;0;100;;;Servicios;ADJUDICADO;CASTILLO JULIO JONATHAN ALEXANDER;MR01;31/12/2026;4/5/2026;10149084;20;1;4/5/2026;4/5/2026;C25;4500127237;20;0374;1;MPITTIA;11/5/2026;31/12/2026;C25;0;;;;;;;;;;;01 Cert Semanal;En curso;;C25
00374 TERMINAL PUNTA COLORADA;1000087679;30;ZPAN;01 - SERVICIO DE LAV;;0;;;;JIBANEZ;1022295;LAVADO CAMION  - INT/EXT/CHASIS;50;0;50;0;50;;;Servicios;ADJUDICADO;CASTILLO JULIO JONATHAN ALEXANDER;MR01;31/12/2026;4/5/2026;10149084;30;1;4/5/2026;4/5/2026;C25;4500127237;30;0374;1;MPITTIA;11/5/2026;31/12/2026;C25;0;;;;;;;;;;;01 Cert Semanal;En curso;;C25
00374 TERMINAL PUNTA COLORADA;1000087679;40;ZPAN;01 - SERVICIO DE LAV;;0;;;;JIBANEZ;1022295;LAVADO Y DESENGRASE DE MOTOR CAMION;50;0;50;0;50;;;Servicios;ADJUDICADO;CASTILLO JULIO JONATHAN ALEXANDER;MR01;31/12/2026;4/5/2026;10149084;40;1;4/5/2026;4/5/2026;C25;4500127237;40;0374;1;MPITTIA;11/5/2026;31/12/2026;C25;0;;;;;;;;;;;01 Cert Semanal;En curso;;C25
00374 TERMINAL PUNTA COLORADA;1000087679;50;ZPAN;01 - SERVICIO DE LAV;;0;;;;JIBANEZ;1022295;LAVADO CAMION MANT - INT/EXT/CHASIS;8;0;8;0;8;;;Servicios;ADJUDICADO;CASTILLO JULIO JONATHAN ALEXANDER;MR01;31/12/2026;4/5/2026;10149084;50;1;4/5/2026;4/5/2026;C25;4500127237;50;0374;1;MPITTIA;11/5/2026;31/12/2026;C25;0;;;;;;;;;;;01 Cert Semanal;En curso;;C25
00374 TERMINAL PUNTA COLORADA;1000087679;60;ZPAN;01 - SERVICIO DE LAV;;0;;;;JIBANEZ;1022295;LAVADO CAMION COMBUSTIBLE - INT/EXT/CHAS;10;0;10;0;10;;;Servicios;ADJUDICADO;CASTILLO JULIO JONATHAN ALEXANDER;MR01;31/12/2026;4/5/2026;10149084;60;1;4/5/2026;4/5/2026;C25;4500127237;60;0374;1;MPITTIA;11/5/2026;31/12/2026;C25;0;;;;;;;;;;;01 Cert Semanal;En curso;;C25
00374 TERMINAL PUNTA COLORADA;1000087679;70;ZPAN;01 - SERVICIO DE LAV;;0;;;;JIBANEZ;1022295;LAVADO Y DESENGRASE DE MOTOR - GENERADOR;20;0;20;0;20;;;Servicios;ADJUDICADO;CASTILLO JULIO JONATHAN ALEXANDER;MR01;31/12/2026;4/5/2026;10149084;70;1;4/5/2026;4/5/2026;C25;4500127237;70;0374;1;MPITTIA;11/5/2026;31/12/2026;C25;0;;;;;;;;;;;01 Cert Semanal;En curso;;C25
00374 TERMINAL PUNTA COLORADA;1000087679;80;ZPAN;01 - SERVICIO DE LAV;;0;;;;JIBANEZ;1022295;LAVADO EQUIPO VIAL -INT/EXT/CHASIS/MOTOR;10;0;10;0;10;;;Servicios;ADJUDICADO;CASTILLO JULIO JONATHAN ALEXANDER;MR01;31/12/2026;4/5/2026;10149084;80;1;4/5/2026;4/5/2026;C25;4500127237;80;0374;1;MPITTIA;11/5/2026;31/12/2026;C25;0;;;;;;;;;;;01 Cert Semanal;En curso;;C25
00374 TERMINAL PUNTA COLORADA;1000087780;10;ZPAN;REGULARIZACION - TER;;0;;;;JIBANEZ;1022295;MATERIALES SEGUN DESCRIPCION;1;1;1;0;0;5000172823;13/5/2026;Servicios;CUMPLIDO;CALLEJO DANIEL HORACIO;MR01;26/5/2026;5/5/2026;10149237;10;1;5/5/2026;5/5/2026;374;4500126794;10;0374;1;WDILLMAN;5/5/2026;16/5/2026;374;1;13/5/2026;;;;;;;;;;Sin aclaración;En curso - Próximo a vencer;;374
00374 TERMINAL PUNTA COLORADA;1000087780;20;ZPAN;REGULARIZACION - TER;;0;;;;JIBANEZ;1022295;GASTOS DE TRASLADOS;1;1;1;0;0;5000172823;13/5/2026;Servicios;CUMPLIDO;CALLEJO DANIEL HORACIO;MR01;26/5/2026;5/5/2026;10149237;20;1;5/5/2026;5/5/2026;374;4500126794;20;0374;1;WDILLMAN;5/5/2026;16/5/2026;374;1;13/5/2026;;;;;;;;;;Sin aclaración;En curso - Próximo a vencer;;374
00374 TERMINAL PUNTA COLORADA;1000087780;30;ZPAN;REGULARIZACION - TER;;0;;;;JIBANEZ;1022295;REPARACION CIRCUITO DE BOMBA HIDRAULICA;1;1;1;0;0;5000172823;13/5/2026;Servicios;CUMPLIDO;CALLEJO DANIEL HORACIO;MR01;26/5/2026;5/5/2026;10149237;30;1;5/5/2026;5/5/2026;374;4500126794;30;0374;1;WDILLMAN;5/5/2026;16/5/2026;374;1;13/5/2026;;;;;;;;;;Sin aclaración;En curso - Próximo a vencer;;374
00374 TERMINAL PUNTA COLORADA;1000087813;10;ZPAN;Reparacion MFC T4500;;0;;;;DSUAREZ;1022295;REPARACION IMPRESORA BROTHER;1;1;1;0;0;5000173114;15/5/2026;Servicios;CUMPLIDO;VILLAGRA GABRIEL ALEJANDRO;MR01;26/5/2026;5/5/2026;10149344;10;1;5/5/2026;5/5/2026;374;4500126810;10;0374;1;JJCABRERA;5/5/2026;15/5/2026;374;1;12/5/2026;;;;;;;;;;Sin aclaración;En curso - Próximo a vencer;;374
00374 TERMINAL PUNTA COLORADA;1000087813;20;ZPAN;Reparacion MFC T4500;;0;;;;DSUAREZ;1022295;SENSOR DAÑADO;1;1;1;0;0;5000173110;15/5/2026;Servicios;CUMPLIDO;VILLAGRA GABRIEL ALEJANDRO;MR01;26/5/2026;5/5/2026;10149344;20;1;9/5/2026;11/5/2026;374;4500127339;10;0374;1;WDILLMAN;11/5/2026;22/5/2026;374;1;12/5/2026;;;;;;;;;;Sin aclaración;En curso - Próximo a vencer;;374
00374 TERMINAL PUNTA COLORADA;1000087813;30;ZPAN;Reparacion MFC T4500;;0;;;;DSUAREZ;1022295;TINTA AMARILLA;1;1;1;0;0;5000173110;15/5/2026;Servicios;CUMPLIDO;VILLAGRA GABRIEL ALEJANDRO;MR01;26/5/2026;5/5/2026;10149344;30;1;9/5/2026;11/5/2026;374;4500127339;20;0374;1;WDILLMAN;11/5/2026;22/5/2026;374;1;12/5/2026;;;;;;;;;;Sin aclaración;En curso - Próximo a vencer;;374
00374 TERMINAL PUNTA COLORADA;1000087818;10;ZPAN;04 - CMD Standard Gr;;0;;;;DSUAREZ;1048859;CURSO DE MANEJO DEFENSIVO;2;2;2;0;0;5000172430;9/5/2026;Servicios;CUMPLIDO;BUSTOS MARIA LORENA;MR01;26/5/2026;5/5/2026;10149349;10;1;5/5/2026;5/5/2026;374;4500126817;10;0374;1;WDILLMAN;5/5/2026;12/5/2026;374;1;9/5/2026;;;;;;;;;;04 Cert a Demanda;En curso - Próximo a vencer;;374
00374 TERMINAL PUNTA COLORADA;1000087829;10;ZPAN;04 EXTENSION- RECARG;;0;;;;SFERNANDEZ;1035994;RECARGA DE MATAFUEGOS ABC 1 KG;15;0;15;0;15;;;Servicios;ADJUDICADO;ESCUDERO VIVIANA ANGELICA;MR01;1/12/2026;5/5/2026;10149357;10;1;5/5/2026;6/5/2026;C25;4500127596;10;0374;1;MPITTIA;13/5/2026;1/12/2026;C25;0;;;;;;;;;;;04 Cert a Demanda;En curso;;C25
00374 TERMINAL PUNTA COLORADA;1000087829;20;ZPAN;04 EXTENSION- RECARG;;0;;;;SFERNANDEZ;1013041;RECARGA DE MATAFUEGO 2,5KG;20;0;20;0;20;;;Servicios;ADJUDICADO;ESCUDERO VIVIANA ANGELICA;MR01;1/12/2026;5/5/2026;10149357;20;1;5/5/2026;6/5/2026;C25;4500127596;20;0374;1;MPITTIA;13/5/2026;1/12/2026;C25;0;;;;;;;;;;;04 Cert a Demanda;En curso;;C25
00374 TERMINAL PUNTA COLORADA;1000087829;30;ZPAN;04 EXTENSION- RECARG;;0;;;;SFERNANDEZ;1013042;RECARGA DE MATAFUEGO 5KG;50;0;50;0;50;;;Servicios;ADJUDICADO;ESCUDERO VIVIANA ANGELICA;MR01;1/12/2026;5/5/2026;10149357;30;1;5/5/2026;6/5/2026;C25;4500127596;30;0374;1;MPITTIA;13/5/2026;1/12/2026;C25;0;;;;;;;;;;;04 Cert a Demanda;En curso;;C25
00374 TERMINAL PUNTA COLORADA;1000087829;40;ZPAN;04 EXTENSION- RECARG;;0;;;;SFERNANDEZ;1013039;RECARGA DE MATAFUEGO 10KG;70;0;70;0;70;;;Servicios;ADJUDICADO;ESCUDERO VIVIANA ANGELICA;MR01;1/12/2026;5/5/2026;10149357;40;1;5/5/2026;6/5/2026;C25;4500127596;40;0374;1;MPITTIA;13/5/2026;1/12/2026;C25;0;;;;;;;;;;;04 Cert a Demanda;En curso;;C25
00374 TERMINAL PUNTA COLORADA;1000087829;50;ZPAN;04 EXTENSION- RECARG;;0;;;;SFERNANDEZ;1021938;RECARGA DE MATAFUEGO 50KG;2;0;2;0;2;;;Servicios;ADJUDICADO;ESCUDERO VIVIANA ANGELICA;MR01;1/12/2026;5/5/2026;10149357;50;1;5/5/2026;6/5/2026;C25;4500127596;50;0374;1;MPITTIA;13/5/2026;1/12/2026;C25;0;;;;;;;;;;;04 Cert a Demanda;En curso;;C25
00374 TERMINAL PUNTA COLORADA;1000087862;10;ZPAN;MODIFICACION ARBOLIT;;0;;;;SFERNANDEZ;1022295;MODF ARBOLITO P/ PRUEBAS HIDRAULICAS;4;4;4;0;0;5000173693;16/5/2026;Servicios;CUMPLIDO;HR INDUSTRIAL SAS;MR01;27/5/2026;6/5/2026;10149393;10;1;6/5/2026;6/5/2026;374;4500126956;10;0374;1;WDILLMAN;6/5/2026;26/5/2026;374;1;16/5/2026;;;;;;;;;;Sin aclaración;En curso - Próximo a vencer;;374
00374 TERMINAL PUNTA COLORADA;1000087862;20;ZPAN;MODIFICACION ARBOLIT;;0;;;;SFERNANDEZ;1022295;AGUJEREADO PASANTE,SOLDADURAS, END;4;4;4;0;0;5000173693;16/5/2026;Servicios;CUMPLIDO;HR INDUSTRIAL SAS;MR01;27/5/2026;6/5/2026;10149393;20;1;6/5/2026;6/5/2026;374;4500126956;20;0374;1;WDILLMAN;6/5/2026;26/5/2026;374;1;16/5/2026;;;;;;;;;;Sin aclaración;En curso - Próximo a vencer;;374
00374 TERMINAL PUNTA COLORADA;1000087862;30;ZPAN;MODIFICACION ARBOLIT;;0;;;;SFERNANDEZ;1022295;AGUJEREADO PASANTE,SOLDADURAS, END;2;2;2;0;0;5000173693;16/5/2026;Servicios;CUMPLIDO;HR INDUSTRIAL SAS;MR01;27/5/2026;6/5/2026;10149393;30;1;6/5/2026;6/5/2026;374;4500126956;30;0374;1;WDILLMAN;6/5/2026;26/5/2026;374;1;16/5/2026;;;;;;;;;;Sin aclaración;En curso - Próximo a vencer;;374
00374 TERMINAL PUNTA COLORADA;1000087862;40;ZPAN;MODIFICACION ARBOLIT;;0;;;;SFERNANDEZ;1022295;AGUJEREADO PASANTE,SOLDADURAS, END;2;2;2;0;0;5000173693;16/5/2026;Servicios;CUMPLIDO;HR INDUSTRIAL SAS;MR01;27/5/2026;6/5/2026;10149393;40;1;6/5/2026;6/5/2026;374;4500126956;40;0374;1;WDILLMAN;6/5/2026;26/5/2026;374;1;16/5/2026;;;;;;;;;;Sin aclaración;En curso - Próximo a vencer;;374
00374 TERMINAL PUNTA COLORADA;1000087862;50;ZPAN;MODIFICACION ARBOLIT;;0;;;;SFERNANDEZ;1022295;"PROVISION DE BRIDA CIEGA RF 2"" SERIE 300";8;8;8;0;0;5000173693;16/5/2026;Servicios;CUMPLIDO;HR INDUSTRIAL SAS;MR01;27/5/2026;6/5/2026;10149393;50;1;6/5/2026;6/5/2026;374;4500126956;50;0374;1;WDILLMAN;6/5/2026;26/5/2026;374;1;16/5/2026;;;;;;;;;;Sin aclaración;En curso - Próximo a vencer;;374
00374 TERMINAL PUNTA COLORADA;1000087862;60;ZPAN;MODIFICACION ARBOLIT;;0;;;;SFERNANDEZ;1022295;EJECUCION DE PRUEBA HIDRAULICA;4;4;4;0;0;5000173693;16/5/2026;Servicios;CUMPLIDO;HR INDUSTRIAL SAS;MR01;27/5/2026;6/5/2026;10149393;60;1;6/5/2026;6/5/2026;374;4500126956;60;0374;1;WDILLMAN;6/5/2026;26/5/2026;374;1;16/5/2026;;;;;;;;;;Sin aclaración;En curso - Próximo a vencer;;374
00374 TERMINAL PUNTA COLORADA;1000087863;10;ZPAN;02 - Servicio de Bre;;0;;;;DSUAREZ;1022295;SERVICIO DE BREAK/SNACKS;45000;0;45000;0;45000;;;Servicios;ADJUDICADO;FIBER RIO NEGRO SAS;MR01;30/8/2026;6/5/2026;10149394;10;1;6/5/2026;6/5/2026;C25;4500127413;10;0374;2;MPITTIA;12/5/2026;30/8/2026;C25;0;;;;;;;;;;;02 Cert Quincenal;En curso;;C25
00374 TERMINAL PUNTA COLORADA;1000087877;10;ZPAN;04 - Semi Sede/Base;;0;;;;DSUAREZ;1012974;FLETE SEMIRREMOLQUE 14,5MT XVIAJE;1;1;1;0;0;5000172743;12/5/2026;Servicios;CUMPLIDO;TRANSLOGISTICA VESPRINI S. R. L.;MR01;27/5/2026;6/5/2026;10149409;10;1;6/5/2026;6/5/2026;C15;4500127289;10;0374;1;GDIAZ;11/5/2026;27/5/2026;C15;1;12/5/2026;;;;;;;;;;04 Cert a Demanda;En curso - Próximo a vencer;;C15
00374 TERMINAL PUNTA COLORADA;1000087888;10;ZPAN;REGULARIZACION - JAW;;0;;;;JIBANEZ;1025931;REGULARIZACION FC 1267 - 3,5TB;1;1;1;0;0;5000173779;20/5/2026;Servicios;CUMPLIDO;JAWIT S.A.;MR01;27/5/2026;6/5/2026;10149437;10;1;6/5/2026;6/5/2026;C25;4500127261;10;0374;1;MPITTIA;11/5/2026;27/5/2026;C25;1;20/5/2026;;;;;;;;;;Sin aclaración;En curso - Próximo a vencer;;C25
00374 TERMINAL PUNTA COLORADA;1000087889;10;ZPAN;03 - SERV.INTERNET M;;0;;;;JIBANEZ;1025931;SERV. INTERNET X MES -  5TB - OBRADOR;1;0;1;0;1;;;Servicios;ADJUDICADO;JAWIT S.A.;MR01;5/6/2026;6/5/2026;10149439;10;1;6/5/2026;6/5/2026;C25;4500127248;10;0374;1;MPITTIA;11/5/2026;5/6/2026;C25;0;;;;;;;;;;;03 Cert Mensual;En curso - Próximo a vencer;;C25
00374 TERMINAL PUNTA COLORADA;1000087889;20;ZPAN;03 - SERV.INTERNET M;;0;;;;JIBANEZ;1025931;BLOQUE  X 500GB - ADICIONAL;2;0;0;2;0;;;Servicios;SIN TRATAMIENTO;;MR01;5/6/2026;6/5/2026;10149439;20;1;6/5/2026;6/5/2026;C25;;0;;0;;;;;0;;;;;;;;;;;03 Cert Mensual;En curso - Próximo a vencer;;C25
00374 TERMINAL PUNTA COLORADA;1000087893;10;ZPAN;02 - PSB Servicios I;;24;;;;DSUAREZ;1012995;SUBC PIPING JORNADA X DIA;60;0;60;0;60;;;Servicios;ADJUDICADO;PSB SERVICIOS INDUSTRIALES S.R.L.;MR01;30/8/2026;6/5/2026;10149442;10;1;6/5/2026;6/5/2026;C26;4500127724;10;0374;1;YCOLMAN;14/5/2026;18/7/2026;C26;0;;;;;;;;;;;02 Cert Quincenal;En curso;;C26
00374 TERMINAL PUNTA COLORADA;1000087948;10;ZPAN;03 - Adicional Contr;;0;;;;DSUAREZ;1013139;REGULARIZACION AREA 8 Y 14;1;0;1;0;1;;;Servicios;ADJUDICADO;MOLINA SOTO MATIAS FABIAN;MR01;28/5/2026;7/5/2026;10149525;10;1;7/5/2026;8/5/2026;C25;4500127682;10;0374;1;MPITTIA;14/5/2026;28/5/2026;C25;0;;;;;;;;;;;03 Cert Mensual;En curso - Próximo a vencer;;C25
00374 TERMINAL PUNTA COLORADA;1000087948;20;ZPAN;03 - Adicional Contr;;0;;;;DSUAREZ;1013139;CONTROL PLAGAS EXTENSION AREA 8 Y 14;8;0;8;0;8;;;Servicios;ADJUDICADO;MOLINA SOTO MATIAS FABIAN;MR01;28/5/2026;7/5/2026;10149525;20;1;7/5/2026;8/5/2026;C25;4500127687;10;0374;1;MPITTIA;14/5/2026;28/5/2026;C25;0;;;;;;;;;;;03 Cert Mensual;En curso - Próximo a vencer;;C25
00374 TERMINAL PUNTA COLORADA;1000088024;10;ZPAN;04 - Certificacion T;;0;;;;DSUAREZ;1013021;CERTIFICACION DE EQUIPOS/PERSONAL;1;1;1;0;0;5000173848;20/5/2026;Servicios;CUMPLIDO;KUHN MATIAS DANIEL;MR01;29/5/2026;8/5/2026;10149627;10;1;8/5/2026;8/5/2026;C25;4500127974;10;0374;1;MPITTIA;18/5/2026;29/5/2026;C25;1;20/5/2026;;;;;;;;;;04 Cert a Demanda;En curso - Próximo a vencer;;C25
00374 TERMINAL PUNTA COLORADA;1000088034;10;ZPAN;04 - Reparacion Amol;;0;;;;DSUAREZ;1022295;REPARACION AMOLADORA 524180048;1;0;1;0;1;;;Servicios;ADJUDICADO;PATAGONIA INGENIERIA SA;MR01;29/5/2026;8/5/2026;10149632;10;1;8/5/2026;8/5/2026;374;4500127215;10;0374;1;WDILLMAN;8/5/2026;28/5/2026;374;0;;;;;;;;;;;04 Cert a Demanda;En curso - Próximo a vencer;;374
00374 TERMINAL PUNTA COLORADA;1000088034;20;ZPAN;04 - Reparacion Amol;;0;;;;DSUAREZ;1022295;REPARACION AMOLADORA 524180064;1;0;1;0;1;;;Servicios;ADJUDICADO;PATAGONIA INGENIERIA SA;MR01;29/5/2026;8/5/2026;10149632;20;1;8/5/2026;8/5/2026;374;4500127215;20;0374;1;WDILLMAN;8/5/2026;28/5/2026;374;0;;;;;;;;;;;04 Cert a Demanda;En curso - Próximo a vencer;;374
00374 TERMINAL PUNTA COLORADA;1000088204;10;ZPAN;04- REG- ESTADIA-TRA;;24;;;;SFERNANDEZ;1012974;UNIDAD LYD771-GIMENEZ ESTADIA;560000;560000;560000;0;0;5000173990;21/5/2026;Servicios;CUMPLIDO;NOVOMILOG SA;MR01;29/6/2026;12/5/2026;10149967;10;1;12/5/2026;12/5/2026;C15;4500128119;10;0374;1;GDIAZ;19/5/2026;29/6/2026;C15;1;21/5/2026;;;;;;;;;;04 Cert a Demanda;En curso - Próximo a vencer;;C15
00374 TERMINAL PUNTA COLORADA;1000088204;20;ZPAN;04- REG- ESTADIA-TRA;;24;;;;SFERNANDEZ;1012974;UNIDAD JLV826-BUIANI ESTADIA;280000;280000;280000;0;0;5000173990;21/5/2026;Servicios;CUMPLIDO;NOVOMILOG SA;MR01;29/6/2026;12/5/2026;10149967;20;1;12/5/2026;12/5/2026;C15;4500128119;20;0374;1;GDIAZ;19/5/2026;29/6/2026;C15;1;21/5/2026;;;;;;;;;;04 Cert a Demanda;En curso - Próximo a vencer;;C15
00374 TERMINAL PUNTA COLORADA;1000088251;10;ZPAN;04-SUB-REEMPLAZO DE;;24;;;;SFERNANDEZ;1042362;MAT.EJECUCION ISOMETRICOS SEGUN DETALLE;1;0;1;0;1;;;Servicios;ADJUDICADO;HR INDUSTRIAL SAS;MR01;20/5/2026;13/5/2026;10150026;10;1;13/5/2026;13/5/2026;C26;4500127902;10;0374;1;YCOLMAN;15/5/2026;10/6/2026;C26;0;;;;;;;;;;;04 Cert a Demanda;Vencido con cant pendiente a recep;;C26
00374 TERMINAL PUNTA COLORADA;1000088251;20;ZPAN;04-SUB-REEMPLAZO DE;;24;;;;SFERNANDEZ;1042362;EPP Y CONSUMIBLES;1;0;1;0;1;;;Servicios;ADJUDICADO;HR INDUSTRIAL SAS;MR01;20/5/2026;13/5/2026;10150026;20;1;13/5/2026;13/5/2026;C26;4500127902;20;0374;1;YCOLMAN;15/5/2026;10/6/2026;C26;0;;;;;;;;;;;04 Cert a Demanda;Vencido con cant pendiente a recep;;C26
00374 TERMINAL PUNTA COLORADA;1000088251;30;ZPAN;04-SUB-REEMPLAZO DE;;24;;;;SFERNANDEZ;1042362;MANO DE OBRA P/TRABAJOS SEGUN DETALLE;1;0;1;0;1;;;Servicios;ADJUDICADO;HR INDUSTRIAL SAS;MR01;20/5/2026;13/5/2026;10150026;30;1;13/5/2026;13/5/2026;C26;4500127902;30;0374;1;YCOLMAN;15/5/2026;10/6/2026;C26;0;;;;;;;;;;;04 Cert a Demanda;Vencido con cant pendiente a recep;;C26
00374 TERMINAL PUNTA COLORADA;1000088251;40;ZPAN;04-SUB-REEMPLAZO DE;;24;;;;SFERNANDEZ;1042362;PROVISION DE EQUIPOS;1;0;1;0;1;;;Servicios;ADJUDICADO;HR INDUSTRIAL SAS;MR01;20/5/2026;13/5/2026;10150026;40;1;13/5/2026;13/5/2026;C26;4500127902;40;0374;1;YCOLMAN;15/5/2026;10/6/2026;C26;0;;;;;;;;;;;04 Cert a Demanda;Vencido con cant pendiente a recep;;C26
00374 TERMINAL PUNTA COLORADA;1000088251;50;ZPAN;04-SUB-REEMPLAZO DE;;24;;;;SFERNANDEZ;1042362;SUBCONTRATO DE INSPECTORES PARA END;1;0;1;0;1;;;Servicios;ADJUDICADO;HR INDUSTRIAL SAS;MR01;20/5/2026;13/5/2026;10150026;50;1;13/5/2026;13/5/2026;C26;4500127902;50;0374;1;YCOLMAN;15/5/2026;10/6/2026;C26;0;;;;;;;;;;;04 Cert a Demanda;Vencido con cant pendiente a recep;;C26
00374 TERMINAL PUNTA COLORADA;1000088416;10;ZPAN;04-REG- ESTADIA- SAN;;0;;;;SFERNANDEZ;1012974;FLETE SEMIRREMOLQUE 14,5MT XVIAJE;1;1;1;0;0;5000173995;21/5/2026;Servicios;CUMPLIDO;SANTIA LUCAS EZEQUIEL;MR01;30/5/2026;15/5/2026;10150244;10;1;15/5/2026;15/5/2026;C15;4500128225;10;0374;1;GDIAZ;20/5/2026;30/5/2026;C15;1;21/5/2026;;;;;;;;;;04 Cert a Demanda;En curso - Próximo a vencer;;C15
00374 TERMINAL PUNTA COLORADA;1000088416;20;ZPAN;04-REG- ESTADIA- SAN;;0;;;;SFERNANDEZ;1012974;FLETE SEMIRREMOLQUE 14,5MT XVIAJE-ESTADI;1;1;1;0;0;5000173995;21/5/2026;Servicios;CUMPLIDO;SANTIA LUCAS EZEQUIEL;MR01;30/5/2026;15/5/2026;10150244;20;1;15/5/2026;15/5/2026;C15;4500128225;20;0374;1;GDIAZ;20/5/2026;30/5/2026;C15;1;21/5/2026;;;;;;;;;;04 Cert a Demanda;En curso - Próximo a vencer;;C15
00374 TERMINAL PUNTA COLORADA;1000088436;10;ZPAN;CALIBRACION - MANOME;;0;;;;JIBANEZ;1026920;Servicio de calibración Manómetro Digita;1;0;1;0;1;;;Servicios;ADJUDICADO;CALINS SA;MR01;5/6/2026;15/5/2026;10150256;10;1;15/5/2026;15/5/2026;374;4500127895;10;0374;1;WDILLMAN;15/5/2026;2/6/2026;374;0;;;;;;;;;;;Sin aclaración;En curso - Próximo a vencer;;374
00374 TERMINAL PUNTA COLORADA;1000088449;10;ZPAN;03-CAMPAMENTO - EXTE;;24;;;;MALCARAZ;1033267;ALQ JD E061770 - BALDE5962;1;0;1;0;1;;;Servicios;ADJUDICADO;SULLAIR ARGENTINA S.A;MR01;22/5/2026;15/5/2026;10150268;10;1;15/5/2026;18/5/2026;C04;4500128051;10;0374;1;WVENTURINI;19/5/2026;22/5/2026;C04;0;;;;;;;;;;;03 Cert Mensual;Vencido con cant pendiente a recep;;C04
00374 TERMINAL PUNTA COLORADA;1000088449;20;ZPAN;03-CAMPAMENTO - EXTE;;24;;;;MALCARAZ;1033267;ALQ JD E061791 - BALDE 5659;1;0;1;0;1;;;Servicios;ADJUDICADO;SULLAIR ARGENTINA S.A;MR01;22/5/2026;15/5/2026;10150268;20;1;15/5/2026;18/5/2026;C04;4500128051;20;0374;1;WVENTURINI;19/5/2026;22/5/2026;C04;0;;;;;;;;;;;03 Cert Mensual;Vencido con cant pendiente a recep;;C04
00374 TERMINAL PUNTA COLORADA;1000088473;10;ZPAN;REGULARIZACION - CAR;;0;;;;JIBANEZ;1012978;FLETE CARRETON XVIAJE;1;1;1;0;0;5000173516;18/5/2026;Servicios;CUMPLIDO;CONTRERAS BRIAN ALEXANDER;MR01;5/6/2026;15/5/2026;10150306;10;1;15/5/2026;18/5/2026;374;4500127972;10;0374;1;WDILLMAN;18/5/2026;20/5/2026;374;1;18/5/2026;;;;;;;;;;Sin aclaración;En curso - Próximo a vencer;;374
00374 TERMINAL PUNTA COLORADA;1000088473;20;ZPAN;REGULARIZACION - CAR;;0;;;;JIBANEZ;1012978;FLETE CARRETON HS STAND BY;1;1;1;0;0;5000173516;18/5/2026;Servicios;CUMPLIDO;CONTRERAS BRIAN ALEXANDER;MR01;5/6/2026;15/5/2026;10150306;20;1;15/5/2026;18/5/2026;374;4500127972;20;0374;1;WDILLMAN;18/5/2026;20/5/2026;374;1;18/5/2026;;;;;;;;;;Sin aclaración;En curso - Próximo a vencer;;374
00374 TERMINAL PUNTA COLORADA;1000088483;10;ZPAN;04 EXTENSION- INGEAP;;0;;;;SFERNANDEZ;1027430;SERV TOPOG G JUAREZ X MES - EXTENSION;2;0;2;0;2;;;Servicios;ADJUDICADO;INGEAP S.A.S.;MR01;1/8/2026;15/5/2026;10150309;10;1;15/5/2026;18/5/2026;C26;4500128380;10;0374;1;YCOLMAN;21/5/2026;1/8/2026;C26;0;;;;;;;;;;;04 Cert a Demanda;En curso;;C26
00374 TERMINAL PUNTA COLORADA;1000088501;10;ZPAN;PPTO LENOR #278010;;0;;;;JIBANEZ;1022295;REVALIDACION ONLINE - OPERADOR GRUA;1;1;1;0;0;5000174277;25/5/2026;Servicios;CUMPLIDO;LENOR SRL;MR01;5/6/2026;15/5/2026;10150314;10;1;15/5/2026;18/5/2026;C25;4500128110;10;0374;1;MPITTIA;19/5/2026;5/6/2026;C25;1;25/5/2026;;;;;;;;;;Sin aclaración;En curso - Próximo a vencer;;C25
00374 TERMINAL PUNTA COLORADA;1000088503;10;ZPAN;VIATICOS - RSV;;0;;4;21/5/2026;JIBANEZ;1022295;DESPLAZAMIENTO TECNICO (IDA Y VUELTA);1056;0;1;1055;1056;;;Servicios;RESPONDIDO;AC SAT S.R.L.;MR01;5/6/2026;15/5/2026;10150316;10;1;15/5/2026;15/5/2026;C25;4500128335;10;0374;1;MPITTIA;21/5/2026;5/6/2026;C25;0;;;;;;;;;;;Sin aclaración;En curso - Próximo a vencer;;C25
00374 TERMINAL PUNTA COLORADA;1000088503;20;ZPAN;VIATICOS - RSV;;0;;;;JIBANEZ;1022295;HOSPEDAJE + ALMUERZO;1;0;1;0;1;;;Servicios;ADJUDICADO;AC SAT S.R.L.;MR01;5/6/2026;15/5/2026;10150316;20;1;15/5/2026;18/5/2026;C25;4500128335;20;0374;1;MPITTIA;21/5/2026;5/6/2026;C25;0;;;;;;;;;;;Sin aclaración;En curso - Próximo a vencer;;C25
00374 TERMINAL PUNTA COLORADA;1000088792;10;ZPAN;Regularizacion Abast;;0;;;;DSUAREZ;1012981;FLETE HIERRO NICOSIA;1;1;1;0;0;5000174026;22/5/2026;Servicios;CUMPLIDO;NICOSIA ORLANDO;MR01;10/6/2026;20/5/2026;10150614;10;1;20/5/2026;20/5/2026;374;4500128262;10;0374;1;WDILLMAN;20/5/2026;28/5/2026;374;1;22/5/2026;;;;;;;;;;Sin aclaración;En curso - Próximo a vencer;;374
00374 TERMINAL PUNTA COLORADA;1000088794;10;ZPAN;04 - Regularizacion;;0;;;;DSUAREZ;1042362;MANO DE OBRA Y LOGISTICA;1;0;0;1;0;;;Servicios;SIN TRATAMIENTO;;MR01;10/6/2026;20/5/2026;10150616;10;1;20/5/2026;20/5/2026;C26;;0;;0;;;;;0;;;;;;;;;;;04 Cert a Demanda;En curso - Próximo a vencer;;C26
00374 TERMINAL PUNTA COLORADA;1000088794;20;ZPAN;04 - Regularizacion;;0;;;;DSUAREZ;1042362;INSPECCION PRELIMINAR/MANIOBRA/PAT;1;0;0;1;0;;;Servicios;SIN TRATAMIENTO;;MR01;10/6/2026;20/5/2026;10150616;20;1;20/5/2026;20/5/2026;C26;;0;;0;;;;;0;;;;;;;;;;;04 Cert a Demanda;En curso - Próximo a vencer;;C26
00374 TERMINAL PUNTA COLORADA;1000088794;30;ZPAN;04 - Regularizacion;;0;;;;DSUAREZ;1042362;REPARACION DE LINEA;1;0;0;1;0;;;Servicios;SIN TRATAMIENTO;;MR01;10/6/2026;20/5/2026;10150616;30;1;20/5/2026;20/5/2026;C26;;0;;0;;;;;0;;;;;;;;;;;04 Cert a Demanda;En curso - Próximo a vencer;;C26
00374 TERMINAL PUNTA COLORADA;1000088794;40;ZPAN;04 - Regularizacion;;0;;;;DSUAREZ;1042362;ENERGIZACION Y TESTEO;1;0;0;1;0;;;Servicios;SIN TRATAMIENTO;;MR01;10/6/2026;20/5/2026;10150616;40;1;20/5/2026;20/5/2026;C26;;0;;0;;;;;0;;;;;;;;;;;04 Cert a Demanda;En curso - Próximo a vencer;;C26
00374 TERMINAL PUNTA COLORADA;1000088794;50;ZPAN;04 - Regularizacion;;0;;;;DSUAREZ;1042362;ANTENA DE REPUESTO;1;0;0;1;0;;;Servicios;SIN TRATAMIENTO;;MR01;10/6/2026;20/5/2026;10150616;50;1;20/5/2026;20/5/2026;C26;;0;;0;;;;;0;;;;;;;;;;;04 Cert a Demanda;En curso - Próximo a vencer;;C26
00374 TERMINAL PUNTA COLORADA;1000088794;60;ZPAN;04 - Regularizacion;;0;;;;DSUAREZ;1042362;GRAMPAS PARALELAS;1;0;0;1;0;;;Servicios;SIN TRATAMIENTO;;MR01;10/6/2026;20/5/2026;10150616;60;1;20/5/2026;20/5/2026;C26;;0;;0;;;;;0;;;;;;;;;;;04 Cert a Demanda;En curso - Próximo a vencer;;C26
00374 TERMINAL PUNTA COLORADA;1000088796;10;ZPAN;04 - Subcontrato Sol;;0;;;;DSUAREZ;1042362;PROVISION DE MATERIALES;1;0;0;1;0;;;Servicios;SIN TRATAMIENTO;;MR01;10/6/2026;20/5/2026;10150627;10;1;20/5/2026;20/5/2026;C26;;0;;0;;;;;0;;;;;;;;;;;04 Cert a Demanda;En curso - Próximo a vencer;;C26
00374 TERMINAL PUNTA COLORADA;1000088796;20;ZPAN;04 - Subcontrato Sol;;0;;;;DSUAREZ;1042362;MANO DE OBRA FABRICACION 4 CARTELAS;1;0;0;1;0;;;Servicios;SIN TRATAMIENTO;;MR01;10/6/2026;20/5/2026;10150627;20;1;20/5/2026;20/5/2026;C26;;0;;0;;;;;0;;;;;;;;;;;04 Cert a Demanda;En curso - Próximo a vencer;;C26
00374 TERMINAL PUNTA COLORADA;1000088796;30;ZPAN;04 - Subcontrato Sol;;0;;;;DSUAREZ;1042362;MANO DE OBRA RECUPERACION ATISADORES;3;0;0;3;0;;;Servicios;SIN TRATAMIENTO;;MR01;10/6/2026;20/5/2026;10150627;30;1;20/5/2026;20/5/2026;C26;;0;;0;;;;;0;;;;;;;;;;;04 Cert a Demanda;En curso - Próximo a vencer;;C26
00374 TERMINAL PUNTA COLORADA;1000088796;40;ZPAN;04 - Subcontrato Sol;;0;;;;DSUAREZ;1042362;CONSUMIBLES;1;0;0;1;0;;;Servicios;SIN TRATAMIENTO;;MR01;10/6/2026;20/5/2026;10150627;40;1;20/5/2026;20/5/2026;C26;;0;;0;;;;;0;;;;;;;;;;;04 Cert a Demanda;En curso - Próximo a vencer;;C26
00374 TERMINAL PUNTA COLORADA;1000088796;50;ZPAN;04 - Subcontrato Sol;;0;;;;DSUAREZ;1042362;END IN SITU;1;0;0;1;0;;;Servicios;SIN TRATAMIENTO;;MR01;10/6/2026;20/5/2026;10150627;50;1;20/5/2026;20/5/2026;C26;;0;;0;;;;;0;;;;;;;;;;;04 Cert a Demanda;En curso - Próximo a vencer;;C26
00374 TERMINAL PUNTA COLORADA;1000088797;10;ZPAN;04-REG AIRALDE VICTO;;1;;;;MALCARAZ;1035491;SERVICIO RECARGA TUBO GAS 10 KG;1;1;1;0;0;5000174164;22/5/2026;Servicios;CUMPLIDO;AIRALDE VICTOR NICOLAS;MR01;27/5/2026;20/5/2026;10150628;10;1;20/5/2026;20/5/2026;C25;4500128459;10;0374;1;ALOPEZ;22/5/2026;27/5/2026;C25;1;22/5/2026;;;;;;;;;;04 Cert a Demanda;En curso - Próximo a vencer;;C25
00374 TERMINAL PUNTA COLORADA;1000088806;10;ZPAN;04-EXT OC 45/117294;;1;;;;MALCARAZ;1035491;SERVICIO RECARGA TUBO GAS 10 KG;10;0;0;10;0;;;Servicios;SIN TRATAMIENTO;;MR01;27/5/2026;20/5/2026;10150637;10;1;20/5/2026;21/5/2026;C25;;0;;0;;;;;0;;;;;;;;;;;04 Cert a Demanda;En curso - Próximo a vencer;;C25
00374 TERMINAL PUNTA COLORADA;1000088840;10;ZPAN;03 - Tractor + Semi;;0;;;;DSUAREZ;1033267;ALQUILER TRACTOR+SEMI+HIDRO;2;0;2;0;2;;;Servicios;ADJUDICADO;BESTNOR SAS;MR01;10/8/2026;21/5/2026;10150679;10;1;21/5/2026;21/5/2026;C04;4500128486;10;0374;1;WVENTURINI;22/5/2026;10/8/2026;C04;0;;;;;;;;;;;03 Cert Mensual;En curso;;C04
00374 TERMINAL PUNTA COLORADA;1000088854;10;ZPAN;04 - Almuerzo en Com;;0;;;;DSUAREZ;1013116;VIANDA EN PUNTA NORTE FEBRERO;1;0;1;0;1;;;Servicios;ADJUDICADO;PUNTA NORTE S.R.L.;MR01;11/6/2026;21/5/2026;10150704;10;1;21/5/2026;21/5/2026;C25;4500128354;10;0374;1;MPITTIA;21/5/2026;11/6/2026;C25;0;;;;;;;;;;;04 Cert a Demanda;En curso - Próximo a vencer;;C25
00374 TERMINAL PUNTA COLORADA;1000088854;20;ZPAN;04 - Almuerzo en Com;;0;;;;DSUAREZ;1013116;VIANDA EN PUNTA NORTE MARZO;1;0;1;0;1;;;Servicios;ADJUDICADO;PUNTA NORTE S.R.L.;MR01;11/6/2026;21/5/2026;10150704;20;1;21/5/2026;21/5/2026;C25;4500128354;20;0374;1;MPITTIA;21/5/2026;11/6/2026;C25;0;;;;;;;;;;;04 Cert a Demanda;En curso - Próximo a vencer;;C25
00374 TERMINAL PUNTA COLORADA;1000088854;30;ZPAN;04 - Almuerzo en Com;;0;;;;DSUAREZ;1013116;VIANDA EN PUNTA NORTE ABRIL;1;0;1;0;1;;;Servicios;ADJUDICADO;PUNTA NORTE S.R.L.;MR01;11/6/2026;21/5/2026;10150704;30;1;21/5/2026;21/5/2026;C25;4500128354;30;0374;1;MPITTIA;21/5/2026;11/6/2026;C25;0;;;;;;;;;;;04 Cert a Demanda;En curso - Próximo a vencer;;C25
00374 TERMINAL PUNTA COLORADA;1000088856;10;ZPAN;04-DESM CONTEN - SEM;;1;;;;MALCARAZ;1012974;FLETE SEMIRREMOLQUE 14,5MT XVIAJE;1;0;0;1;0;;;Servicios;SIN TRATAMIENTO;;MR01;29/5/2026;21/5/2026;10150706;10;1;21/5/2026;21/5/2026;C15;;0;;0;;;;;0;;;;;;;;;;;04 Cert a Demanda;En curso - Próximo a vencer;;C15
00374 TERMINAL PUNTA COLORADA;1000088857;10;ZPAN;04 - 1/2 Semi Vespri;;0;;;;DSUAREZ;1012974;FLETE SEMIRREMOLQUE 14,5MT XVIAJE;1;0;0;1;0;;;Servicios;SIN TRATAMIENTO;;MR01;11/6/2026;21/5/2026;10150707;10;1;21/5/2026;21/5/2026;C15;;0;;0;;;;;0;;;;;;;;;;;04 Cert a Demanda;En curso - Próximo a vencer;;C15
00374 TERMINAL PUNTA COLORADA;1000088912;10;ZPAN;04 - Semi 14,5mts de;;0;;;;DSUAREZ;1012974;FLETE SEMIRREMOLQUE 14,5MT XVIAJE;1;0;0;1;0;;;Servicios;SIN TRATAMIENTO;;MR01;12/6/2026;22/5/2026;10150783;10;1;22/5/2026;22/5/2026;C15;;0;;0;;;;;0;;;;;;;;;;;04 Cert a Demanda;En curso - Próximo a vencer;;C15
00374 TERMINAL PUNTA COLORADA;1000088986;10;ZPAN;PM82- QA/QC - SERV C;;9;;;;MALCARAZ;1026920;SERVICIO CALIBRACION TERMOMETRO DE AMB;2;0;0;2;0;;;Servicios;SIN TRATAMIENTO;;MR01;10/6/2026;23/5/2026;10150911;10;1;23/5/2026;25/5/2026;374;;0;;0;;;;;0;;;;;;;;;;;Sin aclaración;En curso - Próximo a vencer;;374
00374 TERMINAL PUNTA COLORADA;1000088986;20;ZPAN;PM82- QA/QC - SERV C;;9;;;;MALCARAZ;1026920;SERVCIO CALIBRACION PIROMETRO 600000846;1;0;0;1;0;;;Servicios;SIN TRATAMIENTO;;MR01;10/6/2026;23/5/2026;10150911;20;1;23/5/2026;25/5/2026;374;;0;;0;;;;;0;;;;;;;;;;;Sin aclaración;En curso - Próximo a vencer;;374
00374 TERMINAL PUNTA COLORADA;1000088986;30;ZPAN;PM82- QA/QC - SERV C;;9;;;;MALCARAZ;1026920;SERVICIO CALIBRACION-REP BAL N600000910;1;0;0;1;0;;;Servicios;SIN TRATAMIENTO;;MR01;10/6/2026;23/5/2026;10150911;30;1;23/5/2026;25/5/2026;374;;0;;0;;;;;0;;;;;;;;;;;Sin aclaración;En curso - Próximo a vencer;;374
00374 TERMINAL PUNTA COLORADA;1000088986;40;ZPAN;PM82- QA/QC - SERV C;;9;;;;MALCARAZ;1026920;SERVICIO CALIBRACION BAL N600000688;1;0;0;1;0;;;Servicios;SIN TRATAMIENTO;;MR01;10/6/2026;23/5/2026;10150911;40;1;23/5/2026;25/5/2026;374;;0;;0;;;;;0;;;;;;;;;;;Sin aclaración;En curso - Próximo a vencer;;374
00374 TERMINAL PUNTA COLORADA;1000088990;10;ZPAN;03 - Servicio Dosime;;0;;;;DSUAREZ;1042203;SERV DOSIMETRIA MANRIQUE MARTIN;8;0;0;8;0;;;Servicios;SIN TRATAMIENTO;;MR01;31/1/2027;23/5/2026;10150913;10;1;23/5/2026;25/5/2026;C24;;0;;0;;;;;0;;;;;;;;;;;03 Cert Mensual;En curso - Total recepcionado;;C24
00374 TERMINAL PUNTA COLORADA;1000088990;20;ZPAN;03 - Servicio Dosime;;0;;;;DSUAREZ;1042203;SERV DOSIMETRIA VAZQUEZ JONATAN;8;0;0;8;0;;;Servicios;SIN TRATAMIENTO;;MR01;31/1/2027;23/5/2026;10150913;20;1;23/5/2026;25/5/2026;C24;;0;;0;;;;;0;;;;;;;;;;;03 Cert Mensual;En curso - Total recepcionado;;C24
00374 TERMINAL PUNTA COLORADA;1000088990;30;ZPAN;03 - Servicio Dosime;;0;;;;DSUAREZ;1042203;SERV DOSIMETRIA ROSA RAMIRO;8;0;0;8;0;;;Servicios;SIN TRATAMIENTO;;MR01;31/1/2027;23/5/2026;10150913;30;1;23/5/2026;25/5/2026;C24;;0;;0;;;;;0;;;;;;;;;;;03 Cert Mensual;En curso - Total recepcionado;;C24
00374 TERMINAL PUNTA COLORADA;1000088990;40;ZPAN;03 - Servicio Dosime;;0;;;;DSUAREZ;1042203;SERV DOSIMETRIA DURCODOY LEANDRO;8;0;0;8;0;;;Servicios;SIN TRATAMIENTO;;MR01;31/1/2027;23/5/2026;10150913;40;1;23/5/2026;25/5/2026;C24;;0;;0;;;;;0;;;;;;;;;;;03 Cert Mensual;En curso - Total recepcionado;;C24
00374 TERMINAL PUNTA COLORADA;1000088990;50;ZPAN;03 - Servicio Dosime;;0;;;;DSUAREZ;1042203;SERV DOSIMETRIA PAEZ DANIEL;8;0;0;8;0;;;Servicios;SIN TRATAMIENTO;;MR01;31/1/2027;23/5/2026;10150913;50;1;23/5/2026;25/5/2026;C24;;0;;0;;;;;0;;;;;;;;;;;03 Cert Mensual;En curso - Total recepcionado;;C24
00374 TERMINAL PUNTA COLORADA;1000088991;10;ZPAN;02 - Subcontrato Pip;;0;;;;DSUAREZ;1012995;SUBCONTRATO OBRA PIPPING 3 CUADRILLAS;60;0;0;60;0;;;Servicios;SIN TRATAMIENTO;;MR01;30/8/2026;23/5/2026;10150914;10;1;23/5/2026;25/5/2026;C26;;0;;0;;;;;0;;;;;;;;;;;02 Cert Quincenal;En curso - Total recepcionado;;C26
00375 YPF OLEODUCTO PR-LP;1000065491;10;ZPAN;03-NTERNET OBRA 375;;0;;;;GPUJOL;1025931;SERVICIO DE INTERNET X MES;12;7;12;0;5;5000171256;30/4/2026;Servicios;CUMPLIDO PARCIAL;TELEFONICA MOVILES ARG. S.A. (MOVIS;MR01;1/5/2026;22/4/2025;10119823;10;1;22/4/2025;22/4/2025;C25;4500098077;10;0375;1;MPITTIA;29/4/2025;1/5/2026;C25;15;30/4/2026;;;;;;;;;;03 Cert Mensual;Vencido con cant pendiente a recep;;C25
00375 YPF OLEODUCTO PR-LP;1000065999;10;ZPAN;03-ALQUILER DE TIEND;;0;;;;GPUJOL;1033267;ALQUILER DE TIENDETUBOS CAT-D8K/583;4;2,66;4;0;1,34;5000147025;26/9/2025;Servicios;CUMPLIDO PARCIAL;TECHINT CTI SACI;MR01;1/10/2025;30/4/2025;10120436;10;1;30/4/2025;2/5/2025;C04;4500098277;10;0375;1;WVENTURINI;2/5/2025;1/10/2026;C04;4;26/9/2025;;;;;;;;;;03 Cert Mensual;Vencido con cant pendiente a recep;;C04
00375 YPF OLEODUCTO PR-LP;1000066034;10;ZPAN;03-ALQUILER DISPENSE;;0;;;;GPUJOL;1013138;SERVICIO BOTELLON DE 20 LTS XUN;3000;1842;3000;0;1158;5000171242;30/4/2026;Servicios;CUMPLIDO PARCIAL;LABISTE CARLOS;MR01;1/5/2026;2/5/2025;10120495;10;1;2/5/2025;2/5/2025;C25;4500098789;10;0375;2;JESPARZA;9/5/2025;1/5/2026;C25;12;30/4/2026;;;;;;;;;;03 Cert Mensual;Vencido con cant pendiente a recep;;C25
00375 YPF OLEODUCTO PR-LP;1000066623;10;ZPAN;02-SERVICIO DE VIAND;;0;;;;GPUJOL;1026044;SERVICIO DE VIANDA;3600;3600;3600;0;0;5000151853;8/11/2025;Servicios;CUMPLIDO;LUCIANI ROSA VIRGINIA ELIZABET;MR01;1/6/2026;12/5/2025;10121242;10;1;12/5/2025;14/5/2025;C25;4500099173;10;0375;1;JESPARZA;15/5/2025;1/6/2026;C25;12;8/11/2025;;;;;;;;;;02 Cert Quincenal;En curso - Próximo a vencer;Rojo;C25
00375 YPF OLEODUCTO PR-LP;1000067029;10;ZPAN;03-ALQUILER CONTENED;;0;;;;GPUJOL;1035384;ALQ  CONTENEDORES RESIDUOS X UNID X MES;22;0;22;0;22;;;Servicios;ADJUDICADO;VIDELA MARIA ESTELA;MR01;5/6/2026;16/5/2025;10121728;20;1;20/5/2025;20/5/2025;C25;4500103148;10;0375;1;MPITTIA;7/7/2025;5/6/2026;C25;0;;;;;;;;;;;03 Cert Mensual;En curso - Próximo a vencer;;C25
00375 YPF OLEODUCTO PR-LP;1000068919;20;ZPAN;4000005536 PI;;0;;;;GORIHUELA;1012993;ESTRUCTURA SOBRE TECHO X UN;1;0;1;0;1;;;Servicios;ADJUDICADO;INTERMEPRO S.A.;MR01;30/9/2025;19/6/2025;10124274;20;1;19/6/2025;19/6/2025;C26;4500101875;20;0375;1;AGONZALEZ;19/6/2025;10/12/2025;C26;0;;;;;;;;;;;Sin aclaración;Vencido con cant pendiente a recep;;C26
00375 YPF OLEODUCTO PR-LP;1000068919;60;ZPAN;4000005536 PI;;0;;;;GORIHUELA;1012993;BATERIA DE PLOMO CRISTAL X UN;24;0;24;0;24;;;Servicios;ADJUDICADO;INTERMEPRO S.A.;MR01;1/5/2026;19/6/2025;10124274;60;1;19/6/2025;19/6/2025;C26;4500101875;60;0375;1;AGONZALEZ;19/6/2025;10/12/2025;C26;0;;;;;;;;;;;Sin aclaración;Vencido con cant pendiente a recep;;C26
00375 YPF OLEODUCTO PR-LP;1000068919;70;ZPAN;4000005536 PI;;0;;;;GORIHUELA;1012993;MATERIALES PROPIOS DE INSTALACION X UN;1;0;1;0;1;;;Servicios;ADJUDICADO;INTERMEPRO S.A.;MR01;1/5/2026;19/6/2025;10124274;70;1;19/6/2025;19/6/2025;C26;4500101875;70;0375;1;AGONZALEZ;19/6/2025;10/12/2025;C26;0;;;;;;;;;;;Sin aclaración;Vencido con cant pendiente a recep;;C26
00375 YPF OLEODUCTO PR-LP;1000068919;80;ZPAN;4000005536 PI;;0;;;;GORIHUELA;1012993;INSTALACION DEL SISTEMA X UN;1;0;1;0;1;;;Servicios;ADJUDICADO;INTERMEPRO S.A.;MR01;1/5/2026;19/6/2025;10124274;80;1;19/6/2025;19/6/2025;C26;4500101875;80;0375;1;AGONZALEZ;19/6/2025;10/12/2025;C26;0;;;;;;;;;;;Sin aclaración;Vencido con cant pendiente a recep;;C26
00375 YPF OLEODUCTO PR-LP;1000068919;90;ZPAN;4000005536 PI;;0;;;;GORIHUELA;1012993;LOGISTICA X UN;1;0;1;0;1;;;Servicios;ADJUDICADO;INTERMEPRO S.A.;MR01;1/5/2026;19/6/2025;10124274;90;1;19/6/2025;19/6/2025;C26;4500101875;90;0375;1;AGONZALEZ;19/6/2025;10/12/2025;C26;0;;;;;;;;;;;Sin aclaración;Vencido con cant pendiente a recep;;C26
00375 YPF OLEODUCTO PR-LP;1000068919;100;ZPAN;4000005536 PI;;0;;;;GORIHUELA;1012993;INGENIERIA X UN;1;0;1;0;1;;;Servicios;ADJUDICADO;INTERMEPRO S.A.;MR01;1/5/2026;19/6/2025;10124274;100;1;19/6/2025;19/6/2025;C26;4500101875;100;0375;1;AGONZALEZ;19/6/2025;10/12/2025;C26;0;;;;;;;;;;;Sin aclaración;Vencido con cant pendiente a recep;;C26
00375 YPF OLEODUCTO PR-LP;1000068919;110;ZPAN;4000005536 PI;;0;;;;GORIHUELA;1012993;PRUEBA SAT X UN;1;0;1;0;1;;;Servicios;ADJUDICADO;INTERMEPRO S.A.;MR01;1/5/2026;19/6/2025;10124274;110;1;19/6/2025;19/6/2025;C26;4500101875;110;0375;1;AGONZALEZ;19/6/2025;10/12/2025;C26;0;;;;;;;;;;;Sin aclaración;Vencido con cant pendiente a recep;;C26
00375 YPF OLEODUCTO PR-LP;1000068919;130;ZPAN;4000005536 PI;;0;;;;GORIHUELA;1012993;TRANSDUCTOR 4-20mA X UN;1;0;1;0;1;;;Servicios;ADJUDICADO;INTERMEPRO S.A.;MR01;1/5/2026;19/6/2025;10124274;130;1;19/6/2025;19/6/2025;C26;4500101875;130;0375;1;AGONZALEZ;19/6/2025;10/12/2025;C26;0;;;;;;;;;;;Sin aclaración;Vencido con cant pendiente a recep;;C26
00375 YPF OLEODUCTO PR-LP;1000069154;10;ZPAN;04-RECARGA GAS;;0;;;;GORIHUELA;1022295;RECARGA TUBO GAS PROPANO X45KG X UN;80;31;80;0;49;5000165652;16/3/2026;Servicios;CUMPLIDO PARCIAL;ARMANDO GAS L.F S.A;MR01;1/4/2026;24/6/2025;10124547;10;1;24/6/2025;24/6/2025;C25;4500102187;10;0375;1;MPITTIA;25/6/2025;1/4/2026;C25;19;16/3/2026;;;;;;;;;;04 Cert a Demanda;Vencido con cant pendiente a recep;;C25
00375 YPF OLEODUCTO PR-LP;1000073573;30;ZPAN;PEDIDO DE PIEDRA PAR;;0;10;4;6/2/2026;GPUJOL;1012969;FLETE POR PIEDRA DE 1° Y PIERDRA 30-50;1400;698,23;698,23;702;701,77;5000149678;21/10/2025;Servicios;CUMPLIDO;HORMIMONTE SRL;MR01;31/12/2025;8/9/2025;10130472;30;1;8/9/2025;8/9/2025;C14;4500108381;30;0375;1;VBARRA;11/9/2025;26/11/2025;C14;24;21/10/2025;;;;;;;;;;Sin aclaración;Vencido con cant pendiente a recep;;C14
00375 YPF OLEODUCTO PR-LP;1000073602;10;ZPAN;04-SERVICIO DE BALAN;;0;10;4;5/2/2026;GPUJOL;1022295;SERVICIO DE BALANZA PARA CAMIONES;20;6;6;14;14;5000152273;12/11/2025;Servicios;CUMPLIDO;TRANSPORTES GASTON S.A.S.;MR01;26/3/2026;8/9/2025;10130507;10;1;8/9/2025;8/9/2025;C14;4500108324;10;0375;1;VBARRA;11/9/2025;25/12/2025;C14;2;12/11/2025;;;;;;;;;;04 Cert a Demanda;Vencido con cant pendiente a recep;;C14
00375 YPF OLEODUCTO PR-LP;1000074705;10;ZPAN;02-SERVICIO DE ALMUE;;0;;;;GPUJOL;1026044;SERVICIO DE ALMUERZO / CENA;250;208;250;0;42;5000172492;11/5/2026;Servicios;CUMPLIDO PARCIAL;LUCIANI ROSA VIRGINIA ELIZABET;MR01;20/5/2026;25/9/2025;10131889;10;1;25/9/2025;26/9/2025;C24;4500109749;10;0375;1;MPITTIA;1/10/2025;20/5/2026;C24;15;11/5/2026;;;;;;;;;;02 Cert Quincenal;Vencido con cant pendiente a recep;;C24
00375 YPF OLEODUCTO PR-LP;1000076176;10;ZPAN;04-SERVICIO DE GAMMA;;0;;;;GPUJOL;1035427;"PLACA UT JUNTA Ø32"" SAUT";563;89;563;0;474;5000170150;22/4/2026;Servicios;CUMPLIDO PARCIAL;CAEFE S.A.;MR01;1/4/2026;20/10/2025;10133801;10;1;20/10/2025;20/10/2025;C26;4500111280;10;0375;1;AGONZALEZ;21/10/2025;1/4/2026;C26;9;22/4/2026;;;;;;;;;;04 Cert a Demanda;Vencido con cant pendiente a recep;;C26
00375 YPF OLEODUCTO PR-LP;1000077391;10;ZPAN;SERVICIO DE FUMIGACI;;2;;;;JPIEDRABUENA;1035446;SERVICIO DE FUMIGACION Y DESRATIZACION;6;1;6;0;5;5000169552;17/4/2026;Servicios;CUMPLIDO PARCIAL;TEAM AMATISTA SOCIEDAD ANONIMA;MR01;28/5/2026;8/11/2025;10135503;10;1;8/11/2025;10/11/2025;C25;4500116040;10;0375;1;MPITTIA;23/12/2025;28/5/2026;C25;1;17/4/2026;;;;;;;;;;Sin aclaración;En curso - Próximo a vencer;;C25
00375 YPF OLEODUCTO PR-LP;1000082306;10;ZPAN;03-IMPRESORAS ext de;;0;;;;GPUJOL;1022295;ALQUILER DE IMPRESORA X MES X UN;5;4;5;0;1;5000171244;30/4/2026;Servicios;CUMPLIDO PARCIAL;TECNICA Y SISTEMAS SRL;MR01;20/5/2026;3/2/2026;10142128;10;1;3/2/2026;3/2/2026;C25;4500121218;10;0375;1;MPITTIA;2/3/2026;20/5/2026;C25;4;30/4/2026;;;;;;;;;;03 Cert Mensual;Vencido con cant pendiente a recep;;C25
00375 YPF OLEODUCTO PR-LP;1000082661;10;ZPAN;02-SERVICIO DE VIAND;;0;;;;GPUJOL;1026044;SERVICIO DE VIANDA;3600;2297;3600;0;1303;5000172497;11/5/2026;Servicios;CUMPLIDO PARCIAL;LUCIANI ROSA VIRGINIA ELIZABET;MR01;20/5/2026;9/2/2026;10142588;10;1;9/2/2026;9/2/2026;C24;4500120416;10;0375;1;MPITTIA;20/2/2026;20/5/2026;C24;6;11/5/2026;;;;;;;;;;02 Cert Quincenal;Vencido con cant pendiente a recep;;C24
00375 YPF OLEODUCTO PR-LP;1000084175;10;ZPAN;SERVICIO DE BOMBEROS;;2;;;;JPIEDRABUENA;1022297;SERV.BOMBEROS AUTOBOMBA + DOTACION;48;15;48;0;33;5000170298;23/4/2026;Servicios;CUMPLIDO PARCIAL;ASOCIACION DE BOMBEROS VOLUNTARIOS;MR01;15/4/2026;5/3/2026;10144601;10;1;5/3/2026;5/3/2026;C25;4500122202;10;0375;1;MPITTIA;11/3/2026;31/3/2026;C25;1;23/4/2026;;;;;;;;;;Sin aclaración;Vencido con cant pendiente a recep;;C25
00375 YPF OLEODUCTO PR-LP;1000084175;20;ZPAN;SERVICIO DE BOMBEROS;;2;;;;JPIEDRABUENA;1022297;SERV.BOMBEROS AUTOBOMBA + DOTACION;48;12;48;0;36;5000170298;23/4/2026;Servicios;CUMPLIDO PARCIAL;ASOCIACION DE BOMBEROS VOLUNTARIOS;MR01;15/4/2026;5/3/2026;10144601;20;1;5/3/2026;5/3/2026;C25;4500122202;20;0375;1;MPITTIA;11/3/2026;31/3/2026;C25;1;23/4/2026;;;;;;;;;;Sin aclaración;Vencido con cant pendiente a recep;;C25
00375 YPF OLEODUCTO PR-LP;1000084338;10;ZPAN;PRIORIDAD EXTENS OC;;0;;;;JPIEDRABUENA;1017912;SERVICIO HIELO POR BOLSON XUN;2000;1010;2000;0;990;5000173948;21/5/2026;Servicios;CUMPLIDO PARCIAL;MINERALES DEL SUR S.R.L.;MR01;20/5/2026;7/3/2026;10144839;10;1;7/3/2026;7/3/2026;C25;4500122539;10;0375;1;MPITTIA;16/3/2026;30/3/2026;C25;5;21/5/2026;;;;;;;;;;Sin aclaración;Vencido con cant pendiente a recep;;C25
00375 YPF OLEODUCTO PR-LP;1000084684;10;ZPAN;03-EXTENSION OC 4500;;0;;;;GPUJOL;1027343;SERV.CONSUL. AMBIENTAL X MES;3;2;3;0;1;5000171250;30/4/2026;Servicios;CUMPLIDO PARCIAL;KONOPNY MARIA ELISA;MR01;20/5/2026;12/3/2026;10145253;10;1;12/3/2026;12/3/2026;C24;4500122944;10;0375;1;MPITTIA;19/3/2026;20/5/2026;C24;2;30/4/2026;;;;;;;;;;03 Cert Mensual;Vencido con cant pendiente a recep;;C24
00375 YPF OLEODUCTO PR-LP;1000086708;10;ZPAN;RESIDUOS PELIGROSOS;;0;;;;GPUJOL;1013096;TRATAMIENTO DE RESIDUOS PELIGROSOS Y48;600;0;600;0;600;;;Servicios;ADJUDICADO;TRANSRAMOS S.R.L.;MR01;1/6/2026;16/4/2026;10147831;30;1;16/4/2026;16/4/2026;C25;4500125670;20;0375;1;MPITTIA;21/4/2026;1/6/2026;C25;0;;;;;;;;;;;Sin aclaración;En curso - Próximo a vencer;;C25
00375 YPF OLEODUCTO PR-LP;1000086708;20;ZPAN;RESIDUOS PELIGROSOS;;0;;;;GPUJOL;1036328;TRATAMIENTO DE RESIDUOS SOLIDOS Y8;1500;1500;1500;0;0;5000173685;19/5/2026;Servicios;CUMPLIDO;TRANSRAMOS S.R.L.;MR01;1/6/2026;16/4/2026;10147831;20;1;16/4/2026;16/4/2026;C25;4500125670;10;0375;1;MPITTIA;21/4/2026;1/6/2026;C25;1;19/5/2026;;;;;;;;;;Sin aclaración;En curso - Próximo a vencer;;C25
00375 YPF OLEODUCTO PR-LP;1000087096;10;ZPAN;Materiales p/reparac;;0;;;;JPIEDRABUENA;1012998;Panel FV 665Wp 2,38x1,30 Marca GCL;6;0;6;0;6;;;Servicios;ADJUDICADO;G&M INFINITE ENERGY S. A.;MR01;13/5/2026;22/4/2026;10148363;10;1;22/4/2026;22/4/2026;C26;4500126286;10;0375;1;YCOLMAN;28/4/2026;13/5/2026;C26;0;;;;;;;;;;;Sin aclaración;Vencido con cant pendiente a recep;;C26
00375 YPF OLEODUCTO PR-LP;1000087096;20;ZPAN;Materiales p/reparac;;0;;;;JPIEDRABUENA;1012998;Transductor tensión baterías DAT5023V;1;0;1;0;1;;;Servicios;ADJUDICADO;G&M INFINITE ENERGY S. A.;MR01;13/5/2026;22/4/2026;10148363;20;1;22/4/2026;22/4/2026;C26;4500126286;20;0375;1;YCOLMAN;28/4/2026;13/5/2026;C26;0;;;;;;;;;;;Sin aclaración;Vencido con cant pendiente a recep;;C26
00375 YPF OLEODUCTO PR-LP;1000087096;30;ZPAN;Materiales p/reparac;;0;;;;JPIEDRABUENA;1012998;Firmware, seteo y pruebas inverters;1;0;1;0;1;;;Servicios;ADJUDICADO;G&M INFINITE ENERGY S. A.;MR01;13/5/2026;22/4/2026;10148363;30;1;22/4/2026;22/4/2026;C26;4500126286;30;0375;1;YCOLMAN;28/4/2026;13/5/2026;C26;0;;;;;;;;;;;Sin aclaración;Vencido con cant pendiente a recep;;C26
00375 YPF OLEODUCTO PR-LP;1000087096;40;ZPAN;Materiales p/reparac;;0;;;;JPIEDRABUENA;1012998;Lectura tensión baterías c/nuevo transdu;1;0;1;0;1;;;Servicios;ADJUDICADO;G&M INFINITE ENERGY S. A.;MR01;13/5/2026;22/4/2026;10148363;40;1;22/4/2026;22/4/2026;C26;4500126286;40;0375;1;YCOLMAN;28/4/2026;13/5/2026;C26;0;;;;;;;;;;;Sin aclaración;Vencido con cant pendiente a recep;;C26
00375 YPF OLEODUCTO PR-LP;1000087096;50;ZPAN;Materiales p/reparac;;0;;;;JPIEDRABUENA;1012998;Programación PLC y SCADA 20mA=80Vcc;2;0;2;0;2;;;Servicios;ADJUDICADO;G&M INFINITE ENERGY S. A.;MR01;13/5/2026;22/4/2026;10148363;50;1;22/4/2026;22/4/2026;C26;4500126286;50;0375;1;YCOLMAN;28/4/2026;13/5/2026;C26;0;;;;;;;;;;;Sin aclaración;Vencido con cant pendiente a recep;;C26
00375 YPF OLEODUCTO PR-LP;1000087096;60;ZPAN;Materiales p/reparac;;0;;;;JPIEDRABUENA;1012998;Ménsulas refuerzo estructura s/plano;3;0;3;0;3;;;Servicios;ADJUDICADO;G&M INFINITE ENERGY S. A.;MR01;13/5/2026;22/4/2026;10148363;60;1;22/4/2026;22/4/2026;C26;4500126286;60;0375;1;YCOLMAN;28/4/2026;13/5/2026;C26;0;;;;;;;;;;;Sin aclaración;Vencido con cant pendiente a recep;;C26
00375 YPF OLEODUCTO PR-LP;1000087096;70;ZPAN;Materiales p/reparac;;0;;;;JPIEDRABUENA;1012998;Correa tipo C 100x50x2,5 mm x mts;6;0;6;0;6;;;Servicios;ADJUDICADO;G&M INFINITE ENERGY S. A.;MR01;13/5/2026;22/4/2026;10148363;70;1;22/4/2026;22/4/2026;C26;4500126286;70;0375;1;YCOLMAN;28/4/2026;13/5/2026;C26;0;;;;;;;;;;;Sin aclaración;Vencido con cant pendiente a recep;;C26
00375 YPF OLEODUCTO PR-LP;1000087096;80;ZPAN;Materiales p/reparac;;0;;;;JPIEDRABUENA;1012998;Colocación bulonería refuerzo paneles;50;0;50;0;50;;;Servicios;ADJUDICADO;G&M INFINITE ENERGY S. A.;MR01;13/5/2026;22/4/2026;10148363;80;1;22/4/2026;22/4/2026;C26;4500126286;80;0375;1;YCOLMAN;28/4/2026;13/5/2026;C26;0;;;;;;;;;;;Sin aclaración;Vencido con cant pendiente a recep;;C26
00375 YPF OLEODUCTO PR-LP;1000087524;10;ZPAN;PM 44 Manejo defensi;;0;;;;GPUJOL;1022295;MANEJO DEFENSIVO TEORICO -PRACTICO;10;0;10;0;10;;;Servicios;ADJUDICADO;DER OHANESSIAN GUSTAVO;MR01;20/5/2026;29/4/2026;10148888;10;1;29/4/2026;29/4/2026;C25;4500128030;10;0375;1;MPITTIA;19/5/2026;20/5/2026;C25;0;;;;;;;;;;;Sin aclaración;Vencido con cant pendiente a recep;;C25
00375 YPF OLEODUCTO PR-LP;1000087586;10;ZPAN;EXTENCION DE OC 4500;;0;;;;GPUJOL;1013136;SERVICIO LIMPIEZA DESAGOTE BANO QUIMICO;132;80;132;0;52;5000172614;11/5/2026;Servicios;CUMPLIDO PARCIAL;TOVIO SERGIO MAXIMILIANO;MR01;21/5/2026;30/4/2026;10148990;10;1;30/4/2026;30/4/2026;C25;4500126906;10;0375;1;MPITTIA;6/5/2026;21/5/2026;C25;1;11/5/2026;;;;;;;;;;Sin aclaración;Vencido con cant pendiente a recep;;C25
00375 YPF OLEODUCTO PR-LP;1000088035;10;ZPAN;EXTENSION DE OC 4500;;20;;;;JPIEDRABUENA;1035542;ALQUILER DE ANDAMIO X MES;1;1;1;0;0;5000172708;12/5/2026;Servicios;CUMPLIDO;LAYHER SUDAMERICANA SA;MR01;29/5/2026;8/5/2026;10149635;10;1;8/5/2026;8/5/2026;C26;4500127326;10;0375;1;YCOLMAN;11/5/2026;29/5/2026;C26;1;12/5/2026;;;;;;;;;;Sin aclaración;En curso - Próximo a vencer;;C26
00375 YPF OLEODUCTO PR-LP;1000088169;10;ZPAN;RETIRO DE MODULO SAN;;0;;;;GPUJOL;1022296;RETIRO DE MODULO SANITARIO LF-GR;1;0;1;0;1;;;Servicios;ADJUDICADO;JCCORA S.A.;MR01;1/6/2026;11/5/2026;10149864;10;1;11/5/2026;12/5/2026;C25;4500127633;10;0375;1;MPITTIA;14/5/2026;1/6/2026;C25;0;;;;;;;;;;;Sin aclaración;En curso - Próximo a vencer;;C25
00375 YPF OLEODUCTO PR-LP;1000088199;10;ZPAN;VIATICOS INGEAP ABRI;;0;;;;GPUJOL;1013024;VIATICOS;1;1;1;0;0;5000173589;19/5/2026;Servicios;CUMPLIDO;INGEAP S.A.S.;MR01;2/6/2026;12/5/2026;10149906;10;1;12/5/2026;12/5/2026;C26;4500127885;10;0375;1;YCOLMAN;15/5/2026;2/6/2026;C26;1;19/5/2026;;;;;;;;;;Sin aclaración;En curso - Próximo a vencer;;C26
00375 YPF OLEODUCTO PR-LP;1000088686;10;ZPAN;REMEDIACION  CAMPO Z;;2;;;;JPIEDRABUENA;1042362;SUBC  Remediación de campo;1;0;1;0;1;;;Servicios;ADJUDICADO;DE LA MATA JESICA PAOLA;MR01;9/6/2026;19/5/2026;10150549;10;1;19/5/2026;19/5/2026;C26;4500128437;10;0375;1;YCOLMAN;22/5/2026;9/6/2026;C26;0;;;;;;;;;;;Sin aclaración;En curso - Próximo a vencer;;C26
00375 YPF OLEODUCTO PR-LP;1000088686;20;ZPAN;REMEDIACION  CAMPO Z;;2;;;;JPIEDRABUENA;1042362;Rep  tranquerones e instal. Alambrado;1;0;1;0;1;;;Servicios;ADJUDICADO;DE LA MATA JESICA PAOLA;MR01;9/6/2026;19/5/2026;10150549;20;1;19/5/2026;19/5/2026;C26;4500128437;20;0375;1;YCOLMAN;22/5/2026;9/6/2026;C26;0;;;;;;;;;;;Sin aclaración;En curso - Próximo a vencer;;C26
00375 YPF OLEODUCTO PR-LP;1000088686;30;ZPAN;REMEDIACION  CAMPO Z;;2;;;;JPIEDRABUENA;1042362;Colocación de postes;1;0;1;0;1;;;Servicios;ADJUDICADO;DE LA MATA JESICA PAOLA;MR01;9/6/2026;19/5/2026;10150549;30;1;19/5/2026;19/5/2026;C26;4500128437;30;0375;1;YCOLMAN;22/5/2026;9/6/2026;C26;0;;;;;;;;;;;Sin aclaración;En curso - Próximo a vencer;;C26
00375 YPF OLEODUCTO PR-LP;1000088779;10;ZPAN;EXCENDETES COPIAS ab;;0;;;;GPUJOL;1026181;COPIAS EXCEDENTES BYN;11281;11281;11281;0;0;5000174156;22/5/2026;Servicios;CUMPLIDO;TECNICA Y SISTEMAS SRL;MR01;10/6/2026;20/5/2026;10150607;10;1;20/5/2026;20/5/2026;C25;4500128334;10;0375;1;ALOPEZ;21/5/2026;10/6/2026;C25;1;22/5/2026;;;;;;;;;;Sin aclaración;En curso - Próximo a vencer;;C25
0376 VELADERO FASE 8B /SAN JUAN;1000069903;10;ZPAN;ALQUILER DE IMPRESOR;;0;;;;ARIVERO;1022294;ALQ. IMPRESORA MULTIFUNC. B/N x DIA;320;240;320;0;80;5000166556;23/3/2026;Servicios;CUMPLIDO PARCIAL;TECNICA Y SISTEMAS SRL;MM01;31/5/2026;8/7/2025;10125612;10;1;8/7/2025;8/7/2025;C25;4500104048;10;0376;1;MPITTIA;18/7/2025;31/5/2026;C25;8;23/3/2026;;;;;;;;;;Sin aclaración;En curso - Próximo a vencer;;C25
0376 VELADERO FASE 8B /SAN JUAN;1000070502;10;ZPAN;(4000005716) RECARGA;;0;;;;ARIVERO;1022295;RECARGA OXIG. MEDICINAL 0.5 M3 X UN;280;280;280;0;0;5000157282;5/1/2026;Servicios;CUMPLIDO;LA PLATENSE SA;MM01;31/5/2026;18/7/2025;10126420;10;1;18/7/2025;18/7/2025;C25;4500104885;10;0376;1;MPITTIA;30/7/2025;31/5/2026;C25;13;5/1/2026;;;;;;;;;;Sin aclaración;En curso - Próximo a vencer;;C25
0376 VELADERO FASE 8B /SAN JUAN;1000070502;20;ZPAN;(4000005716) RECARGA;;0;;;;ARIVERO;1022295;RECARGA OXIG. INDUSTRIAL X M3;160;160;160;0;0;5000167674;2/4/2026;Servicios;CUMPLIDO;LA PLATENSE SA;MM01;31/5/2026;18/7/2025;10126420;20;1;18/7/2025;18/7/2025;C25;4500104885;20;0376;1;MPITTIA;30/7/2025;31/5/2026;C25;12;2/4/2026;;;;;;;;;;Sin aclaración;En curso - Próximo a vencer;;C25
0376 VELADERO FASE 8B /SAN JUAN;1000070502;30;ZPAN;(4000005716) RECARGA;;0;;;;ARIVERO;1022295;RECARGA ACETILENO INDUSTRIAL X M3;130;105;130;0;25;5000167674;2/4/2026;Servicios;CUMPLIDO PARCIAL;LA PLATENSE SA;MM01;31/5/2026;18/7/2025;10126420;30;1;18/7/2025;18/7/2025;C25;4500104885;30;0376;1;MPITTIA;30/7/2025;31/5/2026;C25;12;2/4/2026;;;;;;;;;;Sin aclaración;En curso - Próximo a vencer;;C25
0376 VELADERO FASE 8B /SAN JUAN;1000070552;10;ZPAN;4000005712 RECARGA M;;0;;;;CBAREA;1022295;RECARGA DE MATAFUEGO 1KG;10;6;10;0;4;5000161121;5/2/2026;Servicios;CUMPLIDO PARCIAL;FERVID SRL;MM01;31/5/2026;18/7/2025;10126475;10;1;18/7/2025;18/7/2025;C25;4500104428;10;0376;1;MPITTIA;24/7/2025;31/5/2026;C25;2;4/2/2026;;;;;;;;;;Sin aclaración;En curso - Próximo a vencer;;C25
0376 VELADERO FASE 8B /SAN JUAN;1000070552;20;ZPAN;4000005712 RECARGA M;;0;;;;CBAREA;1022295;RECARGA DE MATAFUEGO 5KG;75;75;75;0;0;5000150861;31/10/2025;Servicios;CUMPLIDO;FERVID SRL;MM01;31/5/2026;18/7/2025;10126475;20;1;18/7/2025;18/7/2025;C25;4500104428;20;0376;1;MPITTIA;24/7/2025;31/5/2026;C25;3;30/10/2025;;;;;;;;;;Sin aclaración;En curso - Próximo a vencer;;C25
0376 VELADERO FASE 8B /SAN JUAN;1000070552;30;ZPAN;4000005712 RECARGA M;;0;;;;CBAREA;1022295;RECARGA DE MATAFUEGO 10KG;200;200;200;0;0;5000159729;25/1/2026;Servicios;CUMPLIDO;FERVID SRL;MM01;31/5/2026;18/7/2025;10126475;30;1;18/7/2025;18/7/2025;C25;4500104428;30;0376;1;MPITTIA;24/7/2025;31/5/2026;C25;5;25/1/2026;;;;;;;;;;Sin aclaración;En curso - Próximo a vencer;;C25
0376 VELADERO FASE 8B /SAN JUAN;1000070552;40;ZPAN;4000005712 RECARGA M;;0;;;;CBAREA;1022295;MANOMETRO CON SELLO IRAM DE 14KG/CM2;200;14;200;0;186;5000161121;5/2/2026;Servicios;CUMPLIDO PARCIAL;FERVID SRL;MM01;31/5/2026;18/7/2025;10126475;40;1;18/7/2025;18/7/2025;C25;4500104428;40;0376;1;MPITTIA;24/7/2025;31/5/2026;C25;3;4/2/2026;;;;;;;;;;Sin aclaración;En curso - Próximo a vencer;;C25
0376 VELADERO FASE 8B /SAN JUAN;1000070552;50;ZPAN;4000005712 RECARGA M;;0;;;;CBAREA;1022295;PINTURA EXTINTORES MANUALES;200;200;200;0;0;5000159729;25/1/2026;Servicios;CUMPLIDO;FERVID SRL;MM01;31/5/2026;18/7/2025;10126475;50;1;18/7/2025;18/7/2025;C25;4500104428;50;0376;1;MPITTIA;24/7/2025;31/5/2026;C25;4;25/1/2026;;;;;;;;;;Sin aclaración;En curso - Próximo a vencer;;C25
0376 VELADERO FASE 8B /SAN JUAN;1000070552;60;ZPAN;4000005712 RECARGA M;;0;;;;CBAREA;1022295;MANGUERAS PARA EXTINTORES ABC MANUALES;200;2;200;0;198;5000150861;31/10/2025;Servicios;CUMPLIDO PARCIAL;FERVID SRL;MM01;31/5/2026;18/7/2025;10126475;60;1;18/7/2025;18/7/2025;C25;4500104428;60;0376;1;MPITTIA;24/7/2025;31/5/2026;C25;3;30/10/2025;;;;;;;;;;Sin aclaración;En curso - Próximo a vencer;;C25
0376 VELADERO FASE 8B /SAN JUAN;1000070552;70;ZPAN;4000005712 RECARGA M;;0;;;;CBAREA;1022295;KILOS DE POLVO QUIMICO ABC;800;789;800;0;11;5000159729;25/1/2026;Servicios;CUMPLIDO PARCIAL;FERVID SRL;MM01;31/5/2026;18/7/2025;10126475;70;1;18/7/2025;18/7/2025;C25;4500104428;70;0376;1;MPITTIA;24/7/2025;31/5/2026;C25;5;25/1/2026;;;;;;;;;;Sin aclaración;En curso - Próximo a vencer;;C25
0376 VELADERO FASE 8B /SAN JUAN;1000070552;80;ZPAN;4000005712 RECARGA M;;0;;;;CBAREA;1022295;RECARGA DE MATAFUEGO 2,5KG;5;5;5;0;0;5000141642;11/8/2025;Servicios;CUMPLIDO;FERVID SRL;MM01;31/5/2026;18/7/2025;10126475;80;1;18/7/2025;18/7/2025;C25;4500104428;80;0376;1;MPITTIA;24/7/2025;31/5/2026;C25;2;11/8/2025;;;;;;;;;;Sin aclaración;En curso - Próximo a vencer;;C25
0376 VELADERO FASE 8B /SAN JUAN;1000071951;10;ZPAN;Ampliacion OC. recar;;0;;;;CBAREA;1022295;RECARGA DE MATAFUEGO 5KG;100;78;100;0;22;5000161120;5/2/2026;Servicios;CUMPLIDO PARCIAL;FERVID SRL;MM01;31/5/2026;12/8/2025;10128291;10;1;12/8/2025;12/8/2025;C25;4500106352;10;0376;1;MPITTIA;19/8/2025;30/5/2026;C25;4;4/2/2026;;;;;;;;;;Sin aclaración;En curso - Próximo a vencer;;C25
0376 VELADERO FASE 8B /SAN JUAN;1000071951;20;ZPAN;Ampliacion OC. recar;;0;;;;CBAREA;1022295;PINTURA EXTINTORES MANUALES;100;90;100;0;10;5000159730;25/1/2026;Servicios;CUMPLIDO PARCIAL;FERVID SRL;MM01;31/5/2026;12/8/2025;10128291;20;1;12/8/2025;12/8/2025;C25;4500106352;20;0376;1;MPITTIA;19/8/2025;30/5/2026;C25;4;25/1/2026;;;;;;;;;;Sin aclaración;En curso - Próximo a vencer;;C25
0376 VELADERO FASE 8B /SAN JUAN;1000071951;30;ZPAN;Ampliacion OC. recar;;0;;;;CBAREA;1022295;RECARGA DE MATAFUEGO 2,5KG;10;9;10;0;1;5000161120;5/2/2026;Servicios;CUMPLIDO PARCIAL;FERVID SRL;MM01;31/5/2026;12/8/2025;10128291;30;1;12/8/2025;12/8/2025;C25;4500106352;30;0376;1;MPITTIA;19/8/2025;30/5/2026;C25;2;4/2/2026;;;;;;;;;;Sin aclaración;En curso - Próximo a vencer;;C25
0376 VELADERO FASE 8B /SAN JUAN;1000072426;10;ZPAN;4000005719 DOSIMETRO;;0;;;;ARIVERO;1022295;SERVICIO DE DOSIMETRO X MES;46;46;54;-8;0;5000167723;3/4/2026;Servicios;CUMPLIDO;FUNDACION ESCUELA DE MEDICINA NUCLE;MM01;31/5/2026;19/8/2025;10128824;10;1;19/8/2025;19/8/2025;C25;4500106426;10;0376;1;MPITTIA;19/8/2025;31/5/2026;C25;8;3/4/2026;;;;;;;;;;Sin aclaración;En curso - Próximo a vencer;;C25
0376 VELADERO FASE 8B /SAN JUAN;1000072430;10;ZPAN;4000005720 AUTOELEVA;;0;;;;ARIVERO;1022295;ALQ AUTOELEV ELECTRICO BAOLI x MES;9;8;9;0;1;5000170853;28/4/2026;Servicios;CUMPLIDO PARCIAL;M D AUTOELEVADORES Y EQUIPOS S;MM01;31/5/2026;19/8/2025;10128828;10;1;19/8/2025;19/8/2025;C03;4500106463;10;0376;1;WVENTURINI;20/8/2025;31/5/2026;C03;8;28/4/2026;;;;;;;;;;Sin aclaración;En curso - Próximo a vencer;;C03
0376 VELADERO FASE 8B /SAN JUAN;1000072444;10;ZPAN;4000005707 - SERVICI;;0;10;4;31/10/2025;CBAREA;1022295;SERVICIO DE INTERNET X MES;2;2;2;0;0;5000147540;1/10/2025;Servicios;CUMPLIDO;JAWIT S.A.;MM01;31/5/2026;19/8/2025;10128843;10;1;19/8/2025;19/8/2025;C25;4500106971;10;0376;1;MPITTIA;26/8/2025;31/5/2026;C25;2;1/10/2025;;;;;;;;;;Sin aclaración;En curso - Próximo a vencer;;C25
0376 VELADERO FASE 8B /SAN JUAN;1000072444;20;ZPAN;4000005707 - SERVICI;;0;;;;CBAREA;1022295;SERVICIO ACTIVACION INTERNET X UN;1;1;1;0;0;5000145028;8/9/2025;Servicios;CUMPLIDO;JAWIT S.A.;MM01;31/5/2026;19/8/2025;10128843;20;1;2/9/2025;3/9/2025;C25;4500107999;10;0376;1;MPITTIA;8/9/2025;31/5/2026;C25;1;8/9/2025;;;;;;;;;;Sin aclaración;En curso - Próximo a vencer;;C25
0376 VELADERO FASE 8B /SAN JUAN;1000072471;10;ZPAN;4000005860 TRANSP.PE;;0;10;4;11/5/2026;ARIVERO;1022294;SS TRANSP. INTERNO X 12 HS DIARIAS;1638,5;1638,5;1638,5;0;0;5000170412;24/4/2026;Servicios;CUMPLIDO;DREAM S. R. L.;MM01;31/5/2026;20/8/2025;10128886;10;1;20/8/2025;20/8/2025;C25;4500106490;10;0376;1;MPITTIA;20/8/2025;31/5/2026;C25;8;24/4/2026;;;;;;;;;;Sin aclaración;En curso - Próximo a vencer;;C25
0376 VELADERO FASE 8B /SAN JUAN;1000072471;20;ZPAN;4000005860 TRANSP.PE;;0;10;4;12/5/2026;ARIVERO;1022294;SS TRANSP. INTERNO X 24 HS DIARIAS;561,25;561,25;561,25;0;0;5000170412;24/4/2026;Servicios;CUMPLIDO;DREAM S. R. L.;MM01;31/5/2026;20/8/2025;10128886;20;1;20/8/2025;20/8/2025;C25;4500106490;20;0376;1;MPITTIA;20/8/2025;31/5/2026;C25;8;24/4/2026;;;;;;;;;;Sin aclaración;En curso - Próximo a vencer;;C25
0376 VELADERO FASE 8B /SAN JUAN;1000072502;10;ZPAN;4000005708 IMPRESORA;;0;;;;ARIVERO;1022294;Ss. Alq. impresora 2 multif. B/N x dia;270;90;270;0;180;5000155408;12/12/2025;Servicios;CUMPLIDO PARCIAL;TECNICA Y SISTEMAS SRL;MM01;31/5/2026;20/8/2025;10128920;10;1;20/8/2025;20/8/2025;C25;4500107270;10;0376;1;MPITTIA;29/8/2025;31/5/2026;C25;7;12/12/2025;;;;;;;;;;Sin aclaración;En curso - Próximo a vencer;;C25
0376 VELADERO FASE 8B /SAN JUAN;1000072502;20;ZPAN;4000005708 IMPRESORA;;0;;;;ARIVERO;1022294;Ss. Alq. impresora 3 multif. B/N x dia;270;210;270;0;60;5000166560;24/3/2026;Servicios;CUMPLIDO PARCIAL;TECNICA Y SISTEMAS SRL;MM01;31/5/2026;20/8/2025;10128920;20;1;20/8/2025;20/8/2025;C25;4500107270;20;0376;1;MPITTIA;29/8/2025;31/5/2026;C25;9;23/3/2026;;;;;;;;;;Sin aclaración;En curso - Próximo a vencer;;C25
0376 VELADERO FASE 8B /SAN JUAN;1000072502;30;ZPAN;4000005708 IMPRESORA;;0;;;;ARIVERO;1022294;Ss. Alq. impresora 4 multif. COLOR x dia;270;210;270;0;60;5000170342;23/4/2026;Servicios;CUMPLIDO PARCIAL;TECNICA Y SISTEMAS SRL;MM01;31/5/2026;20/8/2025;10128920;30;1;20/8/2025;20/8/2025;C25;4500107270;30;0376;1;MPITTIA;29/8/2025;31/5/2026;C25;9;23/4/2026;;;;;;;;;;Sin aclaración;En curso - Próximo a vencer;;C25
0376 VELADERO FASE 8B /SAN JUAN;1000072743;10;ZPAN;4000005855 - Recarga;;0;;;;CBAREA;1013052;ALQUILER ENVASE DE GAS CO2 xUnd.;10;10;10;0;0;5000170861;28/4/2026;Servicios;CUMPLIDO;LA PLATENSE SA;MM01;31/5/2026;25/8/2025;10129337;10;1;25/8/2025;25/8/2025;C07;4500106908;10;0376;1;CBAREA;26/8/2025;31/5/2026;C07;9;28/4/2026;;;;;;;;;;Sin aclaración;En curso - Próximo a vencer;;C07
0376 VELADERO FASE 8B /SAN JUAN;1000072743;20;ZPAN;4000005855 - Recarga;;0;;;;CBAREA;1022295;RECARGA GAS CO2 x kg.;300;120;300;0;180;5000167675;2/4/2026;Servicios;CUMPLIDO PARCIAL;LA PLATENSE SA;MM01;31/5/2026;25/8/2025;10129337;20;1;25/8/2025;25/8/2025;C07;4500106908;20;0376;1;CBAREA;26/8/2025;31/5/2026;C07;3;2/4/2026;;;;;;;;;;Sin aclaración;En curso - Próximo a vencer;;C07
0376 VELADERO FASE 8B /SAN JUAN;1000073041;10;ZPAN;Habilitación DPDU nu;;0;;;;CBAREA;1022295;Habilitación DPDU nuevo galpón;1;1;1;0;0;5000168621;11/4/2026;Servicios;CUMPLIDO;LOPEZ RIOS FACUNDO GABRIE;MM01;31/5/2026;29/8/2025;10129737;10;1;29/8/2025;29/8/2025;C25;4500108140;10;0376;1;MPITTIA;9/9/2025;30/5/2026;C25;1;11/4/2026;;;;;;;;;;Sin aclaración;En curso - Próximo a vencer;;C25
0376 VELADERO FASE 8B /SAN JUAN;1000074316;10;ZPAN;INGEAP;;0;;;;MFALERO;1042362;SERVICIO MENSUAL X USO Y MTTO. DE LA APP;9;8;9;0;1;5000170856;28/4/2026;Servicios;CUMPLIDO PARCIAL;INGEAP S.A.S.;MM01;31/5/2026;19/9/2025;10131410;10;1;19/9/2025;19/9/2025;C26;4500108978;10;0376;1;AGONZALEZ;19/9/2025;31/5/2026;C26;8;28/4/2026;;;;;;;;;;Sin aclaración;En curso - Próximo a vencer;;C26
0376 VELADERO FASE 8B /SAN JUAN;1000074771;10;ZPAN;ALQUILER COMPACTADOR;;0;;;;MFALERO;1022295;Ss ALQUILER COMPACTADOR RD24C NEUSON;7;6;7;0;1;5000170693;27/4/2026;Servicios;CUMPLIDO PARCIAL;ALL SERVICE SRL;MM01;30/4/2026;26/9/2025;10131968;10;1;26/9/2025;26/9/2025;C04;4500109560;10;0376;1;WVENTURINI;29/9/2025;29/5/2026;C04;6;27/4/2026;;;;;;;;;;Sin aclaración;Vencido con cant pendiente a recep;;C04
0376 VELADERO FASE 8B /SAN JUAN;1000076151;10;ZPAN;POLIZA DE TRC Y RC;;0;;;;NLAFORNARO;1012960;POLIZA TRC Y RC;1;1;1;0;0;5000151750;7/11/2025;Servicios;CUMPLIDO;LA MERIDIONAL CIA ARG DE SEGUROS S;MM01;30/6/2026;20/10/2025;10133724;10;1;20/10/2025;20/10/2025;C16;4500111629;10;0376;1;JESPARZA;24/10/2025;30/6/2026;C16;1;7/11/2025;;;;;;;;;;Sin aclaración;En curso - Próximo a vencer;;C16
0376 VELADERO FASE 8B /SAN JUAN;1000076151;20;ZPAN;POLIZA DE TRC Y RC;;0;;;;NLAFORNARO;1012957;POLIZA RC EN EXCESO;1;1;1;0;0;5000151750;7/11/2025;Servicios;CUMPLIDO;LA MERIDIONAL CIA ARG DE SEGUROS S;MM01;30/6/2026;20/10/2025;10133724;20;1;20/10/2025;20/10/2025;C16;4500111629;20;0376;1;JESPARZA;24/10/2025;30/6/2026;C16;1;7/11/2025;;;;;;;;;;Sin aclaración;En curso - Próximo a vencer;;C16
0376 VELADERO FASE 8B /SAN JUAN;1000076502;10;ZPAN;ENSAYOS F8A-2 y F8B;;0;;;;ARIVERO;1022295;Ensayo de Permeabilidad – AOSA;10;10;10;0;0;5000166391;21/3/2026;Servicios;CUMPLIDO;AOSA SA;MM01;31/5/2026;24/10/2025;10134290;10;1;24/10/2025;24/10/2025;C20;4500112506;10;0376;1;VBARRA;5/11/2025;31/5/2026;C20;3;21/3/2026;;;;;;;;;;Sin aclaración;En curso - Próximo a vencer;;C20
0376 VELADERO FASE 8B /SAN JUAN;1000076504;10;ZPAN;SS mensual Recarga V;;0;;;;MFALERO;1034560;RECARGA VIRTUAL;2500000;1126458,319;2500000;0;1373541,681;5000170885;28/4/2026;Servicios;CUMPLIDO PARCIAL;NUBI S.A.;MM01;30/6/2026;24/10/2025;10134292;10;1;24/10/2025;24/10/2025;C25;4500112092;10;0376;1;MPITTIA;31/10/2025;30/6/2026;C25;7;28/4/2026;;;;;;;;;;Sin aclaración;En curso - Próximo a vencer;;C25
0376 VELADERO FASE 8B /SAN JUAN;1000076672;10;ZPAN;SERV. INTERNET 3TB;;0;;;;ARIVERO;1022295;SERV. INTERNET 3TB X MES;7;6;7;0;1;5000167091;29/3/2026;Servicios;CUMPLIDO PARCIAL;JAWIT S.A.;MM01;31/5/2026;28/10/2025;10134549;10;1;28/10/2025;28/10/2025;C25;4500112599;10;0376;1;MPITTIA;7/11/2025;31/5/2026;C25;6;29/3/2026;;;;;;;;;;Sin aclaración;En curso - Próximo a vencer;;C25
0376 VELADERO FASE 8B /SAN JUAN;1000077740;10;ZPAN;RECARGA OXIGENO MEDI;;0;;;;CBAREA;1022295;RECARGA OXIG. MEDICINAL 0.5 M3 X UN;400;172;400;0;228;5000170672;27/4/2026;Servicios;CUMPLIDO PARCIAL;LA PLATENSE SA;MM01;31/5/2026;13/11/2025;10135935;10;1;13/11/2025;14/11/2025;C25;4500115205;10;0376;1;MPITTIA;12/12/2025;31/5/2026;C25;11;27/4/2026;;;;;;;;;;Sin aclaración;En curso - Próximo a vencer;;C25
0376 VELADERO FASE 8B /SAN JUAN;1000078704;10;ZPAN;SS TTE PERSONAL SOTU;;0;;;;GORIHUELA;1022294;SS TRANSP. INTERNO X 12 HS DIARIAS;406;406;406;0;0;5000172200;7/5/2026;Servicios;CUMPLIDO;SOTUR SRL;MM01;31/5/2026;1/12/2025;10137118;10;1;1/12/2025;1/12/2025;C25;4500115511;10;0376;2;MPITTIA;16/12/2025;30/5/2026;C25;4;7/5/2026;;;;;;;;;;Sin aclaración;En curso - Próximo a vencer;;C25
0376 VELADERO FASE 8B /SAN JUAN;1000081300;20;ZPAN;SERV. ADICIONAL INTE;;0;;;;ARIVERO;1022295;Plan Regional 500 Gb X MES;5;3,162;5;0;1,838;5000167092;29/3/2026;Servicios;CUMPLIDO PARCIAL;STYLUS S.A;MM01;31/5/2026;19/1/2026;10140727;20;1;19/1/2026;19/1/2026;C07;4500118604;20;0376;1;ARIVERO;28/1/2026;31/5/2026;C07;4;29/3/2026;;;;;;;;;;Sin aclaración;En curso - Próximo a vencer;;C07
0376 VELADERO FASE 8B /SAN JUAN;1000081467;10;ZPAN;COPIAS EXCEDENTES;;0;;;;ARIVERO;1026181;COPIAS EXCEDENTES COLOR;30000;14811;30000;0;15189;5000170353;23/4/2026;Servicios;CUMPLIDO PARCIAL;TECNICA Y SISTEMAS SRL;MM01;31/7/2026;21/1/2026;10141012;10;1;21/1/2026;21/1/2026;C25;4500118605;10;0376;1;MPITTIA;28/1/2026;31/5/2026;C25;3;23/4/2026;;;;;;;;;;Sin aclaración;En curso;;C25
0376 VELADERO FASE 8B /SAN JUAN;1000081467;20;ZPAN;COPIAS EXCEDENTES;;0;;;;ARIVERO;1026181;COPIAS EXCEDENTES B/N;10000;1340;10000;0;8660;5000160365;30/1/2026;Servicios;CUMPLIDO PARCIAL;TECNICA Y SISTEMAS SRL;MM01;31/5/2026;21/1/2026;10141012;20;1;21/1/2026;21/1/2026;C25;4500118605;20;0376;1;MPITTIA;28/1/2026;31/5/2026;C25;1;30/1/2026;;;;;;;;;;Sin aclaración;En curso - Próximo a vencer;;C25
0376 VELADERO FASE 8B /SAN JUAN;1000081535;10;ZPAN;ADICIONAL HABILITACI;;0;;;;ARIVERO;1022295;CERTIF FACTIBILIDAD USO DEL SUELO Y LOC;1;0;1;0;1;;;Servicios;ADJUDICADO;LOPEZ RIOS FACUNDO GABRIE;MM01;31/5/2026;22/1/2026;10141113;10;1;22/1/2026;22/1/2026;C25;4500118735;10;0376;1;MPITTIA;29/1/2026;30/5/2026;C25;2;;;;;;;;;;;Sin aclaración;En curso - Próximo a vencer;;C25
0376 VELADERO FASE 8B /SAN JUAN;1000081535;30;ZPAN;ADICIONAL HABILITACI;;0;;;;ARIVERO;1022295;APROB CONFORME OBRA CONCLUIDA EN DPDU;1;0;1;0;1;;;Servicios;ADJUDICADO;LOPEZ RIOS FACUNDO GABRIE;MM01;31/5/2026;22/1/2026;10141113;30;1;22/1/2026;22/1/2026;C25;4500118735;30;0376;1;MPITTIA;29/1/2026;30/5/2026;C25;2;;;;;;;;;;;Sin aclaración;En curso - Próximo a vencer;;C25
0376 VELADERO FASE 8B /SAN JUAN;1000081535;40;ZPAN;ADICIONAL HABILITACI;;0;;;;ARIVERO;1022295;CERTIF PROTECCIÓN CONTRA INCENDIO> 500m2;1;0;1;0;1;;;Servicios;ADJUDICADO;LOPEZ RIOS FACUNDO GABRIE;MM01;31/5/2026;22/1/2026;10141113;40;1;22/1/2026;22/1/2026;C25;4500118735;40;0376;1;MPITTIA;29/1/2026;30/5/2026;C25;0;;;;;;;;;;;Sin aclaración;En curso - Próximo a vencer;;C25
0376 VELADERO FASE 8B /SAN JUAN;1000081535;50;ZPAN;ADICIONAL HABILITACI;;0;;;;ARIVERO;1022295;HABIL. OBRAS CIVILES DE CONST TASA MUNI;1;0;1;0;1;;;Servicios;ADJUDICADO;LOPEZ RIOS FACUNDO GABRIE;MM01;31/5/2026;22/1/2026;10141113;50;1;22/1/2026;22/1/2026;C25;4500118735;50;0376;1;MPITTIA;29/1/2026;30/5/2026;C25;2;;;;;;;;;;;Sin aclaración;En curso - Próximo a vencer;;C25
0376 VELADERO FASE 8B /SAN JUAN;1000081535;60;ZPAN;ADICIONAL HABILITACI;;0;;;;ARIVERO;1022295;CERT FINAL DE OBRA-LIC USO O HABIL DPDU;1;0;1;0;1;;;Servicios;ADJUDICADO;LOPEZ RIOS FACUNDO GABRIE;MM01;31/5/2026;22/1/2026;10141113;60;1;22/1/2026;22/1/2026;C25;4500118735;60;0376;1;MPITTIA;29/1/2026;30/5/2026;C25;2;;;;;;;;;;;Sin aclaración;En curso - Próximo a vencer;;C25
0376 VELADERO FASE 8B /SAN JUAN;1000081732;10;ZPAN;DOSIMETROS ADICOONAL;;0;;;;ARIVERO;1022295;SERVICIO DE DOSIMETRO X MES;6;6;6;0;0;5000170840;28/4/2026;Servicios;CUMPLIDO;FUNDACION ESCUELA DE MEDICINA NUCLE;MM01;31/5/2026;26/1/2026;10141397;10;1;26/1/2026;26/1/2026;C07;4500118544;10;0376;1;ARIVERO;27/1/2026;31/5/2026;C07;1;28/4/2026;;;;;;;;;;Sin aclaración;En curso - Próximo a vencer;;C07
0376 VELADERO FASE 8B /SAN JUAN;1000082865;10;ZPAN;Habilitación Galpón;;0;;;;CBAREA;1022295;Certificado de Factibilidad suelo;1;0;1;0;1;;;Servicios;ADJUDICADO;LOPEZ RIOS FACUNDO GABRIE;MM01;30/6/2026;12/2/2026;10142822;10;1;12/2/2026;12/2/2026;C25;4500120029;10;0376;1;MPITTIA;12/2/2026;30/6/2026;C25;0;;;;;;;;;;;Sin aclaración;En curso - Próximo a vencer;;C25
0376 VELADERO FASE 8B /SAN JUAN;1000082865;20;ZPAN;Habilitación Galpón;;0;;;;CBAREA;1022295;Tramite en DPDU de Planos;1;0;1;0;1;;;Servicios;ADJUDICADO;LOPEZ RIOS FACUNDO GABRIE;MM01;30/6/2026;12/2/2026;10142822;20;1;12/2/2026;12/2/2026;C25;4500120029;20;0376;1;MPITTIA;12/2/2026;30/6/2026;C25;0;;;;;;;;;;;Sin aclaración;En curso - Próximo a vencer;;C25
0376 VELADERO FASE 8B /SAN JUAN;1000082865;30;ZPAN;Habilitación Galpón;;0;;;;CBAREA;1022295;Aprobación de Planos;1;0;1;0;1;;;Servicios;ADJUDICADO;LOPEZ RIOS FACUNDO GABRIE;MM01;30/6/2026;12/2/2026;10142822;30;1;12/2/2026;12/2/2026;C25;4500120029;30;0376;1;MPITTIA;12/2/2026;30/6/2026;C25;0;;;;;;;;;;;Sin aclaración;En curso - Próximo a vencer;;C25
0376 VELADERO FASE 8B /SAN JUAN;1000082865;40;ZPAN;Habilitación Galpón;;0;;;;CBAREA;1022295;Certificado Final del Servicio;1;0;1;0;1;;;Servicios;ADJUDICADO;LOPEZ RIOS FACUNDO GABRIE;MM01;30/6/2026;12/2/2026;10142822;40;1;12/2/2026;12/2/2026;C25;4500120029;40;0376;1;MPITTIA;12/2/2026;30/6/2026;C25;0;;;;;;;;;;;Sin aclaración;En curso - Próximo a vencer;;C25
0376 VELADERO FASE 8B /SAN JUAN;1000082865;50;ZPAN;Habilitación Galpón;;0;;;;CBAREA;1022295;Habilitación de obras Civiles;1;0;1;0;1;;;Servicios;ADJUDICADO;LOPEZ RIOS FACUNDO GABRIE;MM01;30/6/2026;12/2/2026;10142822;50;1;12/2/2026;12/2/2026;C25;4500120029;50;0376;1;MPITTIA;12/2/2026;30/6/2026;C25;0;;;;;;;;;;;Sin aclaración;En curso - Próximo a vencer;;C25
0376 VELADERO FASE 8B /SAN JUAN;1000082865;60;ZPAN;Habilitación Galpón;;0;;;;CBAREA;1022295;Certificado Final de Obra-Licencia;1;0;1;0;1;;;Servicios;ADJUDICADO;LOPEZ RIOS FACUNDO GABRIE;MM01;30/6/2026;12/2/2026;10142822;60;1;12/2/2026;12/2/2026;C25;4500120029;60;0376;1;MPITTIA;12/2/2026;30/6/2026;C25;0;;;;;;;;;;;Sin aclaración;En curso - Próximo a vencer;;C25
0376 VELADERO FASE 8B /SAN JUAN;1000085271;10;ZPAN;ENSAYOS AOSA (2);;0;;;;ARIVERO;1022295;Ensayo de Permeabilidad – AOSA;9;9;9;0;0;5000170204;22/4/2026;Servicios;CUMPLIDO;AOSA SA;MM01;31/5/2026;21/3/2026;10146003;10;1;21/3/2026;21/3/2026;C20;4500123332;10;0376;1;VBARRA;25/3/2026;31/5/2026;C20;6;22/4/2026;;;;;;;;;;Sin aclaración;En curso - Próximo a vencer;;C20
0376 VELADERO FASE 8B /SAN JUAN;1000085957;10;ZPAN;MEDICINA LABORAL;;0;;;;CBAREA;1022295;SERVICIO DE MEDICO LABORAL x MES;2;1;2;0;1;5000170854;28/4/2026;Servicios;CUMPLIDO PARCIAL;SERVICIOS INT. DE MEDICINA LAB;MM01;31/5/2026;2/4/2026;10146861;10;1;2/4/2026;2/4/2026;C25;4500124407;10;0376;1;MPITTIA;8/4/2026;31/5/2026;C25;1;28/4/2026;;;;;;;;;;Sin aclaración;En curso - Próximo a vencer;;C25
0376 VELADERO FASE 8B /SAN JUAN;1000086429;10;ZPAN;SERVICIO TINTAS PENE;;0;;;;ARIVERO;1022295;SERVICIO REGISTRO LIQUIDOS PENETRANTES;1;1;1;0;0;5000169261;15/4/2026;Servicios;CUMPLIDO;SARMIENTO RODRIGO OMAR;MM01;31/5/2026;11/4/2026;10147440;10;1;11/4/2026;11/4/2026;C07;4500124804;10;0376;1;ARIVERO;13/4/2026;30/4/2026;C07;1;15/4/2026;;;;;;;;;;Sin aclaración;En curso - Próximo a vencer;;C07
0376 VELADERO FASE 8B /SAN JUAN;1000086500;10;ZPAN;ALQUILER BAÑOS PREDI;;0;;;;ARIVERO;1022295;ALQUILER BAÑO QUIMICO CON LIMPIEZA;2;0;2;0;2;;;Servicios;ADJUDICADO;GONZALEZ SANCHEZ LEONARDO ISMAEL;MM01;30/7/2026;13/4/2026;10147547;10;1;13/4/2026;15/4/2026;C25;4500126076;10;2000;1;MPITTIA;27/4/2026;30/7/2026;C25;0;;;;;;;;;;;Sin aclaración;En curso;;C25
0376 VELADERO FASE 8B /SAN JUAN;1000086500;20;ZPAN;ALQUILER BAÑOS PREDI;;0;;;;ARIVERO;1022295;SERVICIO DE LIMPIEZA BAÑO QUIMICO;72;0;72;0;72;;;Servicios;ADJUDICADO;GONZALEZ SANCHEZ LEONARDO ISMAEL;MM01;30/7/2026;13/4/2026;10147547;20;1;23/4/2026;25/4/2026;C25;4500126076;20;0376;1;MPITTIA;27/4/2026;30/7/2026;C25;0;;;;;;;;;;;Sin aclaración;En curso;;C25
0376 VELADERO FASE 8B /SAN JUAN;1000086521;10;ZPAN;FLETE SEMIS/CARRETON;;0;;;;ARIVERO;1022295;SEMIREMOLQUE  VELADERO-SAN JUAN;8;2;8;0;6;5000170781;27/4/2026;Servicios;CUMPLIDO PARCIAL;NATALIO S.A;MM01;15/5/2026;14/4/2026;10147591;30;2;16/4/2026;16/4/2026;C07;4500125231;30;0376;2;ARIVERO;16/4/2026;15/5/2026;C07;1;27/4/2026;;;;;;;;;;Sin aclaración;Vencido con cant pendiente a recep;;C07
0376 VELADERO FASE 8B /SAN JUAN;1000087064;10;ZPAN;IMPRESORA COLOR SEDE;;0;;;;ARIVERO;1022294;Ss. Alq. impresora 4 multif. COLOR x dia;60;0;60;0;60;;;Servicios;ADJUDICADO;TECNICA Y SISTEMAS SRL;MM01;31/7/2026;22/4/2026;10148318;10;1;22/4/2026;23/4/2026;C25;4500126274;10;0376;1;MPITTIA;28/4/2026;31/7/2026;C25;0;;;;;;;;;;;Sin aclaración;En curso;;C25
0376 VELADERO FASE 8B /SAN JUAN;1000087838;10;ZPAN;Mov. equipos varios;;0;;;;GORIHUELA;1022295;Ss. tte tipo mosquito S. Juan-Rosario;2;0;2;0;2;;;Servicios;ADJUDICADO;TRANSPORTE BIANCHI SRL;MM01;26/5/2026;5/5/2026;10149367;10;1;5/5/2026;6/5/2026;C15;4500127253;10;0376;1;GDIAZ;11/5/2026;26/5/2026;C15;0;;;;;;;;;;;Sin aclaración;En curso - Próximo a vencer;;C15
0376 VELADERO FASE 8B /SAN JUAN;1000087838;20;ZPAN;Mov. equipos varios;;0;;;;GORIHUELA;1022295;Ss. tte. Semi 14.5 mts S. Juan-Rosario;3;0;3;0;3;;;Servicios;ADJUDICADO;SANTIA LUCAS EZEQUIEL;MM01;26/5/2026;5/5/2026;10149367;20;1;5/5/2026;6/5/2026;C15;4500127462;10;0376;2;GDIAZ;12/5/2026;26/5/2026;C15;0;;;;;;;;;;;Sin aclaración;En curso - Próximo a vencer;;C15
0376 VELADERO FASE 8B /SAN JUAN;1000088650;10;ZPAN;PEDIDO S/ MAIL ADJ.;;0;;;;ASIGNORELLI;1049859;SERVICIO DE INTERNET ADICIONAL X 350GB;1;0;0;1;0;;;Servicios;SIN TRATAMIENTO;;MM01;9/6/2026;19/5/2026;10150486;10;1;19/5/2026;19/5/2026;C25;;0;;0;;;;;0;;;;;;;;;;;Sin aclaración;En curso - Próximo a vencer;;C25
00377-YPF 3° loop;1000078526;10;ZPAN;SUBC INGENIERIA INSA;;0;;;;AFORTUNA;1013007;SUBC. DE INGENIERIA;1;1;1;0;0;5000171455;4/5/2026;Servicios;CUMPLIDO;VALENZUELA YULIANA EDITH;MR01;20/10/2026;27/11/2025;10136934;10;1;27/11/2025;28/11/2025;C26;4500114224;10;0377;1;AGONZALEZ;29/11/2025;20/10/2026;C26;7;4/5/2026;;;;;;;;;;Sin aclaración;En curso - Total recepcionado;;C26
00377-YPF 3° loop;1000079423;10;ZPAN;03 TOPOGRAFIA;;20;;;;RTELLO;1042362;RELEVAMIENTO PREVIO A OBRA;1;1;1;0;0;5000168287;9/4/2026;Servicios;CUMPLIDO;INGEAP S.A.S.;MR01;31/8/2026;12/12/2025;10138077;10;1;12/12/2025;12/12/2025;C26;4500115502;10;0377;1;AGONZALEZ;16/12/2025;31/8/2026;C26;1;9/4/2026;;;;;;;;;;03 Cert Mensual;En curso - Total recepcionado;;C26
00377-YPF 3° loop;1000079423;20;ZPAN;03 TOPOGRAFIA;;20;;;;RTELLO;1027430;SERVICIO DE TOPOGRAFIA x MES;8;3,677;8;0;4,323;5000171775;6/5/2026;Servicios;CUMPLIDO PARCIAL;INGEAP S.A.S.;MR01;31/8/2026;12/12/2025;10138077;20;1;12/12/2025;12/12/2025;C26;4500115502;20;0377;1;AGONZALEZ;16/12/2025;31/8/2026;C26;6;6/5/2026;;;;;;;;;;03 Cert Mensual;En curso;Verde;C26
00377-YPF 3° loop;1000079423;30;ZPAN;03 TOPOGRAFIA;;0;;;;RTELLO;1042362;SUBC ALQ EQ GPS GNSS;7;3;7;0;4;5000171776;6/5/2026;Servicios;CUMPLIDO PARCIAL;INGEAP S.A.S.;MR01;31/8/2026;12/12/2025;10138077;30;1;10/3/2026;26/3/2026;C26;4500123706;10;0377;1;YCOLMAN;30/3/2026;31/8/2026;C26;2;6/5/2026;;;;;;;;;;03 Cert Mensual;En curso;Verde;C26
00377-YPF 3° loop;1000079507;10;ZPAN;SS INTERNET;;0;;;;AFORTUNA;1025931;SERVICIO DE INTERNET X MES OBRADOR;5;5;5;0;0;5000169186;15/4/2026;Servicios;CUMPLIDO;JAWIT S.A.;MR01;31/8/2026;12/12/2025;10138162;10;1;12/12/2025;12/12/2025;C25;4500115537;10;0377;1;MPITTIA;16/12/2025;31/8/2026;C25;7;15/4/2026;;;;;;;;;;Sin aclaración;En curso - Total recepcionado;;C25
00377-YPF 3° loop;1000079982;10;ZPAN;MODULOS BAÑOS;;0;;;;ASABATINO;1047100;ALQUILER DE MODULO BAÑO 6MT X MES;8;3,834;8;0;4,166;5000171780;6/5/2026;Servicios;CUMPLIDO PARCIAL;JORGE ALBERTO SOTO S.A.S.;MR01;31/8/2026;22/12/2025;10138861;10;1;22/12/2025;22/12/2025;C04;4500116386;10;0377;1;WVENTURINI;30/12/2025;31/8/2026;C04;5;6/5/2026;;;;;;;;;;Sin aclaración;En curso;;C04
00377-YPF 3° loop;1000079982;20;ZPAN;MODULOS BAÑOS;;0;;;;ASABATINO;1048521;SERV. ALQ. CAMION CISTERNA AGUA 5000LT;8;3,935;8;0;4,065;5000171780;6/5/2026;Servicios;CUMPLIDO PARCIAL;JORGE ALBERTO SOTO S.A.S.;MR01;31/8/2026;22/12/2025;10138861;20;1;22/12/2025;22/12/2025;C04;4500116386;20;0377;1;WVENTURINI;30/12/2025;31/8/2026;C04;5;6/5/2026;;;;;;;;;;Sin aclaración;En curso;;C04
00377-YPF 3° loop;1000079982;30;ZPAN;MODULOS BAÑOS;;0;;;;ASABATINO;1048522;SERV. ALQ. UNID. PLANTA TRAT. EFLUENTES;8;3,794;8;0;4,206;5000171780;6/5/2026;Servicios;CUMPLIDO PARCIAL;JORGE ALBERTO SOTO S.A.S.;MR01;31/8/2026;22/12/2025;10138861;30;1;22/12/2025;22/12/2025;C04;4500116386;30;0377;1;WVENTURINI;30/12/2025;31/8/2026;C04;5;6/5/2026;;;;;;;;;;Sin aclaración;En curso;;C04
00377-YPF 3° loop;1000080012;40;ZPAN;03 SERV BAÑO QUIMICO;;0;;;;RTELLO;1022295;FLETE RETIRO BAÑO QUIM EN VEHI PESADO;1;0;1;0;1;;;Servicios;ADJUDICADO;DASH SRL;MR01;31/8/2026;22/12/2025;10138874;40;1;22/12/2025;22/12/2025;C25;4500116102;40;0377;1;MPITTIA;23/12/2025;31/8/2026;C25;0;;;;;;;;;;;03 Cert Mensual;En curso;;C25
00377-YPF 3° loop;1000080149;10;ZPAN;ALQ IMPRESORAS;;0;;;;RTELLO;1026315;ALQ IMP RICOH IM C2000(A3/A4) COLOR XMES;8;3,5;8;0;4,5;5000172810;13/5/2026;Servicios;CUMPLIDO PARCIAL;PRINTER SRL;MR01;31/8/2026;26/12/2025;10139100;10;1;26/12/2025;29/12/2025;C25;4500116345;10;0377;1;MPITTIA;30/12/2025;31/8/2026;C25;8;13/5/2026;;;;;;;;;;Sin aclaración;En curso;;C25
00377-YPF 3° loop;1000080149;20;ZPAN;ALQ IMPRESORAS;;0;;;;RTELLO;1026315;ALQ IMP RICOH IM C2000(A3/A4) BYN XMES;8;3,5;8;0;4,5;5000172810;13/5/2026;Servicios;CUMPLIDO PARCIAL;PRINTER SRL;MR01;31/8/2026;26/12/2025;10139100;20;1;26/12/2025;29/12/2025;C25;4500116345;20;0377;1;MPITTIA;30/12/2025;31/8/2026;C25;8;13/5/2026;;;;;;;;;;Sin aclaración;En curso;;C25
00377-YPF 3° loop;1000080149;30;ZPAN;ALQ IMPRESORAS;;0;;;;RTELLO;1026136;ALQ IMPRESORA MULTIF BYN A4 X MES;8;3,5;8;0;4,5;5000172810;13/5/2026;Servicios;CUMPLIDO PARCIAL;PRINTER SRL;MR01;31/8/2026;26/12/2025;10139100;30;1;26/12/2025;29/12/2025;C25;4500116345;30;0377;1;MPITTIA;30/12/2025;31/8/2026;C25;4;13/5/2026;;;;;;;;;;Sin aclaración;En curso;;C25
00377-YPF 3° loop;1000080149;40;ZPAN;ALQ IMPRESORAS;;0;;;;RTELLO;1026137;ALQ IMPRESORA MULTIF COLOR A4 X MES;8;1,5;8;0;6,5;5000164375;6/3/2026;Servicios;CUMPLIDO PARCIAL;PRINTER SRL;MR01;31/8/2026;26/12/2025;10139100;40;1;26/12/2025;29/12/2025;C25;4500116345;40;0377;1;MPITTIA;30/12/2025;31/8/2026;C25;6;6/3/2026;;;;;;;;;;Sin aclaración;En curso;;C25
00377-YPF 3° loop;1000080166;10;ZPAN;03 SERV MEDICO - AMB;;0;;;;ASABATINO;1048518;SS AMBULANCIA ALTA COMPLEJIDAD XMES;8;1,33;8;0;6,67;5000164042;4/3/2026;Servicios;CUMPLIDO PARCIAL;SERVICIOS MEDICOS EN OBRAS SRL;MR01;31/8/2026;29/12/2025;10139112;30;1;6/1/2026;6/1/2026;C25;4500117646;20;0377;2;MPITTIA;16/1/2026;31/8/2026;C25;2;4/3/2026;;;;;;;;;;03 Cert Mensual;En curso;Rojo;C25
00377-YPF 3° loop;1000080166;20;ZPAN;03 SERV MEDICO - AMB;;0;;;;ASABATINO;1048518;TRAILER CON EQUIPAMIENTO;8;0,991;8;0;7,009;5000164042;4/3/2026;Servicios;CUMPLIDO PARCIAL;SERVICIOS MEDICOS EN OBRAS SRL;MR01;31/8/2026;29/12/2025;10139112;20;1;29/12/2025;29/12/2025;C25;4500117646;10;0377;2;MPITTIA;16/1/2026;31/8/2026;C25;2;4/3/2026;;;;;;;;;;03 Cert Mensual;En curso;Rojo;C25
00377-YPF 3° loop;1000080170;10;ZPAN;02 SERV VIANDAS;;0;;;;ASABATINO;1013121;VIANDA ALMUERZO XUN;15000;10430;15000;0;4570;5000173770;20/5/2026;Servicios;CUMPLIDO PARCIAL;MAXIMIA S.A.;MR01;31/8/2026;29/12/2025;10139116;10;1;29/12/2025;29/12/2025;C25;4500117143;10;0377;1;MPITTIA;12/1/2026;31/8/2026;C25;8;20/5/2026;;;;;;;;;;02 Cert Quincenal;En curso;Verde;C25
00377-YPF 3° loop;1000080240;10;ZPAN;SUBC MO FO;;0;;;;RTELLO;1042362;SUBCONTRATO MO FO;1;0;1;0;1;;;Servicios;ADJUDICADO;OXBEEL S.R.L;MR01;31/8/2026;30/12/2025;10139323;10;1;30/12/2025;12/1/2026;C26;4500117312;10;0377;1;AGONZALEZ;13/1/2026;31/8/2026;C26;0;;;;;;;;;;;Sin aclaración;En curso;;C26
00377-YPF 3° loop;1000080266;40;ZPAI;CASETAS DE HORMIGON;;0;;;;RTELLO;1049041;CASETA COMUN - FLETE PREMOLDEADOS;4;2;4;0;2;5000173369;16/5/2026;Servicios;CUMPLIDO PARCIAL;EL FORTIN CONSTRUCCIONES SRL;MR01;31/5/2026;30/12/2025;10139409;40;1;30/12/2025;2/1/2026;C18;4500116500;30;0377;1;VBARRA;2/1/2026;31/5/2026;C18;2;16/5/2026;;;;;;;;;;Sin aclaración;En curso - Próximo a vencer;;C18
00377-YPF 3° loop;1000080266;80;ZPAI;CASETAS DE HORMIGON;;0;;;;RTELLO;1049041;CAMARA LN - FLETE PREMOLDEADOS;3;3;3;0;0;5000168653;11/4/2026;Servicios;CUMPLIDO;EL FORTIN CONSTRUCCIONES SRL;MR01;31/5/2026;30/12/2025;10139409;80;1;30/12/2025;2/1/2026;C18;4500116500;70;0377;1;VBARRA;2/1/2026;20/3/2026;C18;3;11/4/2026;;;;;;;;;;Sin aclaración;En curso - Próximo a vencer;;C18
00377-YPF 3° loop;1000080266;120;ZPAI;CASETAS DE HORMIGON;;0;;;;RTELLO;1049041;CAMARA VINC - FLETE PREMOLDEADOS;1;1;1;0;0;5000170506;24/4/2026;Servicios;CUMPLIDO;EL FORTIN CONSTRUCCIONES SRL;MR01;31/5/2026;30/12/2025;10139409;120;1;30/12/2025;2/1/2026;C18;4500116500;110;0377;1;VBARRA;2/1/2026;27/4/2026;C18;1;24/4/2026;;;;;;;;;;Sin aclaración;En curso - Próximo a vencer;;C18
00377-YPF 3° loop;1000080444;10;ZPAN;03 TRANSPORTE PERSON;;0;;;;ASABATINO;1048595;COMBI X 19 PAX LINEA;8;2,67;8;0;5,33;5000172071;7/5/2026;Servicios;CUMPLIDO PARCIAL;CUATRODEC SERVICIOS S.A.;MR01;30/9/2026;6/1/2026;10139618;10;1;6/1/2026;12/1/2026;C25;4500117387;10;0377;1;MPITTIA;14/1/2026;30/9/2026;C25;3;7/5/2026;;;;;;;;;;03 Cert Mensual;En curso;Verde;C25
00377-YPF 3° loop;1000080444;20;ZPAN;03 TRANSPORTE PERSON;;0;;;;ASABATINO;1048595;COMBI X 19 PAX LINEA;8;2,67;8;0;5,33;5000172071;7/5/2026;Servicios;CUMPLIDO PARCIAL;CUATRODEC SERVICIOS S.A.;MR01;30/9/2026;6/1/2026;10139618;20;1;6/1/2026;12/1/2026;C25;4500117387;20;0377;1;MPITTIA;14/1/2026;30/9/2026;C25;3;7/5/2026;;;;;;;;;;03 Cert Mensual;En curso;Verde;C25
00377-YPF 3° loop;1000080444;30;ZPAN;03 TRANSPORTE PERSON;;0;;;;ASABATINO;1048595;COMBI X 19 PAX LINEA;8;2,67;8;0;5,33;5000172071;7/5/2026;Servicios;CUMPLIDO PARCIAL;CUATRODEC SERVICIOS S.A.;MR01;30/9/2026;6/1/2026;10139618;30;1;6/1/2026;12/1/2026;C25;4500117387;30;0377;1;MPITTIA;14/1/2026;30/9/2026;C25;3;7/5/2026;;;;;;;;;;03 Cert Mensual;En curso;Verde;C25
00377-YPF 3° loop;1000080444;40;ZPAN;03 TRANSPORTE PERSON;;0;;;;ASABATINO;1048595;COMBI X 19 PAX LINEA;8;1,5;8;0;6,5;5000172071;7/5/2026;Servicios;CUMPLIDO PARCIAL;CUATRODEC SERVICIOS S.A.;MR01;30/9/2026;6/1/2026;10139618;40;1;6/1/2026;12/1/2026;C25;4500117387;40;0377;1;MPITTIA;14/1/2026;30/9/2026;C25;2;7/5/2026;;;;;;;;;;03 Cert Mensual;En curso;Verde;C25
00377-YPF 3° loop;1000080444;50;ZPAN;03 TRANSPORTE PERSON;;0;;;;ASABATINO;1048595;COMBI X 19 PAX LINEA;6;1,5;6;0;4,5;5000172071;7/5/2026;Servicios;CUMPLIDO PARCIAL;CUATRODEC SERVICIOS S.A.;MR01;30/9/2026;6/1/2026;10139618;80;1;11/1/2026;12/1/2026;C25;4500117387;50;0377;1;MPITTIA;14/1/2026;30/9/2026;C25;2;7/5/2026;;;;;;;;;;03 Cert Mensual;En curso;Verde;C25
00377-YPF 3° loop;1000080444;60;ZPAN;03 TRANSPORTE PERSON;;0;;;;ASABATINO;1048595;COMBI X 19 PAX LINEA;6;1;6;0;5;5000172071;7/5/2026;Servicios;CUMPLIDO PARCIAL;CUATRODEC SERVICIOS S.A.;MR01;30/9/2026;6/1/2026;10139618;90;1;11/1/2026;12/1/2026;C25;4500117387;60;0377;1;MPITTIA;14/1/2026;30/9/2026;C25;1;7/5/2026;;;;;;;;;;03 Cert Mensual;En curso;Verde;C25
00377-YPF 3° loop;1000080444;70;ZPAN;03 TRANSPORTE PERSON;;0;;;;ASABATINO;1048595;COMBI X 19 PAX;8;3,56;8;0;4,44;5000172071;7/5/2026;Servicios;CUMPLIDO PARCIAL;CUATRODEC SERVICIOS S.A.;MR01;30/9/2026;6/1/2026;10139618;100;1;11/1/2026;12/1/2026;C25;4500117387;70;0377;1;MPITTIA;14/1/2026;30/9/2026;C25;5;7/5/2026;;;;;;;;;;03 Cert Mensual;En curso;Verde;C25
00377-YPF 3° loop;1000080444;80;ZPAN;03 TRANSPORTE PERSON;;0;;;;ASABATINO;1048595;COMBI X 19 PAX;8;2,86;8;0;5,14;5000172071;7/5/2026;Servicios;CUMPLIDO PARCIAL;CUATRODEC SERVICIOS S.A.;MR01;30/9/2026;6/1/2026;10139618;110;1;11/1/2026;12/1/2026;C25;4500117387;80;0377;1;MPITTIA;14/1/2026;30/9/2026;C25;5;7/5/2026;;;;;;;;;;03 Cert Mensual;En curso;Verde;C25
00377-YPF 3° loop;1000080444;90;ZPAN;03 TRANSPORTE PERSON;;0;;;;ASABATINO;1022295;KMS EXCEDENTES;4480;0;4480;0;4480;;;Servicios;ADJUDICADO;CUATRODEC SERVICIOS S.A.;MR01;30/9/2026;6/1/2026;10139618;120;1;11/1/2026;12/1/2026;C25;4500117387;90;0377;1;MPITTIA;14/1/2026;30/9/2026;C25;0;;;;;;;;;;;03 Cert Mensual;En curso;;C25
00377-YPF 3° loop;1000080444;100;ZPAN;03 TRANSPORTE PERSON;;0;;;;ASABATINO;1022295;ADICIONAL FERIADO/DOMINGO;28;26;28;0;2;5000172071;7/5/2026;Servicios;CUMPLIDO PARCIAL;CUATRODEC SERVICIOS S.A.;MR01;30/9/2026;6/1/2026;10139618;130;1;11/1/2026;12/1/2026;C25;4500117387;100;0377;1;MPITTIA;14/1/2026;30/9/2026;C25;2;7/5/2026;;;;;;;;;;03 Cert Mensual;En curso;Verde;C25
00377-YPF 3° loop;1000080444;110;ZPAN;03 TRANSPORTE PERSON;;0;;;;ASABATINO;1048595;COMBI X 19 PAX;4;2,16;4;0;1,84;5000172071;7/5/2026;Servicios;CUMPLIDO PARCIAL;CUATRODEC SERVICIOS S.A.;MR01;30/9/2026;6/1/2026;10139618;140;1;12/1/2026;12/1/2026;C25;4500117387;110;0377;1;MPITTIA;14/1/2026;30/9/2026;C25;4;7/5/2026;;;;;;;;;;03 Cert Mensual;En curso;Verde;C25
00377-YPF 3° loop;1000080444;120;ZPAN;03 TRANSPORTE PERSON;;0;;;;ASABATINO;1048595;COMBI X 19 PAX;4;0,67;4;0;3,33;5000164064;4/3/2026;Servicios;CUMPLIDO PARCIAL;CUATRODEC SERVICIOS S.A.;MR01;30/9/2026;6/1/2026;10139618;150;1;12/1/2026;12/1/2026;C25;4500117387;120;0377;1;MPITTIA;14/1/2026;30/9/2026;C25;1;4/3/2026;;;;;;;;;;03 Cert Mensual;En curso;Rojo;C25
00377-YPF 3° loop;1000080474;10;ZPAN;03 SERV. PALEONTOLOG;;0;;;;ASABATINO;1035446;SERVICIO MENSUAL DE PALEONTOLOGIA;8;2;8;0;6;5000171791;6/5/2026;Servicios;CUMPLIDO PARCIAL;CARBALLIDO JOSE LUIS;MR01;31/8/2026;6/1/2026;10139662;10;1;6/1/2026;6/1/2026;C26;4500116871;10;0377;1;AGONZALEZ;8/1/2026;31/8/2026;C26;2;6/5/2026;;;;;;;;;;03 Cert Mensual;En curso;Verde;C26
00377-YPF 3° loop;1000080474;20;ZPAN;03 SERV. PALEONTOLOG;;0;;;;ASABATINO;1022295;INFORME INICIAL (ESTUDIO IMPACTO PALEONT;1;1;1;0;0;5000164842;10/3/2026;Servicios;CUMPLIDO;CARBALLIDO JOSE LUIS;MR01;31/8/2026;6/1/2026;10139662;20;1;6/1/2026;6/1/2026;C26;4500116871;20;0377;1;AGONZALEZ;8/1/2026;31/8/2026;C26;1;10/3/2026;;;;;;;;;;03 Cert Mensual;En curso - Total recepcionado;;C26
00377-YPF 3° loop;1000080474;30;ZPAN;03 SERV. PALEONTOLOG;;0;;;;ASABATINO;1022295;INFORME FINAL;1;0;1;0;1;;;Servicios;ADJUDICADO;CARBALLIDO JOSE LUIS;MR01;31/8/2026;6/1/2026;10139662;30;1;6/1/2026;6/1/2026;C26;4500116871;30;0377;1;AGONZALEZ;8/1/2026;31/8/2026;C26;0;;;;;;;;;;;03 Cert Mensual;En curso;;C26
00377-YPF 3° loop;1000080591;10;ZPAN;03 SERV AGUA RIEGO -;;0;;;;ASABATINO;1026120;SERV DE PROV DE AGUA NO POTABLE;10000000;4500000;10000000;0;5500000;5000171795;6/5/2026;Servicios;CUMPLIDO PARCIAL;CONSORCIO DE RIEGO CAMPO GRANDE;MR01;31/8/2026;8/1/2026;10139843;10;1;8/1/2026;8/1/2026;C25;4500117978;10;0377;1;MPITTIA;20/1/2026;31/8/2026;C25;3;6/5/2026;;;;;;;;;;03 Cert Mensual;En curso;Verde;C25
00377-YPF 3° loop;1000080628;20;ZPAN;TANQUE SUMIDERO;;0;;4;12/5/2026;ASABATINO;1012973;FLETE SEMIRREMOLQUE 13,5MT XVIAJE;1;0;0;1;1;;;Servicios;RESPONDIDO;;MR01;30/4/2026;8/1/2026;10139901;20;1;16/1/2026;16/1/2026;C15;;0;;1;;;;;2;;;;;;;;;;;Sin aclaración;Vencido con cant pendiente a recep;;C15
00377-YPF 3° loop;1000080874;10;ZPAN;03 SERV CONS. AMBIEN;;0;;;;RTELLO;1042362;RESPONSABLE MEDIO AMBIENTE X MES;6;2;6;0;4;5000173055;6/5/2026;Servicios;CUMPLIDO PARCIAL;STEP ENERGY S. A. S.;MR01;31/8/2026;12/1/2026;10140142;10;1;12/1/2026;12/1/2026;C25;4500120551;10;0377;2;MPITTIA;23/2/2026;31/8/2026;C25;4;6/5/2026;;;;;;;;;;03 Cert Mensual;En curso;Verde;C25
00377-YPF 3° loop;1000080875;10;ZPAN;03 SERVICIO RADIOS;;0;;;;ASABATINO;1048594;SERV. DE RADIOS TETRA  X MES (18 TERMI.);176;87;176;0;89;5000173749;20/5/2026;Servicios;CUMPLIDO PARCIAL;INTEPLA SRL;MR01;30/9/2026;12/1/2026;10140144;10;1;12/1/2026;12/1/2026;C25;4500117684;10;0377;1;MPITTIA;16/1/2026;30/9/2026;C25;6;20/5/2026;;;;;;;;;;03 Cert Mensual;En curso;Verde;C25
00377-YPF 3° loop;1000080875;20;ZPAN;03 SERVICIO RADIOS;;0;;;;ASABATINO;1048591;SERV. DE RADIOS TETRA XMES (1 TERMINAL);8;4;8;0;4;5000173749;20/5/2026;Servicios;CUMPLIDO PARCIAL;INTEPLA SRL;MR01;30/9/2026;12/1/2026;10140144;20;1;12/1/2026;12/1/2026;C25;4500117684;20;0377;1;MPITTIA;16/1/2026;30/9/2026;C25;4;20/5/2026;;;;;;;;;;03 Cert Mensual;En curso;Verde;C25
00377-YPF 3° loop;1000080875;30;ZPAN;03 SERVICIO RADIOS;;0;;;;ASABATINO;1022295;PROGR./INSTALACION EN CAMIONETAS;15;15;15;0;0;5000160988;4/2/2026;Servicios;CUMPLIDO;INTEPLA SRL;MR01;30/9/2026;12/1/2026;10140144;30;1;12/1/2026;12/1/2026;C25;4500117684;30;0377;1;MPITTIA;16/1/2026;30/9/2026;C25;1;4/2/2026;;;;;;;;;;03 Cert Mensual;En curso - Total recepcionado;;C25
00377-YPF 3° loop;1000080875;40;ZPAN;03 SERVICIO RADIOS;;0;;;;ASABATINO;1022295;PROGR./INSTALACION EN CAMION/MAQ.VIAL;7;1;7;0;6;5000162539;19/2/2026;Servicios;CUMPLIDO PARCIAL;INTEPLA SRL;MR01;30/9/2026;12/1/2026;10140144;40;1;12/1/2026;12/1/2026;C25;4500117684;40;0377;1;MPITTIA;16/1/2026;30/9/2026;C25;3;19/2/2026;;;;;;;;;;03 Cert Mensual;En curso;Rojo;C25
00377-YPF 3° loop;1000080875;50;ZPAN;03 SERVICIO RADIOS;;0;;;;ASABATINO;1022295;PROGR./INSTALACION EQ.TETRA FIJA OBRADOR;1;1;1;0;0;5000160988;4/2/2026;Servicios;CUMPLIDO;INTEPLA SRL;MR01;30/9/2026;12/1/2026;10140144;50;1;12/1/2026;12/1/2026;C25;4500117684;50;0377;1;MPITTIA;16/1/2026;30/9/2026;C25;1;4/2/2026;;;;;;;;;;03 Cert Mensual;En curso - Total recepcionado;;C25
00377-YPF 3° loop;1000080931;10;ZPAN;CONT INSPEC YPF;;20;;;;RTELLO;1033267;SERV ALQ CONT x 12 MTS OFICINA S/DETALLE;8;2,617;8;0;5,383;5000171778;6/5/2026;Servicios;CUMPLIDO PARCIAL;JORGE ALBERTO SOTO S.A.S.;MR01;31/8/2026;13/1/2026;10140217;10;1;13/1/2026;13/1/2026;C04;4500117290;10;0377;1;WVENTURINI;13/1/2026;31/8/2026;C04;4;6/5/2026;;;;;;;;;;Sin aclaración;En curso;;C04
00377-YPF 3° loop;1000080931;20;ZPAN;CONT INSPEC YPF;;20;;;;RTELLO;1033267;SERV ALQ CONT x 12 MTS OFI/COMEDOR;8;3,5;8;0;4,5;5000171778;6/5/2026;Servicios;CUMPLIDO PARCIAL;JORGE ALBERTO SOTO S.A.S.;MR01;31/8/2026;13/1/2026;10140217;20;1;13/1/2026;13/1/2026;C04;4500117290;20;0377;1;WVENTURINI;13/1/2026;31/8/2026;C04;4;6/5/2026;;;;;;;;;;Sin aclaración;En curso;;C04
00377-YPF 3° loop;1000080971;20;ZPAN;03 SERV BAÑOS QUIMIC;;0;;;;RTELLO;1013136;SERVICIO LIMPIEZA DESAGOTE BANO QUIMICO;1500;655;1500;0;845;5000172224;8/5/2026;Servicios;CUMPLIDO PARCIAL;DASH SRL;MR01;31/8/2026;13/1/2026;10140277;20;1;13/1/2026;18/2/2026;C25;4500118762;20;0377;1;MPITTIA;29/1/2026;1/7/2026;C25;4;8/5/2026;;;;;;;;;;03 Cert Mensual;En curso;Verde;C25
00377-YPF 3° loop;1000080971;40;ZPAN;03 SERV BAÑOS QUIMIC;;0;;;;RTELLO;1022295;FLETE ENTREGA BAÑO QUIM EN VEHI PESADO;10;1;10;0;9;5000168078;7/4/2026;Servicios;CUMPLIDO PARCIAL;DASH SRL;MR01;31/8/2026;13/1/2026;10140277;40;1;13/3/2026;13/3/2026;C25;4500123147;30;0377;1;MPITTIA;23/3/2026;31/8/2026;C25;1;7/4/2026;;;;;;;;;;03 Cert Mensual;En curso;Rojo;C25
00377-YPF 3° loop;1000080971;50;ZPAN;03 SERV BAÑOS QUIMIC;;0;;;;RTELLO;1022295;FLETE RETIRO BAÑO QUIM VEHI PESADO X 10U;10;2;10;0;8;5000168433;9/4/2026;Servicios;CUMPLIDO PARCIAL;DASH SRL;MR01;31/8/2026;13/1/2026;10140277;50;1;13/3/2026;13/3/2026;C25;4500123147;40;0377;1;MPITTIA;23/3/2026;31/8/2026;C25;2;9/4/2026;;;;;;;;;;03 Cert Mensual;En curso;Rojo;C25
00377-YPF 3° loop;1000080997;10;ZPAN;CURSO MANEJO;;0;;;;ASABATINO;1048859;CURSO DE MANEJO DEFENSIVO;50;47;50;0;3;5000168247;8/4/2026;Servicios;CUMPLIDO PARCIAL;BUSTOS MARIA LORENA;MR01;30/4/2026;14/1/2026;10140322;10;1;14/1/2026;14/1/2026;C25;4500117453;10;0377;1;MPITTIA;14/1/2026;28/2/2026;C25;2;8/4/2026;;;;;;;;;;Sin aclaración;Vencido con cant pendiente a recep;;C25
00377-YPF 3° loop;1000081143;10;ZPAN;03 SERV AGUA POTABLE;;0;;;;ASABATINO;1025992;ALQUILER DISPENSER FRIO CALOR x MES;80;3,3;80;0;76,7;5000160953;4/2/2026;Servicios;CUMPLIDO PARCIAL;ABIUSI ANALIA VERONICA;MR01;31/8/2026;16/1/2026;10140535;10;1;16/1/2026;16/1/2026;C25;4500118273;10;0377;1;MPITTIA;23/1/2026;31/8/2026;C25;1;4/2/2026;;;;;;;;;;03 Cert Mensual;En curso;Rojo;C25
00377-YPF 3° loop;1000081143;20;ZPAN;03 SERV AGUA POTABLE;;0;;;;ASABATINO;1010725;BIDON DE AGUA 20 L.;1000;1000;1000;0;0;5000172629;12/5/2026;Materiales usuales;ALMACENADO;ABIUSI ANALIA VERONICA;MR01;31/8/2026;16/1/2026;10140535;20;1;16/1/2026;16/1/2026;C25;4500118273;20;0377;1;MPITTIA;23/1/2026;31/8/2026;C25;4;12/5/2026;;;;;;;;;;03 Cert Mensual;En curso - Total recepcionado;;C25
00377-YPF 3° loop;1000081143;30;ZPAN;03 SERV AGUA POTABLE;;0;;;;ASABATINO;1017912;ALQUILER DE FREZZER CHICO X MES;5;1;5;0;4;5000160953;4/2/2026;Servicios;CUMPLIDO PARCIAL;ABIUSI ANALIA VERONICA;MR01;31/8/2026;16/1/2026;10140535;30;1;16/1/2026;16/1/2026;C25;4500118273;30;0377;1;MPITTIA;23/1/2026;31/8/2026;C25;1;4/2/2026;;;;;;;;;;03 Cert Mensual;En curso;Rojo;C25
00377-YPF 3° loop;1000081143;40;ZPAN;03 SERV AGUA POTABLE;;0;;;;ASABATINO;1017912;HIELO POR BOLSON X 2 KG;1000;1000;1000;0;0;5000172629;12/5/2026;Servicios;CUMPLIDO;ABIUSI ANALIA VERONICA;MR01;31/8/2026;16/1/2026;10140535;40;1;16/1/2026;16/1/2026;C25;4500118273;40;0377;1;MPITTIA;23/1/2026;31/8/2026;C25;4;12/5/2026;;;;;;;;;;03 Cert Mensual;En curso - Total recepcionado;;C25
00377-YPF 3° loop;1000081157;10;ZPAN;03 CONT RESIDUOS;;0;;;;RTELLO;1035384;ALQ CONT RESIDUOS C/TAPA X UN;32;7,6;32;0;24,4;5000172428;9/5/2026;Servicios;CUMPLIDO PARCIAL;SOLUCIONES AMBIENTALES PATAGONIA;MR01;31/8/2026;16/1/2026;10140539;10;1;16/1/2026;16/1/2026;C25;4500118506;10;0377;1;MPITTIA;27/1/2026;31/8/2026;C25;1;9/5/2026;;;;;;;;;;03 Cert Mensual;En curso;Verde;C25
00377-YPF 3° loop;1000081157;20;ZPAN;03 CONT RESIDUOS;;0;;;;RTELLO;1035384;ALQ CONT RESIDUOS S/TAPA X UN;16;15,21;16;0;0,79;5000172428;9/5/2026;Servicios;CUMPLIDO PARCIAL;SOLUCIONES AMBIENTALES PATAGONIA;MR01;31/8/2026;16/1/2026;10140539;20;1;16/1/2026;16/1/2026;C25;4500118506;20;0377;1;MPITTIA;27/1/2026;31/8/2026;C25;2;9/5/2026;;;;;;;;;;03 Cert Mensual;En curso;Verde;C25
00377-YPF 3° loop;1000081157;30;ZPAN;03 CONT RESIDUOS;;0;;;;RTELLO;1022295;TRAT. RESI PELIGROSOS Y5 X TN;1;0;1;0;1;;;Servicios;ADJUDICADO;SOLUCIONES AMBIENTALES PATAGONIA;MR01;31/8/2026;16/1/2026;10140539;30;1;16/1/2026;16/1/2026;C25;4500118506;30;0377;1;MPITTIA;27/1/2026;31/8/2026;C25;0;;;;;;;;;;;03 Cert Mensual;En curso;;C25
00377-YPF 3° loop;1000081157;40;ZPAN;03 CONT RESIDUOS;;0;;;;RTELLO;1022295;TRAT. RESI PELIGROSOS Y44 X TN;1;0;1;0;1;;;Servicios;ADJUDICADO;SOLUCIONES AMBIENTALES PATAGONIA;MR01;31/8/2026;16/1/2026;10140539;40;1;16/1/2026;16/1/2026;C25;4500118506;40;0377;1;MPITTIA;27/1/2026;31/8/2026;C25;0;;;;;;;;;;;03 Cert Mensual;En curso;;C25
00377-YPF 3° loop;1000081157;50;ZPAN;03 CONT RESIDUOS;;0;;;;RTELLO;1022295;TRAT. RESI PELIGROSOS Y15 X TN;1;0;1;0;1;;;Servicios;ADJUDICADO;SOLUCIONES AMBIENTALES PATAGONIA;MR01;31/8/2026;16/1/2026;10140539;50;1;16/1/2026;16/1/2026;C25;4500118506;50;0377;1;MPITTIA;27/1/2026;31/8/2026;C25;0;;;;;;;;;;;03 Cert Mensual;En curso;;C25
00377-YPF 3° loop;1000081157;60;ZPAN;03 CONT RESIDUOS;;0;;;;RTELLO;1022295;TRAT. RESI NO PELIGROSOS - DOMICILIAROS;1;1;1;0;0;5000166895;26/3/2026;Servicios;CUMPLIDO;SOLUCIONES AMBIENTALES PATAGONIA;MR01;31/8/2026;16/1/2026;10140539;60;1;16/1/2026;16/1/2026;C25;4500118506;60;0377;1;MPITTIA;27/1/2026;31/8/2026;C25;1;26/3/2026;;;;;;;;;;03 Cert Mensual;En curso - Total recepcionado;;C25
00377-YPF 3° loop;1000081157;70;ZPAN;03 CONT RESIDUOS;;0;;;;RTELLO;1022295;TRAT. RESI NO PELIGROSOS - SECOS X TN;1;1;1;0;0;5000166895;26/3/2026;Servicios;CUMPLIDO;SOLUCIONES AMBIENTALES PATAGONIA;MR01;31/8/2026;16/1/2026;10140539;70;1;16/1/2026;16/1/2026;C25;4500118506;70;0377;1;MPITTIA;27/1/2026;31/8/2026;C25;1;26/3/2026;;;;;;;;;;03 Cert Mensual;En curso - Total recepcionado;;C25
00377-YPF 3° loop;1000081157;80;ZPAN;03 CONT RESIDUOS;;0;;;;RTELLO;1022295;TRAT. RESI INDUST - NO ESPECIALES X TN;1;1;1;0;0;5000166895;26/3/2026;Servicios;CUMPLIDO;SOLUCIONES AMBIENTALES PATAGONIA;MR01;31/8/2026;16/1/2026;10140539;80;1;16/1/2026;16/1/2026;C25;4500118506;80;0377;1;MPITTIA;27/1/2026;31/8/2026;C25;1;26/3/2026;;;;;;;;;;03 Cert Mensual;En curso - Total recepcionado;;C25
00377-YPF 3° loop;1000081157;90;ZPAN;03 CONT RESIDUOS;;0;;;;RTELLO;1022295;TRASLADO RESI PELIGROSOS x KM;5;1,373;5;0;3,627;5000172428;9/5/2026;Servicios;CUMPLIDO PARCIAL;SOLUCIONES AMBIENTALES PATAGONIA;MR01;31/8/2026;16/1/2026;10140539;90;1;16/1/2026;16/1/2026;C25;4500118506;90;0377;1;MPITTIA;27/1/2026;31/8/2026;C25;1;9/5/2026;;;;;;;;;;03 Cert Mensual;En curso;Verde;C25
00377-YPF 3° loop;1000081511;10;ZPAN;04 SUBC. SOLDADURA;;0;;;;ASABATINO;1042083;"Soldadura LR - Caño 24""Ø X70 2 CC 9.52";3806;3521;3806;0;285;5000172144;7/5/2026;Servicios;CUMPLIDO PARCIAL;CATEX SRL;MR01;31/8/2026;22/1/2026;10141079;10;1;22/1/2026;22/1/2026;C26;4500118251;10;0377;1;AGONZALEZ;22/1/2026;31/8/2026;C26;4;7/5/2026;;;;;;;;;;04 Cert a Demanda;En curso;;C26
00377-YPF 3° loop;1000081511;20;ZPAN;04 SUBC. SOLDADURA;;0;;;;ASABATINO;1042083;"Soldadura LR - Caño 24""Ø X70 2 CC 14.27";112;55;112;0;57;5000172144;7/5/2026;Servicios;CUMPLIDO PARCIAL;CATEX SRL;MR01;31/8/2026;22/1/2026;10141079;20;1;22/1/2026;22/1/2026;C26;4500118251;20;0377;1;AGONZALEZ;22/1/2026;31/8/2026;C26;2;7/5/2026;;;;;;;;;;04 Cert a Demanda;En curso;;C26
00377-YPF 3° loop;1000081511;30;ZPAN;04 SUBC. SOLDADURA;;0;;;;ASABATINO;1042083;"Soldadura LR - Caño 30"" Ø  X70 CC 10,31";4;0;4;0;4;;;Servicios;ADJUDICADO;CATEX SRL;MR01;31/8/2026;22/1/2026;10141079;30;1;22/1/2026;22/1/2026;C26;4500118251;30;0377;1;AGONZALEZ;22/1/2026;31/8/2026;C26;0;;;;;;;;;;;04 Cert a Demanda;En curso;;C26
00377-YPF 3° loop;1000081511;40;ZPAN;04 SUBC. SOLDADURA;;0;;;;ASABATINO;1042083;"Soldadura LR - Caño 2"" Ø  SCH 20 A106 Gr";4;0;4;0;4;;;Servicios;ADJUDICADO;CATEX SRL;MR01;31/8/2026;22/1/2026;10141079;40;1;22/1/2026;22/1/2026;C26;4500118251;40;0377;1;AGONZALEZ;22/1/2026;31/8/2026;C26;0;;;;;;;;;;;04 Cert a Demanda;En curso;;C26
00377-YPF 3° loop;1000081511;50;ZPAN;04 SUBC. SOLDADURA;;0;;;;ASABATINO;1042083;"Empalmes/Cruces Especiales - Caño 24"" Ø";1;1;1;0;0;5000166613;25/3/2026;Servicios;CUMPLIDO;CATEX SRL;MR01;31/8/2026;22/1/2026;10141079;50;1;22/1/2026;22/1/2026;C26;4500118251;50;0377;1;AGONZALEZ;22/1/2026;31/8/2026;C26;1;25/3/2026;;;;;;;;;;04 Cert a Demanda;En curso - Total recepcionado;;C26
00377-YPF 3° loop;1000081511;60;ZPAN;04 SUBC. SOLDADURA;;0;;;;ASABATINO;1042083;"Empalme/Cruces Especiales - Caño 24"" Ø";1;1;1;0;0;5000166613;25/3/2026;Servicios;CUMPLIDO;CATEX SRL;MR01;31/8/2026;22/1/2026;10141079;60;1;22/1/2026;22/1/2026;C26;4500118251;60;0377;1;AGONZALEZ;22/1/2026;31/8/2026;C26;1;25/3/2026;;;;;;;;;;04 Cert a Demanda;En curso - Total recepcionado;;C26
00377-YPF 3° loop;1000081511;70;ZPAN;04 SUBC. SOLDADURA;;0;;;;ASABATINO;1042083;"Revestimiento LR - Caño 24"" Ø  X70 2 CC";3806;3562;3806;0;244;5000172144;7/5/2026;Servicios;CUMPLIDO PARCIAL;CATEX SRL;MR01;31/8/2026;22/1/2026;10141079;70;1;22/1/2026;22/1/2026;C26;4500118251;70;0377;1;AGONZALEZ;22/1/2026;31/8/2026;C26;4;7/5/2026;;;;;;;;;;04 Cert a Demanda;En curso;;C26
00377-YPF 3° loop;1000081511;80;ZPAN;04 SUBC. SOLDADURA;;0;;;;ASABATINO;1042083;"Revestimiento LR - Caño 24"" Ø  X70 2 CC";112;0;112;0;112;;;Servicios;ADJUDICADO;CATEX SRL;MR01;31/8/2026;22/1/2026;10141079;80;1;22/1/2026;22/1/2026;C26;4500118251;80;0377;1;AGONZALEZ;22/1/2026;31/8/2026;C26;0;;;;;;;;;;;04 Cert a Demanda;En curso;;C26
00377-YPF 3° loop;1000081511;90;ZPAN;04 SUBC. SOLDADURA;;0;;;;ASABATINO;1042083;"Revestimiento LR -  Caño 30"" Ø  X70 CC 1";4;0;4;0;4;;;Servicios;ADJUDICADO;CATEX SRL;MR01;31/8/2026;22/1/2026;10141079;90;1;22/1/2026;22/1/2026;C26;4500118251;90;0377;1;AGONZALEZ;22/1/2026;31/8/2026;C26;0;;;;;;;;;;;04 Cert a Demanda;En curso;;C26
00377-YPF 3° loop;1000081511;100;ZPAN;04 SUBC. SOLDADURA;;0;;;;ASABATINO;1042083;"Revestimiento LR - Caño 2""Ø SCH 20 A106";4;0;4;0;4;;;Servicios;ADJUDICADO;CATEX SRL;MR01;31/8/2026;22/1/2026;10141079;100;1;22/1/2026;22/1/2026;C26;4500118251;100;0377;1;AGONZALEZ;22/1/2026;31/8/2026;C26;0;;;;;;;;;;;04 Cert a Demanda;En curso;;C26
00377-YPF 3° loop;1000081511;160;ZPAN;04 SUBC. SOLDADURA;;0;;;;ASABATINO;1035446;Alquiler Semi c/ Hidrogrua x mes;3;3;3;0;0;5000169752;20/4/2026;Servicios;CUMPLIDO;CATEX SRL;MR01;31/8/2026;22/1/2026;10141079;160;1;22/1/2026;22/1/2026;C26;4500118462;60;0377;1;AGONZALEZ;26/1/2026;31/8/2026;C26;3;20/4/2026;;;;;;;;;;04 Cert a Demanda;En curso - Total recepcionado;;C26
00377-YPF 3° loop;1000081511;170;ZPAN;04 SUBC. SOLDADURA;;0;;;;ASABATINO;1035446;Alquiler Semi c/ Hidrogrua x mes;3;3;3;0;0;5000169752;20/4/2026;Servicios;CUMPLIDO;CATEX SRL;MR01;31/8/2026;22/1/2026;10141079;170;1;22/1/2026;22/1/2026;C26;4500118462;70;0377;1;AGONZALEZ;26/1/2026;31/8/2026;C26;3;20/4/2026;;;;;;;;;;04 Cert a Demanda;En curso - Total recepcionado;;C26
00377-YPF 3° loop;1000081571;10;ZPAN;04 ENSAYOS NO DESTRU;;0;;;;ASABATINO;1042079;GAMMAGRAFIA Ø24 SCH 60 24,60 mm.;34;0;34;0;34;;;Servicios;ADJUDICADO;CAEFE S.A.;MR01;31/8/2026;22/1/2026;10141171;10;1;22/1/2026;23/1/2026;C26;4500118334;10;0377;1;AGONZALEZ;23/1/2026;31/8/2026;C26;0;;;;;;;;;;;04 Cert a Demanda;En curso;;C26
00377-YPF 3° loop;1000081571;20;ZPAN;04 ENSAYOS NO DESTRU;;0;;;;ASABATINO;1042079;GAMMAGRAFIA Ø24 SCH 30 14,27 mm.;24;0;24;0;24;;;Servicios;ADJUDICADO;CAEFE S.A.;MR01;31/8/2026;22/1/2026;10141171;20;1;22/1/2026;23/1/2026;C26;4500118334;20;0377;1;AGONZALEZ;23/1/2026;31/8/2026;C26;0;;;;;;;;;;;04 Cert a Demanda;En curso;;C26
00377-YPF 3° loop;1000081571;30;ZPAN;04 ENSAYOS NO DESTRU;;0;;;;ASABATINO;1042079;GAMMAGRAFIA Ø16 SCH 80 21,04 mm.;38;0;38;0;38;;;Servicios;ADJUDICADO;CAEFE S.A.;MR01;31/8/2026;22/1/2026;10141171;30;1;22/1/2026;23/1/2026;C26;4500118334;30;0377;1;AGONZALEZ;23/1/2026;31/8/2026;C26;0;;;;;;;;;;;04 Cert a Demanda;En curso;;C26
00377-YPF 3° loop;1000081571;40;ZPAN;04 ENSAYOS NO DESTRU;;0;;;;ASABATINO;1042079;GAMMAGRAFIA Ø16 SCH 30 9,52 mm.;10;0;10;0;10;;;Servicios;ADJUDICADO;CAEFE S.A.;MR01;31/8/2026;22/1/2026;10141171;40;1;22/1/2026;23/1/2026;C26;4500118334;40;0377;1;AGONZALEZ;23/1/2026;31/8/2026;C26;0;;;;;;;;;;;04 Cert a Demanda;En curso;;C26
00377-YPF 3° loop;1000081571;50;ZPAN;04 ENSAYOS NO DESTRU;;0;;;;ASABATINO;1042079;GAMMAGRAFIA Ø10 SCH 80 15,09 mm.;18;0;18;0;18;;;Servicios;ADJUDICADO;CAEFE S.A.;MR01;31/8/2026;22/1/2026;10141171;50;1;22/1/2026;23/1/2026;C26;4500118334;50;0377;1;AGONZALEZ;23/1/2026;31/8/2026;C26;0;;;;;;;;;;;04 Cert a Demanda;En curso;;C26
00377-YPF 3° loop;1000081571;60;ZPAN;04 ENSAYOS NO DESTRU;;0;;;;ASABATINO;1042079;GAMMAGRAFIA Ø 8 SCH 80 12,7 mm.;20;0;20;0;20;;;Servicios;ADJUDICADO;CAEFE S.A.;MR01;31/8/2026;22/1/2026;10141171;60;1;22/1/2026;23/1/2026;C26;4500118334;60;0377;1;AGONZALEZ;23/1/2026;31/8/2026;C26;0;;;;;;;;;;;04 Cert a Demanda;En curso;;C26
00377-YPF 3° loop;1000081571;70;ZPAN;04 ENSAYOS NO DESTRU;;0;;;;ASABATINO;1042079;GAMMAGRAFIA Ø 4 SCH 40 6,02 mm.;84;0;84;0;84;;;Servicios;ADJUDICADO;CAEFE S.A.;MR01;31/8/2026;22/1/2026;10141171;70;1;22/1/2026;23/1/2026;C26;4500118334;70;0377;1;AGONZALEZ;23/1/2026;31/8/2026;C26;0;;;;;;;;;;;04 Cert a Demanda;En curso;;C26
00377-YPF 3° loop;1000081571;80;ZPAN;04 ENSAYOS NO DESTRU;;0;;;;ASABATINO;1042079;GAMMAGRAFIA Ø 3 SCH 40 5,49 mm.;5;0;5;0;5;;;Servicios;ADJUDICADO;CAEFE S.A.;MR01;31/8/2026;22/1/2026;10141171;80;1;22/1/2026;23/1/2026;C26;4500118334;80;0377;1;AGONZALEZ;23/1/2026;31/8/2026;C26;0;;;;;;;;;;;04 Cert a Demanda;En curso;;C26
00377-YPF 3° loop;1000081571;90;ZPAN;04 ENSAYOS NO DESTRU;;0;;;;ASABATINO;1042079;GAMMAGRAFIA Ø 2 SCH 80 5,55 mm.;72;0;72;0;72;;;Servicios;ADJUDICADO;CAEFE S.A.;MR01;31/8/2026;22/1/2026;10141171;90;1;22/1/2026;23/1/2026;C26;4500118334;90;0377;1;AGONZALEZ;23/1/2026;31/8/2026;C26;0;;;;;;;;;;;04 Cert a Demanda;En curso;;C26
00377-YPF 3° loop;1000081571;100;ZPAN;04 ENSAYOS NO DESTRU;;0;;;;ASABATINO;1042079;GAMMAGRAFIA Ø 2 SCH 40 3,91 mm.;10;7;10;0;3;5000168517;10/4/2026;Servicios;CUMPLIDO PARCIAL;CAEFE S.A.;MR01;31/8/2026;22/1/2026;10141171;100;1;22/1/2026;23/1/2026;C26;4500118334;100;0377;1;AGONZALEZ;23/1/2026;31/8/2026;C26;1;10/4/2026;;;;;;;;;;04 Cert a Demanda;En curso;;C26
00377-YPF 3° loop;1000081571;110;ZPAN;04 ENSAYOS NO DESTRU;;0;;;;ASABATINO;1042079;LIQUIDOS PENETRANTES;50;16,2;50;0;33,8;5000171831;6/5/2026;Servicios;CUMPLIDO PARCIAL;CAEFE S.A.;MR01;31/8/2026;22/1/2026;10141171;110;1;22/1/2026;23/1/2026;C26;4500118334;110;0377;1;AGONZALEZ;23/1/2026;31/8/2026;C26;2;6/5/2026;;;;;;;;;;04 Cert a Demanda;En curso;;C26
00377-YPF 3° loop;1000081571;120;ZPAN;04 ENSAYOS NO DESTRU;;0;;;;ASABATINO;1042079;SERVCIO DIARIO DE GAMMAGRAFÍA EXT;60;1;60;0;59;5000168517;10/4/2026;Servicios;CUMPLIDO PARCIAL;CAEFE S.A.;MR01;31/8/2026;22/1/2026;10141171;120;1;22/1/2026;23/1/2026;C26;4500118334;120;0377;1;AGONZALEZ;23/1/2026;31/8/2026;C26;1;10/4/2026;;;;;;;;;;04 Cert a Demanda;En curso;;C26
00377-YPF 3° loop;1000081571;130;ZPAN;04 ENSAYOS NO DESTRU;;0;;;;ASABATINO;1042079;SERVICIO DIARIO DE ULTRASONIDO (SAUT/PH;125;125;125;0;0;5000171831;6/5/2026;Servicios;CUMPLIDO;CAEFE S.A.;MR01;31/8/2026;22/1/2026;10141171;130;1;22/1/2026;23/1/2026;C26;4500118334;130;0377;1;AGONZALEZ;23/1/2026;31/8/2026;C26;4;6/5/2026;;;;;;;;;;04 Cert a Demanda;En curso - Total recepcionado;;C26
00377-YPF 3° loop;1000081633;10;ZPAN;ALQ IMPRESORAS;;0;;;;RTELLO;1026136;ALQ IMPRESORA MULTIF BYN A4 X MES;8;3;8;0;5;5000171785;6/5/2026;Servicios;CUMPLIDO PARCIAL;PRINTER SRL;MR01;31/8/2026;23/1/2026;10141243;10;1;23/1/2026;23/1/2026;C25;4500119456;10;0377;1;MPITTIA;5/2/2026;31/8/2026;C25;3;6/5/2026;;;;;;;;;;Sin aclaración;En curso;;C25
00377-YPF 3° loop;1000081774;10;ZPAN;04 PROVISION SGFV;;0;;;;RTELLO;1012829;SISTEMA FV OFF GRID;4;0;4;0;4;;;Materiales genericos;ADJUDICADO;CONTROL POINT S.A.;MR01;13/2/2026;26/1/2026;10141435;10;1;26/1/2026;27/1/2026;C26;4500118696;10;0377;1;AGONZALEZ;28/1/2026;30/4/2026;C26;0;;;;;;;;;;;04 Cert a Demanda;Vencido con cant pendiente a recep;;C26
00377-YPF 3° loop;1000081774;20;ZPAN;04 PROVISION SGFV;;0;;;;RTELLO;1012829;UPS NUEVA EN LP;1;0;1;0;1;;;Materiales genericos;ADJUDICADO;CONTROL POINT S.A.;MR01;13/2/2026;26/1/2026;10141435;20;1;26/1/2026;27/1/2026;C26;4500118696;20;0377;1;AGONZALEZ;28/1/2026;30/4/2026;C26;0;;;;;;;;;;;04 Cert a Demanda;Vencido con cant pendiente a recep;;C26
00377-YPF 3° loop;1000082023;10;ZPAN;EQUIP TRAILER YPF;;0;;;;RTELLO;1026315;ALQ IMP RICOH IM C2000(A3/A4) COLOR XMES;8;3;8;0;5;5000171784;6/5/2026;Servicios;CUMPLIDO PARCIAL;PRINTER SRL;MR01;31/8/2026;29/1/2026;10141757;10;1;29/1/2026;29/1/2026;C25;4500119459;10;0377;1;MPITTIA;5/2/2026;31/8/2026;C25;3;6/5/2026;;;;;;;;;;Sin aclaración;En curso;;C25
00377-YPF 3° loop;1000082320;10;ZPAN;04 PUENTE GRUA;;0;;;;RTELLO;1042362;PUENTE GRUA DE TRASLADO E IZAJE MANUAL;1;0;1;0;1;;;Servicios;ADJUDICADO;AGTB INGENIERIA SRL;MR01;10/6/2026;3/2/2026;10142153;10;1;3/2/2026;3/2/2026;C26;4500119892;10;0377;1;AGONZALEZ;11/2/2026;30/6/2026;C26;0;;;;;;;;;;;04 Cert a Demanda;En curso - Próximo a vencer;;C26
00377-YPF 3° loop;1000082320;20;ZPAN;04 PUENTE GRUA;;0;;;;RTELLO;1042362;PUENTE GRUA DE TRASLADO E IZAJE MOTORIZ.;1;0;1;0;1;;;Servicios;ADJUDICADO;AGTB INGENIERIA SRL;MR01;1/6/2026;3/2/2026;10142153;20;1;10/2/2026;11/2/2026;C26;4500119892;20;0377;1;AGONZALEZ;11/2/2026;30/6/2026;C26;0;;;;;;;;;;;04 Cert a Demanda;En curso - Próximo a vencer;;C26
00377-YPF 3° loop;1000082320;30;ZPAN;04 PUENTE GRUA;;0;;;;RTELLO;1042362;SISTEMA DE ALIMENTACION P/CARROS PORTABL;8;0;8;0;8;;;Servicios;ADJUDICADO;AGTB INGENIERIA SRL;MR01;1/6/2026;3/2/2026;10142153;30;1;10/2/2026;11/2/2026;C26;4500119892;30;0377;1;AGONZALEZ;11/2/2026;30/6/2026;C26;0;;;;;;;;;;;04 Cert a Demanda;En curso - Próximo a vencer;;C26
00377-YPF 3° loop;1000082320;40;ZPAN;04 PUENTE GRUA;;0;;;;RTELLO;1042362;PRUEBAS FAT EN PLANTA Y CERTIFICACION;2;0;2;0;2;;;Servicios;ADJUDICADO;AGTB INGENIERIA SRL;MR01;1/6/2026;3/2/2026;10142153;40;1;10/2/2026;11/2/2026;C26;4500119892;40;0377;1;AGONZALEZ;11/2/2026;30/6/2026;C26;0;;;;;;;;;;;04 Cert a Demanda;En curso - Próximo a vencer;;C26
00377-YPF 3° loop;1000082320;50;ZPAN;04 PUENTE GRUA;;0;;;;RTELLO;1042362;ESTRUCTURA DE TRASLACION C/VIGAS CARRILE;2;0;2;0;2;;;Servicios;ADJUDICADO;AGTB INGENIERIA SRL;MR01;1/6/2026;3/2/2026;10142153;50;1;10/2/2026;11/2/2026;C26;4500119892;50;0377;1;AGONZALEZ;11/2/2026;30/6/2026;C26;0;;;;;;;;;;;04 Cert a Demanda;En curso - Próximo a vencer;;C26
00377-YPF 3° loop;1000082320;60;ZPAN;04 PUENTE GRUA;;0;;;;RTELLO;1042362;TRASLADO;2;0;2;0;2;;;Servicios;ADJUDICADO;AGTB INGENIERIA SRL;MR01;1/6/2026;3/2/2026;10142153;60;1;10/2/2026;11/2/2026;C26;4500119892;60;0377;1;AGONZALEZ;11/2/2026;30/6/2026;C26;0;;;;;;;;;;;04 Cert a Demanda;En curso - Próximo a vencer;;C26
00377-YPF 3° loop;1000082320;70;ZPAN;04 PUENTE GRUA;;0;;;;RTELLO;1042362;INSTALACION;2;0;2;0;2;;;Servicios;ADJUDICADO;AGTB INGENIERIA SRL;MR01;1/6/2026;3/2/2026;10142153;70;1;10/2/2026;11/2/2026;C26;4500119892;70;0377;1;AGONZALEZ;11/2/2026;30/6/2026;C26;0;;;;;;;;;;;04 Cert a Demanda;En curso - Próximo a vencer;;C26
00377-YPF 3° loop;1000082443;10;ZPAN;ALQUILER TIENDE TUBO;;0;;;;ASABATINO;1033267;ALQUILER TIENDETUBOS CAT 572 S/CHOFER;4;2,32;4;0;1,68;5000171936;6/5/2026;Servicios;CUMPLIDO PARCIAL;TECHINT CTI SACI;MR01;30/6/2026;5/2/2026;10142317;30;1;6/2/2026;6/2/2026;C04;4500119985;10;0377;1;WVENTURINI;12/2/2026;30/6/2026;C04;4;6/5/2026;;;;;;;;;;Sin aclaración;En curso - Próximo a vencer;;C04
00377-YPF 3° loop;1000082443;20;ZPAN;ALQUILER TIENDE TUBO;;0;;;;ASABATINO;1033267;ALQUILER TIENDETUBOS CAT 572 S/CHOFER;4;1,733;4;0;2,267;5000171126;30/4/2026;Servicios;CUMPLIDO PARCIAL;TECHINT CTI SACI;MR01;30/6/2026;5/2/2026;10142317;40;1;6/2/2026;6/2/2026;C04;4500119985;20;0377;1;WVENTURINI;12/2/2026;30/6/2026;C04;3;30/4/2026;;;;;;;;;;Sin aclaración;En curso - Próximo a vencer;;C04
00377-YPF 3° loop;1000082502;10;ZPAN;03 SERV. MEDICO - AM;;0;;;;ASABATINO;1048518;SS AMBULANCIA ALTA COMPLEJIDAD XMES;7;2,214;7;0;4,786;5000171841;6/5/2026;Servicios;CUMPLIDO PARCIAL;DATUM S.A.;MR01;31/8/2026;6/2/2026;10142394;10;1;6/2/2026;6/2/2026;C25;4500119517;10;0377;1;MPITTIA;6/2/2026;31/8/2026;C25;3;6/5/2026;;;;;;;;;;03 Cert Mensual;En curso;Verde;C25
00377-YPF 3° loop;1000082502;20;ZPAN;03 SERV. MEDICO - AM;;0;;;;ASABATINO;1048518;SS AMBULANCIA ALTA COMPLEJIDAD XMES;7;2,214;7;0;4,786;5000171841;6/5/2026;Servicios;CUMPLIDO PARCIAL;DATUM S.A.;MR01;31/8/2026;6/2/2026;10142394;20;1;6/2/2026;6/2/2026;C25;4500119517;20;0377;1;MPITTIA;6/2/2026;31/8/2026;C25;3;6/5/2026;;;;;;;;;;03 Cert Mensual;En curso;Verde;C25
00377-YPF 3° loop;1000082502;30;ZPAN;03 SERV. MEDICO - AM;;0;;;;ASABATINO;1048518;TRAILER CON EQUIPAMIENTO X MES;7;2,214;7;0;4,786;5000171841;6/5/2026;Servicios;CUMPLIDO PARCIAL;DATUM S.A.;MR01;31/8/2026;6/2/2026;10142394;30;1;6/2/2026;6/2/2026;C25;4500119517;30;0377;1;MPITTIA;6/2/2026;31/8/2026;C25;3;6/5/2026;;;;;;;;;;03 Cert Mensual;En curso;Verde;C25
00377-YPF 3° loop;1000082502;40;ZPAN;03 SERV. MEDICO - AM;;0;;;;ASABATINO;1012745;STOCK INICIAL MEDICAMENTOS;1;1;1;0;0;5000166053;19/3/2026;Materiales genericos;ALMACENADO;DATUM S.A.;MR01;31/8/2026;6/2/2026;10142394;40;1;6/2/2026;6/2/2026;C25;4500119517;40;0377;1;MPITTIA;6/2/2026;31/8/2026;C25;1;19/3/2026;;;;;;;;;;03 Cert Mensual;En curso - Total recepcionado;;C25
00377-YPF 3° loop;1000082502;50;ZPAN;03 SERV. MEDICO - AM;;0;;;;ASABATINO;1027266;RECOLECCION RESIDUOS PATOLOGICOS;100;1;100;0;99;5000171841;6/5/2026;Servicios;CUMPLIDO PARCIAL;DATUM S.A.;MR01;31/8/2026;6/2/2026;10142394;70;1;6/2/2026;6/2/2026;C25;4500119517;60;0377;1;MPITTIA;6/2/2026;31/8/2026;C25;1;6/5/2026;;;;;;;;;;03 Cert Mensual;En curso;Verde;C25
00377-YPF 3° loop;1000082502;60;ZPAN;03 SERV. MEDICO - AM;;0;;;;ASABATINO;1012745;PROVISION DE OXIGENO MEDICINAL;10;8;10;0;2;5000171841;6/5/2026;Materiales genericos;RECEPCIONADO PARCIAL;DATUM S.A.;MR01;31/8/2026;6/2/2026;10142394;60;1;6/2/2026;6/2/2026;C25;4500119517;50;0377;1;MPITTIA;6/2/2026;31/8/2026;C25;2;6/5/2026;;;;;;;;;;03 Cert Mensual;En curso;Verde;C25
00377-YPF 3° loop;1000082502;70;ZPAN;03 SERV. MEDICO - AM;;0;10;4;9/2/2026;ASABATINO;1013038;HORAS EXTRAS PERSONAL MEDICO;100;0;0;100;0;;;Servicios;CUMPLIDO;;MR01;31/8/2026;6/2/2026;10142394;80;1;6/2/2026;6/2/2026;C25;;0;;0;;;;;0;;;;;;;;;;;03 Cert Mensual;En curso - Total recepcionado;;C25
00377-YPF 3° loop;1000082502;80;ZPAN;03 SERV. MEDICO - AM;;0;10;4;9/2/2026;ASABATINO;1013038;HORAS EXTRAS PERSONAL CHOFER/ENFERMERO;100;0;0;100;0;;;Servicios;CUMPLIDO;;MR01;31/8/2026;6/2/2026;10142394;90;1;6/2/2026;6/2/2026;C25;;0;;0;;;;;0;;;;;;;;;;;03 Cert Mensual;En curso - Total recepcionado;;C25
00377-YPF 3° loop;1000082502;90;ZPAN;03 SERV. MEDICO - AM;;0;;;;ASABATINO;1027345;REPOSICION DE MEDICAMENTOS POR MES;7;2;7;0;5;5000171841;6/5/2026;Servicios;CUMPLIDO PARCIAL;DATUM S.A.;MR01;31/8/2026;6/2/2026;10142394;100;1;6/2/2026;6/2/2026;C25;4500119517;90;0377;1;MPITTIA;6/2/2026;31/8/2026;C25;1;6/5/2026;;;;;;;;;;03 Cert Mensual;En curso;Verde;C25
00377-YPF 3° loop;1000082502;100;ZPAN;03 SERV. MEDICO - AM;;0;;;;ASABATINO;1022295;SERVICIO DE REPRESENTACION TECNICA X MES;7;1;7;0;6;5000169944;21/4/2026;Servicios;CUMPLIDO PARCIAL;MAINETE JAVIER ALBERTO;MR01;31/8/2026;6/2/2026;10142394;110;1;10/2/2026;11/2/2026;C25;4500120000;30;0377;1;MPITTIA;12/2/2026;31/8/2026;C25;1;21/4/2026;;;;;;;;;;03 Cert Mensual;En curso;Rojo;C25
00377-YPF 3° loop;1000082502;110;ZPAN;03 SERV. MEDICO - AM;;0;;;;ASABATINO;1022295;SERVICIO DE REPRESENTACION TECNICA X MES;7;2;7;0;5;5000173668;19/5/2026;Servicios;CUMPLIDO PARCIAL;FABRICIO MUÑOZ;MR01;31/8/2026;6/2/2026;10142394;120;1;10/2/2026;11/2/2026;C25;4500120827;30;0377;1;MPITTIA;25/2/2026;31/8/2026;C25;2;19/5/2026;;;;;;;;;;03 Cert Mensual;En curso;Verde;C25
00377-YPF 3° loop;1000082502;120;ZPAN;03 SERV. MEDICO - AM;;0;;;;ASABATINO;1027345;EXTRA EQUIP. AMBULANCIA 1;7;2;7;0;5;5000171839;6/5/2026;Servicios;CUMPLIDO PARCIAL;DATUM S.A.;MR01;31/8/2026;6/2/2026;10142394;130;1;11/2/2026;11/2/2026;C25;4500119930;50;0377;1;MPITTIA;11/2/2026;31/8/2026;C25;2;6/5/2026;;;;;;;;;;03 Cert Mensual;En curso;Verde;C25
00377-YPF 3° loop;1000082502;130;ZPAN;03 SERV. MEDICO - AM;;0;;;;ASABATINO;1027345;EXTRA EQUIP. AMBULANCIA 2;7;2;7;0;5;5000171839;6/5/2026;Servicios;CUMPLIDO PARCIAL;DATUM S.A.;MR01;31/8/2026;6/2/2026;10142394;140;1;11/2/2026;11/2/2026;C25;4500119930;60;0377;1;MPITTIA;11/2/2026;31/8/2026;C25;2;6/5/2026;;;;;;;;;;03 Cert Mensual;En curso;Verde;C25
00377-YPF 3° loop;1000082502;140;ZPAN;03 SERV. MEDICO - AM;;0;;;;ASABATINO;1027345;EXTRA EQUIP. TRAILER;7;2;7;0;5;5000171839;6/5/2026;Servicios;CUMPLIDO PARCIAL;DATUM S.A.;MR01;31/8/2026;6/2/2026;10142394;150;1;11/2/2026;11/2/2026;C25;4500119930;70;0377;1;MPITTIA;11/2/2026;31/8/2026;C25;2;6/5/2026;;;;;;;;;;03 Cert Mensual;En curso;Verde;C25
00377-YPF 3° loop;1000082598;10;ZPAN;03 SERV. CONTROL DE;;0;;;;ASABATINO;1013139;SS CONTROL DE PLAGAS X MES;7;3;7;0;4;5000171793;6/5/2026;Servicios;CUMPLIDO PARCIAL;EXTER NEQUEN SRL;MR01;31/8/2026;8/2/2026;10142523;10;1;8/2/2026;9/2/2026;C25;4500120629;10;0377;1;MPITTIA;23/2/2026;31/8/2026;C25;3;6/5/2026;;;;;;;;;;03 Cert Mensual;En curso;Verde;C25
00377-YPF 3° loop;1000082983;10;ZPAN;CRUCE TELEDIRIGIDO;;0;;;;ASABATINO;1042362;"CRUCE DIRIGIDO RN151 - LINEA 24"" CON C.";45;0;45;0;45;;;Servicios;ADJUDICADO;SOLUCIONES MARFERMAT S.R.L.;MR01;30/4/2026;13/2/2026;10142981;10;1;13/2/2026;13/2/2026;C26;4500120323;10;0377;1;ALOPEZ;19/2/2026;8/5/2026;C26;0;;;;;;;;;;;Sin aclaración;Vencido con cant pendiente a recep;;C26
00377-YPF 3° loop;1000083249;10;ZPAN;03 SERV INT CAMIONET;;0;;;;RTELLO;1025931;SERVICIO DE INTERNET X MES;35;20;35;0;15;5000172157;7/5/2026;Servicios;CUMPLIDO PARCIAL;JAWIT S.A.;MR01;31/8/2026;19/2/2026;10143307;10;1;19/2/2026;19/2/2026;C25;4500120925;10;0377;1;MPITTIA;25/2/2026;31/8/2026;C25;8;7/5/2026;;;;;;;;;;03 Cert Mensual;En curso;Verde;C25
00377-YPF 3° loop;1000083249;20;ZPAN;03 SERV INT CAMIONET;;0;;;;RTELLO;1022295;SERV ACT SATELITAL INTERNET;5;5;5;0;0;5000168192;2/3/2026;Servicios;CUMPLIDO;JAWIT S.A.;MR01;31/8/2026;19/2/2026;10143307;20;1;19/2/2026;19/2/2026;C25;4500120925;20;0377;1;MPITTIA;25/2/2026;31/8/2026;C25;3;2/3/2026;;;;;;;;;;03 Cert Mensual;En curso - Total recepcionado;;C25
00377-YPF 3° loop;1000083425;10;ZPAN;ALQ IMPRESORAS;;0;;;;RTELLO;1026315;ALQ IMP XMES EPSON L15150 A3/A4 COLOR;6;3;6;0;3;5000171786;6/5/2026;Servicios;CUMPLIDO PARCIAL;PRINTER SRL;MR01;31/8/2026;23/2/2026;10143553;10;1;23/2/2026;23/2/2026;C25;4500121642;10;0377;1;MPITTIA;5/3/2026;31/8/2026;C25;3;6/5/2026;;;;;;;;;;Sin aclaración;En curso;;C25
00377-YPF 3° loop;1000083425;20;ZPAN;ALQ IMPRESORAS;;0;;;;RTELLO;1026315;ALQ IMP XMES EPSON L15150  A3/A4 COLOR;6;3;6;0;3;5000171786;6/5/2026;Servicios;CUMPLIDO PARCIAL;PRINTER SRL;MR01;31/8/2026;23/2/2026;10143553;20;1;23/2/2026;23/2/2026;C25;4500121642;20;0377;1;MPITTIA;5/3/2026;31/8/2026;C25;3;6/5/2026;;;;;;;;;;Sin aclaración;En curso;;C25
00377-YPF 3° loop;1000083554;20;ZPAN;04 HIDROEXCAVACION;;0;;;;ASABATINO;1042362;HIDRO CATEO POR CONSTATACION;3;0;3;0;3;;;Servicios;ADJUDICADO;MERO NQN SRL;MR01;23/4/2026;24/2/2026;10143739;20;1;24/2/2026;25/2/2026;C26;4500124212;20;0377;2;ALOPEZ;6/4/2026;15/6/2026;C26;0;;;;;;;;;;;04 Cert a Demanda;Vencido con cant pendiente a recep;;C26
00377-YPF 3° loop;1000083554;30;ZPAN;04 HIDROEXCAVACION;;0;;;;ASABATINO;1042362;HIDROEXCAVACION C/HID. DEMOLICION X DIA;30;19;30;0;11;5000173652;19/5/2026;Servicios;CUMPLIDO PARCIAL;MERO NQN SRL;MR01;23/4/2026;24/2/2026;10143739;30;1;24/2/2026;25/2/2026;C26;4500124212;30;0377;2;ALOPEZ;6/4/2026;15/6/2026;C26;2;19/5/2026;;;;;;;;;;04 Cert a Demanda;Vencido con cant pendiente a recep;;C26
00377-YPF 3° loop;1000083554;40;ZPAN;04 HIDROEXCAVACION;;0;;;;ASABATINO;1042362;JORNADA DE STAND BY AJENAS A MERO;1;0;1;0;1;;;Servicios;ADJUDICADO;MERO NQN SRL;MR01;23/4/2026;24/2/2026;10143739;40;1;24/2/2026;25/2/2026;C26;4500124212;40;0377;2;ALOPEZ;6/4/2026;15/6/2026;C26;0;;;;;;;;;;;04 Cert a Demanda;Vencido con cant pendiente a recep;;C26
00377-YPF 3° loop;1000083615;10;ZPAN;SUBC PROG PLC SCA;;0;;;;RTELLO;1042362;SUBC PROGRAMACION PLC SCADA HDMI;1;0;1;0;1;;;Servicios;ADJUDICADO;CONTROL POINT S.A.;MR01;30/4/2026;25/2/2026;10143905;10;1;25/2/2026;25/2/2026;C26;4500121047;10;0377;1;FDESCARREGA;26/2/2026;30/4/2026;C26;0;;;;;;;;;;;Sin aclaración;Vencido con cant pendiente a recep;;C26
00377-YPF 3° loop;1000083712;10;ZPAN;PM 30 - SSYMA - CURS;;0;;;;RTELLO;1022295;CURSO 19/3 - ESP CONF Y ANA GASES  X 30P;1;1;1;0;0;5000171127;30/4/2026;Servicios;CUMPLIDO;BUSTOS MARIA LORENA;MR01;31/5/2026;26/2/2026;10144001;10;1;26/2/2026;18/3/2026;C25;4500126071;10;0377;2;MPITTIA;27/4/2026;31/5/2026;C25;3;30/4/2026;;;;;;;;;;Sin aclaración;En curso - Próximo a vencer;;C25
00377-YPF 3° loop;1000083712;20;ZPAN;PM 30 - SSYMA - CURS;;0;;;;RTELLO;1022295;CURSO 20/3 - RESCAT x 14P + ALT x 9P;1;1;1;0;0;5000171127;30/4/2026;Servicios;CUMPLIDO;BUSTOS MARIA LORENA;MR01;31/5/2026;26/2/2026;10144001;20;1;26/2/2026;13/3/2026;C25;4500126071;20;0377;2;MPITTIA;27/4/2026;31/5/2026;C25;3;30/4/2026;;;;;;;;;;Sin aclaración;En curso - Próximo a vencer;;C25
00377-YPF 3° loop;1000083712;30;ZPAN;PM 30 - SSYMA - CURS;;0;;;;RTELLO;1022295;CURSO 25/3 - ESLING/SEÑALISTA x 24P;1;1;1;0;0;5000171127;30/4/2026;Servicios;CUMPLIDO;BUSTOS MARIA LORENA;MR01;31/5/2026;26/2/2026;10144001;30;1;26/2/2026;13/3/2026;C25;4500126071;30;0377;2;MPITTIA;27/4/2026;31/5/2026;C25;3;30/4/2026;;;;;;;;;;Sin aclaración;En curso - Próximo a vencer;;C25
00377-YPF 3° loop;1000083712;40;ZPAN;PM 30 - SSYMA - CURS;;0;;;;RTELLO;1022295;CURSO 30/3 - ESP CONF y ANA GASES x 8P;1;1;1;0;0;5000171127;30/4/2026;Servicios;CUMPLIDO;BUSTOS MARIA LORENA;MR01;31/5/2026;26/2/2026;10144001;40;1;26/2/2026;24/4/2026;C25;4500126071;40;0377;1;MPITTIA;27/4/2026;31/5/2026;C25;1;30/4/2026;;;;;;;;;;Sin aclaración;En curso - Próximo a vencer;;C25
00377-YPF 3° loop;1000083794;10;ZPAN;04 SUBC. HOT TAP;;0;;;;ASABATINO;1012782;"Hot Tap en Cañería de 20"" de API 5L Gr.";2;0;2;0;2;;;Materiales genericos;ADJUDICADO;LOCKWOOD SOCIEDAD ANONIMA;MR01;31/8/2026;27/2/2026;10144081;10;1;27/2/2026;17/3/2026;C26;4500122919;10;0377;1;AGONZALEZ;18/3/2026;31/8/2026;C26;0;;;;;;;;;;;04 Cert a Demanda;En curso;;C26
00377-YPF 3° loop;1000083794;20;ZPAN;04 SUBC. HOT TAP;;0;;;;ASABATINO;1012782;"Hot Tap en Cañería de 18"" de API 5L Gr.";2;0;2;0;2;;;Materiales genericos;ADJUDICADO;LOCKWOOD SOCIEDAD ANONIMA;MR01;31/8/2026;27/2/2026;10144081;20;1;27/2/2026;17/3/2026;C26;4500122919;20;0377;1;AGONZALEZ;18/3/2026;31/8/2026;C26;0;;;;;;;;;;;04 Cert a Demanda;En curso;;C26
00377-YPF 3° loop;1000084154;10;ZPAN;IMPRESORA TYS;;0;;;;RTELLO;1026315;ALQ IMP RICOH COLOR X MES #20180;5;2;5;0;3;5000171782;6/5/2026;Servicios;CUMPLIDO PARCIAL;TECNICA Y SISTEMAS SRL;MR01;31/8/2026;4/3/2026;10144582;10;1;4/3/2026;5/3/2026;C25;4500122323;10;0377;1;MPITTIA;12/3/2026;31/8/2026;C25;2;6/5/2026;;;;;;;;;;Sin aclaración;En curso;;C25
00377-YPF 3° loop;1000084480;10;ZPAN;PM-GRUA 100 TN PREM.;;20;;;;CKOTRBA;1042362;ALQ. GRUA 100 TN C/ OPERADOR X JORNADA;10;10;10;0;0;5000171363;30/4/2026;Servicios;CUMPLIDO;DEINOS S.R.L.;MR01;30/5/2026;10/3/2026;10144978;10;1;10/3/2026;11/3/2026;C26;4500122926;30;0377;1;AGONZALEZ;18/3/2026;15/4/2026;C27;2;30/4/2026;;;;;;;;;;Sin aclaración;En curso - Próximo a vencer;;C27
00377-YPF 3° loop;1000084480;20;ZPAN;PM-GRUA 100 TN PREM.;;20;;;;CKOTRBA;1013034;MOVILIZACION Y DESMOVILIZACION GRÚA;10;10;10;0;0;5000172859;13/5/2026;Servicios;CUMPLIDO;DEINOS S.R.L.;MR01;30/5/2026;10/3/2026;10144978;20;1;10/3/2026;11/3/2026;C26;4500122926;40;0377;1;AGONZALEZ;18/3/2026;15/4/2026;C27;3;13/5/2026;;;;;;;;;;Sin aclaración;En curso - Próximo a vencer;;C27
00377-YPF 3° loop;1000084608;20;ZPAN;RECARGA INTERNET;;0;;;;ASIGNORELLI;1049859;SERVICIO DE INTERNET ADICIONAL X 50 GB;5;0;5;0;5;;;Servicios;ADJUDICADO;JAWIT S.A.;MR01;30/5/2026;11/3/2026;10145164;20;1;11/3/2026;12/3/2026;C25;4500123944;20;0377;1;MPITTIA;1/4/2026;30/5/2026;C25;0;;;;;;;;;;;Sin aclaración;En curso - Próximo a vencer;;C25
00377-YPF 3° loop;1000084828;30;ZPAN;03 SERV RADIOS;;0;;;;ASIGNORELLI;1048594;SERV. DE RADIOS PORTATILES PT890;30;30;30;0;0;5000173747;20/5/2026;Servicios;CUMPLIDO;INTEPLA SRL;MR01;30/5/2026;13/3/2026;10145417;30;1;13/3/2026;14/3/2026;C25;4500122779;30;0377;1;MPITTIA;17/3/2026;30/5/2026;C25;6;20/5/2026;;;;;;;;;;03 Cert Mensual;En curso - Próximo a vencer;Verde;C25
00377-YPF 3° loop;1000085181;10;ZPAN;04 INST RADIOS;;0;;;;CKOTRBA;1022295;PROGR./INSTALACION EN CAMIONETAS;5;0;5;0;5;;;Servicios;ADJUDICADO;INTEPLA SRL;MR01;30/8/2026;19/3/2026;10145853;10;1;19/3/2026;20/3/2026;C25;4500124286;10;0377;1;MPITTIA;7/4/2026;30/8/2026;C25;0;;;;;;;;;;;04 Cert a Demanda;En curso;;C25
00377-YPF 3° loop;1000085181;20;ZPAN;04 INST RADIOS;;0;;;;CKOTRBA;1022295;Kilómetros recorrido para mantenimiento/;172;0;172;0;172;;;Servicios;ADJUDICADO;INTEPLA SRL;MR01;30/8/2026;19/3/2026;10145853;20;1;19/3/2026;20/3/2026;C25;4500124286;20;0377;1;MPITTIA;7/4/2026;30/8/2026;C25;0;;;;;;;;;;;04 Cert a Demanda;En curso;;C25
00377-YPF 3° loop;1000085331;10;ZPAN;ADICIONAL O.C 45- 11;;0;;;;ASABATINO;1042083;"Empalme/Cruces especiales - Caño 24""";4;4;4;0;0;5000166866;26/3/2026;Servicios;CUMPLIDO;CATEX SRL;MR01;31/8/2026;23/3/2026;10146073;10;1;23/3/2026;23/3/2026;C26;4500123233;10;0377;1;AGONZALEZ;23/3/2026;31/8/2026;C26;1;26/3/2026;;;;;;;;;;Sin aclaración;En curso - Total recepcionado;;C26
00377-YPF 3° loop;1000085331;20;ZPAN;ADICIONAL O.C 45- 11;;0;;;;ASABATINO;1042083;Dias de Stand By;3;3;3;0;0;5000166866;26/3/2026;Servicios;CUMPLIDO;CATEX SRL;MR01;31/8/2026;23/3/2026;10146073;20;1;23/3/2026;23/3/2026;C26;4500123233;20;0377;1;AGONZALEZ;23/3/2026;31/8/2026;C26;1;26/3/2026;;;;;;;;;;Sin aclaración;En curso - Total recepcionado;;C26
00377-YPF 3° loop;1000085439;10;ZPAN;PM-GRUA 100 TN ADIC;;0;;;;CKOTRBA;1042362;ALQ. GRUA 100 TN C/ OP. X JORNADA ADICIO;4;0;4;0;4;;;Servicios;ADJUDICADO;DEINOS S.R.L.;MR01;30/5/2026;25/3/2026;10146254;10;1;25/3/2026;26/3/2026;C26;4500124039;10;0377;1;AGONZALEZ;1/4/2026;30/5/2026;C26;0;;;;;;;;;;;Sin aclaración;En curso - Próximo a vencer;;C26
00377-YPF 3° loop;1000085439;20;ZPAN;PM-GRUA 100 TN ADIC;;0;;;;CKOTRBA;1013034;MOVILIZACION DE SUBCONTRATO;4;4;4;0;0;5000168221;8/4/2026;Servicios;CUMPLIDO;DEINOS S.R.L.;MR01;30/5/2026;25/3/2026;10146254;20;1;25/3/2026;26/3/2026;C26;4500124039;20;0377;1;AGONZALEZ;1/4/2026;30/5/2026;C26;1;8/4/2026;;;;;;;;;;Sin aclaración;En curso - Próximo a vencer;;C26
00377-YPF 3° loop;1000085439;30;ZPAN;PM-GRUA 100 TN ADIC;;0;;;;CKOTRBA;1013034;MOV. Y DESMOV. DE CONTRAPESOS;4;3,7;4;0;0,3;5000168221;8/4/2026;Servicios;CUMPLIDO PARCIAL;DEINOS S.R.L.;MR01;30/5/2026;25/3/2026;10146254;30;1;31/3/2026;1/4/2026;C26;4500124039;30;0377;1;AGONZALEZ;1/4/2026;30/5/2026;C26;1;8/4/2026;;;;;;;;;;Sin aclaración;En curso - Próximo a vencer;;C26
00377-YPF 3° loop;1000085781;20;ZPAN;03 SERV. LIMP. CASAS;;0;;;;CKOTRBA;1048681;SERVICIO LIMPIEZA OBRA X MES;5;1;5;0;4;5000171368;30/4/2026;Servicios;CUMPLIDO PARCIAL;VISER'S CORPORATION S.A.S;MR01;31/8/2026;30/3/2026;10146641;20;1;30/3/2026;1/4/2026;C25;4500124921;10;0377;1;MPITTIA;14/4/2026;31/8/2026;C25;1;30/4/2026;;;;;;;;;;03 Cert Mensual;En curso;Verde;C25
00377-YPF 3° loop;1000085792;10;ZPAN;03 SERV ALQ LABORATO;;0;;;;ASABATINO;1033267;SERVICIO ALQUILER LABORATORIO DE SUELO;4;2,5;4;0;1,5;5000171367;30/4/2026;Servicios;CUMPLIDO PARCIAL;SANCHEZ MARTIN ESTEBAN;MR01;30/6/2026;31/3/2026;10146656;10;1;31/3/2026;1/4/2026;C25;4500124508;10;0377;1;MPITTIA;9/4/2026;30/6/2026;C25;2;30/4/2026;;;;;;;;;;03 Cert Mensual;En curso - Próximo a vencer;Verde;C25
00377-YPF 3° loop;1000085905;10;ZPAN;04 SUBC. INGENIERIA;;0;;;;ASABATINO;1013007;SUBC INGENIERIA (COMPLEMENTARIA);1;0,8;1;0;0,2;5000172308;8/5/2026;Servicios;CUMPLIDO PARCIAL;VALENZUELA YULIANA EDITH;MR01;31/8/2026;1/4/2026;10146815;10;1;1/4/2026;6/4/2026;C26;4500124411;10;0377;1;AGONZALEZ;8/4/2026;31/8/2026;C26;2;8/5/2026;;;;;;;;;;04 Cert a Demanda;En curso;;C26
00377-YPF 3° loop;1000086059;10;ZPAN;PM-SALA REUNION P-OB;;0;;;;CKOTRBA;1033267;SERV ALQ SALA DE REUNION 6X5 S/DETALLE;5;0,533;5;0;4,467;5000174086;22/5/2026;Servicios;CUMPLIDO PARCIAL;JORGE ALBERTO SOTO S.A.S.;MR01;31/8/2026;6/4/2026;10146966;10;1;6/4/2026;6/4/2026;EFO;4500124649;10;0377;1;GROSES;10/4/2026;31/8/2026;EFO;1;22/5/2026;;;;;;;;;;Sin aclaración;En curso;;EFO
00377-YPF 3° loop;1000086059;20;ZPAN;PM-SALA REUNION P-OB;;0;;;;CKOTRBA;1022296;FLETE IDA MODULOS;1;1;1;0;0;5000174086;22/5/2026;Servicios;CUMPLIDO;JORGE ALBERTO SOTO S.A.S.;MR01;31/8/2026;6/4/2026;10146966;20;1;6/4/2026;6/4/2026;EFO;4500124649;20;0377;1;GROSES;10/4/2026;31/8/2026;EFO;1;22/5/2026;;;;;;;;;;Sin aclaración;En curso - Total recepcionado;;EFO
00377-YPF 3° loop;1000086228;10;ZPAN;04 GRUA 100TN DEINOS;;0;;;;CKOTRBA;1013034;MOV. Y DESMOV. DE CONTRAPESOS;4;4;4;0;0;5000172858;13/5/2026;Servicios;CUMPLIDO;DEINOS S.R.L.;MR01;30/5/2026;8/4/2026;10147200;10;1;8/4/2026;8/4/2026;C26;4500124700;10;0377;1;YCOLMAN;10/4/2026;30/5/2026;C26;2;13/5/2026;;;;;;;;;;04 Cert a Demanda;En curso - Próximo a vencer;;C26
00377-YPF 3° loop;1000086228;20;ZPAN;04 GRUA 100TN DEINOS;;0;;;;CKOTRBA;1013034;MOV. Y DESMOV. DE CONTRAPESOS STAN BY;2;0;2;0;2;;;Servicios;ADJUDICADO;DEINOS S.R.L.;MR01;30/5/2026;8/4/2026;10147200;20;1;8/4/2026;8/4/2026;C26;4500124700;20;0377;1;YCOLMAN;10/4/2026;30/5/2026;C26;0;;;;;;;;;;;04 Cert a Demanda;En curso - Próximo a vencer;;C26
00377-YPF 3° loop;1000086228;30;ZPAN;04 GRUA 100TN DEINOS;;0;;;;CKOTRBA;1012994;ALQ. PERCHA DE IZAJE PARA PREMOLDEADOS;2;2;2;0;0;5000172858;13/5/2026;Servicios;CUMPLIDO;DEINOS S.R.L.;MR01;30/5/2026;8/4/2026;10147200;30;1;8/4/2026;8/4/2026;C26;4500124700;30;0377;1;YCOLMAN;10/4/2026;30/5/2026;C26;2;13/5/2026;;;;;;;;;;04 Cert a Demanda;En curso - Próximo a vencer;;C26
00377-YPF 3° loop;1000086228;40;ZPAN;04 GRUA 100TN DEINOS;;0;;;;CKOTRBA;1042362;STAND BY DE GRUA EN CAMPO;2;0;2;0;2;;;Servicios;ADJUDICADO;DEINOS S.R.L.;MR01;30/5/2026;8/4/2026;10147200;40;1;8/4/2026;8/4/2026;C26;4500124700;40;0377;1;YCOLMAN;10/4/2026;30/5/2026;C26;0;;;;;;;;;;;04 Cert a Demanda;En curso - Próximo a vencer;;C26
00377-YPF 3° loop;1000086228;50;ZPAN;04 GRUA 100TN DEINOS;;0;;;;CKOTRBA;1013034;SERV.PICKUP P/MOV.DE GRUISTA;4;4;4;0;0;5000171365;30/4/2026;Servicios;CUMPLIDO;DEINOS S.R.L.;MR01;30/5/2026;8/4/2026;10147200;50;1;8/4/2026;8/4/2026;C26;4500124700;50;0377;1;YCOLMAN;10/4/2026;30/5/2026;C26;1;30/4/2026;;;;;;;;;;04 Cert a Demanda;En curso - Próximo a vencer;;C26
00377-YPF 3° loop;1000086434;10;ZPAN;04 HSE X ANALISIS BA;;0;;;;CKOTRBA;1013049;ANALISIS PLANTA DE EFLUENTES;4;1;4;0;3;5000174282;26/5/2026;Servicios;CUMPLIDO PARCIAL;JOSE GUSTAVO SOTO;MR01;31/8/2026;11/4/2026;10147446;10;1;11/4/2026;13/4/2026;C25;4500125211;10;0377;1;MPITTIA;16/4/2026;31/8/2026;C25;1;26/5/2026;;;;;;;;;;04 Cert a Demanda;En curso;;C25
00377-YPF 3° loop;1000086486;10;ZPAN;03 SERV INT MINI STA;;0;;;;CKOTRBA;1025931;SERVICIO DE INTERNET X MES MINI STARLINK;6;2;6;0;4;5000172156;7/5/2026;Servicios;CUMPLIDO PARCIAL;JAWIT S.A.;MR01;30/9/2026;13/4/2026;10147499;10;1;13/4/2026;13/4/2026;C25;4500124956;10;0377;1;MPITTIA;14/4/2026;30/9/2026;C25;2;7/5/2026;;;;;;;;;;03 Cert Mensual;En curso;Verde;C25
00377-YPF 3° loop;1000086486;20;ZPAN;03 SERV INT MINI STA;;0;;;;CKOTRBA;1025931;SERVICIO DE INTERNET X MES MINI STARLINK;6;2;6;0;4;5000172156;7/5/2026;Servicios;CUMPLIDO PARCIAL;JAWIT S.A.;MR01;30/9/2026;13/4/2026;10147499;20;1;13/4/2026;13/4/2026;C25;4500124956;20;0377;1;MPITTIA;14/4/2026;30/9/2026;C25;2;7/5/2026;;;;;;;;;;03 Cert Mensual;En curso;Verde;C25
00377-YPF 3° loop;1000086486;30;ZPAN;03 SERV INT MINI STA;;0;;;;CKOTRBA;1025931;SERVICIO DE INTERNET X MES MINI STARLINK;6;2;6;0;4;5000172156;7/5/2026;Servicios;CUMPLIDO PARCIAL;JAWIT S.A.;MR01;30/9/2026;13/4/2026;10147499;30;1;13/4/2026;13/4/2026;C25;4500124956;30;0377;1;MPITTIA;14/4/2026;30/9/2026;C25;2;7/5/2026;;;;;;;;;;03 Cert Mensual;En curso;Verde;C25
00377-YPF 3° loop;1000086486;40;ZPAN;03 SERV INT MINI STA;;0;;;;CKOTRBA;1025931;SERVICIO DE INTERNET X MES MINI STARLINK;6;2;6;0;4;5000172156;7/5/2026;Servicios;CUMPLIDO PARCIAL;JAWIT S.A.;MR01;30/9/2026;13/4/2026;10147499;40;1;13/4/2026;13/4/2026;C25;4500124956;40;0377;1;MPITTIA;14/4/2026;30/9/2026;C25;2;7/5/2026;;;;;;;;;;03 Cert Mensual;En curso;Verde;C25
00377-YPF 3° loop;1000086486;50;ZPAN;03 SERV INT MINI STA;;0;;;;CKOTRBA;1025931;SERVICIO DE INTERNET X MES MINI STARLINK;6;3;6;0;3;5000173590;1/4/2026;Servicios;CUMPLIDO PARCIAL;JAWIT S.A.;MR01;30/9/2026;13/4/2026;10147499;50;1;13/4/2026;13/4/2026;C25;4500124956;50;0377;1;MPITTIA;14/4/2026;30/9/2026;C25;3;1/4/2026;;;;;;;;;;03 Cert Mensual;En curso;Rojo;C25
00377-YPF 3° loop;1000086486;60;ZPAN;03 SERV INT MINI STA;;0;;;;CKOTRBA;1022295;ACTIVACION DE SERV. SATELITAL;5;5;5;0;0;5000169521;17/4/2026;Servicios;CUMPLIDO;JAWIT S.A.;MR01;30/9/2026;13/4/2026;10147499;60;1;13/4/2026;13/4/2026;C25;4500124956;60;0377;1;MPITTIA;14/4/2026;30/9/2026;C25;1;17/4/2026;;;;;;;;;;03 Cert Mensual;En curso - Total recepcionado;;C25
00377-YPF 3° loop;1000086566;20;ZPAN;03 SERV INT BDM/PORT;;0;;;;RTELLO;1025931;SERVICIO DE INTERNET X MES;5;3;5;0;2;5000172160;7/5/2026;Servicios;CUMPLIDO PARCIAL;JAWIT S.A.;MR01;31/8/2026;14/4/2026;10147676;20;1;14/4/2026;15/4/2026;C25;4500125476;20;0377;1;MPITTIA;20/4/2026;31/8/2026;C25;2;7/5/2026;;;;;;;;;;03 Cert Mensual;En curso;Verde;C25
00377-YPF 3° loop;1000086575;10;ZPAN;03 SS INTERNET OBRAD;;0;;;;RTELLO;1025931;SERVICIO DE INTERNET X MES;6;1;6;0;5;5000171797;6/5/2026;Servicios;CUMPLIDO PARCIAL;JAWIT S.A.;MR01;30/9/2026;14/4/2026;10147684;10;1;14/4/2026;15/4/2026;C25;4500125233;10;0377;1;MPITTIA;16/4/2026;30/9/2026;C25;3;6/5/2026;;;;;;;;;;03 Cert Mensual;En curso;Verde;C25
00377-YPF 3° loop;1000086654;10;ZPAN;03 SERV AGUA POTABLE;;0;;;;RTELLO;1010725;BIDON DE AGUA 20 L.;1000;191;1000;0;809;5000173123;11/5/2026;Materiales usuales;RECEPCIONADO PARCIAL;ABIUSI ANALIA VERONICA;MR01;31/8/2026;15/4/2026;10147754;10;1;15/4/2026;15/4/2026;C25;4500127161;10;0377;1;MPITTIA;8/5/2026;31/8/2026;C25;3;11/5/2026;;;;;;;;;;03 Cert Mensual;En curso;Verde;C25
00377-YPF 3° loop;1000086654;20;ZPAN;03 SERV AGUA POTABLE;;0;;;;RTELLO;1017912;HIELO POR BOLSON X 2 KG;1000;244;1000;0;756;5000173123;11/5/2026;Servicios;CUMPLIDO PARCIAL;ABIUSI ANALIA VERONICA;MR01;31/8/2026;15/4/2026;10147754;20;1;15/4/2026;15/4/2026;C25;4500127161;20;0377;1;MPITTIA;8/5/2026;31/8/2026;C25;3;11/5/2026;;;;;;;;;;03 Cert Mensual;En curso;Verde;C25
00377-YPF 3° loop;1000086748;10;ZPAN;04 CONT RESI PELIGRO;;0;;;;RTELLO;1022295;RSU INDUST - DISP FINAL X TN;10;0;10;0;10;;;Servicios;ADJUDICADO;SOLUCIONES AMBIENTALES PATAGONIA;MR01;30/6/2026;16/4/2026;10147881;10;1;16/4/2026;16/4/2026;C25;4500125828;10;0377;1;MPITTIA;23/4/2026;30/6/2026;C25;0;;;;;;;;;;;04 Cert a Demanda;En curso - Próximo a vencer;;C25
00377-YPF 3° loop;1000086748;20;ZPAN;04 CONT RESI PELIGRO;;0;;;;RTELLO;1022295;RSU HUMEDOS - DISP FINAL X TN;10;6;10;0;4;5000172427;9/5/2026;Servicios;CUMPLIDO PARCIAL;SOLUCIONES AMBIENTALES PATAGONIA;MR01;30/6/2026;16/4/2026;10147881;20;1;16/4/2026;16/4/2026;C25;4500125828;20;0377;1;MPITTIA;23/4/2026;30/6/2026;C25;1;9/5/2026;;;;;;;;;;04 Cert a Demanda;En curso - Próximo a vencer;;C25
00377-YPF 3° loop;1000086869;20;ZPAN;CURSO AMOLADOR;;0;;;;RTELLO;1022295;CURSO AMOLADOR x UN;5;3;5;0;2;5000173361;16/5/2026;Servicios;CUMPLIDO PARCIAL;BUSTOS MARIA LORENA;MR01;30/5/2026;20/4/2026;10148066;20;1;23/4/2026;23/4/2026;C25;4500126081;20;0377;1;MPITTIA;27/4/2026;11/5/2026;C25;3;16/5/2026;;;;;;;;;;Sin aclaración;En curso - Próximo a vencer;;C25
00377-YPF 3° loop;1000086963;10;ZPAN;ENSAYOS PROBETAS;;0;;;;RTELLO;1013000;ENSAYO DE PROBETA HORMIGON;30;3;30;0;27;5000172152;7/5/2026;Servicios;CUMPLIDO PARCIAL;GEOCONSULT SRL;MR01;30/5/2026;21/4/2026;10148169;10;1;21/4/2026;21/4/2026;C20;4500126029;10;0377;1;PRODRIGUEZ;24/4/2026;8/5/2026;C20;1;7/5/2026;;;;;;;;;;Sin aclaración;En curso - Próximo a vencer;;C20
00377-YPF 3° loop;1000087083;10;ZPAN;04 SUB.EXCAV.C/CRIBA;;0;;;;CKOTRBA;1042362;ALQ. EXCAV. C/ OPE - B- CRIBADOR X MES;1;0;1;0;1;;;Servicios;ADJUDICADO;SULLAIR ARGENTINA S.A;MR01;31/5/2026;22/4/2026;10148346;10;1;22/4/2026;23/4/2026;C26;4500125916;10;0377;1;WVENTURINI;23/4/2026;31/5/2026;C04;0;;;;;;;;;;;04 Cert a Demanda;En curso - Próximo a vencer;;C04
00377-YPF 3° loop;1000087181;10;ZPAN;REGULARIZACION RSV;;0;;;;RTELLO;1022295;SERV TECN - SOFTWARE RSV;3;0;3;0;3;;;Servicios;ADJUDICADO;AC SAT S.R.L.;MR01;14/5/2026;23/4/2026;10148509;10;1;23/4/2026;23/4/2026;EFO;4500126080;10;0377;1;GROSES;27/4/2026;14/5/2026;EFO;0;;;;;;;;;;;Sin aclaración;Vencido con cant pendiente a recep;;EFO
00377-YPF 3° loop;1000087294;10;ZPAN;03 SERV CONS. AMBIEN;;0;;;;RTELLO;1027343;SERV.CONSUL. AMBIENTAL X MES;3;1;3;0;2;5000173013;14/5/2026;Servicios;CUMPLIDO PARCIAL;STEP ENERGY S. A. S.;MR01;30/7/2026;26/4/2026;10148646;10;1;26/4/2026;27/4/2026;C25;4500127027;10;0377;1;MPITTIA;7/5/2026;30/7/2026;C25;1;14/5/2026;;;;;;;;;;03 Cert Mensual;En curso;Verde;C25
00377-YPF 3° loop;1000087299;10;ZPAN;RENOV.ALQ DETECTOR F;;0;;;;CKOTRBA;1043224;SERVICIO ALQUILER DETECTOR FALLAS;30;30;30;0;0;5000171693;5/5/2026;Servicios;CUMPLIDO;AMIR SRL;MR01;27/5/2026;27/4/2026;10148652;10;1;27/4/2026;27/4/2026;377;4500126195;20;0377;2;JISALAS;28/4/2026;27/5/2026;377;1;5/5/2026;;;;;;;;;;Sin aclaración;En curso - Próximo a vencer;;377
00377-YPF 3° loop;1000087466;20;ZPAN;PM N° 32 REG. LENOR;;0;;;;CKOTRBA;1016081;Certificado de Operadores;3;2;3;0;1;5000172169;7/5/2026;Servicios;CUMPLIDO PARCIAL;LENOR SRL;MR01;8/5/2026;28/4/2026;10148813;20;1;28/4/2026;28/4/2026;EFO;4500126396;20;0377;1;GROSES;29/4/2026;8/5/2026;EFO;1;7/5/2026;;;;;;;;;;Sin aclaración;Vencido con cant pendiente a recep;;EFO
00377-YPF 3° loop;1000087498;10;ZPAN;03 SERV ALQ GRUA;;0;;;;CKOTRBA;1042362;ALQ. GRUA 100 TN C/ OPERADOR X MES;1;0;1;0;1;;;Servicios;ADJUDICADO;DEINOS S.R.L.;MR01;31/5/2026;29/4/2026;10148862;10;1;29/4/2026;29/4/2026;C26;4500126443;10;0377;1;YCOLMAN;29/4/2026;31/5/2026;C26;0;;;;;;;;;;;03 Cert Mensual;En curso - Próximo a vencer;;C26
00377-YPF 3° loop;1000087498;20;ZPAN;03 SERV ALQ GRUA;;0;;;;CKOTRBA;1013034;MOVILIZACION / DESMOVILIZACION DE GRUA;2;0;2;0;2;;;Servicios;ADJUDICADO;DEINOS S.R.L.;MR01;31/5/2026;29/4/2026;10148862;20;1;29/4/2026;29/4/2026;C26;4500126443;20;0377;1;YCOLMAN;29/4/2026;31/5/2026;C26;0;;;;;;;;;;;03 Cert Mensual;En curso - Próximo a vencer;;C26
00377-YPF 3° loop;1000087498;30;ZPAN;03 SERV ALQ GRUA;;0;;;;CKOTRBA;1013038;HORA ADICIONAL DE GRUA;15;0;15;0;15;;;Servicios;ADJUDICADO;DEINOS S.R.L.;MR01;31/5/2026;29/4/2026;10148862;30;1;29/4/2026;29/4/2026;C26;4500126443;30;0377;1;YCOLMAN;29/4/2026;31/5/2026;C26;0;;;;;;;;;;;03 Cert Mensual;En curso - Próximo a vencer;;C26
00377-YPF 3° loop;1000087512;10;ZPAN;FORMALIZACION PERFOR;;0;;;;ASABATINO;1042362;PERFORACION DE AGUA A 210 MTS;1;0;1;0;1;;;Servicios;ADJUDICADO;AMADEI JUAN ANDRES;MR01;30/5/2026;29/4/2026;10148875;10;1;29/4/2026;29/4/2026;C26;4500126732;10;0377;1;YCOLMAN;5/5/2026;30/5/2026;C26;0;;;;;;;;;;;Sin aclaración;En curso - Próximo a vencer;;C26
00377-YPF 3° loop;1000087543;10;ZPAN;PM 41 PRES LENOR;;0;;;;CKOTRBA;1022294;Día de inspección (Río Negro);1;0;1;0;1;;;Servicios;ADJUDICADO;LENOR SRL;MR01;20/5/2026;29/4/2026;10148928;10;1;29/4/2026;30/4/2026;C25;4500126463;10;0377;1;MPITTIA;30/4/2026;20/5/2026;C25;0;;;;;;;;;;;Sin aclaración;Vencido con cant pendiente a recep;;C25
00377-YPF 3° loop;1000087543;20;ZPAN;PM 41 PRES LENOR;;0;;;;CKOTRBA;1013021;Certificado de equipos (Río Negro);4;0;4;0;4;;;Servicios;ADJUDICADO;LENOR SRL;MR01;20/5/2026;29/4/2026;10148928;20;1;29/4/2026;8/5/2026;C25;4500126463;20;0377;1;MPITTIA;30/4/2026;20/5/2026;C25;0;;;;;;;;;;;Sin aclaración;Vencido con cant pendiente a recep;;C25
00377-YPF 3° loop;1000087543;30;ZPAN;PM 41 PRES LENOR;;0;;;;CKOTRBA;1013024;VIATICOS;1;0;1;0;1;;;Servicios;ADJUDICADO;LENOR SRL;MR01;20/5/2026;29/4/2026;10148928;30;1;29/4/2026;30/4/2026;C25;4500126463;30;0377;1;MPITTIA;30/4/2026;20/5/2026;C25;0;;;;;;;;;;;Sin aclaración;Vencido con cant pendiente a recep;;C25
00377-YPF 3° loop;1000087543;40;ZPAN;PM 41 PRES LENOR;;0;;;;CKOTRBA;1013021;Certificado de lote de elementos (Río Ne;3;0;3;0;3;;;Servicios;ADJUDICADO;LENOR SRL;MR01;20/5/2026;29/4/2026;10148928;40;1;29/4/2026;30/4/2026;C25;4500126463;40;0377;1;MPITTIA;30/4/2026;20/5/2026;C25;0;;;;;;;;;;;Sin aclaración;Vencido con cant pendiente a recep;;C25
00377-YPF 3° loop;1000087714;10;ZPAN;PM ALQ.PERCHA P/TRAM;;4;;;;CKOTRBA;1012994;ALQ. PERCHA DE IZAJE P/ TRAMPA LANZADORA;1;1;1;0;0;5000174085;22/5/2026;Servicios;CUMPLIDO;DEINOS S.R.L.;MR01;30/5/2026;4/5/2026;10149102;10;1;4/5/2026;5/5/2026;C26;4500126758;10;0377;1;YCOLMAN;5/5/2026;30/5/2026;C26;1;22/5/2026;;;;;;;;;;Sin aclaración;En curso - Próximo a vencer;;C26
00377-YPF 3° loop;1000087837;10;ZPAN;FLETES LAS FLORES -;;0;;;;ASABATINO;1012979;FLETE PLAYO 6MT x viaje Lujan C - 3 Loop;1;0;1;0;1;;;Servicios;ADJUDICADO;TRANSLOGISTICA VESPRINI S. R. L.;MR01;15/5/2026;5/5/2026;10149366;10;1;5/5/2026;6/5/2026;C15;4500127247;10;0377;1;GDIAZ;11/5/2026;15/5/2026;C15;0;;;;;;;;;;;Sin aclaración;Vencido con cant pendiente a recep;;C15
00377-YPF 3° loop;1000087837;20;ZPAN;FLETES LAS FLORES -;;0;;;;ASABATINO;1012974;FLETE SEMI  14,5MT x viaje L. Flores - L;2;0;2;0;2;;;Servicios;ADJUDICADO;CM TRANS SOL. LOGISTICAS SRL;MR01;15/5/2026;5/5/2026;10149366;20;1;5/5/2026;12/5/2026;C15;4500127997;10;0377;1;GDIAZ;18/5/2026;15/5/2026;C15;0;;;;;;;;;;;Sin aclaración;Vencido con cant pendiente a recep;;C15
00377-YPF 3° loop;1000087856;10;ZPAN;EXC COPIAS TYS;;0;;;;RTELLO;1026181;COPIAS EXCEDENTES;6593;6593;6593;0;0;5000172789;13/5/2026;Servicios;CUMPLIDO;TECNICA Y SISTEMAS SRL;MR01;27/5/2026;6/5/2026;10149387;10;1;6/5/2026;7/5/2026;C25;4500127389;10;0377;1;MPITTIA;12/5/2026;27/5/2026;C25;1;13/5/2026;;;;;;;;;;Sin aclaración;En curso - Próximo a vencer;;C25
00377-YPF 3° loop;1000087886;10;ZPAN;Renov.ALQ.GRADORES;;0;;;;CKOTRBA;1013066;ALQUILER GENERADOR;30;30;30;0;0;5000172673;12/5/2026;Servicios;CUMPLIDO;LA CASA DE LAS HERRAMIENTAS SA;MR01;8/6/2026;6/5/2026;10149435;10;1;6/5/2026;7/5/2026;377;4500126964;10;0377;1;JISALAS;7/5/2026;8/6/2026;377;1;12/5/2026;;;;;;;;;;Sin aclaración;En curso - Próximo a vencer;;377
00377-YPF 3° loop;1000087886;20;ZPAN;Renov.ALQ.GRADORES;;0;;;;CKOTRBA;1013066;ALQUILER GENERADOR;30;30;30;0;0;5000172673;12/5/2026;Servicios;CUMPLIDO;LA CASA DE LAS HERRAMIENTAS SA;MR01;8/6/2026;6/5/2026;10149435;20;1;6/5/2026;7/5/2026;377;4500126964;20;0377;1;JISALAS;7/5/2026;8/6/2026;377;1;12/5/2026;;;;;;;;;;Sin aclaración;En curso - Próximo a vencer;;377
00377-YPF 3° loop;1000087886;30;ZPAN;Renov.ALQ.GRADORES;;0;;;;CKOTRBA;1013066;ALQUILER GENERADOR;30;30;30;0;0;5000172673;12/5/2026;Servicios;CUMPLIDO;LA CASA DE LAS HERRAMIENTAS SA;MR01;8/6/2026;6/5/2026;10149435;30;1;6/5/2026;7/5/2026;377;4500126964;30;0377;1;JISALAS;7/5/2026;8/6/2026;377;1;12/5/2026;;;;;;;;;;Sin aclaración;En curso - Próximo a vencer;;377
00377-YPF 3° loop;1000087886;40;ZPAN;Renov.ALQ.GRADORES;;0;;;;CKOTRBA;1013066;ALQUILER GENERADOR;30;30;30;0;0;5000172673;12/5/2026;Servicios;CUMPLIDO;LA CASA DE LAS HERRAMIENTAS SA;MR01;8/6/2026;6/5/2026;10149435;40;1;6/5/2026;7/5/2026;377;4500126964;40;0377;1;JISALAS;7/5/2026;8/6/2026;377;1;12/5/2026;;;;;;;;;;Sin aclaración;En curso - Próximo a vencer;;377
00377-YPF 3° loop;1000087886;50;ZPAN;Renov.ALQ.GRADORES;;0;;;;CKOTRBA;1013066;ALQUILER GENERADOR;30;30;30;0;0;5000172673;12/5/2026;Servicios;CUMPLIDO;LA CASA DE LAS HERRAMIENTAS SA;MR01;8/6/2026;6/5/2026;10149435;50;1;6/5/2026;7/5/2026;377;4500126964;50;0377;1;JISALAS;7/5/2026;8/6/2026;377;1;12/5/2026;;;;;;;;;;Sin aclaración;En curso - Próximo a vencer;;377
00377-YPF 3° loop;1000087923;10;ZPAN;PM 45 - TALLER;;0;;;;RTELLO;1025972;SERVICIO REPARACION AUTOMOTOR;1;0;1;0;1;;;Servicios;ADJUDICADO;PEREZ DIEGO MARTIN;MR01;28/5/2026;7/5/2026;10149481;10;1;7/5/2026;8/5/2026;EFO;4500127652;10;0377;1;GROSES;14/5/2026;28/5/2026;EFO;0;;;;;;;;;;;Sin aclaración;En curso - Próximo a vencer;;EFO
00377-YPF 3° loop;1000087923;20;ZPAN;PM 45 - TALLER;;0;;;;RTELLO;1025972;SERVICIO REPARACION AUTOMOTOR;1;0;1;0;1;;;Servicios;ADJUDICADO;PEREZ DIEGO MARTIN;MR01;28/5/2026;7/5/2026;10149481;20;1;7/5/2026;8/5/2026;EFO;4500127653;10;0377;1;GROSES;14/5/2026;28/5/2026;EFO;0;;;;;;;;;;;Sin aclaración;En curso - Próximo a vencer;;EFO
00377-YPF 3° loop;1000087968;10;ZPAN;VIATICOS INGEAP;;0;;;;RTELLO;1013024;VIATICOS;1;1;1;0;0;5000173034;14/5/2026;Servicios;CUMPLIDO;INGEAP S.A.S.;MR01;28/5/2026;7/5/2026;10149545;10;1;7/5/2026;7/5/2026;C26;4500127084;10;0377;1;YCOLMAN;7/5/2026;28/5/2026;C26;1;14/5/2026;;;;;;;;;;Sin aclaración;En curso - Próximo a vencer;;C26
00377-YPF 3° loop;1000087970;20;ZPAN;REG CALIF. API-ASME;;0;;;;RTELLO;1013029;CALIF SOL API 1104 PROCEDIMIENTO;1;0;1;0;1;;;Servicios;ADJUDICADO;S & S SOLDADURAS Y SERVICIOS SRL;MR01;30/5/2026;7/5/2026;10149567;20;1;7/5/2026;7/5/2026;C26;4500127738;20;0377;1;YCOLMAN;14/5/2026;30/5/2026;C26;0;;;;;;;;;;;Sin aclaración;En curso - Próximo a vencer;;C26
00377-YPF 3° loop;1000087970;30;ZPAN;REG CALIF. API-ASME;;0;;;;RTELLO;1013029;CALIF SOL ASME IX PROCEDIMIENTO;1;0;1;0;1;;;Servicios;ADJUDICADO;S & S SOLDADURAS Y SERVICIOS SRL;MR01;30/5/2026;7/5/2026;10149567;30;1;7/5/2026;7/5/2026;C26;4500127738;30;0377;1;YCOLMAN;14/5/2026;30/5/2026;C26;0;;;;;;;;;;;Sin aclaración;En curso - Próximo a vencer;;C26
00377-YPF 3° loop;1000087970;40;ZPAN;REG CALIF. API-ASME;;0;;;;RTELLO;1013029;"CALIF SOL ASME IX CAÑO NPS 6"" + ENSAYO";1;0;1;0;1;;;Servicios;ADJUDICADO;S & S SOLDADURAS Y SERVICIOS SRL;MR01;30/5/2026;7/5/2026;10149567;40;1;7/5/2026;7/5/2026;C26;4500127738;40;0377;1;YCOLMAN;14/5/2026;30/5/2026;C26;0;;;;;;;;;;;Sin aclaración;En curso - Próximo a vencer;;C26
00377-YPF 3° loop;1000087970;50;ZPAN;REG CALIF. API-ASME;;0;;;;RTELLO;1013029;"CALIF SOL API 1104 CAÑO NPS24"" + WELDOLE";1;0;1;0;1;;;Servicios;ADJUDICADO;S & S SOLDADURAS Y SERVICIOS SRL;MR01;30/5/2026;7/5/2026;10149567;50;1;7/5/2026;7/5/2026;C26;4500127738;50;0377;1;YCOLMAN;14/5/2026;30/5/2026;C26;0;;;;;;;;;;;Sin aclaración;En curso - Próximo a vencer;;C26
00377-YPF 3° loop;1000087970;60;ZPAN;REG CALIF. API-ASME;;0;;;;RTELLO;1013029;CALIF SOL PROBETAS ASME IX;1;0;1;0;1;;;Servicios;ADJUDICADO;S & S SOLDADURAS Y SERVICIOS SRL;MR01;30/5/2026;7/5/2026;10149567;60;1;7/5/2026;7/5/2026;C26;4500127738;60;0377;1;YCOLMAN;14/5/2026;30/5/2026;C26;0;;;;;;;;;;;Sin aclaración;En curso - Próximo a vencer;;C26
00377-YPF 3° loop;1000087970;70;ZPAN;REG CALIF. API-ASME;;0;;;;RTELLO;1013029;CALIF SOL PROBETA API 1104;1;0;1;0;1;;;Servicios;ADJUDICADO;S & S SOLDADURAS Y SERVICIOS SRL;MR01;30/5/2026;7/5/2026;10149567;70;1;7/5/2026;7/5/2026;C26;4500127738;70;0377;1;YCOLMAN;14/5/2026;30/5/2026;C26;0;;;;;;;;;;;Sin aclaración;En curso - Próximo a vencer;;C26
00377-YPF 3° loop;1000087970;80;ZPAN;REG CALIF. API-ASME;;0;;;;RTELLO;1013029;CALIF SOL - ENSAYO QUIMICO;3;0;3;0;3;;;Servicios;ADJUDICADO;S & S SOLDADURAS Y SERVICIOS SRL;MR01;30/5/2026;7/5/2026;10149567;80;1;7/5/2026;7/5/2026;C26;4500127738;80;0377;1;YCOLMAN;14/5/2026;30/5/2026;C26;0;;;;;;;;;;;Sin aclaración;En curso - Próximo a vencer;;C26
00377-YPF 3° loop;1000087979;10;ZPAN;CERT INT 41048 – 410;;0;;;;RTELLO;1022294;JORNADA DE INSPECCION X DIA;1;1;1;0;0;5000172900;13/5/2026;Servicios;CUMPLIDO;LENOR SRL;MR01;28/5/2026;7/5/2026;10149579;10;1;7/5/2026;8/5/2026;C25;4500127300;10;0377;1;MPITTIA;11/5/2026;28/5/2026;C25;1;13/5/2026;;;;;;;;;;Sin aclaración;En curso - Próximo a vencer;;C25
00377-YPF 3° loop;1000087979;20;ZPAN;CERT INT 41048 – 410;;0;;;;RTELLO;1016081;CERTIFICACION OPERADOR OBRA;2;2;2;0;0;5000172900;13/5/2026;Servicios;CUMPLIDO;LENOR SRL;MR01;28/5/2026;7/5/2026;10149579;20;1;7/5/2026;8/5/2026;C25;4500127300;20;0377;1;MPITTIA;11/5/2026;28/5/2026;C25;1;13/5/2026;;;;;;;;;;Sin aclaración;En curso - Próximo a vencer;;C25
00377-YPF 3° loop;1000087979;30;ZPAN;CERT INT 41048 – 410;;0;;;;RTELLO;1013024;VIATICOS;1;1;1;0;0;5000172900;13/5/2026;Servicios;CUMPLIDO;LENOR SRL;MR01;28/5/2026;7/5/2026;10149579;30;1;7/5/2026;8/5/2026;C25;4500127300;30;0377;1;MPITTIA;11/5/2026;28/5/2026;C25;1;13/5/2026;;;;;;;;;;Sin aclaración;En curso - Próximo a vencer;;C25
00377-YPF 3° loop;1000087989;10;ZPAN;04 FORM ALQ EQUIPOS;;0;;;;ASABATINO;1042083;EQUIPO DE EMPALME- SOLADADURA COMP.X DIA;30;0;30;0;30;;;Servicios;ADJUDICADO;CATEX SRL;MR01;15/6/2026;7/5/2026;10149594;10;1;7/5/2026;8/5/2026;C26;4500127889;10;0377;1;YCOLMAN;15/5/2026;15/6/2026;C26;0;;;;;;;;;;;04 Cert a Demanda;En curso - Próximo a vencer;;C26
00377-YPF 3° loop;1000087989;20;ZPAN;04 FORM ALQ EQUIPOS;;0;;;;ASABATINO;1042083;EQUIPO DE EMPALME- SOLADADURA COMP.X DIA;30;0;30;0;30;;;Servicios;ADJUDICADO;CATEX SRL;MR01;15/6/2026;7/5/2026;10149594;20;1;7/5/2026;8/5/2026;C26;4500127889;20;0377;1;YCOLMAN;15/5/2026;15/6/2026;C26;0;;;;;;;;;;;04 Cert a Demanda;En curso - Próximo a vencer;;C26
00377-YPF 3° loop;1000087989;30;ZPAN;04 FORM ALQ EQUIPOS;;0;;;;ASABATINO;1042083;EQUIPO DE ARENADO - REVEST. COMP.X DIA;30;0;30;0;30;;;Servicios;ADJUDICADO;CATEX SRL;MR01;15/6/2026;7/5/2026;10149594;30;1;7/5/2026;8/5/2026;C26;4500127889;30;0377;1;YCOLMAN;15/5/2026;15/6/2026;C26;0;;;;;;;;;;;04 Cert a Demanda;En curso - Próximo a vencer;;C26
00377-YPF 3° loop;1000088041;10;ZPAN;FLETE ESPONJAS + PIG;;0;;;;RTELLO;1012974;FLETE SEMIRREMOLQUE 14,5MT XVIAJE;1;0;1;0;1;;;Servicios;ADJUDICADO;TRANSPORCAM;MR01;29/5/2026;8/5/2026;10149643;10;1;8/5/2026;8/5/2026;C15;4500128011;10;0377;1;GDIAZ;18/5/2026;29/5/2026;C15;0;;;;;;;;;;;Sin aclaración;En curso - Próximo a vencer;;C15
00377-YPF 3° loop;1000088080;10;ZPAN;REG SAPSA MARZO-ABRI;;0;;;;RTELLO;1022295;RSU SECOS - DISP FINAL X TN;2;0;2;0;2;;;Servicios;ADJUDICADO;SOLUCIONES AMBIENTALES PATAGONIA;MR01;1/6/2026;9/5/2026;10149714;10;1;9/5/2026;9/5/2026;C25;4500128287;10;0377;1;MPITTIA;21/5/2026;1/6/2026;C25;0;;;;;;;;;;;Sin aclaración;En curso - Próximo a vencer;;C25
00377-YPF 3° loop;1000088080;20;ZPAN;REG SAPSA MARZO-ABRI;;0;;4;21/5/2026;RTELLO;1022295;TRAT. RESI PELIGROSOS Y15 X TN;5,7;0;5;1;5,7;;;Servicios;RESPONDIDO;SOLUCIONES AMBIENTALES PATAGONIA;MR01;1/6/2026;9/5/2026;10149714;20;1;9/5/2026;9/5/2026;C25;4500128287;20;0377;1;MPITTIA;21/5/2026;1/6/2026;C25;0;;;;;;;;;;;Sin aclaración;En curso - Próximo a vencer;;C25
00377-YPF 3° loop;1000088089;10;ZPAN;04 SERV. CALIB TRANS;;0;;;;CKOTRBA;1026920;CALIB TRANSMISOR CAUDALIMETRO;2;0;2;0;2;;;Servicios;ADJUDICADO;LABORATORIO TECNOPLUS S. A. S.;MR01;23/5/2026;9/5/2026;10149723;10;1;9/5/2026;9/5/2026;C26;4500127621;10;0377;1;YCOLMAN;13/5/2026;30/5/2026;C26;0;;;;;;;;;;;04 Cert a Demanda;Vencido con cant pendiente a recep;;C26
00377-YPF 3° loop;1000088089;20;ZPAN;04 SERV. CALIB TRANS;;0;;;;CKOTRBA;1026920;CALIB TRANSMISORES PRESION;13;0;13;0;13;;;Servicios;ADJUDICADO;LABORATORIO TECNOPLUS S. A. S.;MR01;23/5/2026;9/5/2026;10149723;20;1;9/5/2026;9/5/2026;C26;4500127621;20;0377;1;YCOLMAN;13/5/2026;30/5/2026;C26;0;;;;;;;;;;;04 Cert a Demanda;Vencido con cant pendiente a recep;;C26
00377-YPF 3° loop;1000088089;30;ZPAN;04 SERV. CALIB TRANS;;0;;;;CKOTRBA;1026920;CALIB TRANSMISORES TEMP S DETALLE;4;0;4;0;4;;;Servicios;ADJUDICADO;LABORATORIO TECNOPLUS S. A. S.;MR01;23/5/2026;9/5/2026;10149723;30;1;9/5/2026;9/5/2026;C26;4500127621;30;0377;1;YCOLMAN;13/5/2026;30/5/2026;C26;0;;;;;;;;;;;04 Cert a Demanda;Vencido con cant pendiente a recep;;C26
00377-YPF 3° loop;1000088095;10;ZPAN;CALIFICACION REVEST;;0;;;;RTELLO;1022295;SERV CAPAC - CALIFIC APLICADORES;6;0;0;6;0;;;Servicios;SIN TRATAMIENTO;;MR01;1/6/2026;9/5/2026;10149727;10;1;9/5/2026;11/5/2026;C25;;0;;0;;;;;0;;;;;;;;;;;Sin aclaración;En curso - Próximo a vencer;;C25
00377-YPF 3° loop;1000088112;10;ZPAN;RENOV. ALQ REGADOR C;;0;;;;CKOTRBA;1033267;ALQUILER CAMION REGADOR S/CHOFER;1;1;1;0;0;5000173648;19/5/2026;Servicios;CUMPLIDO;CONFLUENCIA HORMIGON;MR01;1/6/2026;11/5/2026;10149753;10;1;11/5/2026;11/5/2026;EFO;4500127544;10;0377;1;GROSES;13/5/2026;1/6/2026;EFO;1;19/5/2026;;;;;;;;;;Sin aclaración;En curso - Próximo a vencer;;EFO
00377-YPF 3° loop;1000088112;20;ZPAN;RENOV. ALQ REGADOR C;;0;;;;CKOTRBA;1033267;ALQUILER CAMION REGADOR S/CHOFER;1;1;1;0;0;5000173648;19/5/2026;Servicios;CUMPLIDO;CONFLUENCIA HORMIGON;MR01;1/6/2026;11/5/2026;10149753;20;1;11/5/2026;11/5/2026;EFO;4500127544;20;0377;1;GROSES;13/5/2026;1/6/2026;EFO;1;19/5/2026;;;;;;;;;;Sin aclaración;En curso - Próximo a vencer;;EFO
00377-YPF 3° loop;1000088113;10;ZPAN;REG DARNET;;0;;;;RTELLO;1042362;ALQ CAMION C/ SEMITANQUE 35 M3 XDIA;13;13;13;0;0;5000172683;12/5/2026;Servicios;CUMPLIDO;DARNET LUCIANO GASTON;MR01;1/6/2026;11/5/2026;10149755;10;1;11/5/2026;11/5/2026;C26;4500127320;10;0377;1;YCOLMAN;11/5/2026;1/6/2026;C26;1;12/5/2026;;;;;;;;;;Sin aclaración;En curso - Próximo a vencer;;C26
00377-YPF 3° loop;1000088113;20;ZPAN;REG DARNET;;0;;;;RTELLO;1013038;HORAS EXTRAS DIAS NORMALES;4;4;4;0;0;5000172683;12/5/2026;Servicios;CUMPLIDO;DARNET LUCIANO GASTON;MR01;1/6/2026;11/5/2026;10149755;20;1;11/5/2026;11/5/2026;C26;4500127320;20;0377;1;YCOLMAN;11/5/2026;1/6/2026;C26;1;12/5/2026;;;;;;;;;;Sin aclaración;En curso - Próximo a vencer;;C26
00377-YPF 3° loop;1000088122;10;ZPAN;PM FLETE SEDE A OBRA;;0;;;;CKOTRBA;1012974;FLETE SEMIRREMOLQUE 14,5MT XVIAJE;1;0;1;0;1;;;Servicios;ADJUDICADO;SANTIA LUCAS EZEQUIEL;MR01;16/5/2026;11/5/2026;10149764;10;1;11/5/2026;11/5/2026;C15;4500127442;10;0377;1;GDIAZ;12/5/2026;16/5/2026;C15;0;;;;;;;;;;;Sin aclaración;Vencido con cant pendiente a recep;;C15
00377-YPF 3° loop;1000088147;10;ZPAN;03 SERV RADIOS;;0;;;;RTELLO;1048594;SERV. DE RADIOS PORTATILES PT890;30;0;30;0;30;;;Servicios;ADJUDICADO;INTEPLA SRL;MR01;31/8/2026;11/5/2026;10149790;10;1;11/5/2026;11/5/2026;C25;4500128364;10;0377;1;MPITTIA;21/5/2026;31/8/2026;C25;0;;;;;;;;;;;03 Cert Mensual;En curso;;C25
00377-YPF 3° loop;1000088192;10;ZPAN;FLETE MONOTUBOS;;0;;;;RTELLO;1012974;FLETE SEMIRREMOLQUE 14,5MT XVIAJE;1;0;1;0;1;;;Servicios;ADJUDICADO;TRANSLOGISTICA VESPRINI S. R. L.;MR01;22/5/2026;12/5/2026;10149897;10;1;12/5/2026;12/5/2026;C15;4500128125;10;0377;1;GDIAZ;19/5/2026;22/5/2026;C15;0;;;;;;;;;;;Sin aclaración;Vencido con cant pendiente a recep;;C15
00377-YPF 3° loop;1000088215;10;ZPAN;Alq. de tunelera (Bo;;0;;;;CKOTRBA;1033267;SERV. ALQUILER TUNELERA (Boring Machine);1;0;1;0;1;;;Servicios;ADJUDICADO;TECHINT CTI SACI;MR01;13/6/2026;12/5/2026;10149980;10;1;12/5/2026;12/5/2026;C04;4500127716;10;0377;1;WVENTURINI;14/5/2026;13/6/2026;C04;0;;;;;;;;;;;Sin aclaración;En curso - Próximo a vencer;;C04
00377-YPF 3° loop;1000088228;10;ZPAN;03 SERV ALQ IMPRESOR;;0;;;;RTELLO;1026315;ALQ IMP XMES EPSON L15150 A3/A4 COLOR;4;0;4;0;4;;;Servicios;ADJUDICADO;PRINTER SRL;MR01;31/8/2026;12/5/2026;10149990;10;1;12/5/2026;12/5/2026;C25;4500128238;10;0377;1;MPITTIA;20/5/2026;31/8/2026;C25;0;;;;;;;;;;;03 Cert Mensual;En curso;;C25
00377-YPF 3° loop;1000088228;20;ZPAN;03 SERV ALQ IMPRESOR;;0;;;;RTELLO;1026315;ALQ IMP XMES EPSON L15150 A3/A4 COLOR;4;0;4;0;4;;;Servicios;ADJUDICADO;PRINTER SRL;MR01;31/8/2026;12/5/2026;10149990;20;1;12/5/2026;12/5/2026;C25;4500128238;20;0377;1;MPITTIA;20/5/2026;31/8/2026;C25;0;;;;;;;;;;;03 Cert Mensual;En curso;;C25
00377-YPF 3° loop;1000088228;30;ZPAN;03 SERV ALQ IMPRESOR;;0;;;;RTELLO;1026315;ALQ IMP XMES BRO-DCP-T820 A4 COLOR;4;0;4;0;4;;;Servicios;ADJUDICADO;PRINTER SRL;MR01;31/8/2026;12/5/2026;10149990;30;1;12/5/2026;12/5/2026;C25;4500128238;30;0377;1;MPITTIA;20/5/2026;31/8/2026;C25;0;;;;;;;;;;;03 Cert Mensual;En curso;;C25
00377-YPF 3° loop;1000088228;40;ZPAN;03 SERV ALQ IMPRESOR;;0;;;;RTELLO;1026315;ALQ IMP XMES RICOH IM-C2010 A3/A4 COLOR;4;0;4;0;4;;;Servicios;ADJUDICADO;PRINTER SRL;MR01;31/8/2026;12/5/2026;10149990;40;1;12/5/2026;12/5/2026;C25;4500128238;40;0377;1;MPITTIA;20/5/2026;31/8/2026;C25;0;;;;;;;;;;;03 Cert Mensual;En curso;;C25
00377-YPF 3° loop;1000088228;50;ZPAN;03 SERV ALQ IMPRESOR;;0;;;;RTELLO;1026315;ALQ IMP XMES RICOH IM-C2010 A3/A4 COLOR;4;0;4;0;4;;;Servicios;ADJUDICADO;PRINTER SRL;MR01;31/8/2026;12/5/2026;10149990;50;1;12/5/2026;12/5/2026;C25;4500128238;50;0377;1;MPITTIA;20/5/2026;31/8/2026;C25;0;;;;;;;;;;;03 Cert Mensual;En curso;;C25
00377-YPF 3° loop;1000088228;60;ZPAN;03 SERV ALQ IMPRESOR;;0;;;;RTELLO;1026315;ALQ IMP XMES BROT.MFC.8950 A4 B/N;4;0;4;0;4;;;Servicios;ADJUDICADO;PRINTER SRL;MR01;31/8/2026;12/5/2026;10149990;60;1;12/5/2026;12/5/2026;C25;4500128238;60;0377;1;MPITTIA;20/5/2026;31/8/2026;C25;0;;;;;;;;;;;03 Cert Mensual;En curso;;C25
00377-YPF 3° loop;1000088228;70;ZPAN;03 SERV ALQ IMPRESOR;;0;;;;RTELLO;1026315;ALQ IMP XMES ECOSYS M2040DN A4 B/N;4;0;4;0;4;;;Servicios;ADJUDICADO;PRINTER SRL;MR01;31/8/2026;12/5/2026;10149990;70;1;12/5/2026;12/5/2026;C25;4500128238;70;0377;1;MPITTIA;20/5/2026;31/8/2026;C25;0;;;;;;;;;;;03 Cert Mensual;En curso;;C25
00377-YPF 3° loop;1000088255;10;ZPAN;VTA Y ALQ.XCENTRIC R;;0;;;;CKOTRBA;1033267;SERVICIO ALQ. Ripper XR22;1;0;1;0;1;;;Servicios;ADJUDICADO;ZANELLATO E HIJOS S.A.;MR01;16/6/2026;13/5/2026;10150030;10;1;13/5/2026;13/5/2026;C04;4500127808;10;0377;1;WVENTURINI;15/5/2026;16/6/2026;C04;0;;;;;;;;;;;Sin aclaración;En curso - Próximo a vencer;;C04
00377-YPF 3° loop;1000088275;10;ZPAN;04 REG CARRETON DEIN;;0;;;;RTELLO;1012978;FLETE CARRETON XVIAJE;3;3;3;0;0;5000173745;20/5/2026;Servicios;CUMPLIDO;DEINOS S.R.L.;MR01;3/6/2026;13/5/2026;10150054;10;1;13/5/2026;13/5/2026;C26;4500128108;10;0377;1;YCOLMAN;19/5/2026;3/6/2026;C26;1;20/5/2026;;;;;;;;;;04 Cert a Demanda;En curso - Próximo a vencer;;C26
00377-YPF 3° loop;1000088275;20;ZPAN;04 REG CARRETON DEIN;;0;;;;RTELLO;1013034;SERV.PICKUP P/MOV. OPERARIO;3;3;3;0;0;5000173745;20/5/2026;Servicios;CUMPLIDO;DEINOS S.R.L.;MR01;3/6/2026;13/5/2026;10150054;20;1;13/5/2026;13/5/2026;C26;4500128108;20;0377;1;YCOLMAN;19/5/2026;3/6/2026;C26;1;20/5/2026;;;;;;;;;;04 Cert a Demanda;En curso - Próximo a vencer;;C26
00377-YPF 3° loop;1000088284;10;ZPAN;REG CALIF.SOLDADORES;;0;;;;CKOTRBA;1013029;CALIFICACION DE SOLDADOR;3;0;0;3;0;;;Servicios;SIN TRATAMIENTO;;MR01;30/5/2026;13/5/2026;10150070;10;1;13/5/2026;22/5/2026;C26;;0;;0;;;;;0;;;;;;;;;;;Sin aclaración;En curso - Próximo a vencer;;C26
00377-YPF 3° loop;1000088284;20;ZPAN;REG CALIF.SOLDADORES;;0;;;;CKOTRBA;1013029;CALIFICACION DE SOLDADOR;1;0;0;1;0;;;Servicios;SIN TRATAMIENTO;;MR01;30/5/2026;13/5/2026;10150070;20;1;13/5/2026;22/5/2026;C26;;0;;0;;;;;0;;;;;;;;;;;Sin aclaración;En curso - Próximo a vencer;;C26
00377-YPF 3° loop;1000088284;30;ZPAN;REG CALIF.SOLDADORES;;0;;;;CKOTRBA;1013029;CALIFICACION DE SOLDADOR;3;0;0;3;0;;;Servicios;SIN TRATAMIENTO;;MR01;30/5/2026;13/5/2026;10150070;30;1;13/5/2026;22/5/2026;C26;;0;;0;;;;;0;;;;;;;;;;;Sin aclaración;En curso - Próximo a vencer;;C26
00377-YPF 3° loop;1000088284;40;ZPAN;REG CALIF.SOLDADORES;;0;;;;CKOTRBA;1013029;CALIFICACION DE SOLDADOR;3;0;0;3;0;;;Servicios;SIN TRATAMIENTO;;MR01;30/5/2026;13/5/2026;10150070;40;1;13/5/2026;22/5/2026;C26;;0;;0;;;;;0;;;;;;;;;;;Sin aclaración;En curso - Próximo a vencer;;C26
00377-YPF 3° loop;1000088284;50;ZPAN;REG CALIF.SOLDADORES;;0;;;;CKOTRBA;1013024;Por km. recorrido ida y vuelta;94;0;0;94;0;;;Servicios;SIN TRATAMIENTO;;MR01;30/5/2026;13/5/2026;10150070;50;1;13/5/2026;22/5/2026;C26;;0;;0;;;;;0;;;;;;;;;;;Sin aclaración;En curso - Próximo a vencer;;C26
00377-YPF 3° loop;1000088292;10;ZPAN;04 REG GRUA DEINOS;;0;;;;RTELLO;1042362;ALQ. GRUA 100 TN C/ OPERADOR X JORNADA;2;2;2;0;0;5000173721;20/5/2026;Servicios;CUMPLIDO;DEINOS S.R.L.;MR01;3/6/2026;13/5/2026;10150074;10;1;13/5/2026;13/5/2026;C26;4500128070;10;0377;1;ALOPEZ;19/5/2026;3/6/2026;C26;1;20/5/2026;;;;;;;;;;04 Cert a Demanda;En curso - Próximo a vencer;;C26
00377-YPF 3° loop;1000088292;20;ZPAN;04 REG GRUA DEINOS;;0;;;;RTELLO;1013034;SERV.PICKUP P/MOV.DE GRUISTA;3;3;3;0;0;5000173721;20/5/2026;Servicios;CUMPLIDO;DEINOS S.R.L.;MR01;3/6/2026;13/5/2026;10150074;20;1;13/5/2026;13/5/2026;C26;4500128070;20;0377;1;ALOPEZ;19/5/2026;3/6/2026;C26;1;20/5/2026;;;;;;;;;;04 Cert a Demanda;En curso - Próximo a vencer;;C26
00377-YPF 3° loop;1000088306;10;ZPAN;PM 49 - TALLER;;0;;;;RTELLO;1022294;DIA DE CERTIFICACION;1;1;1;0;0;5000173632;19/5/2026;Servicios;CUMPLIDO;LENOR SRL;MR01;3/6/2026;13/5/2026;10150087;10;1;13/5/2026;13/5/2026;C25;4500127634;10;0377;1;MPITTIA;14/5/2026;3/6/2026;C25;1;19/5/2026;;;;;;;;;;Sin aclaración;En curso - Próximo a vencer;;C25
00377-YPF 3° loop;1000088306;20;ZPAN;PM 49 - TALLER;;0;;;;RTELLO;1016081;CERTIFICACION OPERADOR OBRA;6;3;6;0;3;5000173632;19/5/2026;Servicios;CUMPLIDO PARCIAL;LENOR SRL;MR01;3/6/2026;13/5/2026;10150087;20;1;13/5/2026;13/5/2026;C25;4500127634;20;0377;1;MPITTIA;14/5/2026;3/6/2026;C25;1;19/5/2026;;;;;;;;;;Sin aclaración;En curso - Próximo a vencer;;C25
00377-YPF 3° loop;1000088307;10;ZPAN;PM 50 - TALLER;;0;;;;RTELLO;1022294;DIA DE INSPECCION;1;1;1;0;0;5000173635;19/5/2026;Servicios;CUMPLIDO;LENOR SRL;MR01;3/6/2026;13/5/2026;10150088;10;1;13/5/2026;13/5/2026;C25;4500128010;10;0377;1;MPITTIA;18/5/2026;3/6/2026;C25;1;19/5/2026;;;;;;;;;;Sin aclaración;En curso - Próximo a vencer;;C25
00377-YPF 3° loop;1000088307;20;ZPAN;PM 50 - TALLER;;0;;;;RTELLO;1013021;CERTIFICACION EQUIPO;2;2;2;0;0;5000173635;19/5/2026;Servicios;CUMPLIDO;LENOR SRL;MR01;3/6/2026;13/5/2026;10150088;20;1;13/5/2026;13/5/2026;C25;4500128010;20;0377;1;MPITTIA;18/5/2026;3/6/2026;C25;1;19/5/2026;;;;;;;;;;Sin aclaración;En curso - Próximo a vencer;;C25
00377-YPF 3° loop;1000088307;30;ZPAN;PM 50 - TALLER;;0;;;;RTELLO;1013024;VIATICOS;1;1;1;0;0;5000173635;19/5/2026;Servicios;CUMPLIDO;LENOR SRL;MR01;3/6/2026;13/5/2026;10150088;30;1;13/5/2026;13/5/2026;C25;4500128010;30;0377;1;MPITTIA;18/5/2026;3/6/2026;C25;1;19/5/2026;;;;;;;;;;Sin aclaración;En curso - Próximo a vencer;;C25
00377-YPF 3° loop;1000088307;40;ZPAN;PM 50 - TALLER;;0;;;;RTELLO;1022295;ADICIONAL SERVICIO FIN DE SEMANA;1;1;1;0;0;5000173635;19/5/2026;Servicios;CUMPLIDO;LENOR SRL;MR01;3/6/2026;13/5/2026;10150088;40;1;13/5/2026;13/5/2026;C25;4500128010;40;0377;1;MPITTIA;18/5/2026;3/6/2026;C25;1;19/5/2026;;;;;;;;;;Sin aclaración;En curso - Próximo a vencer;;C25
00377-YPF 3° loop;1000088307;50;ZPAN;PM 50 - TALLER;;0;;;;RTELLO;1016081;CERTIFICACION OPERADOR OBRA;3;0;3;0;3;;;Servicios;ADJUDICADO;LENOR SRL;MR01;3/6/2026;13/5/2026;10150088;50;1;13/5/2026;13/5/2026;C25;4500128010;50;0377;1;MPITTIA;18/5/2026;3/6/2026;C25;0;;;;;;;;;;;Sin aclaración;En curso - Próximo a vencer;;C25
00377-YPF 3° loop;1000088308;10;ZPAN;PM 51 - TALLER;;0;;;;RTELLO;1022294;DIA DE INSPECCION;1;1;1;0;0;5000173954;21/5/2026;Servicios;CUMPLIDO;LENOR SRL;MR01;3/6/2026;13/5/2026;10150089;10;1;13/5/2026;13/5/2026;C25;4500128321;10;0377;1;MPITTIA;21/5/2026;3/6/2026;C25;1;21/5/2026;;;;;;;;;;Sin aclaración;En curso - Próximo a vencer;;C25
00377-YPF 3° loop;1000088308;20;ZPAN;PM 51 - TALLER;;0;;;;RTELLO;1013021;CERTIFICACION EQUIPO;1;1;1;0;0;5000173954;21/5/2026;Servicios;CUMPLIDO;LENOR SRL;MR01;3/6/2026;13/5/2026;10150089;20;1;13/5/2026;13/5/2026;C25;4500128321;20;0377;1;MPITTIA;21/5/2026;3/6/2026;C25;1;21/5/2026;;;;;;;;;;Sin aclaración;En curso - Próximo a vencer;;C25
00377-YPF 3° loop;1000088308;30;ZPAN;PM 51 - TALLER;;0;;;;RTELLO;1013024;VIATICOS;1;1;1;0;0;5000173954;21/5/2026;Servicios;CUMPLIDO;LENOR SRL;MR01;3/6/2026;13/5/2026;10150089;30;1;13/5/2026;13/5/2026;C25;4500128321;30;0377;1;MPITTIA;21/5/2026;3/6/2026;C25;1;21/5/2026;;;;;;;;;;Sin aclaración;En curso - Próximo a vencer;;C25
00377-YPF 3° loop;1000088340;10;ZPAN;04 FORRAJE SUPERFICI;;0;;;;CKOTRBA;1012823;ROLLOS DE PASTO (PROV. ROSAUER);220;0;220;0;220;;;Materiales genericos;ADJUDICADO;KJ LOGISTICA S.R.L.;MR01;22/5/2026;14/5/2026;10150130;10;1;14/5/2026;14/5/2026;C26;4500128104;10;0377;1;YCOLMAN;19/5/2026;22/5/2026;C26;0;;;;;;;;;;;04 Cert a Demanda;Vencido con cant pendiente a recep;;C26
00377-YPF 3° loop;1000088340;20;ZPAN;04 FORRAJE SUPERFICI;;0;;;;CKOTRBA;1012823;ROLLOS DE ALFALFA (PROV. ROSAUER);25;0;25;0;25;;;Materiales genericos;ADJUDICADO;KJ LOGISTICA S.R.L.;MR01;22/5/2026;14/5/2026;10150130;20;1;14/5/2026;14/5/2026;C26;4500128104;20;0377;1;YCOLMAN;19/5/2026;22/5/2026;C26;0;;;;;;;;;;;04 Cert a Demanda;Vencido con cant pendiente a recep;;C26
00377-YPF 3° loop;1000088340;30;ZPAN;04 FORRAJE SUPERFICI;;0;;;;CKOTRBA;1012823;BOLSA ALFALFA  EN CUBOS (MARCA: ZILLE AG;25;0;25;0;25;;;Materiales genericos;ADJUDICADO;KJ LOGISTICA S.R.L.;MR01;22/5/2026;14/5/2026;10150130;30;1;14/5/2026;14/5/2026;C26;4500128104;30;0377;1;YCOLMAN;19/5/2026;22/5/2026;C26;0;;;;;;;;;;;04 Cert a Demanda;Vencido con cant pendiente a recep;;C26
00377-YPF 3° loop;1000088340;40;ZPAN;04 FORRAJE SUPERFICI;;0;;;;CKOTRBA;1012823;BOLSA ALIMENTO P/ EQUINOS;15;0;15;0;15;;;Materiales genericos;ADJUDICADO;KJ LOGISTICA S.R.L.;MR01;22/5/2026;14/5/2026;10150130;40;1;14/5/2026;14/5/2026;C26;4500128104;40;0377;1;YCOLMAN;19/5/2026;22/5/2026;C26;0;;;;;;;;;;;04 Cert a Demanda;Vencido con cant pendiente a recep;;C26
00377-YPF 3° loop;1000088340;50;ZPAN;04 FORRAJE SUPERFICI;;0;;;;CKOTRBA;1012823;BOLSONES DE MAIZ X KG;14800;0;14800;0;14800;;;Materiales genericos;ADJUDICADO;KJ LOGISTICA S.R.L.;MR01;22/5/2026;14/5/2026;10150130;50;1;14/5/2026;14/5/2026;C26;4500128104;50;0377;1;YCOLMAN;19/5/2026;22/5/2026;C26;0;;;;;;;;;;;04 Cert a Demanda;Vencido con cant pendiente a recep;;C26
00377-YPF 3° loop;1000088340;60;ZPAN;04 FORRAJE SUPERFICI;;0;;;;CKOTRBA;1012823;BOLSONES DE MAIZ PARTIDO X KG;1000;0;1000;0;1000;;;Materiales genericos;ADJUDICADO;KJ LOGISTICA S.R.L.;MR01;22/5/2026;14/5/2026;10150130;60;1;14/5/2026;14/5/2026;C26;4500128104;60;0377;1;YCOLMAN;19/5/2026;22/5/2026;C26;0;;;;;;;;;;;04 Cert a Demanda;Vencido con cant pendiente a recep;;C26
00377-YPF 3° loop;1000088340;70;ZPAN;04 FORRAJE SUPERFICI;;0;;;;CKOTRBA;1012823;BOLSA DE SEMITA;66;0;66;0;66;;;Materiales genericos;ADJUDICADO;KJ LOGISTICA S.R.L.;MR01;22/5/2026;14/5/2026;10150130;70;1;14/5/2026;14/5/2026;C26;4500128104;70;0377;1;YCOLMAN;19/5/2026;22/5/2026;C26;0;;;;;;;;;;;04 Cert a Demanda;Vencido con cant pendiente a recep;;C26
00377-YPF 3° loop;1000088340;80;ZPAN;04 FORRAJE SUPERFICI;;0;;;;CKOTRBA;1012823;BOLSA DE SEMITIN;10;0;10;0;10;;;Materiales genericos;ADJUDICADO;KJ LOGISTICA S.R.L.;MR01;22/5/2026;14/5/2026;10150130;80;1;14/5/2026;14/5/2026;C26;4500128104;80;0377;1;YCOLMAN;19/5/2026;22/5/2026;C26;0;;;;;;;;;;;04 Cert a Demanda;Vencido con cant pendiente a recep;;C26
00377-YPF 3° loop;1000088340;90;ZPAN;04 FORRAJE SUPERFICI;;0;;;;CKOTRBA;1012896;TANQUES DE AGUA 5 M3 (UNICA VEZ);6;0;6;0;6;;;Materiales genericos;ADJUDICADO;KJ LOGISTICA S.R.L.;MR01;22/5/2026;14/5/2026;10150130;90;1;14/5/2026;14/5/2026;C26;4500128104;90;0377;1;YCOLMAN;19/5/2026;22/5/2026;C26;0;;;;;;;;;;;04 Cert a Demanda;Vencido con cant pendiente a recep;;C26
00377-YPF 3° loop;1000088340;100;ZPAN;04 FORRAJE SUPERFICI;;0;;;;CKOTRBA;1012763;CHAPAS ZINC ONDULADAS LARGO 4MTRS C/U;24;0;24;0;24;;;Materiales genericos;ADJUDICADO;KJ LOGISTICA S.R.L.;MR01;22/5/2026;14/5/2026;10150130;100;1;14/5/2026;14/5/2026;C26;4500128104;100;0377;1;YCOLMAN;19/5/2026;22/5/2026;C26;0;;;;;;;;;;;04 Cert a Demanda;Vencido con cant pendiente a recep;;C26
00377-YPF 3° loop;1000088340;110;ZPAN;04 FORRAJE SUPERFICI;;0;;;;CKOTRBA;1042695;CEMENTO CPN40 BOLSAS 25KG;40;0;40;0;40;;;Materiales usuales;ADJUDICADO;KJ LOGISTICA S.R.L.;MR01;22/5/2026;14/5/2026;10150130;110;1;14/5/2026;14/5/2026;C26;4500128104;110;0377;1;YCOLMAN;19/5/2026;22/5/2026;C26;0;;;;;;;;;;;04 Cert a Demanda;Vencido con cant pendiente a recep;;C26
00377-YPF 3° loop;1000088340;120;ZPAN;04 FORRAJE SUPERFICI;;0;;;;CKOTRBA;1012896;PUERTA DE CHAPA LISA COMPLETA C/CERRADUR;1;0;1;0;1;;;Materiales genericos;ADJUDICADO;KJ LOGISTICA S.R.L.;MR01;22/5/2026;14/5/2026;10150130;210;1;14/5/2026;14/5/2026;C26;4500128104;200;0377;1;YCOLMAN;19/5/2026;22/5/2026;C26;0;;;;;;;;;;;04 Cert a Demanda;Vencido con cant pendiente a recep;;C26
00377-YPF 3° loop;1000088340;130;ZPAN;04 FORRAJE SUPERFICI;;0;;;;CKOTRBA;1011440;ARENA FINA EN BOLSON;10;0;10;0;10;;;Materiales usuales;ADJUDICADO;KJ LOGISTICA S.R.L.;MR01;22/5/2026;14/5/2026;10150130;130;1;14/5/2026;14/5/2026;C26;4500128104;120;0377;1;YCOLMAN;19/5/2026;22/5/2026;C26;0;;;;;;;;;;;04 Cert a Demanda;Vencido con cant pendiente a recep;;C26
00377-YPF 3° loop;1000088340;140;ZPAN;04 FORRAJE SUPERFICI;;0;;;;CKOTRBA;1012627;PIEDRA CORRALON;10;0;10;0;10;;;Materiales genericos;ADJUDICADO;KJ LOGISTICA S.R.L.;MR01;22/5/2026;14/5/2026;10150130;140;1;14/5/2026;14/5/2026;C26;4500128104;130;0377;1;YCOLMAN;19/5/2026;22/5/2026;C26;0;;;;;;;;;;;04 Cert a Demanda;Vencido con cant pendiente a recep;;C26
00377-YPF 3° loop;1000088340;150;ZPAN;04 FORRAJE SUPERFICI;;0;;;;CKOTRBA;1012620;POSTE A MEDIDA;50;0;50;0;50;;;Materiales genericos;ADJUDICADO;KJ LOGISTICA S.R.L.;MR01;22/5/2026;14/5/2026;10150130;150;1;14/5/2026;14/5/2026;C26;4500128104;140;0377;1;YCOLMAN;19/5/2026;22/5/2026;C26;0;;;;;;;;;;;04 Cert a Demanda;Vencido con cant pendiente a recep;;C26
00377-YPF 3° loop;1000088340;160;ZPAN;04 FORRAJE SUPERFICI;;0;;;;CKOTRBA;1012618;"VARILLAS DE MADERA 2"" X 1"" X 1,5 MTRS";100;0;100;0;100;;;Materiales genericos;ADJUDICADO;KJ LOGISTICA S.R.L.;MR01;22/5/2026;14/5/2026;10150130;160;1;14/5/2026;14/5/2026;C26;4500128104;150;0377;1;YCOLMAN;19/5/2026;22/5/2026;C26;0;;;;;;;;;;;04 Cert a Demanda;Vencido con cant pendiente a recep;;C26
00377-YPF 3° loop;1000088340;170;ZPAN;04 FORRAJE SUPERFICI;;0;;;;CKOTRBA;1009784;ALAMBRE RECOCIDO ISWG CALIBRE 17;3000;0;3000;0;3000;;;Materiales usuales;ADJUDICADO;KJ LOGISTICA S.R.L.;MR01;22/5/2026;14/5/2026;10150130;170;1;14/5/2026;14/5/2026;C26;4500128104;160;0377;1;YCOLMAN;19/5/2026;22/5/2026;C26;0;;;;;;;;;;;04 Cert a Demanda;Vencido con cant pendiente a recep;;C26
00377-YPF 3° loop;1000088340;180;ZPAN;04 FORRAJE SUPERFICI;;0;;;;CKOTRBA;1012896;INODORO CON MOCHILA;1;0;1;0;1;;;Materiales genericos;ADJUDICADO;KJ LOGISTICA S.R.L.;MR01;22/5/2026;14/5/2026;10150130;180;1;14/5/2026;14/5/2026;C26;4500128104;170;0377;1;YCOLMAN;19/5/2026;22/5/2026;C26;0;;;;;;;;;;;04 Cert a Demanda;Vencido con cant pendiente a recep;;C26
00377-YPF 3° loop;1000088340;190;ZPAN;04 FORRAJE SUPERFICI;;0;;;;CKOTRBA;1012896;LAVATORIO DE PIE;1;0;1;0;1;;;Materiales genericos;ADJUDICADO;KJ LOGISTICA S.R.L.;MR01;22/5/2026;14/5/2026;10150130;190;1;14/5/2026;14/5/2026;C26;4500128104;180;0377;1;YCOLMAN;19/5/2026;22/5/2026;C26;0;;;;;;;;;;;04 Cert a Demanda;Vencido con cant pendiente a recep;;C26
00377-YPF 3° loop;1000088340;200;ZPAN;04 FORRAJE SUPERFICI;;0;;;;CKOTRBA;1012896;GRIFERIA PARA AGUA CALIENTE Y FRIA;1;0;1;0;1;;;Materiales genericos;ADJUDICADO;KJ LOGISTICA S.R.L.;MR01;22/5/2026;14/5/2026;10150130;200;1;14/5/2026;14/5/2026;C26;4500128104;190;0377;1;YCOLMAN;19/5/2026;22/5/2026;C26;0;;;;;;;;;;;04 Cert a Demanda;Vencido con cant pendiente a recep;;C26
00377-YPF 3° loop;1000088370;10;ZPAN;COPIAS EXC - PRINTER;;0;;;;RTELLO;1026181;COPIAS EXCEDENTES FC 4-7016;343;343;343;0;0;5000173926;21/5/2026;Servicios;CUMPLIDO;PRINTER SRL;MR01;4/6/2026;14/5/2026;10150174;10;1;14/5/2026;14/5/2026;C25;4500127733;10;0377;1;MPITTIA;14/5/2026;4/6/2026;C25;1;21/5/2026;;;;;;;;;;Sin aclaración;En curso - Próximo a vencer;;C25
00377-YPF 3° loop;1000088370;20;ZPAN;COPIAS EXC - PRINTER;;0;;;;RTELLO;1026181;COPIAS EXCEDENTES FC 4-7016;4176;4176;4176;0;0;5000173926;21/5/2026;Servicios;CUMPLIDO;PRINTER SRL;MR01;4/6/2026;14/5/2026;10150174;20;1;14/5/2026;14/5/2026;C25;4500127733;20;0377;1;MPITTIA;14/5/2026;4/6/2026;C25;1;21/5/2026;;;;;;;;;;Sin aclaración;En curso - Próximo a vencer;;C25
00377-YPF 3° loop;1000088370;30;ZPAN;COPIAS EXC - PRINTER;;0;;;;RTELLO;1026181;COPIAS EXCEDENTES FC 4-7019;1540;1540;1540;0;0;5000173926;21/5/2026;Servicios;CUMPLIDO;PRINTER SRL;MR01;4/6/2026;14/5/2026;10150174;30;1;14/5/2026;14/5/2026;C25;4500127733;30;0377;1;MPITTIA;14/5/2026;4/6/2026;C25;1;21/5/2026;;;;;;;;;;Sin aclaración;En curso - Próximo a vencer;;C25
00377-YPF 3° loop;1000088370;40;ZPAN;COPIAS EXC - PRINTER;;0;;;;RTELLO;1026181;COPIAS EXCEDENTES FC 4-7024;735;735;735;0;0;5000173928;21/5/2026;Servicios;CUMPLIDO;PRINTER SRL;MR01;4/6/2026;14/5/2026;10150174;40;1;14/5/2026;14/5/2026;C25;4500128329;10;0377;1;ALOPEZ;21/5/2026;4/6/2026;C25;1;21/5/2026;;;;;;;;;;Sin aclaración;En curso - Próximo a vencer;;C25
00377-YPF 3° loop;1000088370;50;ZPAN;COPIAS EXC - PRINTER;;0;;;;RTELLO;1026181;COPIAS EXCEDENTES FC 4-7024;10219;10219;10219;0;0;5000173928;21/5/2026;Servicios;CUMPLIDO;PRINTER SRL;MR01;4/6/2026;14/5/2026;10150174;50;1;14/5/2026;14/5/2026;C25;4500128329;20;0377;1;ALOPEZ;21/5/2026;4/6/2026;C25;1;21/5/2026;;;;;;;;;;Sin aclaración;En curso - Próximo a vencer;;C25
00377-YPF 3° loop;1000088537;10;ZPAN;EXT ALQ SEMI C HIDRO;;0;;;;RTELLO;1042362;ALQ SEMI C/ HIDROGRUA X DÍA;15;15;15;0;0;5000174079;22/5/2026;Servicios;CUMPLIDO;CATEX SRL;MR01;8/6/2026;16/5/2026;10150358;30;1;16/5/2026;16/5/2026;C26;4500128196;10;0377;1;YCOLMAN;20/5/2026;8/6/2026;C26;1;22/5/2026;;;;;;;;;;Sin aclaración;En curso - Próximo a vencer;;C26
00377-YPF 3° loop;1000088537;20;ZPAN;EXT ALQ SEMI C HIDRO;;0;;;;RTELLO;1042362;ALQ SEMI C/ HIDROGRUA X DÍA;15;15;15;0;0;5000174079;22/5/2026;Servicios;CUMPLIDO;CATEX SRL;MR01;8/6/2026;16/5/2026;10150358;40;1;16/5/2026;16/5/2026;C26;4500128196;20;0377;1;YCOLMAN;20/5/2026;8/6/2026;C26;1;22/5/2026;;;;;;;;;;Sin aclaración;En curso - Próximo a vencer;;C26
00377-YPF 3° loop;1000088726;10;ZPAN;04 REG CURSOS;;0;;;;RTELLO;1022295;SERV CURSOS IN SITU S DETALLE;1;0;0;1;0;;;Servicios;SIN TRATAMIENTO;;MR01;9/6/2026;19/5/2026;10150573;10;1;19/5/2026;19/5/2026;C25;;0;;0;;;;;0;;;;;;;;;;;04 Cert a Demanda;En curso - Próximo a vencer;;C25
00377-YPF 3° loop;1000088746;10;ZPAN;PM 54 - TALLER;;0;;;;RTELLO;1022295;CURSO SUPERVISOR IZAJE EN CAMPO;2;0;2;0;2;;;Servicios;ADJUDICADO;WORKLIFT SA;MR01;10/6/2026;20/5/2026;10150583;10;1;20/5/2026;20/5/2026;C25;4500128243;10;0377;1;MPITTIA;20/5/2026;10/6/2026;C25;0;;;;;;;;;;;Sin aclaración;En curso - Próximo a vencer;;C25
00377-YPF 3° loop;1000088746;20;ZPAN;PM 54 - TALLER;;0;;;;RTELLO;1022295;CARNET HABILITANTE DIGITAL;8;0;8;0;8;;;Servicios;ADJUDICADO;WORKLIFT SA;MR01;10/6/2026;20/5/2026;10150583;20;1;20/5/2026;20/5/2026;C25;4500128243;20;0377;1;MPITTIA;20/5/2026;10/6/2026;C25;0;;;;;;;;;;;Sin aclaración;En curso - Próximo a vencer;;C25
00377-YPF 3° loop;1000088746;30;ZPAN;PM 54 - TALLER;;0;;;;RTELLO;1013024;VIATICOS;320;0;320;0;320;;;Servicios;ADJUDICADO;WORKLIFT SA;MR01;10/6/2026;20/5/2026;10150583;30;1;20/5/2026;20/5/2026;C25;4500128243;30;0377;1;MPITTIA;20/5/2026;10/6/2026;C25;0;;;;;;;;;;;Sin aclaración;En curso - Próximo a vencer;;C25
00377-YPF 3° loop;1000088780;10;ZPAN;PM 56 - TALLER LENOR;;0;;;;ASABATINO;1022294;DIA DE INSPECCION;1;0;1;0;1;;;Servicios;ADJUDICADO;LENOR SRL;MR01;10/6/2026;20/5/2026;10150608;10;1;20/5/2026;20/5/2026;C25;4500128356;10;0377;1;MPITTIA;21/5/2026;10/6/2026;C25;0;;;;;;;;;;;Sin aclaración;En curso - Próximo a vencer;;C25
00377-YPF 3° loop;1000088780;20;ZPAN;PM 56 - TALLER LENOR;;0;;;;ASABATINO;1013024;VIATICOS;1;0;1;0;1;;;Servicios;ADJUDICADO;LENOR SRL;MR01;10/6/2026;20/5/2026;10150608;20;1;20/5/2026;20/5/2026;C25;4500128356;20;0377;1;MPITTIA;21/5/2026;10/6/2026;C25;0;;;;;;;;;;;Sin aclaración;En curso - Próximo a vencer;;C25
00377-YPF 3° loop;1000088780;30;ZPAN;PM 56 - TALLER LENOR;;0;;;;ASABATINO;1022294;ADICIONAL POR SERVICIO FIN DE SEMANA;1;0;1;0;1;;;Servicios;ADJUDICADO;LENOR SRL;MR01;10/6/2026;20/5/2026;10150608;30;1;20/5/2026;20/5/2026;C25;4500128356;30;0377;1;MPITTIA;21/5/2026;10/6/2026;C25;0;;;;;;;;;;;Sin aclaración;En curso - Próximo a vencer;;C25
00377-YPF 3° loop;1000088780;40;ZPAN;PM 56 - TALLER LENOR;;0;;;;ASABATINO;1016081;CERTIFICACION OPERADOR OBRA;7;0;7;0;7;;;Servicios;ADJUDICADO;LENOR SRL;MR01;10/6/2026;20/5/2026;10150608;40;1;20/5/2026;20/5/2026;C25;4500128356;40;0377;1;MPITTIA;21/5/2026;10/6/2026;C25;0;;;;;;;;;;;Sin aclaración;En curso - Próximo a vencer;;C25
00377-YPF 3° loop;1000088783;10;ZPAN;PM 57 - TALLER LENOR;;0;;;;ASABATINO;1022294;DIA DE INSPECCION;1;0;1;0;1;;;Servicios;ADJUDICADO;LENOR SRL;MR01;10/6/2026;20/5/2026;10150611;10;1;20/5/2026;20/5/2026;C25;4500128241;10;0377;1;MPITTIA;20/5/2026;10/6/2026;C25;0;;;;;;;;;;;Sin aclaración;En curso - Próximo a vencer;;C25
00377-YPF 3° loop;1000088783;20;ZPAN;PM 57 - TALLER LENOR;;0;;;;ASABATINO;1013024;VIATICOS;1;0;1;0;1;;;Servicios;ADJUDICADO;LENOR SRL;MR01;10/6/2026;20/5/2026;10150611;20;1;20/5/2026;20/5/2026;C25;4500128241;20;0377;1;MPITTIA;20/5/2026;10/6/2026;C25;0;;;;;;;;;;;Sin aclaración;En curso - Próximo a vencer;;C25
00377-YPF 3° loop;1000088783;30;ZPAN;PM 57 - TALLER LENOR;;0;;;;ASABATINO;1022294;ADICIONAL POR SERVICIO FIN DE SEMANA;1;0;1;0;1;;;Servicios;ADJUDICADO;LENOR SRL;MR01;10/6/2026;20/5/2026;10150611;30;1;20/5/2026;20/5/2026;C25;4500128241;30;0377;1;MPITTIA;20/5/2026;10/6/2026;C25;0;;;;;;;;;;;Sin aclaración;En curso - Próximo a vencer;;C25
00377-YPF 3° loop;1000088783;40;ZPAN;PM 57 - TALLER LENOR;;0;;;;ASABATINO;1016081;CERTIFICADO DE EQUIPOS;2;0;2;0;2;;;Servicios;ADJUDICADO;LENOR SRL;MR01;10/6/2026;20/5/2026;10150611;40;1;20/5/2026;20/5/2026;C25;4500128241;40;0377;1;MPITTIA;20/5/2026;10/6/2026;C25;0;;;;;;;;;;;Sin aclaración;En curso - Próximo a vencer;;C25
00377-YPF 3° loop;1000088787;10;ZPAN;PM 58 - TALLER LENOR;;0;;;;ASABATINO;1022294;DIA DE INSPECCION;1;0;0;1;0;;;Servicios;SIN TRATAMIENTO;;MR01;10/6/2026;20/5/2026;10150612;10;1;20/5/2026;20/5/2026;C25;;0;;0;;;;;0;;;;;;;;;;;Sin aclaración;En curso - Próximo a vencer;;C25
00377-YPF 3° loop;1000088787;20;ZPAN;PM 58 - TALLER LENOR;;0;;;;ASABATINO;1013024;VIATICOS;1;0;0;1;0;;;Servicios;SIN TRATAMIENTO;;MR01;10/6/2026;20/5/2026;10150612;20;1;20/5/2026;20/5/2026;C25;;0;;0;;;;;0;;;;;;;;;;;Sin aclaración;En curso - Próximo a vencer;;C25
00377-YPF 3° loop;1000088787;30;ZPAN;PM 58 - TALLER LENOR;;0;;;;ASABATINO;1016081;CERTIFICADO DE LOTE DE ELEMENTOS;4;0;0;4;0;;;Servicios;SIN TRATAMIENTO;;MR01;10/6/2026;20/5/2026;10150612;30;1;20/5/2026;20/5/2026;C25;;0;;0;;;;;0;;;;;;;;;;;Sin aclaración;En curso - Próximo a vencer;;C25
00377-YPF 3° loop;1000088802;10;ZPAN;CUB. METALICAS - PI;;0;;;;ASABATINO;1042087;PASARELAS - ESCALERAS PROVISION MATERIAL;3;0;3;0;3;;;Servicios;ADJUDICADO;LC SERVICE OIL AND GAS S. A. S.;MR01;10/7/2026;20/5/2026;10150633;10;1;20/5/2026;20/5/2026;C26;4500128297;10;0377;1;YCOLMAN;21/5/2026;10/7/2026;C26;0;;;;;;;;;;;Sin aclaración;En curso - Próximo a vencer;;C26
00377-YPF 3° loop;1000088802;20;ZPAN;CUB. METALICAS - PI;;0;;;;ASABATINO;1042087;PASARELAS - ESCALERAS ARMADO ESTRUCTURA;3;0;3;0;3;;;Servicios;ADJUDICADO;LC SERVICE OIL AND GAS S. A. S.;MR01;10/7/2026;20/5/2026;10150633;20;1;20/5/2026;20/5/2026;C26;4500128297;20;0377;1;YCOLMAN;21/5/2026;10/7/2026;C26;0;;;;;;;;;;;Sin aclaración;En curso - Próximo a vencer;;C26
00377-YPF 3° loop;1000088802;30;ZPAN;CUB. METALICAS - PI;;0;;;;ASABATINO;1042087;PASARELAS - ESCALERAS MONTAJE;3;0;3;0;3;;;Servicios;ADJUDICADO;LC SERVICE OIL AND GAS S. A. S.;MR01;10/7/2026;20/5/2026;10150633;30;1;20/5/2026;20/5/2026;C26;4500128297;30;0377;1;YCOLMAN;21/5/2026;10/7/2026;C26;0;;;;;;;;;;;Sin aclaración;En curso - Próximo a vencer;;C26
00377-YPF 3° loop;1000088802;40;ZPAN;CUB. METALICAS - PI;;0;;;;ASABATINO;1042087;CUBIERTAS METALICAS PROVISION MATERIALES;3;0;3;0;3;;;Servicios;ADJUDICADO;LC SERVICE OIL AND GAS S. A. S.;MR01;10/7/2026;20/5/2026;10150633;40;1;20/5/2026;20/5/2026;C26;4500128297;40;0377;1;YCOLMAN;21/5/2026;10/7/2026;C26;0;;;;;;;;;;;Sin aclaración;En curso - Próximo a vencer;;C26
00377-YPF 3° loop;1000088802;50;ZPAN;CUB. METALICAS - PI;;0;;;;ASABATINO;1042087;CUBIERTAS METALICAS ARMADO ESTRUCTURA;3;0;3;0;3;;;Servicios;ADJUDICADO;LC SERVICE OIL AND GAS S. A. S.;MR01;10/7/2026;20/5/2026;10150633;50;1;20/5/2026;20/5/2026;C26;4500128297;50;0377;1;YCOLMAN;21/5/2026;10/7/2026;C26;0;;;;;;;;;;;Sin aclaración;En curso - Próximo a vencer;;C26
00377-YPF 3° loop;1000088802;60;ZPAN;CUB. METALICAS - PI;;0;;;;ASABATINO;1042087;CUBIERTAS METALICAS MONTAJE;3;0;3;0;3;;;Servicios;ADJUDICADO;LC SERVICE OIL AND GAS S. A. S.;MR01;10/7/2026;20/5/2026;10150633;60;1;20/5/2026;20/5/2026;C26;4500128297;60;0377;1;YCOLMAN;21/5/2026;10/7/2026;C26;0;;;;;;;;;;;Sin aclaración;En curso - Próximo a vencer;;C26
00377-YPF 3° loop;1000088815;10;ZPAN;ALQUILER REGADOR 100;;0;;;;ASABATINO;1033267;SERV ALQ REGADOR 10.000 LTS;1;0;0;1;0;;;Servicios;SIN TRATAMIENTO;;MR01;15/6/2026;20/5/2026;10150646;10;1;20/5/2026;21/5/2026;EFO;;0;;0;;;;;0;;;;;;;;;;;Sin aclaración;En curso - Próximo a vencer;;EFO
00377-YPF 3° loop;1000088825;10;ZPAN;REG CALIF SOLDADURA;;0;;;;RTELLO;1013029;CALIF SOLD - EMISION EPS;1;1;1;0;0;5000173958;21/5/2026;Servicios;CUMPLIDO;KUHN MATIAS DANIEL;MR01;10/6/2026;20/5/2026;10150661;10;1;20/5/2026;21/5/2026;C26;4500128361;10;0377;1;YCOLMAN;21/5/2026;10/6/2026;C26;1;21/5/2026;;;;;;;;;;Sin aclaración;En curso - Próximo a vencer;;C26
00377-YPF 3° loop;1000088898;10;ZPAN;REG CALIF SOLDADOR;;0;;;;RTELLO;1013029;CALIFICACION DE SOLDADOR;1;0;0;1;0;;;Servicios;SIN TRATAMIENTO;;MR01;12/6/2026;22/5/2026;10150768;10;1;22/5/2026;22/5/2026;C26;;0;;0;;;;;0;;;;;;;;;;;Sin aclaración;En curso - Próximo a vencer;;C26
00377-YPF 3° loop;1000088901;10;ZPAN;PM LAVADERO VEHICULO;;0;;;;CKOTRBA;1022295;SERVICIO LAVADO CAMION;9;9;9;0;0;5000174248;23/5/2026;Servicios;CUMPLIDO;RODRIGUEZ ARIAN ISMAEL;MR01;30/5/2026;22/5/2026;10150771;10;1;22/5/2026;22/5/2026;377;4500128514;10;0377;1;JISALAS;23/5/2026;23/5/2026;377;1;23/5/2026;;;;;;;;;;Sin aclaración;En curso - Próximo a vencer;;377
00377-YPF 3° loop;1000088901;20;ZPAN;PM LAVADERO VEHICULO;;0;;;;CKOTRBA;1022295;SERVICIO LAVADO PICK UP;3;3;3;0;0;5000174248;23/5/2026;Servicios;CUMPLIDO;RODRIGUEZ ARIAN ISMAEL;MR01;30/5/2026;22/5/2026;10150771;20;1;22/5/2026;22/5/2026;377;4500128514;20;0377;1;JISALAS;23/5/2026;23/5/2026;377;1;23/5/2026;;;;;;;;;;Sin aclaración;En curso - Próximo a vencer;;377
00377-YPF 3° loop;1000088931;10;ZPAN;REG CALIF SOLDADURA;;0;;;;RTELLO;1013029;CALIF. SOLD NIVEL II O III;1;0;0;1;0;;;Servicios;SIN TRATAMIENTO;;MR01;12/6/2026;22/5/2026;10150797;10;1;22/5/2026;22/5/2026;C26;;0;;0;;;;;0;;;;;;;;;;;Sin aclaración;En curso - Próximo a vencer;;C26
00377-YPF 3° loop;1000088931;20;ZPAN;REG CALIF SOLDADURA;;0;;;;RTELLO;1042362;PROC. SOLD. API 1104;1;0;0;1;0;;;Servicios;SIN TRATAMIENTO;;MR01;12/6/2026;22/5/2026;10150797;20;1;22/5/2026;22/5/2026;C26;;0;;0;;;;;0;;;;;;;;;;;Sin aclaración;En curso - Próximo a vencer;;C26
00377-YPF 3° loop;1000088931;30;ZPAN;REG CALIF SOLDADURA;;0;;;;RTELLO;1013029;CALIF. SOLD API 1104 API 5L X52;1;0;0;1;0;;;Servicios;SIN TRATAMIENTO;;MR01;12/6/2026;22/5/2026;10150797;30;1;22/5/2026;22/5/2026;C26;;0;;0;;;;;0;;;;;;;;;;;Sin aclaración;En curso - Próximo a vencer;;C26
00377-YPF 3° loop;1000088931;40;ZPAN;REG CALIF SOLDADURA;;0;;;;RTELLO;1042362;ENS QUIM. API 5L X52;1;0;0;1;0;;;Servicios;SIN TRATAMIENTO;;MR01;12/6/2026;22/5/2026;10150797;40;1;22/5/2026;22/5/2026;C26;;0;;0;;;;;0;;;;;;;;;;;Sin aclaración;En curso - Próximo a vencer;;C26
00377-YPF 3° loop;1000088931;50;ZPAN;REG CALIF SOLDADURA;;0;;;;RTELLO;1013024;VIATICOS;94;0;0;94;0;;;Servicios;SIN TRATAMIENTO;;MR01;12/6/2026;22/5/2026;10150797;50;1;22/5/2026;22/5/2026;C26;;0;;0;;;;;0;;;;;;;;;;;Sin aclaración;En curso - Próximo a vencer;;C26
00377-YPF 3° loop;1000088950;10;ZPAN;REG CALIF SOLDADOR;;0;;;;RTELLO;1013029;CALIF SOL NIVEL II O III;2;0;0;2;0;;;Servicios;SIN TRATAMIENTO;;MR01;12/6/2026;22/5/2026;10150809;10;1;22/5/2026;22/5/2026;C26;;0;;0;;;;;0;;;;;;;;;;;Sin aclaración;En curso - Próximo a vencer;;C26
00377-YPF 3° loop;1000088950;20;ZPAN;REG CALIF SOLDADOR;;0;;;;RTELLO;1013029;CALIF SOL API 1104 PROCEDIMIENTO;3;0;0;3;0;;;Servicios;SIN TRATAMIENTO;;MR01;12/6/2026;22/5/2026;10150809;20;1;22/5/2026;22/5/2026;C26;;0;;0;;;;;0;;;;;;;;;;;Sin aclaración;En curso - Próximo a vencer;;C26
00377-YPF 3° loop;1000088950;30;ZPAN;REG CALIF SOLDADOR;;0;;;;RTELLO;1013029;CALIF SOL API 1104 NPS 12 + ENSAYOS;1;0;0;1;0;;;Servicios;SIN TRATAMIENTO;;MR01;12/6/2026;22/5/2026;10150809;30;1;22/5/2026;22/5/2026;C26;;0;;0;;;;;0;;;;;;;;;;;Sin aclaración;En curso - Próximo a vencer;;C26
00377-YPF 3° loop;1000088950;40;ZPAN;REG CALIF SOLDADOR;;0;;;;RTELLO;1013029;CALIF SOL API 1104 NPS 12 + ENSAYOS;1;0;0;1;0;;;Servicios;SIN TRATAMIENTO;;MR01;12/6/2026;22/5/2026;10150809;40;1;22/5/2026;22/5/2026;C26;;0;;0;;;;;0;;;;;;;;;;;Sin aclaración;En curso - Próximo a vencer;;C26
00377-YPF 3° loop;1000088950;50;ZPAN;REG CALIF SOLDADOR;;0;;;;RTELLO;1013029;CALIF SOL API 1104 NPS 12 + ENSAYOS;1;0;0;1;0;;;Servicios;SIN TRATAMIENTO;;MR01;12/6/2026;22/5/2026;10150809;50;1;22/5/2026;22/5/2026;C26;;0;;0;;;;;0;;;;;;;;;;;Sin aclaración;En curso - Próximo a vencer;;C26
00377-YPF 3° loop;1000088950;60;ZPAN;REG CALIF SOLDADOR;;0;;;;RTELLO;1013029;CALIF SOL EMISION REG API 1104;1;0;0;1;0;;;Servicios;SIN TRATAMIENTO;;MR01;12/6/2026;22/5/2026;10150809;60;1;22/5/2026;22/5/2026;C26;;0;;0;;;;;0;;;;;;;;;;;Sin aclaración;En curso - Próximo a vencer;;C26
00377-YPF 3° loop;1000088950;70;ZPAN;REG CALIF SOLDADOR;;0;;;;RTELLO;1013029;CALIF SOL API 1104 NPS 12 + ENS + REG;1;0;0;1;0;;;Servicios;SIN TRATAMIENTO;;MR01;12/6/2026;22/5/2026;10150809;70;1;22/5/2026;22/5/2026;C26;;0;;0;;;;;0;;;;;;;;;;;Sin aclaración;En curso - Próximo a vencer;;C26
00377-YPF 3° loop;1000088950;80;ZPAN;REG CALIF SOLDADOR;;0;;;;RTELLO;1013029;CALIF SOL API 1104 NPS 12 + ENS + REG;1;0;0;1;0;;;Servicios;SIN TRATAMIENTO;;MR01;12/6/2026;22/5/2026;10150809;80;1;22/5/2026;22/5/2026;C26;;0;;0;;;;;0;;;;;;;;;;;Sin aclaración;En curso - Próximo a vencer;;C26
00377-YPF 3° loop;1000088950;90;ZPAN;REG CALIF SOLDADOR;;0;;;;RTELLO;1013029;CALIF SOL API 1104 NPS 12 + ENS + REG;1;0;0;1;0;;;Servicios;SIN TRATAMIENTO;;MR01;12/6/2026;22/5/2026;10150809;90;1;22/5/2026;22/5/2026;C26;;0;;0;;;;;0;;;;;;;;;;;Sin aclaración;En curso - Próximo a vencer;;C26
00377-YPF 3° loop;1000088950;100;ZPAN;REG CALIF SOLDADOR;;0;;;;RTELLO;1013024;VIATICOS;188;0;0;188;0;;;Servicios;SIN TRATAMIENTO;;MR01;12/6/2026;22/5/2026;10150809;100;1;22/5/2026;22/5/2026;C26;;0;;0;;;;;0;;;;;;;;;;;Sin aclaración;En curso - Próximo a vencer;;C26
00374 TERMINAL PUNTA COLORADA;4000006615;10;ZPIN;ALQUILER CAMION S/ C;;0;;4;12/5/2026;SFERNANDEZ;1022295;ALQ.FOTON TM1 O SIMILAR S/CHOFER X12MES;1;0;0;1;0;;;Servicios;RESPONDIDO;;MR01;23/3/2026;21/3/2026;10146006;10;1;21/3/2026;21/3/2026;C04;;0;;0;;;;;0;;0;0;0;0;0;0;0;0;0;Sin aclaración;Pedido de Info;;C04
00374 TERMINAL PUNTA COLORADA;4000006650;10;ZPIN;04 - Medicion PAT;;0;;4;6/5/2026;DSUAREZ;1042362;SUBCONTRATO MEDICION PAT;1;0;0;1;0;;;Servicios;RESPONDIDO;;MR01;23/4/2026;7/4/2026;10147101;10;1;7/4/2026;7/4/2026;C26;;0;;0;;;;;0;;0;0;0;0;0;0;0;0;0;Sin aclaración;Pedido de Info;;C26
00314 CASA Olavarría;4000006691;10;ZPIN;Transporte de combi;;0;;4;11/5/2026;ANAVARRO;1013113;TRANSPORTE DE PERSONAL COMBI LOMA N-OBRA;1200;0;0;1200;0;;;Servicios;RESPONDIDO;;MM01;31/12/2026;20/4/2026;10148129;10;1;20/4/2026;20/4/2026;C25;;0;;0;;;;;0;;0;0;0;0;0;0;0;0;0;Sin aclaración;Pedido de Info;;C25
00314 CASA Olavarría;4000006728;10;ZPIN;Cotizacion - Servici;;0;;;;ANAVARRO;1034203;SERVICIO DE GOMERIA;1;0;0;1;0;;;Servicios;SIN TRATAMIENTO;;MM01;5/5/2026;24/4/2026;10148598;10;1;24/4/2026;28/4/2026;C25;;0;;0;;;;;0;;4;0;0;0;0;0;0;0;0;Sin aclaración;Pedido de Info;;C25
00377-YPF 3° loop;4000006731;10;ZPIN;CRUCE RUTA;;0;;4;18/5/2026;RTELLO;1042362;SUBC CRUCE RUTA LINNER;1;0;0;1;0;;;Servicios;RESPONDIDO;;MR01;8/5/2026;24/4/2026;10148602;10;1;24/4/2026;24/4/2026;C26;;0;;0;;;;;0;;0;0;0;0;0;0;0;0;0;Sin aclaración;Pedido de Info;;C26
00341 Mov. Suelos San Luis;4000006737;10;ZPIN;03 - SERVICIO TRASLA;;0;;4;19/5/2026;FALBARELLOS;1013113;TRANSPORTE COMBI SAN LUIS - LA CALERA;900;0;0;900;0;;;Servicios;RESPONDIDO;;MR01;20/5/2026;27/4/2026;10148665;10;1;27/4/2026;27/4/2026;C25;;0;;0;;;;;0;;0;0;0;0;0;0;0;0;0;Sin aclaración;Pedido de Info;;C25
00341 Mov. Suelos San Luis;4000006737;20;ZPIN;03 - SERVICIO TRASLA;;0;;4;19/5/2026;FALBARELLOS;1013113;TRANSPORTE SAN LUIS - LA PUNTA;1680;0;0;1680;0;;;Servicios;RESPONDIDO;;MR01;20/5/2026;27/4/2026;10148665;20;1;27/4/2026;27/4/2026;C25;;0;;0;;;;;0;;0;0;0;0;0;0;0;0;0;Sin aclaración;Pedido de Info;;C25
00341 Mov. Suelos San Luis;4000006737;30;ZPIN;03 - SERVICIO TRASLA;;0;;4;19/5/2026;FALBARELLOS;1013113;TRANSPORTE SAN LUIS - NOGOLI;480;0;0;480;0;;;Servicios;RESPONDIDO;;MR01;20/5/2026;27/4/2026;10148665;30;1;27/4/2026;27/4/2026;C25;;0;;0;;;;;0;;0;0;0;0;0;0;0;0;0;Sin aclaración;Pedido de Info;;C25
00341 Mov. Suelos San Luis;4000006739;10;ZPIN;03 - VIGILANCIA PATR;;0;;4;19/5/2026;FALBARELLOS;1013146;SERVICIO DE VIGILANCIA DIURNA XHS;4200;0;0;4200;0;;;Servicios;RESPONDIDO;;MR01;20/5/2026;27/4/2026;10148698;10;1;27/4/2026;27/4/2026;C25;;0;;0;;;;;0;;0;0;0;0;0;0;0;0;0;Sin aclaración;Pedido de Info;;C25
00374 TERMINAL PUNTA COLORADA;4000006742;10;ZPIN;04 - Baja de OC Dada;;0;;4;14/5/2026;DSUAREZ;1035384;ALQ Y RETIRO DE RSU - OBRA A PMY;1;0;0;1;0;;;Servicios;RESPONDIDO;;MR01;15/5/2026;27/4/2026;10148711;10;1;27/4/2026;27/4/2026;C25;;0;;0;;;;;0;;0;0;0;0;0;0;0;0;0;Sin aclaración;Pedido de Info;;C25
00374 TERMINAL PUNTA COLORADA;4000006742;20;ZPIN;04 - Baja de OC Dada;;0;;4;14/5/2026;DSUAREZ;1035384;RESIDUOS RSU X TN;1;0;0;1;0;;;Servicios;RESPONDIDO;;MR01;15/5/2026;27/4/2026;10148711;20;1;27/4/2026;27/4/2026;C25;;0;;0;;;;;0;;0;0;0;0;0;0;0;0;0;Sin aclaración;Pedido de Info;;C25
00374 TERMINAL PUNTA COLORADA;4000006756;10;ZPIN;03 - Alquiler Tracto;;0;;4;8/5/2026;DSUAREZ;1033267;ALQUILER TRACTOR+SEMI+HIDRO;3;0;0;3;0;;;Servicios;RESPONDIDO;;MR01;8/5/2026;1/5/2026;10149044;10;1;1/5/2026;1/5/2026;C04;;0;;0;;;;;0;;0;0;0;0;0;0;0;0;0;Sin aclaración;Pedido de Info;;C04
00035 CASA SAN LUIS-MM;4000006775;10;ZPIN;04 - RECARGA DE MATA;;0;;;;FALBARELLOS;1013043;RECARGA DE MATAFUEGO - ADICIONALES;6000000;0;0;6000000;0;;;Servicios;SIN TRATAMIENTO;;MM01;7/6/2026;7/5/2026;10149494;10;1;7/5/2026;8/5/2026;C25;;0;;0;;;;;0;;1;0;0;0;0;0;0;0;0;Sin aclaración;Pedido de Info;;C25
00377-YPF 3° loop;4000006808;10;ZPIN;OBRA. PLANTA PELLE;;0;;4;21/5/2026;RTELLO;1033267;SERV ALQ CONT x 12 MTS OFICINA S/DETALLE;1;0;0;1;0;;;Servicios;RESPONDIDO;;MR01;22/5/2026;15/5/2026;10150317;10;1;15/5/2026;15/5/2026;377;;0;;0;;;;;0;;0;0;0;0;0;0;0;0;0;Sin aclaración;Pedido de Info;;377
00377-YPF 3° loop;4000006808;20;ZPIN;OBRA. PLANTA PELLE;;0;;4;21/5/2026;RTELLO;1033267;SERV ALQ CONT x 12 MTS OFI/COMEDOR;1;0;0;1;0;;;Servicios;RESPONDIDO;;MR01;22/5/2026;15/5/2026;10150317;20;1;15/5/2026;15/5/2026;377;;0;;0;;;;;0;;0;0;0;0;0;0;0;0;0;Sin aclaración;Pedido de Info;;377
00365 RIO TINTO;4000006825;10;ZPIN;;;0;;;;MGAUDELLI;1050642;ALQUILER TERMOFUSORA 500/800MM;1;0;0;1;0;;;Servicios;SIN TRATAMIENTO;;U365;1/6/2026;26/5/2026;10150938;10;1;26/5/2026;26/5/2026;C23;;0;;0;;;;;0;;0;0;0;0;0;0;0;0;0;Sin aclaración;Pedido de Info;;C23
